ISO-10303-21;
HEADER;
FILE_DESCRIPTION (( 'STEP AP214' ),
    '1' );
FILE_NAME ('MC520编码器电机模型-经典款.STEP',
    '2026-03-21T12:39:32',
    ( '' ),
    ( '' ),
    'SwSTEP 2.0',
    'SolidWorks 2022',
    '' );
FILE_SCHEMA (( 'AUTOMOTIVE_DESIGN' ));
ENDSEC;

DATA;
#1 = EDGE_LOOP ( 'NONE', ( #3216, #451, #7370, #122, #2417, #2344, #424, #2194, #1244, #5609, #5529, #3339 ) ) ;
#2 = DIRECTION ( 'NONE',  ( -1.000000000000000000, -0.000000000000000000, 0.000000000000000000 ) ) ;
#3 = DIRECTION ( 'NONE',  ( -1.000000000000000000, 0.000000000000000000, -0.000000000000000000 ) ) ;
#4 = CARTESIAN_POINT ( 'NONE',  ( 0.000000000000000000, 8.491506350946107062, -14.20772043263246154 ) ) ;
#5 = SURFACE_SIDE_STYLE ('',( #1824 ) ) ;
#6 = ADVANCED_FACE ( 'NONE', ( #369 ), #3414, .T. ) ;
#7 = CARTESIAN_POINT ( 'NONE',  ( 53.70000000000000284, -0.1001896595580316351, -2.683318004273699042 ) ) ;
#8 = DIRECTION ( 'NONE',  ( 0.000000000000000000, 0.000000000000000000, -1.000000000000000000 ) ) ;
#9 = AXIS2_PLACEMENT_3D ( 'NONE', #4151, #6620, #1170 ) ;
#10 = EDGE_CURVE ( 'NONE', #7241, #4754, #919, .T. ) ;
#11 = EDGE_LOOP ( 'NONE', ( #35, #4486, #6610, #6571 ) ) ;
#12 = VECTOR ( 'NONE', #1450, 1000.000000000000227 ) ;
#13 = CARTESIAN_POINT ( 'NONE',  ( 44.50000000000001421, -16.28931638921676850, 2.146073948201745907 ) ) ;
#14 = DIRECTION ( 'NONE',  ( 0.000000000000000000, 0.000000000000000000, 1.000000000000000000 ) ) ;
#15 = SURFACE_STYLE_FILL_AREA ( #4810 ) ;
#16 = ORIENTED_EDGE ( 'NONE', *, *, #3751, .T. ) ;
#17 = DIRECTION ( 'NONE',  ( -0.000000000000000000, 0.000000000000000000, -1.000000000000000000 ) ) ;
#18 = ORIENTED_EDGE ( 'NONE', *, *, #703, .F. ) ;
#19 = EDGE_LOOP ( 'NONE', ( #5025, #3026, #4217, #5845 ) ) ;
#20 = CARTESIAN_POINT ( 'NONE',  ( 49.19999999999999574, 0.000000000000000000, 0.000000000000000000 ) ) ;
#21 = ORIENTED_EDGE ( 'NONE', *, *, #6913, .T. ) ;
#22 = ORIENTED_EDGE ( 'NONE', *, *, #1151, .F. ) ;
#23 = LINE ( 'NONE', #3743, #4038 ) ;
#24 = ORIENTED_EDGE ( 'NONE', *, *, #3544, .F. ) ;
#25 = EDGE_CURVE ( 'NONE', #4372, #6021, #5205, .T. ) ;
#26 = ORIENTED_EDGE ( 'NONE', *, *, #4414, .T. ) ;
#27 = STYLED_ITEM ( 'NONE', ( #7191 ), #1243 ) ;
#28 = LINE ( 'NONE', #2982, #4105 ) ;
#29 = DIRECTION ( 'NONE',  ( -1.000000000000000000, -0.000000000000000000, -0.000000000000000000 ) ) ;
#30 = FACE_BOUND ( 'NONE', #1308, .T. ) ;
#31 = DIRECTION ( 'NONE',  ( 0.000000000000000000, 0.000000000000000000, 1.000000000000000000 ) ) ;
#32 = VERTEX_POINT ( 'NONE', #7644 ) ;
#33 = LINE ( 'NONE', #66, #4281 ) ;
#34 = FACE_OUTER_BOUND ( 'NONE', #6444, .T. ) ;
#35 = ORIENTED_EDGE ( 'NONE', *, *, #6501, .F. ) ;
#36 = VERTEX_POINT ( 'NONE', #989 ) ;
#37 = SURFACE_SIDE_STYLE ('',( #5434 ) ) ;
#38 = DIRECTION ( 'NONE',  ( 0.000000000000000000, 0.000000000000000000, 1.000000000000000000 ) ) ;
#39 = DIRECTION ( 'NONE',  ( -0.000000000000000000, 0.4999999999999973910, -0.8660254037844401509 ) ) ;
#40 = CARTESIAN_POINT ( 'NONE',  ( 53.59999999999998721, 0.1155601897206955386, 4.673540529404039745 ) ) ;
#41 = DIRECTION ( 'NONE',  ( 0.000000000000000000, 0.000000000000000000, 1.000000000000000000 ) ) ;
#42 = ORIENTED_EDGE ( 'NONE', *, *, #6357, .F. ) ;
#43 = EDGE_CURVE ( 'NONE', #6121, #1603, #1509, .T. ) ;
#44 = DIRECTION ( 'NONE',  ( 0.000000000000000000, -1.000000000000000000, -0.000000000000000000 ) ) ;
#45 = DIRECTION ( 'NONE',  ( -1.000000000000000000, 0.000000000000000000, 0.000000000000000000 ) ) ;
#46 = CARTESIAN_POINT ( 'NONE',  ( 47.69999999999999574, 0.000000000000000000, 1.000000000000000000 ) ) ;
#47 = CARTESIAN_POINT ( 'NONE',  ( 53.59999999999998721, 1.214767264119655854, -1.691354341303248576 ) ) ;
#48 = ORIENTED_EDGE ( 'NONE', *, *, #2467, .T. ) ;
#49 = VERTEX_POINT ( 'NONE', #2726 ) ;
#50 = CARTESIAN_POINT ( 'NONE',  ( 0.000000000000000000, 6.715673326026347034, 13.73188740771268890 ) ) ;
#51 = ORIENTED_EDGE ( 'NONE', *, *, #1695, .F. ) ;
#52 = AXIS2_PLACEMENT_3D ( 'NONE', #5116, #5081, #7522 ) ;
#53 = ADVANCED_FACE ( 'NONE', ( #4528 ), #260, .T. ) ;
#54 = ORIENTED_EDGE ( 'NONE', *, *, #540, .T. ) ;
#56 = COLOUR_RGB ( '',0.7960784313725489669, 0.8235294117647058432, 0.9372549019607843146 ) ;
#55 = CARTESIAN_POINT ( 'NONE',  ( 2.000000000000000000, 6.715673326026336376, -13.73188740771269245 ) ) ;
#57 = ORIENTED_EDGE ( 'NONE', *, *, #6192, .F. ) ;
#58 = LINE ( 'NONE', #730, #5689 ) ;
#59 = DIRECTION ( 'NONE',  ( 0.000000000000000000, 0.000000000000000000, -1.000000000000000000 ) ) ;
#60 =( GEOMETRIC_REPRESENTATION_CONTEXT ( 3 ) GLOBAL_UNCERTAINTY_ASSIGNED_CONTEXT ( ( #3112 ) ) GLOBAL_UNIT_ASSIGNED_CONTEXT ( ( #4100, #6808, #737 ) ) REPRESENTATION_CONTEXT ( 'NONE', 'WORKASPACE' ) );
#61 = ORIENTED_EDGE ( 'NONE', *, *, #663, .T. ) ;
#62 = DIRECTION ( 'NONE',  ( 1.000000000000000000, -0.000000000000000000, -0.000000000000000000 ) ) ;
#63 = SURFACE_STYLE_FILL_AREA ( #1938 ) ;
#64 = ADVANCED_FACE ( 'NONE', ( #4603 ), #6879, .T. ) ;
#65 = ORIENTED_EDGE ( 'NONE', *, *, #4387, .F. ) ;
#66 = CARTESIAN_POINT ( 'NONE',  ( 52.89999999999999147, -8.750000000000000000, 15.70000000000000284 ) ) ;
#67 = TOROIDAL_SURFACE ( 'NONE', #5133, 1.299999999999996714, 0.2000000000000000111 ) ;
#68 = DIRECTION ( 'NONE',  ( 0.000000000000000000, 0.000000000000000000, 1.000000000000000000 ) ) ;
#69 = ORIENTED_EDGE ( 'NONE', *, *, #10, .T. ) ;
#70 = VECTOR ( 'NONE', #4991, 1000.000000000000114 ) ;
#71 =( LENGTH_UNIT ( ) NAMED_UNIT ( * ) SI_UNIT ( .MILLI., .METRE. ) );
#72 =( NAMED_UNIT ( * ) SI_UNIT ( $, .STERADIAN. ) SOLID_ANGLE_UNIT ( ) );
#73 = DIRECTION ( 'NONE',  ( 0.000000000000000000, 0.6397843365793053350, 0.7685544890687829866 ) ) ;
#74 = DIRECTION ( 'NONE',  ( -1.000000000000000000, -0.000000000000000000, -0.000000000000000000 ) ) ;
#75 = CARTESIAN_POINT ( 'NONE',  ( 53.69999999999998863, 1.551621044983853226, 5.022213741175753476 ) ) ;
#76 = EDGE_CURVE ( 'NONE', #1800, #6598, #6959, .T. ) ;
#77 = VERTEX_POINT ( 'NONE', #1433 ) ;
#78 = LINE ( 'NONE', #4399, #7220 ) ;
#79 = SURFACE_SIDE_STYLE ('',( #5516 ) ) ;
#80 = CARTESIAN_POINT ( 'NONE',  ( 0.5000000000000000000, 1.506315562951244413E-15, -12.30000000000000071 ) ) ;
#81 = DIRECTION ( 'NONE',  ( -1.000000000000000000, 0.000000000000000000, -0.000000000000000000 ) ) ;
#82 = ORIENTED_EDGE ( 'NONE', *, *, #1746, .T. ) ;
#83 = ORIENTED_EDGE ( 'NONE', *, *, #7330, .T. ) ;
#84 = EDGE_CURVE ( 'NONE', #384, #3978, #3998, .T. ) ;
#85 = VERTEX_POINT ( 'NONE', #6280 ) ;
#86 = VECTOR ( 'NONE', #7013, 1000.000000000000227 ) ;
#87 = MECHANICAL_DESIGN_GEOMETRIC_PRESENTATION_REPRESENTATION (  '', ( #3763 ), #3377 ) ;
#88 = EDGE_LOOP ( 'NONE', ( #1786, #631, #4905, #2813 ) ) ;
#89 = CARTESIAN_POINT ( 'NONE',  ( 53.59999999999997300, 0.1726328808465014963, -2.344819867979390349 ) ) ;
#90 = LINE ( 'NONE', #4332, #7563 ) ;
#91 = AXIS2_PLACEMENT_3D ( 'NONE', #3574, #5956, #4692 ) ;
#92 = EDGE_CURVE ( 'NONE', #6095, #7289, #3852, .T. ) ;
#93 = ORIENTED_EDGE ( 'NONE', *, *, #5836, .F. ) ;
#94 = VECTOR ( 'NONE', #4954, 1000.000000000000000 ) ;
#95 = ORIENTED_EDGE ( 'NONE', *, *, #3963, .F. ) ;
#96 =( LENGTH_UNIT ( ) NAMED_UNIT ( * ) SI_UNIT ( .MILLI., .METRE. ) );
#97 = DIRECTION ( 'NONE',  ( -1.000000000000000000, -0.000000000000000000, -0.000000000000000000 ) ) ;
#98 = ORIENTED_EDGE ( 'NONE', *, *, #5507, .T. ) ;
#99 = MECHANICAL_DESIGN_GEOMETRIC_PRESENTATION_REPRESENTATION (  '', ( #3646 ), #6561 ) ;
#100 = VECTOR ( 'NONE', #5204, 1000.000000000000227 ) ;
#101 = EDGE_LOOP ( 'NONE', ( #5210, #7818, #7441, #6176 ) ) ;
#102 = EDGE_CURVE ( 'NONE', #661, #2931, #5753, .T. ) ;
#103 = DIRECTION ( 'NONE',  ( 0.000000000000000000, 0.000000000000000000, -1.000000000000000000 ) ) ;
#104 = DIRECTION ( 'NONE',  ( -1.000000000000000000, -0.000000000000000000, -0.000000000000000000 ) ) ;
#105 = CARTESIAN_POINT ( 'NONE',  ( 49.19999999999999574, 12.50000000000000000, 1.500000000000000000 ) ) ;
#106 = ORIENTED_EDGE ( 'NONE', *, *, #3289, .T. ) ;
#107 = CARTESIAN_POINT ( 'NONE',  ( 0.000000000000000000, -15.50000000000000000, -8.673617379884035472E-16 ) ) ;
#108 = VECTOR ( 'NONE', #7669, 1000.000000000000000 ) ;
#109 = DIRECTION ( 'NONE',  ( 1.000000000000000000, -0.000000000000000000, -0.000000000000000000 ) ) ;
#110 = UNCERTAINTY_MEASURE_WITH_UNIT (LENGTH_MEASURE( 1.000000000000000082E-05 ), #5219, 'distance_accuracy_value', 'NONE');
#111 = PRESENTATION_LAYER_ASSIGNMENT (  '', '', ( #2016 ) ) ;
#112 = DIRECTION ( 'NONE',  ( 0.000000000000000000, 0.000000000000000000, 1.000000000000000000 ) ) ;
#113 = FACE_OUTER_BOUND ( 'NONE', #7534, .T. ) ;
#114 = DIRECTION ( 'NONE',  ( 0.000000000000000000, 1.000000000000000000, -0.000000000000000000 ) ) ;
#115 = CARTESIAN_POINT ( 'NONE',  ( 52.89999999999999147, -8.750000000000000000, 12.20000000000000284 ) ) ;
#116 = DIRECTION ( 'NONE',  ( 0.000000000000000000, -1.000000000000000000, 0.000000000000000000 ) ) ;
#117 = LINE ( 'NONE', #75, #7208 ) ;
#118 = AXIS2_PLACEMENT_3D ( 'NONE', #4762, #3610, #3534 ) ;
#119 = PRESENTATION_STYLE_ASSIGNMENT (( #7390 ) ) ;
#120 = VECTOR ( 'NONE', #2157, 1000.000000000000000 ) ;
#121 = EDGE_CURVE ( 'NONE', #6715, #4694, #408, .T. ) ;
#122 = ORIENTED_EDGE ( 'NONE', *, *, #4693, .T. ) ;
#123 = DIRECTION ( 'NONE',  ( 0.000000000000000000, -0.000000000000000000, -1.000000000000000000 ) ) ;
#124 = DIRECTION ( 'NONE',  ( 0.000000000000000000, -0.3420201433256636059, 0.9396926207859102043 ) ) ;
#125 = DIRECTION ( 'NONE',  ( -1.000000000000000000, -0.000000000000000000, -0.000000000000000000 ) ) ;
#126 = VECTOR ( 'NONE', #3598, 1000.000000000000227 ) ;
#127 = DIRECTION ( 'NONE',  ( 0.000000000000000000, 0.8660254037844432595, -0.4999999999999919509 ) ) ;
#128 = EDGE_CURVE ( 'NONE', #3392, #860, #4488, .T. ) ;
#129 = ORIENTED_EDGE ( 'NONE', *, *, #5435, .F. ) ;
#130 = VERTEX_POINT ( 'NONE', #6917 ) ;
#131 = ORIENTED_EDGE ( 'NONE', *, *, #6845, .F. ) ;
#132 = CIRCLE ( 'NONE', #2158, 12.30000000000000071 ) ;
#133 = ORIENTED_EDGE ( 'NONE', *, *, #2141, .T. ) ;
#134 = DIRECTION ( 'NONE',  ( 0.000000000000000000, 0.000000000000000000, -1.000000000000000000 ) ) ;
#135 = CARTESIAN_POINT ( 'NONE',  ( 53.69999999999998863, 0.000000000000000000, 0.000000000000000000 ) ) ;
#136 = AXIS2_PLACEMENT_3D ( 'NONE', #5452, #4848, #17 ) ;
#137 = ORIENTED_EDGE ( 'NONE', *, *, #6786, .T. ) ;
#138 = DIRECTION ( 'NONE',  ( 0.000000000000000000, 0.8660254037844390407, 0.4999999999999992784 ) ) ;
#139 = CARTESIAN_POINT ( 'NONE',  ( 53.69999999999998863, 1.214767264119655854, 1.996833409881984212 ) ) ;
#140 = VERTEX_POINT ( 'NONE', #2152 ) ;
#141 = ORIENTED_EDGE ( 'NONE', *, *, #2176, .T. ) ;
#142 = EDGE_CURVE ( 'NONE', #6420, #3859, #2260, .T. ) ;
#143 = DIRECTION ( 'NONE',  ( 0.000000000000000000, 0.7650104793058981612, -0.6440178309271877843 ) ) ;
#144 = CYLINDRICAL_SURFACE ( 'NONE', #7601, 2.000000000000000000 ) ;
#145 = DIRECTION ( 'NONE',  ( 0.000000000000000000, 0.000000000000000000, 1.000000000000000000 ) ) ;
#146 = SURFACE_SIDE_STYLE ('',( #5583 ) ) ;
#147 = EDGE_LOOP ( 'NONE', ( #3774, #7744, #1073, #4818 ) ) ;
#148 = DIRECTION ( 'NONE',  ( 0.000000000000000000, 0.000000000000000000, 1.000000000000000000 ) ) ;
#149 = LINE ( 'NONE', #186, #5575 ) ;
#150 = EDGE_CURVE ( 'NONE', #4599, #3545, #4807, .T. ) ;
#151 = VERTEX_POINT ( 'NONE', #1753 ) ;
#152 = EDGE_CURVE ( 'NONE', #5700, #6482, #7144, .T. ) ;
#153 = LINE ( 'NONE', #1864, #846 ) ;
#154 = CARTESIAN_POINT ( 'NONE',  ( 0.000000000000000000, 7.841506350946106707, -13.08188740771269210 ) ) ;
#155 = CARTESIAN_POINT ( 'NONE',  ( 49.19999999999999574, 0.000000000000000000, 0.000000000000000000 ) ) ;
#156 = CARTESIAN_POINT ( 'NONE',  ( 6.000000000000000000, 0.000000000000000000, -15.50000000000000000 ) ) ;
#157 = DIRECTION ( 'NONE',  ( 0.000000000000000000, 0.000000000000000000, -1.000000000000000000 ) ) ;
#158 = PLANE ( 'NONE',  #3779 ) ;
#159 = DIRECTION ( 'NONE',  ( 0.000000000000000000, 0.000000000000000000, 1.000000000000000000 ) ) ;
#160 = EDGE_LOOP ( 'NONE', ( #3140, #95, #4833, #5604 ) ) ;
#161 = PLANE ( 'NONE',  #5943 ) ;
#162 = DIRECTION ( 'NONE',  ( 0.000000000000000000, 0.000000000000000000, 1.000000000000000000 ) ) ;
#163 = DIRECTION ( 'NONE',  ( -0.000000000000000000, -0.4999999999999995559, 0.8660254037844389297 ) ) ;
#164 = LINE ( 'NONE', #1429, #5037 ) ;
#165 = VERTEX_POINT ( 'NONE', #1795 ) ;
#166 = EDGE_CURVE ( 'NONE', #4821, #7240, #2839, .T. ) ;
#167 = DIRECTION ( 'NONE',  ( 1.000000000000000000, 0.000000000000000000, 0.000000000000000000 ) ) ;
#168 = ORIENTED_EDGE ( 'NONE', *, *, #3808, .T. ) ;
#169 = VERTEX_POINT ( 'NONE', #4200 ) ;
#170 = CARTESIAN_POINT ( 'NONE',  ( 53.59999999999998010, 0.1700606077003709304, -2.271274858511878048 ) ) ;
#171 = CYLINDRICAL_SURFACE ( 'NONE', #2453, 2.000000000000000000 ) ;
#172 = FACE_OUTER_BOUND ( 'NONE', #5451, .T. ) ;
#173 = ORIENTED_EDGE ( 'NONE', *, *, #6431, .T. ) ;
#174 = ORIENTED_EDGE ( 'NONE', *, *, #199, .F. ) ;
#175 = FACE_OUTER_BOUND ( 'NONE', #7243, .T. ) ;
#176 = FACE_OUTER_BOUND ( 'NONE', #160, .T. ) ;
#177 = EDGE_LOOP ( 'NONE', ( #1974, #1660, #7396, #413 ) ) ;
#178 = VERTEX_POINT ( 'NONE', #6631 ) ;
#179 = AXIS2_PLACEMENT_3D ( 'NONE', #1457, #2596, #7550 ) ;
#180 =( LENGTH_UNIT ( ) NAMED_UNIT ( * ) SI_UNIT ( .MILLI., .METRE. ) );
#181 = DIRECTION ( 'NONE',  ( 0.000000000000000000, 0.000000000000000000, 1.000000000000000000 ) ) ;
#182 = DIRECTION ( 'NONE',  ( 0.000000000000000000, 0.9607857596242427300, 0.2772917671032933962 ) ) ;
#183 = DIRECTION ( 'NONE',  ( -1.000000000000000000, 0.000000000000000000, -0.000000000000000000 ) ) ;
#184 = ORIENTED_EDGE ( 'NONE', *, *, #6744, .T. ) ;
#185 = CARTESIAN_POINT ( 'NONE',  ( 53.69999999999998863, -1.480062982793924453, -5.123848403855891576 ) ) ;
#186 = CARTESIAN_POINT ( 'NONE',  ( 53.69999999999998863, -1.480062982793924453, 0.6754210344217291828 ) ) ;
#187 = VERTEX_POINT ( 'NONE', #2922 ) ;
#188 = CIRCLE ( 'NONE', #3970, 3.000000000000000000 ) ;
#189 = EDGE_CURVE ( 'NONE', #5322, #1549, #4121, .T. ) ;
#190 = CARTESIAN_POINT ( 'NONE',  ( 2.000000000000000000, -15.25000000000000000, 1.050000000000000044 ) ) ;
#191 = LINE ( 'NONE', #7468, #6799 ) ;
#192 = EDGE_CURVE ( 'NONE', #5886, #3559, #1183, .T. ) ;
#193 = VECTOR ( 'NONE', #4491, 1000.000000000000000 ) ;
#194 = CARTESIAN_POINT ( 'NONE',  ( 53.69999999999998863, 1.551621044983853226, 3.433813554215726871 ) ) ;
#195 = CARTESIAN_POINT ( 'NONE',  ( 53.69999999999998863, -0.2035644447822284597, -0.3508995493808845234 ) ) ;
#196 = LINE ( 'NONE', #7514, #6701 ) ;
#197 = DIRECTION ( 'NONE',  ( 0.000000000000000000, -0.9535857504780766991, -0.3011215975069926332 ) ) ;
#198 = LINE ( 'NONE', #7474, #2384 ) ;
#199 = EDGE_CURVE ( 'NONE', #1614, #264, #5953, .T. ) ;
#200 = FACE_OUTER_BOUND ( 'NONE', #792, .T. ) ;
#201 = CIRCLE ( 'NONE', #4623, 1.500000000000000000 ) ;
#202 = EDGE_LOOP ( 'NONE', ( #4776, #4134, #2925, #7761 ) ) ;
#203 = CARTESIAN_POINT ( 'NONE',  ( 53.70000000000000284, 0.6600932771839908009, -2.814477769395056228 ) ) ;
#204 = ADVANCED_FACE ( 'NONE', ( #1026 ), #1766, .T. ) ;
#205 = DIRECTION ( 'NONE',  ( 1.000000000000000000, -0.000000000000000000, -0.000000000000000000 ) ) ;
#206 = DIRECTION ( 'NONE',  ( 0.000000000000000000, 0.000000000000000000, 1.000000000000000000 ) ) ;
#207 = FACE_OUTER_BOUND ( 'NONE', #2277, .T. ) ;
#208 = CARTESIAN_POINT ( 'NONE',  ( 0.2000000000000000111, 7.749999999999998224, -12.12339375865879987 ) ) ;
#209 = ORIENTED_EDGE ( 'NONE', *, *, #4862, .F. ) ;
#210 = VERTEX_POINT ( 'NONE', #528 ) ;
#211 = VECTOR ( 'NONE', #3175, 1000.000000000000000 ) ;
#212 = DIRECTION ( 'NONE',  ( 0.000000000000000000, 0.000000000000000000, 1.000000000000000000 ) ) ;
#213 = LINE ( 'NONE', #6208, #3208 ) ;
#214 = DIRECTION ( 'NONE',  ( 0.000000000000000000, -0.3420201433256692125, -0.9396926207859083169 ) ) ;
#215 = ORIENTED_EDGE ( 'NONE', *, *, #7260, .F. ) ;
#216 = PLANE ( 'NONE',  #6455 ) ;
#217 = VECTOR ( 'NONE', #868, 1000.000000000000000 ) ;
#218 = CARTESIAN_POINT ( 'NONE',  ( 53.69999999999998153, 1.180468634496714131, -2.433347574860236673 ) ) ;
#219 = VECTOR ( 'NONE', #4072, 1000.000000000000000 ) ;
#220 = ORIENTED_EDGE ( 'NONE', *, *, #3047, .T. ) ;
#221 = ADVANCED_FACE ( 'NONE', ( #2380 ), #3570, .T. ) ;
#222 = EDGE_LOOP ( 'NONE', ( #4181, #416, #2658, #4247 ) ) ;
#223 = VECTOR ( 'NONE', #7809, 1000.000000000000000 ) ;
#224 = CARTESIAN_POINT ( 'NONE',  ( 46.09999999999999432, 4.016535339503530818E-15, -16.39749999999999730 ) ) ;
#225 = CARTESIAN_POINT ( 'NONE',  ( 49.19999999999999574, 12.00000000000000000, -1.500000000000000000 ) ) ;
#226 = CARTESIAN_POINT ( 'NONE',  ( 0.000000000000000000, 7.000000000000000000, 0.000000000000000000 ) ) ;
#227 = ORIENTED_EDGE ( 'NONE', *, *, #4207, .F. ) ;
#228 = EDGE_CURVE ( 'NONE', #178, #4857, #5870, .T. ) ;
#229 = ORIENTED_EDGE ( 'NONE', *, *, #6819, .F. ) ;
#230 = LINE ( 'NONE', #2782, #892 ) ;
#231 = AXIS2_PLACEMENT_3D ( 'NONE', #363, #405, #286 ) ;
#232 = VECTOR ( 'NONE', #4012, 1000.000000000000227 ) ;
#233 = DIRECTION ( 'NONE',  ( -0.000000000000000000, -0.000000000000000000, 1.000000000000000000 ) ) ;
#234 = CARTESIAN_POINT ( 'NONE',  ( 53.70000000000000284, -0.1149187129758607456, -2.621149572694483787 ) ) ;
#235 = DIRECTION ( 'NONE',  ( 1.000000000000000000, -0.000000000000000000, -0.000000000000000000 ) ) ;
#236 = CARTESIAN_POINT ( 'NONE',  ( 6.000000000000000000, 0.000000000000000000, 15.50000000000000000 ) ) ;
#237 = AXIS2_PLACEMENT_3D ( 'NONE', #4320, #1950, #7307 ) ;
#238 = ADVANCED_FACE ( 'NONE', ( #5990 ), #2261, .T. ) ;
#239 = COLOUR_RGB ( '',0.7960784313725489669, 0.8235294117647058432, 0.9372549019607843146 ) ;
#240 = CARTESIAN_POINT ( 'NONE',  ( 2.000000000000000000, 8.153684686079991195, -14.62259614518684714 ) ) ;
#241 = DIRECTION ( 'NONE',  ( -1.000000000000000000, -0.000000000000000000, -0.000000000000000000 ) ) ;
#242 = DIRECTION ( 'NONE',  ( 0.000000000000000000, 0.000000000000000000, 1.000000000000000000 ) ) ;
#243 =( GEOMETRIC_REPRESENTATION_CONTEXT ( 3 ) GLOBAL_UNCERTAINTY_ASSIGNED_CONTEXT ( ( #4718 ) ) GLOBAL_UNIT_ASSIGNED_CONTEXT ( ( #4465, #5066, #5658 ) ) REPRESENTATION_CONTEXT ( 'NONE', 'WORKASPACE' ) );
#244 = EDGE_LOOP ( 'NONE', ( #4090, #4415, #1050, #1161 ) ) ;
#245 = EDGE_CURVE ( 'NONE', #1415, #5450, #1473, .T. ) ;
#246 = FACE_OUTER_BOUND ( 'NONE', #686, .T. ) ;
#247 =( LENGTH_UNIT ( ) NAMED_UNIT ( * ) SI_UNIT ( .MILLI., .METRE. ) );
#248 = FILL_AREA_STYLE_COLOUR ( '', #7844 ) ;
#249 = ADVANCED_FACE ( 'NONE', ( #7805 ), #2760, .T. ) ;
#250 = VECTOR ( 'NONE', #7529, 1000.000000000000000 ) ;
#251 = DIRECTION ( 'NONE',  ( 0.000000000000000000, 0.000000000000000000, -1.000000000000000000 ) ) ;
#252 = VECTOR ( 'NONE', #5366, 1000.000000000000000 ) ;
#253 = CARTESIAN_POINT ( 'NONE',  ( 53.59999999999998721, -1.480062982793924453, -5.123848403855891576 ) ) ;
#254 = ADVANCED_FACE ( 'NONE', ( #3006, #4879 ), #161, .T. ) ;
#255 = ORIENTED_EDGE ( 'NONE', *, *, #3391, .T. ) ;
#256 = VECTOR ( 'NONE', #4113, 1000.000000000000000 ) ;
#257 = CARTESIAN_POINT ( 'NONE',  ( 47.69999999999999574, -8.750000000000000000, 15.70000000000000284 ) ) ;
#258 = PRESENTATION_LAYER_ASSIGNMENT (  '', '', ( #1124 ) ) ;
#259 = ADVANCED_FACE ( 'NONE', ( #5557, #6670 ), #3728, .F. ) ;
#260 = PLANE ( 'NONE',  #2146 ) ;
#261 = CARTESIAN_POINT ( 'NONE',  ( 53.59999999999998721, 1.587079337706400306, -0.2156327289948717363 ) ) ;
#262 = DIRECTION ( 'NONE',  ( 0.000000000000000000, 0.000000000000000000, 1.000000000000000000 ) ) ;
#263 = CARTESIAN_POINT ( 'NONE',  ( 0.000000000000000000, -15.25000000000000000, -0.2500000000000002220 ) ) ;
#264 = VERTEX_POINT ( 'NONE', #4322 ) ;
#265 = PLANE ( 'NONE',  #2396 ) ;
#266 = VECTOR ( 'NONE', #4855, 1000.000000000000000 ) ;
#267 = CARTESIAN_POINT ( 'NONE',  ( 53.59999999999998721, 1.551621044983853226, 3.216861333557771374 ) ) ;
#268 = VERTEX_POINT ( 'NONE', #3810 ) ;
#269 = EDGE_LOOP ( 'NONE', ( #2293, #6635, #4210, #950 ) ) ;
#270 =( NAMED_UNIT ( * ) SI_UNIT ( $, .STERADIAN. ) SOLID_ANGLE_UNIT ( ) );
#271 = CARTESIAN_POINT ( 'NONE',  ( 44.50000000000000711, 4.250937710707110462, -15.87063295520516348 ) ) ;
#272 = EDGE_LOOP ( 'NONE', ( #3309, #6804, #7539, #2511 ) ) ;
#273 = PLANE ( 'NONE',  #3404 ) ;
#274 = EDGE_CURVE ( 'NONE', #847, #1771, #78, .T. ) ;
#275 = FILL_AREA_STYLE_COLOUR ( '', #520 ) ;
#276 = CARTESIAN_POINT ( 'NONE',  ( 47.69999999999999574, 0.6857658333706520004, -7.731734942545654299 ) ) ;
#277 = DIRECTION ( 'NONE',  ( -1.000000000000000000, -0.000000000000000000, -0.000000000000000000 ) ) ;
#278 = DIRECTION ( 'NONE',  ( 0.000000000000000000, 0.000000000000000000, 1.000000000000000000 ) ) ;
#279 = CARTESIAN_POINT ( 'NONE',  ( 0.000000000000000000, -15.75000000000000000, 1.050000000000000044 ) ) ;
#280 = DIRECTION ( 'NONE',  ( 1.000000000000000000, 0.000000000000000000, 0.000000000000000000 ) ) ;
#281 = CARTESIAN_POINT ( 'NONE',  ( 46.09999999999999432, -7.267679784435105539, 14.74086055109746773 ) ) ;
#282 = CARTESIAN_POINT ( 'NONE',  ( 0.000000000000000000, 7.000000000000000000, 0.000000000000000000 ) ) ;
#283 = CARTESIAN_POINT ( 'NONE',  ( 53.59999999999999432, 1.524114065333413759, -2.537755706833384917 ) ) ;
#284 = DIRECTION ( 'NONE',  ( 0.000000000000000000, 0.000000000000000000, -1.000000000000000000 ) ) ;
#285 = DIRECTION ( 'NONE',  ( 0.000000000000000000, -1.000000000000000000, -0.000000000000000000 ) ) ;
#286 = DIRECTION ( 'NONE',  ( 0.000000000000000000, 0.000000000000000000, -1.000000000000000000 ) ) ;
#287 = LINE ( 'NONE', #761, #897 ) ;
#288 = ORIENTED_EDGE ( 'NONE', *, *, #639, .F. ) ;
#289 = EDGE_CURVE ( 'NONE', #7813, #1232, #2567, .T. ) ;
#290 = FACE_OUTER_BOUND ( 'NONE', #7299, .T. ) ;
#291 = ORIENTED_EDGE ( 'NONE', *, *, #6175, .F. ) ;
#292 = CARTESIAN_POINT ( 'NONE',  ( 53.59999999999998721, 1.551621044983853226, -3.922862896642212771 ) ) ;
#293 = CARTESIAN_POINT ( 'NONE',  ( 53.60000000000000142, 1.214464813588315151, -2.147072431050802255 ) ) ;
#294 = CARTESIAN_POINT ( 'NONE',  ( 2.000000000000000000, 7.841506350946115589, 13.08188740771268677 ) ) ;
#295 = VERTEX_POINT ( 'NONE', #3084 ) ;
#296 = PLANE ( 'NONE',  #5442 ) ;
#297 = ADVANCED_FACE ( 'NONE', ( #716 ), #3692, .F. ) ;
#298 = LINE ( 'NONE', #7573, #7635 ) ;
#299 = ORIENTED_EDGE ( 'NONE', *, *, #3184, .F. ) ;
#300 = ORIENTED_EDGE ( 'NONE', *, *, #3236, .T. ) ;
#301 = DIRECTION ( 'NONE',  ( -1.000000000000000000, -0.000000000000000000, -0.000000000000000000 ) ) ;
#302 = LINE ( 'NONE', #6931, #4534 ) ;
#303 = ORIENTED_EDGE ( 'NONE', *, *, #7436, .F. ) ;
#304 = FILL_AREA_STYLE_COLOUR ( '', #7346 ) ;
#305 = PRESENTATION_STYLE_ASSIGNMENT (( #3909 ) ) ;
#306 = VECTOR ( 'NONE', #6080, 1000.000000000000227 ) ;
#307 = EDGE_CURVE ( 'NONE', #5967, #5467, #756, .T. ) ;
#308 = DIRECTION ( 'NONE',  ( 0.000000000000000000, 4.336808689942013792E-16, -1.000000000000000000 ) ) ;
#309 = CARTESIAN_POINT ( 'NONE',  ( 53.59999999999998721, -1.480062982793924453, 5.584293344333167042 ) ) ;
#310 = FACE_OUTER_BOUND ( 'NONE', #6463, .T. ) ;
#311 = LINE ( 'NONE', #3396, #2998 ) ;
#312 = CARTESIAN_POINT ( 'NONE',  ( 0.000000000000000000, 6.715673326026347034, 13.73188740771268890 ) ) ;
#313 = DIRECTION ( 'NONE',  ( -1.000000000000000000, 0.000000000000000000, 0.000000000000000000 ) ) ;
#314 = EDGE_LOOP ( 'NONE', ( #5537, #3641, #6734, #954 ) ) ;
#315 = DIRECTION ( 'NONE',  ( -0.000000000000000000, 1.000000000000000000, 4.336808689942013792E-16 ) ) ;
#316 = MECHANICAL_DESIGN_GEOMETRIC_PRESENTATION_REPRESENTATION (  '', ( #6392 ), #2953 ) ;
#317 = CARTESIAN_POINT ( 'NONE',  ( 53.59999999999998010, 1.473931488854964389, -2.727271493675962333 ) ) ;
#318 = PRESENTATION_LAYER_ASSIGNMENT (  '', '', ( #1839 ) ) ;
#319 = EDGE_CURVE ( 'NONE', #6659, #268, #6831, .T. ) ;
#320 = DIRECTION ( 'NONE',  ( -1.000000000000000000, 0.000000000000000000, 0.000000000000000000 ) ) ;
#321 = CARTESIAN_POINT ( 'NONE',  ( 21.50000000000000000, 0.000000000000000000, 0.000000000000000000 ) ) ;
#322 = DIRECTION ( 'NONE',  ( 0.000000000000000000, 0.000000000000000000, 1.000000000000000000 ) ) ;
#323 = LINE ( 'NONE', #3363, #3380 ) ;
#324 = EDGE_CURVE ( 'NONE', #6459, #151, #3786, .T. ) ;
#325 = VECTOR ( 'NONE', #1194, 1000.000000000000000 ) ;
#326 = ORIENTED_EDGE ( 'NONE', *, *, #5758, .F. ) ;
#327 = ORIENTED_EDGE ( 'NONE', *, *, #3699, .F. ) ;
#328 = VECTOR ( 'NONE', #1780, 1000.000000000000000 ) ;
#329 = CARTESIAN_POINT ( 'NONE',  ( 53.59999999999998721, 0.1687476288045161865, -1.691354341303248576 ) ) ;
#330 =( LENGTH_UNIT ( ) NAMED_UNIT ( * ) SI_UNIT ( .MILLI., .METRE. ) );
#331 = EDGE_CURVE ( 'NONE', #6402, #140, #4842, .T. ) ;
#332 = ORIENTED_EDGE ( 'NONE', *, *, #774, .F. ) ;
#333 = LINE ( 'NONE', #6286, #6714 ) ;
#334 = CARTESIAN_POINT ( 'NONE',  ( 53.59999999999998721, 1.551621044983853226, 1.222004050389287944 ) ) ;
#335 = VERTEX_POINT ( 'NONE', #2419 ) ;
#336 = VERTEX_POINT ( 'NONE', #6152 ) ;
#337 = EDGE_CURVE ( 'NONE', #1996, #3969, #6115, .T. ) ;
#338 = LINE ( 'NONE', #5732, #3976 ) ;
#339 = CARTESIAN_POINT ( 'NONE',  ( 48.69999999999999574, 0.000000000000000000, 0.000000000000000000 ) ) ;
#340 = VECTOR ( 'NONE', #3848, 999.9999999999998863 ) ;
#341 = ORIENTED_EDGE ( 'NONE', *, *, #3507, .F. ) ;
#342 = CARTESIAN_POINT ( 'NONE',  ( 0.000000000000000000, -15.75000000000000000, -0.2500000000000002220 ) ) ;
#343 = FACE_OUTER_BOUND ( 'NONE', #3005, .T. ) ;
#344 = EDGE_CURVE ( 'NONE', #5535, #1635, #1267, .T. ) ;
#345 = COLOUR_RGB ( '',0.7960784313725489669, 0.8235294117647058432, 0.9372549019607843146 ) ;
#346 = CIRCLE ( 'NONE', #2732, 12.30000000000000071 ) ;
#347 = CARTESIAN_POINT ( 'NONE',  ( 53.70000000000066365, 0.5528678638980768500, -2.804640385649720180 ) ) ;
#348 =( NAMED_UNIT ( * ) PLANE_ANGLE_UNIT ( ) SI_UNIT ( $, .RADIAN. ) );
#349 = FACE_OUTER_BOUND ( 'NONE', #1735, .T. ) ;
#350 = CYLINDRICAL_SURFACE ( 'NONE', #1359, 2.000000000000000000 ) ;
#351 = PLANE ( 'NONE',  #6171 ) ;
#352 = CARTESIAN_POINT ( 'NONE',  ( 46.10000000000000142, -10.83755870952399647, 12.35554371339476099 ) ) ;
#353 = VERTEX_POINT ( 'NONE', #6239 ) ;
#354 = LINE ( 'NONE', #2755, #5931 ) ;
#355 = AXIS2_PLACEMENT_3D ( 'NONE', #5022, #373, #3224 ) ;
#357 = VECTOR ( 'NONE', #6145, 1000.000000000000000 ) ;
#356 = CARTESIAN_POINT ( 'NONE',  ( 53.59999999999999432, 1.540642020947813773, -2.434923741803043828 ) ) ;
#358 = UNCERTAINTY_MEASURE_WITH_UNIT (LENGTH_MEASURE( 1.000000000000000082E-05 ), #2815, 'distance_accuracy_value', 'NONE');
#359 = AXIS2_PLACEMENT_3D ( 'NONE', #6667, #1749, #5987 ) ;
#360 = CARTESIAN_POINT ( 'NONE',  ( 53.69999999999998153, 0.1700606077003709304, -2.271274858511878048 ) ) ;
#361 = COLOUR_RGB ( '',0.7960784313725489669, 0.8235294117647058432, 0.9372549019607843146 ) ;
#362 = CARTESIAN_POINT ( 'NONE',  ( 53.59999999999998721, -1.480062982793924453, -0.7192718126651240773 ) ) ;
#363 = CARTESIAN_POINT ( 'NONE',  ( 20.49999999999999645, 0.000000000000000000, 0.000000000000000000 ) ) ;
#364 = AXIS2_PLACEMENT_3D ( 'NONE', #6783, #1386, #3199 ) ;
#365 = EDGE_CURVE ( 'NONE', #5963, #4187, #6787, .T. ) ;
#366 = ORIENTED_EDGE ( 'NONE', *, *, #2763, .F. ) ;
#367 = DIRECTION ( 'NONE',  ( 0.000000000000000000, 0.000000000000000000, 1.000000000000000000 ) ) ;
#368 = VECTOR ( 'NONE', #3123, 1000.000000000000000 ) ;
#369 = FACE_OUTER_BOUND ( 'NONE', #2493, .T. ) ;
#370 = EDGE_CURVE ( 'NONE', #6150, #2423, #793, .T. ) ;
#371 = DIRECTION ( 'NONE',  ( 0.000000000000000000, -0.4999999999999987232, 0.8660254037844393737 ) ) ;
#372 = VECTOR ( 'NONE', #4543, 1000.000000000000000 ) ;
#373 = DIRECTION ( 'NONE',  ( 0.000000000000000000, 0.000000000000000000, -1.000000000000000000 ) ) ;
#374 = ORIENTED_EDGE ( 'NONE', *, *, #7478, .F. ) ;
#375 = SURFACE_STYLE_USAGE ( .BOTH. , #3374 ) ;
#376 = VECTOR ( 'NONE', #5634, 1000.000000000000000 ) ;
#377 = CARTESIAN_POINT ( 'NONE',  ( 53.70000000000000995, 1.207262343466957599, -2.286987149194054325 ) ) ;
#378 = ORIENTED_EDGE ( 'NONE', *, *, #6043, .T. ) ;
#379 = VECTOR ( 'NONE', #5093, 1000.000000000000000 ) ;
#380 = ORIENTED_EDGE ( 'NONE', *, *, #745, .F. ) ;
#381 = FACE_OUTER_BOUND ( 'NONE', #19, .T. ) ;
#382 = DIRECTION ( 'NONE',  ( 0.000000000000000000, 0.000000000000000000, -1.000000000000000000 ) ) ;
#383 = VECTOR ( 'NONE', #3988, 1000.000000000000000 ) ;
#384 = VERTEX_POINT ( 'NONE', #3653 ) ;
#385 =( NAMED_UNIT ( * ) SI_UNIT ( $, .STERADIAN. ) SOLID_ANGLE_UNIT ( ) );
#386 = DIRECTION ( 'NONE',  ( 0.000000000000000000, -1.000000000000000000, 0.000000000000000000 ) ) ;
#387 = ORIENTED_EDGE ( 'NONE', *, *, #7052, .F. ) ;
#388 = AXIS2_PLACEMENT_3D ( 'NONE', #3346, #386, #1530 ) ;
#389 = ADVANCED_FACE ( 'NONE', ( #6079 ), #642, .T. ) ;
#390 = VERTEX_POINT ( 'NONE', #7310 ) ;
#391 = CARTESIAN_POINT ( 'NONE',  ( 53.70000000000000284, 0.7199317041847136389, -3.259896182059020209 ) ) ;
#392 = DIRECTION ( 'NONE',  ( -0.000000000000000000, 1.000000000000000000, 0.000000000000000000 ) ) ;
#393 = CARTESIAN_POINT ( 'NONE',  ( 0.000000000000000000, -15.75000000000000000, 1.050000000000000044 ) ) ;
#394 = CARTESIAN_POINT ( 'NONE',  ( 0.000000000000000000, 7.749999999999998224, -13.42339375865880058 ) ) ;
#395 =( NAMED_UNIT ( * ) PLANE_ANGLE_UNIT ( ) SI_UNIT ( $, .RADIAN. ) );
#396 = ADVANCED_FACE ( 'NONE', ( #6716 ), #1542, .T. ) ;
#397 = DIRECTION ( 'NONE',  ( 0.000000000000000000, -2.736828040640475774E-16, -1.000000000000000000 ) ) ;
#398 = ORIENTED_EDGE ( 'NONE', *, *, #3311, .F. ) ;
#399 = CARTESIAN_POINT ( 'NONE',  ( 50.69999999999999574, -1.198796048359210165, -9.141273873724511390 ) ) ;
#400 = AXIS2_PLACEMENT_3D ( 'NONE', #1272, #6039, #648 ) ;
#401 = PLANE ( 'NONE',  #511 ) ;
#402 = EDGE_CURVE ( 'NONE', #169, #1109, #6834, .T. ) ;
#403 = CARTESIAN_POINT ( 'NONE',  ( 0.000000000000000000, 7.008493649053888497, -12.63906708468514140 ) ) ;
#404 = LINE ( 'NONE', #2796, #4900 ) ;
#405 = DIRECTION ( 'NONE',  ( 1.000000000000000000, 0.000000000000000000, 0.000000000000000000 ) ) ;
#406 = VERTEX_POINT ( 'NONE', #6314 ) ;
#407 = ORIENTED_EDGE ( 'NONE', *, *, #5164, .F. ) ;
#408 = LINE ( 'NONE', #7607, #4417 ) ;
#409 = CARTESIAN_POINT ( 'NONE',  ( 50.69999999999999574, 12.50000000000000000, 1.500000000000000000 ) ) ;
#410 = CARTESIAN_POINT ( 'NONE',  ( 53.70000000000064233, 1.213879258146364215, -2.204305446815539860 ) ) ;
#411 = EDGE_CURVE ( 'NONE', #2349, #1567, #988, .T. ) ;
#412 = DIRECTION ( 'NONE',  ( 0.000000000000000000, -0.8580047584307882724, -0.5136417375078905501 ) ) ;
#413 = ORIENTED_EDGE ( 'NONE', *, *, #7540, .T. ) ;
#414 = DIRECTION ( 'NONE',  ( -1.000000000000000000, 0.000000000000000000, 0.000000000000000000 ) ) ;
#415 = CARTESIAN_POINT ( 'NONE',  ( 53.59999999999998721, -1.480062982793924453, -1.691354341303248576 ) ) ;
#416 = ORIENTED_EDGE ( 'NONE', *, *, #6210, .F. ) ;
#417 = ORIENTED_EDGE ( 'NONE', *, *, #1261, .F. ) ;
#418 = CARTESIAN_POINT ( 'NONE',  ( 47.69999999999999574, -8.750000000000003553, 8.500000000000000000 ) ) ;
#419 = CARTESIAN_POINT ( 'NONE',  ( 44.50000000000000711, 10.00078263800708633, -13.03578952140958336 ) ) ;
#420 = EDGE_LOOP ( 'NONE', ( #7275, #2030, #2743, #1837 ) ) ;
#421 = ORIENTED_EDGE ( 'NONE', *, *, #4106, .T. ) ;
#422 = CARTESIAN_POINT ( 'NONE',  ( 6.000000000000000000, -13.42339375865886986, 6.249999999999874767 ) ) ;
#423 = EDGE_CURVE ( 'NONE', #5496, #4008, #7559, .T. ) ;
#424 = ORIENTED_EDGE ( 'NONE', *, *, #3164, .T. ) ;
#425 = ORIENTED_EDGE ( 'NONE', *, *, #6201, .F. ) ;
#426 = PLANE ( 'NONE',  #7443 ) ;
#427 = DIRECTION ( 'NONE',  ( 0.000000000000000000, 0.000000000000000000, 1.000000000000000000 ) ) ;
#428 = CARTESIAN_POINT ( 'NONE',  ( 0.2000000000000000111, 7.750000000000006217, 14.72339375865879418 ) ) ;
#429 = DIRECTION ( 'NONE',  ( -0.000000000000000000, -0.000000000000000000, 1.000000000000000000 ) ) ;
#430 = CARTESIAN_POINT ( 'NONE',  ( 53.59999999999998721, 1.551621044983853226, -3.477664332459120988 ) ) ;
#431 = ORIENTED_EDGE ( 'NONE', *, *, #189, .T. ) ;
#432 = DIRECTION ( 'NONE',  ( 1.000000000000000000, -0.000000000000000000, -0.000000000000000000 ) ) ;
#433 = EDGE_CURVE ( 'NONE', #2233, #7332, #6452, .T. ) ;
#434 = CARTESIAN_POINT ( 'NONE',  ( 53.59999999999998721, 1.551621044983853226, -2.214692476486026518 ) ) ;
#435 = VECTOR ( 'NONE', #205, 1000.000000000000000 ) ;
#436 = UNCERTAINTY_MEASURE_WITH_UNIT (LENGTH_MEASURE( 1.000000000000000082E-05 ), #71, 'distance_accuracy_value', 'NONE');
#437 = EDGE_CURVE ( 'NONE', #1569, #1686, #6818, .T. ) ;
#438 = DIRECTION ( 'NONE',  ( 0.000000000000000000, 0.000000000000000000, 1.000000000000000000 ) ) ;
#439 = VECTOR ( 'NONE', #6469, 1000.000000000000114 ) ;
#440 = DIRECTION ( 'NONE',  ( -1.000000000000000000, -0.000000000000000000, 0.000000000000000000 ) ) ;
#441 = ADVANCED_FACE ( 'NONE', ( #2606, #2067 ), #3843, .F. ) ;
#442 = CARTESIAN_POINT ( 'NONE',  ( 50.69999999999999574, -1.198796048359210165, -9.141273873724511390 ) ) ;
#443 = CARTESIAN_POINT ( 'NONE',  ( 2.000000000000000000, 6.965673326026335488, -14.16490010960491119 ) ) ;
#444 = STYLED_ITEM ( 'NONE', ( #2285 ), #6702 ) ;
#445 = EDGE_CURVE ( 'NONE', #5012, #4047, #3882, .T. ) ;
#446 = VERTEX_POINT ( 'NONE', #7521 ) ;
#447 = CARTESIAN_POINT ( 'NONE',  ( 44.49999999999998579, -16.28931638921675429, -2.146073948201751680 ) ) ;
#448 = FACE_OUTER_BOUND ( 'NONE', #7564, .T. ) ;
#449 = CARTESIAN_POINT ( 'NONE',  ( 53.69999999999998863, -1.480062982793924453, -0.7192718126651240773 ) ) ;
#450 = VECTOR ( 'NONE', #1560, 1000.000000000000000 ) ;
#451 = ORIENTED_EDGE ( 'NONE', *, *, #4476, .T. ) ;
#452 = CARTESIAN_POINT ( 'NONE',  ( 46.09999999999999432, 14.74086055109746241, 7.267679784435107315 ) ) ;
#453 = ORIENTED_EDGE ( 'NONE', *, *, #4207, .T. ) ;
#454 = VECTOR ( 'NONE', #3069, 1000.000000000000000 ) ;
#455 = ORIENTED_EDGE ( 'NONE', *, *, #3019, .T. ) ;
#456 = SURFACE_SIDE_STYLE ('',( #5216 ) ) ;
#457 = CARTESIAN_POINT ( 'NONE',  ( 44.50000000000000711, 7.265464028403279428, -14.73636638629529472 ) ) ;
#458 = EDGE_LOOP ( 'NONE', ( #5643, #2880, #3550, #7633 ) ) ;
#459 = EDGE_LOOP ( 'NONE', ( #51, #1400, #2898, #2871 ) ) ;
#460 = SURFACE_SIDE_STYLE ('',( #7745 ) ) ;
#461 = FILL_AREA_STYLE_COLOUR ( '', #2037 ) ;
#462 = ORIENTED_EDGE ( 'NONE', *, *, #5763, .T. ) ;
#463 = ADVANCED_FACE ( 'NONE', ( #4440 ), #6355, .T. ) ;
#464 = ORIENTED_EDGE ( 'NONE', *, *, #1772, .F. ) ;
#465 = CARTESIAN_POINT ( 'NONE',  ( 53.59999999999998721, 0.6828928732814492086, -2.814856912567657687 ) ) ;
#466 = DIRECTION ( 'NONE',  ( 0.000000000000000000, 0.000000000000000000, 1.000000000000000000 ) ) ;
#467 = AXIS2_PLACEMENT_3D ( 'NONE', #5622, #2637, #308 ) ;
#468 = EDGE_CURVE ( 'NONE', #5930, #1112, #1637, .T. ) ;
#469 = SURFACE_STYLE_USAGE ( .BOTH. , #6531 ) ;
#470 =( NAMED_UNIT ( * ) SI_UNIT ( $, .STERADIAN. ) SOLID_ANGLE_UNIT ( ) );
#471 = DIRECTION ( 'NONE',  ( 0.000000000000000000, 0.000000000000000000, -1.000000000000000000 ) ) ;
#472 = FACE_BOUND ( 'NONE', #574, .T. ) ;
#473 = VERTEX_POINT ( 'NONE', #2719 ) ;
#474 = CARTESIAN_POINT ( 'NONE',  ( 2.000000000000000000, 7.408493649053887076, -13.33188740771269210 ) ) ;
#475 = MECHANICAL_DESIGN_GEOMETRIC_PRESENTATION_REPRESENTATION (  '', ( #2116 ), #5029 ) ;
#476 = VECTOR ( 'NONE', #1269, 1000.000000000000114 ) ;
#477 = ORIENTED_EDGE ( 'NONE', *, *, #5858, .F. ) ;
#478 = DIRECTION ( 'NONE',  ( -0.000000000000000000, -1.000000000000000000, -0.000000000000000000 ) ) ;
#479 = FACE_OUTER_BOUND ( 'NONE', #4084, .T. ) ;
#480 = CARTESIAN_POINT ( 'NONE',  ( 53.59999999999998721, 1.551621044983853226, -3.477664332459120988 ) ) ;
#481 = AXIS2_PLACEMENT_3D ( 'NONE', #226, #2013, #7686 ) ;
#482 = AXIS2_PLACEMENT_3D ( 'NONE', #6014, #4625, #2942 ) ;
#483 = DIRECTION ( 'NONE',  ( 0.000000000000000000, 0.9396926207859103153, 0.3420201433256632728 ) ) ;
#484 = CARTESIAN_POINT ( 'NONE',  ( 6.000000000000000000, 0.000000000000000000, -15.50000000000000000 ) ) ;
#485 = AXIS2_PLACEMENT_3D ( 'NONE', #4118, #4074, #5320 ) ;
#486 = EDGE_CURVE ( 'NONE', #5731, #917, #3021, .T. ) ;
#487 = AXIS2_PLACEMENT_3D ( 'NONE', #6892, #7004, #3828 ) ;
#488 = ORIENTED_EDGE ( 'NONE', *, *, #1504, .T. ) ;
#489 = ADVANCED_FACE ( 'NONE', ( #7600 ), #2177, .T. ) ;
#490 = CARTESIAN_POINT ( 'NONE',  ( 44.50000000000000000, -15.55764348474978931, -5.282725718848017671 ) ) ;
#491 =( NAMED_UNIT ( * ) SI_UNIT ( $, .STERADIAN. ) SOLID_ANGLE_UNIT ( ) );
#492 = AXIS2_PLACEMENT_3D ( 'NONE', #107, #7254, #4344 ) ;
#493 = MECHANICAL_DESIGN_GEOMETRIC_PRESENTATION_REPRESENTATION (  '', ( #7343 ), #1093 ) ;
#494 = ADVANCED_FACE ( 'NONE', ( #246 ), #6272, .F. ) ;
#495 = EDGE_LOOP ( 'NONE', ( #291, #93, #326, #2161, #7057, #799, #1181, #7203 ) ) ;
#496 = DIRECTION ( 'NONE',  ( 0.000000000000000000, -0.8801990621765310996, -0.4746046891293375647 ) ) ;
#497 = CARTESIAN_POINT ( 'NONE',  ( 52.89999999999999147, 8.150000000000003908, 10.20000000000000284 ) ) ;
#498 = ORIENTED_EDGE ( 'NONE', *, *, #2832, .T. ) ;
#499 = EDGE_CURVE ( 'NONE', #2837, #4849, #1058, .T. ) ;
#500 = VECTOR ( 'NONE', #7622, 1000.000000000000000 ) ;
#501 = ORIENTED_EDGE ( 'NONE', *, *, #2608, .F. ) ;
#502 = DIRECTION ( 'NONE',  ( -1.000000000000000000, 0.000000000000000000, 0.000000000000000000 ) ) ;
#503 = CARTESIAN_POINT ( 'NONE',  ( 44.50000000000000711, 2.146073948201743686, 16.28931638921676850 ) ) ;
#504 = ORIENTED_EDGE ( 'NONE', *, *, #3372, .F. ) ;
#505 = ORIENTED_EDGE ( 'NONE', *, *, #7454, .T. ) ;
#506 = DIRECTION ( 'NONE',  ( 0.000000000000000000, 0.8660254037844330455, 0.5000000000000098810 ) ) ;
#507 =( GEOMETRIC_REPRESENTATION_CONTEXT ( 3 ) GLOBAL_UNCERTAINTY_ASSIGNED_CONTEXT ( ( #3193 ) ) GLOBAL_UNIT_ASSIGNED_CONTEXT ( ( #2644, #5038, #7194 ) ) REPRESENTATION_CONTEXT ( 'NONE', 'WORKASPACE' ) );
#508 = CARTESIAN_POINT ( 'NONE',  ( 21.50000000000000000, 0.000000000000000000, 0.000000000000000000 ) ) ;
#509 = ORIENTED_EDGE ( 'NONE', *, *, #5601, .T. ) ;
#510 = ORIENTED_EDGE ( 'NONE', *, *, #3590, .F. ) ;
#511 = AXIS2_PLACEMENT_3D ( 'NONE', #3321, #5745, #3358 ) ;
#512 = CARTESIAN_POINT ( 'NONE',  ( 53.59999999999998010, 1.473931488854964389, -2.727271493675962333 ) ) ;
#513 = PLANE ( 'NONE',  #6439 ) ;
#514 = SURFACE_STYLE_FILL_AREA ( #6494 ) ;
#515 = DIRECTION ( 'NONE',  ( 0.000000000000000000, 0.9535857504780766991, -0.3011215975069926332 ) ) ;
#516 = EDGE_CURVE ( 'NONE', #5926, #780, #5946, .T. ) ;
#517 = DIRECTION ( 'NONE',  ( -1.000000000000000000, -0.000000000000000000, -0.000000000000000000 ) ) ;
#518 = ORIENTED_EDGE ( 'NONE', *, *, #4632, .T. ) ;
#519 = PRESENTATION_STYLE_ASSIGNMENT (( #6500 ) ) ;
#520 = COLOUR_RGB ( '',0.7960784313725489669, 0.8235294117647058432, 0.9372549019607843146 ) ;
#521 = ORIENTED_EDGE ( 'NONE', *, *, #6333, .F. ) ;
#522 = DIRECTION ( 'NONE',  ( 0.000000000000000000, 0.5000000000000000000, 0.8660254037844385966 ) ) ;
#523 = PLANE ( 'NONE',  #2574 ) ;
#524 = MECHANICAL_DESIGN_GEOMETRIC_PRESENTATION_REPRESENTATION (  '', ( #5952 ), #1266 ) ;
#525 = CARTESIAN_POINT ( 'NONE',  ( 53.70000000000000284, 0.5982205349007995165, -3.258585842911840835 ) ) ;
#526 = DIRECTION ( 'NONE',  ( 0.000000000000000000, 0.000000000000000000, -1.000000000000000000 ) ) ;
#527 = ORIENTED_EDGE ( 'NONE', *, *, #853, .F. ) ;
#528 = CARTESIAN_POINT ( 'NONE',  ( 53.49999999999999289, -8.750000000000003553, 8.500000000000000000 ) ) ;
#529 = LINE ( 'NONE', #5362, #1694 ) ;
#530 = CARTESIAN_POINT ( 'NONE',  ( 53.59999999999998721, 1.551621044983853226, -1.246155777120157016 ) ) ;
#531 = FACE_OUTER_BOUND ( 'NONE', #4338, .T. ) ;
#532 = EDGE_LOOP ( 'NONE', ( #374, #1810, #2714, #1710, #4493, #1310, #6447, #5883, #6568, #7501, #1512, #6334 ) ) ;
#533 = CARTESIAN_POINT ( 'NONE',  ( 48.29999999999999716, -8.150000000000003908, 10.20000000000000284 ) ) ;
#534 = EDGE_CURVE ( 'NONE', #2427, #4856, #1787, .T. ) ;
#535 = CARTESIAN_POINT ( 'NONE',  ( 46.10000000000000142, 15.56238811527274102, 5.284336797139832065 ) ) ;
#536 = EDGE_LOOP ( 'NONE', ( #3782, #5875, #852, #2686, #4356, #3060 ) ) ;
#537 = VERTEX_POINT ( 'NONE', #6468 ) ;
#538 = EDGE_CURVE ( 'NONE', #1228, #1996, #7834, .T. ) ;
#539 = CARTESIAN_POINT ( 'NONE',  ( 2.000000000000000000, -15.50000000000000000, -8.673617379884035472E-16 ) ) ;
#540 = EDGE_CURVE ( 'NONE', #3771, #169, #1138, .T. ) ;
#541 = ORIENTED_EDGE ( 'NONE', *, *, #5507, .F. ) ;
#542 = EDGE_LOOP ( 'NONE', ( #5245, #4895, #1040, #425, #3201, #2503, #3421, #7100, #2693 ) ) ;
#543 = ORIENTED_EDGE ( 'NONE', *, *, #2155, .F. ) ;
#544 = ORIENTED_EDGE ( 'NONE', *, *, #76, .F. ) ;
#545 = CARTESIAN_POINT ( 'NONE',  ( 53.59999999999998721, 1.230988985818111114, -3.099285231585891864 ) ) ;
#546 =( NAMED_UNIT ( * ) PLANE_ANGLE_UNIT ( ) SI_UNIT ( $, .RADIAN. ) );
#547 = CARTESIAN_POINT ( 'NONE',  ( 53.59999999999998721, -1.480062982793924453, 3.802185817499965648 ) ) ;
#548 = CARTESIAN_POINT ( 'NONE',  ( 47.69999999999999574, -8.750000000000000000, 15.70000000000000284 ) ) ;
#549 = CYLINDRICAL_SURFACE ( 'NONE', #3902, 10.00000000000000000 ) ;
#550 = PLANE ( 'NONE',  #7038 ) ;
#551 = ORIENTED_EDGE ( 'NONE', *, *, #4574, .F. ) ;
#552 = CARTESIAN_POINT ( 'NONE',  ( 53.60000000000001563, 0.8541478700930631440, -2.793221491371337795 ) ) ;
#553 = SURFACE_SIDE_STYLE ('',( #2291 ) ) ;
#554 = ORIENTED_EDGE ( 'NONE', *, *, #905, .T. ) ;
#555 = EDGE_CURVE ( 'NONE', #860, #4946, #7798, .T. ) ;
#556 = VERTEX_POINT ( 'NONE', #3480 ) ;
#557 = DIRECTION ( 'NONE',  ( 0.000000000000000000, 0.5000000000000001110, -0.8660254037844387076 ) ) ;
#558 = FACE_OUTER_BOUND ( 'NONE', #5215, .T. ) ;
#559 = DIRECTION ( 'NONE',  ( -0.000000000000000000, -0.5000000000000015543, -0.8660254037844378194 ) ) ;
#560 = CARTESIAN_POINT ( 'NONE',  ( 53.59999999999998721, -1.480062982793924453, -0.7192718126651240773 ) ) ;
#561 = LINE ( 'NONE', #1178, #1364 ) ;
#562 = EDGE_CURVE ( 'NONE', #2427, #165, #2392, .T. ) ;
#563 = EDGE_LOOP ( 'NONE', ( #2950, #2429, #5220, #2945 ) ) ;
#564 = AXIS2_PLACEMENT_3D ( 'NONE', #2410, #7181, #5984 ) ;
#565 = DIRECTION ( 'NONE',  ( 1.000000000000000000, -0.000000000000000000, -0.000000000000000000 ) ) ;
#566 = CARTESIAN_POINT ( 'NONE',  ( 44.50000000000000000, -5.282725718848019447, 15.55764348474979109 ) ) ;
#567 = CARTESIAN_POINT ( 'NONE',  ( 2.000000000000000000, 6.715673326026336376, -13.73188740771269245 ) ) ;
#568 = DIRECTION ( 'NONE',  ( -1.000000000000000000, -0.000000000000000000, -0.000000000000000000 ) ) ;
#569 = ORIENTED_EDGE ( 'NONE', *, *, #2783, .T. ) ;
#570 = FACE_OUTER_BOUND ( 'NONE', #4382, .T. ) ;
#571 = AXIS2_PLACEMENT_3D ( 'NONE', #6930, #7458, #3863 ) ;
#572 = CARTESIAN_POINT ( 'NONE',  ( 46.09999999999999432, 15.87547303844859670, -4.252234123549617273 ) ) ;
#573 = ORIENTED_EDGE ( 'NONE', *, *, #5879, .T. ) ;
#574 = EDGE_LOOP ( 'NONE', ( #948, #581 ) ) ;
#575 = ADVANCED_FACE ( 'NONE', ( #5316 ), #5983, .T. ) ;
#576 = DIRECTION ( 'NONE',  ( -1.000000000000000000, -0.000000000000000000, -0.000000000000000000 ) ) ;
#577 = ORIENTED_EDGE ( 'NONE', *, *, #830, .F. ) ;
#578 = VERTEX_POINT ( 'NONE', #1095 ) ;
#579 = SURFACE_SIDE_STYLE ('',( #6006 ) ) ;
#580 = CARTESIAN_POINT ( 'NONE',  ( 0.000000000000000000, -14.45000000000000107, 0.2500000000000002220 ) ) ;
#581 = ORIENTED_EDGE ( 'NONE', *, *, #1396, .F. ) ;
#582 = EDGE_CURVE ( 'NONE', #2247, #7863, #7105, .T. ) ;
#583 = ORIENTED_EDGE ( 'NONE', *, *, #2058, .F. ) ;
#584 = CARTESIAN_POINT ( 'NONE',  ( 53.59999999999996589, 0.9046468922608165153, -2.774555938146442191 ) ) ;
#585 = AXIS2_PLACEMENT_3D ( 'NONE', #1869, #3804, #3045 ) ;
#586 = DIRECTION ( 'NONE',  ( 0.000000000000000000, 0.8833213751622164267, 0.4687679043850280780 ) ) ;
#587 = FACE_OUTER_BOUND ( 'NONE', #7497, .T. ) ;
#588 = EDGE_LOOP ( 'NONE', ( #959, #3144, #1932, #7875, #2367, #6060, #5933, #6127, #2700, #1114 ) ) ;
#589 = PLANE ( 'NONE',  #3262 ) ;
#590 = CARTESIAN_POINT ( 'NONE',  ( 48.69999999999999574, 0.000000000000000000, 0.000000000000000000 ) ) ;
#591 = ADVANCED_FACE ( 'NONE', ( #2872 ), #2793, .T. ) ;
#592 = VERTEX_POINT ( 'NONE', #5826 ) ;
#593 = VECTOR ( 'NONE', #5569, 1000.000000000000000 ) ;
#594 = ORIENTED_EDGE ( 'NONE', *, *, #562, .T. ) ;
#595 = DIRECTION ( 'NONE',  ( 0.000000000000000000, -0.8660254037844363761, -0.5000000000000039968 ) ) ;
#596 = DIRECTION ( 'NONE',  ( 0.000000000000000000, 0.000000000000000000, -1.000000000000000000 ) ) ;
#597 = DIRECTION ( 'NONE',  ( 1.000000000000000000, -0.000000000000000000, -0.000000000000000000 ) ) ;
#598 = CARTESIAN_POINT ( 'NONE',  ( 53.69999999999998863, 0.3019687361235756096, -3.186877339262691677 ) ) ;
#599 = FILL_AREA_STYLE_COLOUR ( '', #2867 ) ;
#600 = CIRCLE ( 'NONE', #5030, 1.500000000000000000 ) ;
#601 = VERTEX_POINT ( 'NONE', #2952 ) ;
#602 = CIRCLE ( 'NONE', #6556, 1.500000000000000000 ) ;
#603 = DIRECTION ( 'NONE',  ( -0.000000000000000000, 0.8660254037844385966, 0.5000000000000000000 ) ) ;
#604 = AXIS2_PLACEMENT_3D ( 'NONE', #4551, #1458, #3874 ) ;
#605 = CARTESIAN_POINT ( 'NONE',  ( 53.70000000000001705, 0.9914286411211190586, -3.222356446741526437 ) ) ;
#606 = SURFACE_STYLE_USAGE ( .BOTH. , #7728 ) ;
#607 = LINE ( 'NONE', #6083, #223 ) ;
#608 = EDGE_CURVE ( 'NONE', #7039, #7864, #2915, .T. ) ;
#609 = ORIENTED_EDGE ( 'NONE', *, *, #3117, .T. ) ;
#610 = LINE ( 'NONE', #5406, #6076 ) ;
#611 = MECHANICAL_DESIGN_GEOMETRIC_PRESENTATION_REPRESENTATION (  '', ( #2005 ), #3256 ) ;
#612 = CARTESIAN_POINT ( 'NONE',  ( 0.000000000000000000, 7.441506350946108128, -12.38906708468514140 ) ) ;
#613 = ORIENTED_EDGE ( 'NONE', *, *, #2174, .F. ) ;
#614 = ORIENTED_EDGE ( 'NONE', *, *, #5380, .T. ) ;
#615 = VECTOR ( 'NONE', #5822, 1000.000000000000000 ) ;
#616 = CARTESIAN_POINT ( 'NONE',  ( 0.2000000000000000111, 7.750000000000006217, 13.42339375865879703 ) ) ;
#617 = VERTEX_POINT ( 'NONE', #3564 ) ;
#618 = DIRECTION ( 'NONE',  ( 0.000000000000000000, -0.8700733748761705355, 0.4929222274675698623 ) ) ;
#619 = PLANE ( 'NONE',  #4688 ) ;
#620 = ORIENTED_EDGE ( 'NONE', *, *, #1180, .F. ) ;
#621 = ORIENTED_EDGE ( 'NONE', *, *, #6210, .T. ) ;
#622 = AXIS2_PLACEMENT_3D ( 'NONE', #7029, #5121, #5088 ) ;
#623 = CARTESIAN_POINT ( 'NONE',  ( 53.69999999999999574, 0.5982205349007995165, -3.258585842911840835 ) ) ;
#624 = FACE_BOUND ( 'NONE', #965, .T. ) ;
#625 = EDGE_LOOP ( 'NONE', ( #5520, #7044, #6217, #3599 ) ) ;
#626 = DIRECTION ( 'NONE',  ( -0.000000000000000000, 1.000000000000000000, -0.000000000000000000 ) ) ;
#627 = CARTESIAN_POINT ( 'NONE',  ( 0.000000000000000000, 8.091506350946106707, -13.51490010960491261 ) ) ;
#628 = VECTOR ( 'NONE', #1697, 1000.000000000000000 ) ;
#629 = ADVANCED_FACE ( 'NONE', ( #2829 ), #7672, .T. ) ;
#630 = ORIENTED_EDGE ( 'NONE', *, *, #1881, .T. ) ;
#631 = ORIENTED_EDGE ( 'NONE', *, *, #5455, .F. ) ;
#632 = LINE ( 'NONE', #1913, #5278 ) ;
#633 = EDGE_CURVE ( 'NONE', #2423, #210, #4633, .T. ) ;
#634 = CARTESIAN_POINT ( 'NONE',  ( 20.49999999999999645, 2.118638962524921140E-15, 17.30000000000000071 ) ) ;
#635 = CARTESIAN_POINT ( 'NONE',  ( 44.50000000000000000, 4.015923016103957426E-15, -16.39749999999999730 ) ) ;
#636 = CARTESIAN_POINT ( 'NONE',  ( 53.69999999999998863, 1.587079337706400306, 0.1717819507514768695 ) ) ;
#637 = DIRECTION ( 'NONE',  ( 0.000000000000000000, 0.000000000000000000, -1.000000000000000000 ) ) ;
#638 = VECTOR ( 'NONE', #1362, 1000.000000000000000 ) ;
#639 = EDGE_CURVE ( 'NONE', #1614, #7780, #4796, .T. ) ;
#640 = ORIENTED_EDGE ( 'NONE', *, *, #2705, .T. ) ;
#641 = CIRCLE ( 'NONE', #1651, 3.000000000000000000 ) ;
#642 = PLANE ( 'NONE',  #2635 ) ;
#643 = DIRECTION ( 'NONE',  ( 1.000000000000000000, 0.000000000000000000, 0.000000000000000000 ) ) ;
#644 = DIRECTION ( 'NONE',  ( 1.000000000000000000, -0.000000000000000000, -0.000000000000000000 ) ) ;
#645 = DIRECTION ( 'NONE',  ( 0.000000000000000000, 0.000000000000000000, 1.000000000000000000 ) ) ;
#646 = ORIENTED_EDGE ( 'NONE', *, *, #2465, .T. ) ;
#647 = ORIENTED_EDGE ( 'NONE', *, *, #2717, .F. ) ;
#648 = DIRECTION ( 'NONE',  ( -0.000000000000000000, 0.000000000000000000, 1.000000000000000000 ) ) ;
#649 = ORIENTED_EDGE ( 'NONE', *, *, #6781, .T. ) ;
#650 = EDGE_CURVE ( 'NONE', #7365, #1614, #4032, .T. ) ;
#651 = ORIENTED_EDGE ( 'NONE', *, *, #6944, .F. ) ;
#652 = DIRECTION ( 'NONE',  ( 1.000000000000000000, -0.000000000000000000, -0.000000000000000000 ) ) ;
#653 = ORIENTED_EDGE ( 'NONE', *, *, #1799, .T. ) ;
#654 = PLANE ( 'NONE',  #3398 ) ;
#655 = CARTESIAN_POINT ( 'NONE',  ( 53.59999999999998721, 1.551621044983853226, 5.022213741175753476 ) ) ;
#656 = ORIENTED_EDGE ( 'NONE', *, *, #2763, .T. ) ;
#657 = ORIENTED_EDGE ( 'NONE', *, *, #1545, .T. ) ;
#658 = LINE ( 'NONE', #1902, #5796 ) ;
#659 = LINE ( 'NONE', #6098, #2363 ) ;
#660 =( NAMED_UNIT ( * ) PLANE_ANGLE_UNIT ( ) SI_UNIT ( $, .RADIAN. ) );
#661 = VERTEX_POINT ( 'NONE', #4156 ) ;
#662 = DIRECTION ( 'NONE',  ( -0.000000000000000000, -1.000000000000000000, -0.000000000000000000 ) ) ;
#663 = EDGE_CURVE ( 'NONE', #7375, #6927, #2368, .T. ) ;
#664 = CARTESIAN_POINT ( 'NONE',  ( 0.000000000000000000, 6.965673326026335488, -14.16490010960491119 ) ) ;
#665 = ORIENTED_EDGE ( 'NONE', *, *, #84, .T. ) ;
#666 = CARTESIAN_POINT ( 'NONE',  ( 50.69999999999999574, 12.00000000000000000, 0.000000000000000000 ) ) ;
#667 =( NAMED_UNIT ( * ) PLANE_ANGLE_UNIT ( ) SI_UNIT ( $, .RADIAN. ) );
#668 = LINE ( 'NONE', #5474, #1487 ) ;
#669 = CARTESIAN_POINT ( 'NONE',  ( 53.59999999999998721, 0.02691445791432760942, -4.232794640439291989 ) ) ;
#670 = EDGE_CURVE ( 'NONE', #3373, #7477, #4681, .T. ) ;
#671 = CARTESIAN_POINT ( 'NONE',  ( 53.69999999999998863, 1.551621044983853226, -3.922862896642212771 ) ) ;
#672 = DIRECTION ( 'NONE',  ( 0.000000000000000000, 0.8660254037844433705, -0.4999999999999920064 ) ) ;
#673 = B_SPLINE_SURFACE_WITH_KNOTS ( 'NONE', 3, 1, ( 
 ( #1532, #3275 ),
 ( #903, #2168 ),
 ( #4548, #7511 ),
 ( #4468, #3943 ),
 ( #7548, #2709 ),
 ( #864, #6820 ),
 ( #6379, #5704 ),
 ( #3313, #933 ),
 ( #1379, #5736 ),
 ( #4510, #5143 ),
 ( #2094, #7588 ),
 ( #5771, #347 ),
 ( #5185, #3799 ),
 ( #6228, #784 ),
 ( #465, #970 ) ),
 .UNSPECIFIED., .F., .F., .F.,
 ( 4, 1, 1, 1, 1, 1, 1, 1, 1, 1, 1, 1, 4 ),
 ( 2, 2 ),
 ( 0.000000000000000000, 0.1274063500926064241, 0.2496033516032768462, 0.3674404771297621886, 0.4849393270475111928, 0.5432388749012847518, 0.6010814630152404581, 0.6596836711657021457, 0.7202162960974022310, 0.7834862518731331438, 0.8505854205699905357, 0.9226157491065034577, 0.9999999999999998890 ),
 ( 0.000000000000000000, 1.000000000000000000 ),
 .UNSPECIFIED. ) ;
#674 = ORIENTED_EDGE ( 'NONE', *, *, #5522, .T. ) ;
#675 = EDGE_CURVE ( 'NONE', #773, #2914, #3240, .T. ) ;
#676 = CARTESIAN_POINT ( 'NONE',  ( 53.59999999999998721, 1.358528146656962310, -2.953804070787075631 ) ) ;
#677 = FILL_AREA_STYLE_COLOUR ( '', #1311 ) ;
#678 = CARTESIAN_POINT ( 'NONE',  ( 53.59999999999998721, -0.1681061520596813796, -2.194993424973501916 ) ) ;
#679 = DIRECTION ( 'NONE',  ( -1.000000000000000000, 0.000000000000000000, 0.000000000000000000 ) ) ;
#680 = ORIENTED_EDGE ( 'NONE', *, *, #3533, .F. ) ;
#681 = ORIENTED_EDGE ( 'NONE', *, *, #6616, .T. ) ;
#682 = PLANE ( 'NONE',  #136 ) ;
#683 = EDGE_CURVE ( 'NONE', #4864, #1569, #4871, .T. ) ;
#684 = ORIENTED_EDGE ( 'NONE', *, *, #3621, .T. ) ;
#685 = AXIS2_PLACEMENT_3D ( 'NONE', #5558, #4921, #124 ) ;
#686 = EDGE_LOOP ( 'NONE', ( #2985, #2156, #3569, #1089 ) ) ;
#687 = B_SPLINE_CURVE_WITH_KNOTS ( 'NONE', 3,
 ( #7112, #1754, #7845, #7271, #566, #1184, #4168, #3611, #6552, #6671, #2962, #5913, #4201, #3007, #6033, #13, #5871, #5446, #447, #2923, #490, #6596, #4843, #2420, #4763, #2840, #2381, #7727, #1105, #2262, #4690, #3490, #2883, #1147 ),
 .UNSPECIFIED., .F., .F.,
 ( 4, 2, 2, 2, 2, 2, 2, 2, 2, 2, 2, 2, 2, 2, 2, 2, 4 ),
 ( 0.5000000000000000000, 0.5312500000000000000, 0.5624999999999998890, 0.5937499999999998890, 0.6249999999999998890, 0.6562499999999998890, 0.6874999999999998890, 0.7187499999999998890, 0.7499999999999998890, 0.7812499999999997780, 0.8124999999999997780, 0.8437499999999998890, 0.8749999999999998890, 0.9062499999999998890, 0.9374999999999998890, 0.9687500000000000000, 1.000000000000000000 ),
 .UNSPECIFIED. ) ;
#688 = CARTESIAN_POINT ( 'NONE',  ( 53.59999999999998010, 0.3938281511589292183, -2.747883041508130564 ) ) ;
#689 = CARTESIAN_POINT ( 'NONE',  ( 53.59999999999998721, -1.480062982793924453, -1.184169428360741572 ) ) ;
#690 = VERTEX_POINT ( 'NONE', #1334 ) ;
#691 = CARTESIAN_POINT ( 'NONE',  ( -19.80000000000000071, 4.500000000000000888, 1.658312395177700349 ) ) ;
#692 = CARTESIAN_POINT ( 'NONE',  ( 53.60000000000000142, -0.1099725633294319910, -2.642026295532786229 ) ) ;
#693 = ORIENTED_EDGE ( 'NONE', *, *, #783, .T. ) ;
#694 = AXIS2_PLACEMENT_3D ( 'NONE', #6891, #2011, #3937 ) ;
#695 = VERTEX_POINT ( 'NONE', #666 ) ;
#696 = AXIS2_PLACEMENT_3D ( 'NONE', #5724, #2690, #5124 ) ;
#697 = FACE_OUTER_BOUND ( 'NONE', #588, .T. ) ;
#698 = CARTESIAN_POINT ( 'NONE',  ( 0.000000000000000000, -15.75000000000000000, -1.050000000000000044 ) ) ;
#699 = SURFACE_STYLE_USAGE ( .BOTH. , #146 ) ;
#700 = EDGE_LOOP ( 'NONE', ( #896, #3524, #958, #4301 ) ) ;
#701 = DIRECTION ( 'NONE',  ( -1.000000000000000000, -0.000000000000000000, -0.000000000000000000 ) ) ;
#702 = COLOUR_RGB ( '',0.7960784313725489669, 0.8235294117647058432, 0.9372549019607843146 ) ;
#703 = EDGE_CURVE ( 'NONE', #1408, #1301, #7347, .T. ) ;
#704 = DIRECTION ( 'NONE',  ( 0.000000000000000000, 0.000000000000000000, -1.000000000000000000 ) ) ;
#705 = ORIENTED_EDGE ( 'NONE', *, *, #3094, .T. ) ;
#706 = EDGE_CURVE ( 'NONE', #4856, #1471, #5778, .T. ) ;
#707 = COLOUR_RGB ( '',1.000000000000000000, 1.000000000000000000, 1.000000000000000000 ) ;
#708 = CARTESIAN_POINT ( 'NONE',  ( 48.69999999999999574, 0.000000000000000000, 1.000000000000000000 ) ) ;
#709 = CARTESIAN_POINT ( 'NONE',  ( 0.000000000000000000, 0.000000000000000000, -13.99999999999999822 ) ) ;
#710 = CARTESIAN_POINT ( 'NONE',  ( 0.2000000000000000111, -15.50000000000000000, 1.499999999999999112 ) ) ;
#711 = CARTESIAN_POINT ( 'NONE',  ( 0.000000000000000000, 7.658493649053896846, 13.76490010960490729 ) ) ;
#712 = DIRECTION ( 'NONE',  ( 0.000000000000000000, -0.8580047584307882724, -0.5136417375078905501 ) ) ;
#713 = DIRECTION ( 'NONE',  ( 0.000000000000000000, -0.8660254037844390407, -0.4999999999999992784 ) ) ;
#714 = ORIENTED_EDGE ( 'NONE', *, *, #6944, .T. ) ;
#715 = STYLED_ITEM ( 'NONE', ( #5071 ), #914 ) ;
#716 = FACE_OUTER_BOUND ( 'NONE', #5092, .T. ) ;
#717 = LINE ( 'NONE', #5827, #1960 ) ;
#718 = VECTOR ( 'NONE', #726, 1000.000000000000000 ) ;
#719 = VERTEX_POINT ( 'NONE', #4314 ) ;
#720 = DIRECTION ( 'NONE',  ( 1.000000000000000000, -0.000000000000000000, -0.000000000000000000 ) ) ;
#721 = ORIENTED_EDGE ( 'NONE', *, *, #5018, .T. ) ;
#722 = AXIS2_PLACEMENT_3D ( 'NONE', #825, #280, #2712 ) ;
#723 = EDGE_CURVE ( 'NONE', #7683, #3859, #6707, .T. ) ;
#724 = VECTOR ( 'NONE', #5955, 1000.000000000000000 ) ;
#725 = ORIENTED_EDGE ( 'NONE', *, *, #3293, .T. ) ;
#726 = DIRECTION ( 'NONE',  ( -0.000000000000000000, -0.000000000000000000, -1.000000000000000000 ) ) ;
#727 = DIRECTION ( 'NONE',  ( 1.000000000000000000, -0.000000000000000000, -0.000000000000000000 ) ) ;
#728 = VECTOR ( 'NONE', #6478, 1000.000000000000000 ) ;
#729 = VERTEX_POINT ( 'NONE', #708 ) ;
#730 = CARTESIAN_POINT ( 'NONE',  ( 53.59999999999998721, 1.551621044983853226, 3.433813554215726871 ) ) ;
#731 = EDGE_CURVE ( 'NONE', #2085, #695, #2978, .T. ) ;
#732 = LINE ( 'NONE', #6802, #5829 ) ;
#733 = EDGE_LOOP ( 'NONE', ( #509, #7193, #2928, #6514 ) ) ;
#734 = AXIS2_PLACEMENT_3D ( 'NONE', #5158, #7562, #251 ) ;
#735 = TOROIDAL_SURFACE ( 'NONE', #7059, 1.300000000000000711, 0.2000000000000000111 ) ;
#736 = ORIENTED_EDGE ( 'NONE', *, *, #1565, .F. ) ;
#737 =( NAMED_UNIT ( * ) SI_UNIT ( $, .STERADIAN. ) SOLID_ANGLE_UNIT ( ) );
#738 = FACE_OUTER_BOUND ( 'NONE', #4767, .T. ) ;
#739 = CARTESIAN_POINT ( 'NONE',  ( 53.59999999999998721, 1.214767264119655854, -2.117510489024231113 ) ) ;
#740 = ORIENTED_EDGE ( 'NONE', *, *, #1685, .T. ) ;
#741 = FACE_OUTER_BOUND ( 'NONE', #6000, .T. ) ;
#742 = VECTOR ( 'NONE', #6983, 1000.000000000000227 ) ;
#743 = CARTESIAN_POINT ( 'NONE',  ( 0.000000000000000000, 7.750000000000006217, 13.42339375865879703 ) ) ;
#744 = COLOUR_RGB ( '',0.7960784313725489669, 0.8235294117647058432, 0.9372549019607843146 ) ;
#745 = EDGE_CURVE ( 'NONE', #5303, #5291, #632, .T. ) ;
#746 = DIRECTION ( 'NONE',  ( 0.000000000000000000, 1.000000000000000000, -0.000000000000000000 ) ) ;
#747 = SURFACE_STYLE_USAGE ( .BOTH. , #1259 ) ;
#748 = CARTESIAN_POINT ( 'NONE',  ( 52.89999999999999147, 8.750000000000007105, 15.70000000000000284 ) ) ;
#749 = DIRECTION ( 'NONE',  ( 0.000000000000000000, 1.224646799147351482E-16, 1.000000000000000000 ) ) ;
#750 = FACE_OUTER_BOUND ( 'NONE', #7804, .T. ) ;
#751 = DIRECTION ( 'NONE',  ( 0.000000000000000000, -0.000000000000000000, -1.000000000000000000 ) ) ;
#752 = VECTOR ( 'NONE', #1515, 1000.000000000000000 ) ;
#753 = DIRECTION ( 'NONE',  ( 1.000000000000000000, -0.000000000000000000, -0.000000000000000000 ) ) ;
#754 = MECHANICAL_DESIGN_GEOMETRIC_PRESENTATION_REPRESENTATION (  '', ( #7484 ), #2885 ) ;
#755 = ORIENTED_EDGE ( 'NONE', *, *, #365, .T. ) ;
#756 = LINE ( 'NONE', #4959, #376 ) ;
#757 = CARTESIAN_POINT ( 'NONE',  ( 53.49999999999999289, 8.750000000000000000, 15.70000000000000284 ) ) ;
#758 = CARTESIAN_POINT ( 'NONE',  ( 53.59999999999998721, -1.480062982793924453, 3.802185817499965648 ) ) ;
#759 = AXIS2_PLACEMENT_3D ( 'NONE', #2526, #1907, #2018 ) ;
#760 = LINE ( 'NONE', #837, #5922 ) ;
#761 = CARTESIAN_POINT ( 'NONE',  ( 0.000000000000000000, -15.25000000000000000, 1.050000000000000044 ) ) ;
#762 = ORIENTED_EDGE ( 'NONE', *, *, #6543, .F. ) ;
#763 = CIRCLE ( 'NONE', #388, 0.5000000000000004441 ) ;
#764 = VERTEX_POINT ( 'NONE', #6663 ) ;
#765 = DIRECTION ( 'NONE',  ( 1.000000000000000000, 0.000000000000000000, 0.000000000000000000 ) ) ;
#766 = CARTESIAN_POINT ( 'NONE',  ( 0.000000000000000000, 8.784326673973657407, -13.11490010960491226 ) ) ;
#767 = LINE ( 'NONE', #5648, #1709 ) ;
#768 = AXIS2_PLACEMENT_3D ( 'NONE', #2083, #6330, #5729 ) ;
#769 = EDGE_CURVE ( 'NONE', #5524, #6852, #6298, .T. ) ;
#770 = EDGE_LOOP ( 'NONE', ( #4618, #4002, #6157, #6742 ) ) ;
#771 = CARTESIAN_POINT ( 'NONE',  ( 48.29999999999999716, 8.150000000000003908, 15.70000000000000284 ) ) ;
#772 = CARTESIAN_POINT ( 'NONE',  ( 53.59999999999998010, 0.08647645939972915807, -3.018627819247772681 ) ) ;
#773 = VERTEX_POINT ( 'NONE', #6777 ) ;
#774 = EDGE_CURVE ( 'NONE', #6691, #2968, #6547, .T. ) ;
#775 = ORIENTED_EDGE ( 'NONE', *, *, #2418, .F. ) ;
#776 = ADVANCED_FACE ( 'NONE', ( #4346 ), #7302, .T. ) ;
#777 = CARTESIAN_POINT ( 'NONE',  ( 44.50000000000000711, 1.073050240741770134, -16.39499999999999957 ) ) ;
#778 = CARTESIAN_POINT ( 'NONE',  ( 0.000000000000000000, -15.50000000000000000, -1.300000000000000711 ) ) ;
#779 = FACE_BOUND ( 'NONE', #7832, .T. ) ;
#780 = VERTEX_POINT ( 'NONE', #7422 ) ;
#781 = PLANE ( 'NONE',  #3901 ) ;
#782 = DIRECTION ( 'NONE',  ( 0.000000000000000000, -0.5000000000000015543, -0.8660254037844378194 ) ) ;
#783 = EDGE_CURVE ( 'NONE', #1806, #6659, #153, .T. ) ;
#784 = CARTESIAN_POINT ( 'NONE',  ( 53.70000000000067075, 0.6600932771839908009, -2.814477769395056228 ) ) ;
#785 = SURFACE_STYLE_USAGE ( .BOTH. , #7589 ) ;
#786 = DIRECTION ( 'NONE',  ( 0.000000000000000000, -0.9613033860425275190, 0.2754919236260314208 ) ) ;
#787 = LINE ( 'NONE', #4389, #2125 ) ;
#788 = CARTESIAN_POINT ( 'NONE',  ( 53.69999999999998863, -1.480062982793924453, -5.627487487526145138 ) ) ;
#789 = CARTESIAN_POINT ( 'NONE',  ( 53.59999999999998721, 1.551621044983853226, 3.898711169911344143 ) ) ;
#790 = LINE ( 'NONE', #6828, #1619 ) ;
#791 = PLANE ( 'NONE',  #2148 ) ;
#792 = EDGE_LOOP ( 'NONE', ( #5202, #4404, #7321, #5386 ) ) ;
#793 = LINE ( 'NONE', #5597, #5806 ) ;
#794 = DIRECTION ( 'NONE',  ( 0.000000000000000000, -1.000000000000000000, 0.000000000000000000 ) ) ;
#795 = DIRECTION ( 'NONE',  ( 1.000000000000000000, -0.000000000000000000, -0.000000000000000000 ) ) ;
#796 = EDGE_CURVE ( 'NONE', #336, #3749, #1984, .T. ) ;
#797 = CARTESIAN_POINT ( 'NONE',  ( 47.69999999999999574, -4.957566531502839879, -7.773193300421834984 ) ) ;
#798 = VERTEX_POINT ( 'NONE', #3601 ) ;
#799 = ORIENTED_EDGE ( 'NONE', *, *, #6814, .F. ) ;
#800 = CARTESIAN_POINT ( 'NONE',  ( 53.59999999999998721, 1.551621044983853226, -3.922862896642212771 ) ) ;
#801 = FACE_OUTER_BOUND ( 'NONE', #5297, .T. ) ;
#802 = DIRECTION ( 'NONE',  ( 0.000000000000000000, -1.000000000000000000, 0.000000000000000000 ) ) ;
#803 = ORIENTED_EDGE ( 'NONE', *, *, #5758, .T. ) ;
#804 = CARTESIAN_POINT ( 'NONE',  ( 50.69999999999999574, 0.000000000000000000, 0.000000000000000000 ) ) ;
#805 = AXIS2_PLACEMENT_3D ( 'NONE', #1268, #3168, #6117 ) ;
#806 = DIRECTION ( 'NONE',  ( -0.000000000000000000, -0.8660254037844385966, 0.5000000000000000000 ) ) ;
#807 = VECTOR ( 'NONE', #1797, 1000.000000000000000 ) ;
#808 = ORIENTED_EDGE ( 'NONE', *, *, #3533, .T. ) ;
#809 = ADVANCED_FACE ( 'NONE', ( #6024 ), #7262, .T. ) ;
#810 = ORIENTED_EDGE ( 'NONE', *, *, #5262, .T. ) ;
#811 = VECTOR ( 'NONE', #1013, 1000.000000000000114 ) ;
#812 = VECTOR ( 'NONE', #278, 1000.000000000000000 ) ;
#813 = CARTESIAN_POINT ( 'NONE',  ( 50.69999999999999574, -12.00000000000000000, 1.500000000000000000 ) ) ;
#814 = CARTESIAN_POINT ( 'NONE',  ( 49.19999999999999574, 12.50000000000000000, 0.000000000000000000 ) ) ;
#815 = ORIENTED_EDGE ( 'NONE', *, *, #1493, .T. ) ;
#816 = DIRECTION ( 'NONE',  ( -1.000000000000000000, -0.000000000000000000, -0.000000000000000000 ) ) ;
#817 = MECHANICAL_DESIGN_GEOMETRIC_PRESENTATION_REPRESENTATION (  '', ( #5633 ), #5008 ) ;
#818 = ADVANCED_FACE ( 'NONE', ( #3040 ), #3074, .T. ) ;
#819 = EDGE_CURVE ( 'NONE', #1971, #2361, #4469, .T. ) ;
#820 = CARTESIAN_POINT ( 'NONE',  ( 0.000000000000000000, 6.715673326026347034, 13.73188740771268890 ) ) ;
#821 =( NAMED_UNIT ( * ) SI_UNIT ( $, .STERADIAN. ) SOLID_ANGLE_UNIT ( ) );
#822 = CIRCLE ( 'NONE', #2209, 12.30000000000000071 ) ;
#823 = CARTESIAN_POINT ( 'NONE',  ( 20.49999999999999645, 0.000000000000000000, 0.000000000000000000 ) ) ;
#824 = DIRECTION ( 'NONE',  ( -1.000000000000000000, -0.000000000000000000, -0.000000000000000000 ) ) ;
#825 = CARTESIAN_POINT ( 'NONE',  ( 47.69999999999999574, 0.000000000000000000, 0.000000000000000000 ) ) ;
#826 = EDGE_CURVE ( 'NONE', #7477, #2992, #6864, .T. ) ;
#827 = CARTESIAN_POINT ( 'NONE',  ( 46.10000000000000142, -15.87547303844860380, 4.252234123549619049 ) ) ;
#828 = CARTESIAN_POINT ( 'NONE',  ( 53.59999999999998721, 1.551621044983853226, -3.922862896642212771 ) ) ;
#829 = VERTEX_POINT ( 'NONE', #5186 ) ;
#830 = EDGE_CURVE ( 'NONE', #3209, #2977, #3350, .T. ) ;
#831 = AXIS2_PLACEMENT_3D ( 'NONE', #3394, #392, #2786 ) ;
#832 = AXIS2_PLACEMENT_3D ( 'NONE', #5075, #313, #4553 ) ;
#833 = ORIENTED_EDGE ( 'NONE', *, *, #6243, .F. ) ;
#834 = DIRECTION ( 'NONE',  ( 0.000000000000000000, 0.000000000000000000, -1.000000000000000000 ) ) ;
#835 = FILL_AREA_STYLE ('',( #6273 ) ) ;
#836 = FACE_OUTER_BOUND ( 'NONE', #1558, .T. ) ;
#837 = CARTESIAN_POINT ( 'NONE',  ( 0.000000000000000000, 8.058493649053897201, 14.45772043263245621 ) ) ;
#838 = CARTESIAN_POINT ( 'NONE',  ( 48.29999999999999716, 8.150000000000003908, 12.20000000000000284 ) ) ;
#839 = EDGE_LOOP ( 'NONE', ( #1804, #3378 ) ) ;
#840 = DIRECTION ( 'NONE',  ( 0.000000000000000000, -0.3558417043170685745, 0.9345462436223923586 ) ) ;
#841 = VECTOR ( 'NONE', #6072, 1000.000000000000000 ) ;
#842 = DIRECTION ( 'NONE',  ( 0.000000000000000000, 0.000000000000000000, 1.000000000000000000 ) ) ;
#843 = SURFACE_STYLE_USAGE ( .BOTH. , #4970 ) ;
#844 = EDGE_CURVE ( 'NONE', #4910, #6420, #191, .T. ) ;
#845 = LINE ( 'NONE', #3818, #2096 ) ;
#846 = VECTOR ( 'NONE', #2559, 1000.000000000000000 ) ;
#847 = VERTEX_POINT ( 'NONE', #2710 ) ;
#848 = DIRECTION ( 'NONE',  ( -0.000000000000000000, -1.000000000000000000, -0.000000000000000000 ) ) ;
#849 = PRESENTATION_LAYER_ASSIGNMENT (  '', '', ( #7343 ) ) ;
#850 = CARTESIAN_POINT ( 'NONE',  ( 0.5000000000000000000, 0.000000000000000000, 12.30000000000000071 ) ) ;
#851 = VECTOR ( 'NONE', #5396, 1000.000000000000000 ) ;
#852 = ORIENTED_EDGE ( 'NONE', *, *, #6299, .F. ) ;
#853 = EDGE_CURVE ( 'NONE', #4929, #6223, #4896, .T. ) ;
#854 = ORIENTED_EDGE ( 'NONE', *, *, #5372, .F. ) ;
#855 = VECTOR ( 'NONE', #4079, 1000.000000000000000 ) ;
#856 = VECTOR ( 'NONE', #6614, 1000.000000000000000 ) ;
#857 = DIRECTION ( 'NONE',  ( 0.000000000000000000, 0.000000000000000000, 1.000000000000000000 ) ) ;
#858 = LINE ( 'NONE', #3864, #5923 ) ;
#859 = PLANE ( 'NONE',  #3508 ) ;
#860 = VERTEX_POINT ( 'NONE', #1533 ) ;
#861 = DIRECTION ( 'NONE',  ( 0.000000000000000000, 0.000000000000000000, -1.000000000000000000 ) ) ;
#862 = DIRECTION ( 'NONE',  ( 0.000000000000000000, 0.000000000000000000, -1.000000000000000000 ) ) ;
#863 = AXIS2_PLACEMENT_3D ( 'NONE', #4659, #3460, #3252 ) ;
#864 = CARTESIAN_POINT ( 'NONE',  ( 53.60000000000001563, 0.2724169903177313667, -2.626734465580571776 ) ) ;
#865 = DIRECTION ( 'NONE',  ( 0.000000000000000000, 0.000000000000000000, -1.000000000000000000 ) ) ;
#866 = DIRECTION ( 'NONE',  ( -1.000000000000000000, -0.000000000000000000, -0.000000000000000000 ) ) ;
#867 = DIRECTION ( 'NONE',  ( -0.000000000000000000, 1.000000000000000000, -0.000000000000000000 ) ) ;
#868 = DIRECTION ( 'NONE',  ( 1.000000000000000000, -0.000000000000000000, -0.000000000000000000 ) ) ;
#869 = VECTOR ( 'NONE', #2556, 1000.000000000000000 ) ;
#870 = VECTOR ( 'NONE', #3515, 1000.000000000000000 ) ;
#871 = DIRECTION ( 'NONE',  ( 0.000000000000000000, 0.8833213751622164267, 0.4687679043850280780 ) ) ;
#872 = DIRECTION ( 'NONE',  ( 0.000000000000000000, -0.8686388263341784377, -0.4954458490943091653 ) ) ;
#873 = EDGE_CURVE ( 'NONE', #5945, #7453, #4511, .T. ) ;
#874 = CARTESIAN_POINT ( 'NONE',  ( 53.59999999999998721, 1.349119603733285766, -2.970352025123718764 ) ) ;
#875 = VECTOR ( 'NONE', #5701, 1000.000000000000000 ) ;
#876 = CARTESIAN_POINT ( 'NONE',  ( 2.000000000000000000, 7.750000000000006217, 13.42339375865879703 ) ) ;
#877 = PLANE ( 'NONE',  #1827 ) ;
#878 = EDGE_CURVE ( 'NONE', #4849, #3081, #3314, .T. ) ;
#879 = AXIS2_PLACEMENT_3D ( 'NONE', #3766, #6195, #123 ) ;
#880 = SURFACE_STYLE_USAGE ( .BOTH. , #4521 ) ;
#881 = VECTOR ( 'NONE', #3303, 1000.000000000000227 ) ;
#882 = DIRECTION ( 'NONE',  ( 1.000000000000000000, -0.000000000000000000, -0.000000000000000000 ) ) ;
#883 = ORIENTED_EDGE ( 'NONE', *, *, #2888, .T. ) ;
#884 = DIRECTION ( 'NONE',  ( 0.000000000000000000, 0.000000000000000000, 1.000000000000000000 ) ) ;
#885 = AXIS2_PLACEMENT_3D ( 'NONE', #4107, #3520, #6581 ) ;
#886 = ORIENTED_EDGE ( 'NONE', *, *, #6109, .F. ) ;
#887 = DIRECTION ( 'NONE',  ( 0.000000000000000000, -1.000000000000000000, 0.000000000000000000 ) ) ;
#888 = CARTESIAN_POINT ( 'NONE',  ( 53.70000000000064944, 1.196424368414079398, -2.363408333187559052 ) ) ;
#889 = CARTESIAN_POINT ( 'NONE',  ( 47.69999999999999574, 0.000000000000000000, 0.000000000000000000 ) ) ;
#890 = VERTEX_POINT ( 'NONE', #1380 ) ;
#891 = CARTESIAN_POINT ( 'NONE',  ( 2.000000000000000000, 8.586697387972222373, 14.37259614518684181 ) ) ;
#892 = VECTOR ( 'NONE', #3869, 1000.000000000000000 ) ;
#893 = CARTESIAN_POINT ( 'NONE',  ( 53.70000000000001705, 0.9519963180656279000, -2.751293961081878958 ) ) ;
#894 = ORIENTED_EDGE ( 'NONE', *, *, #5230, .F. ) ;
#895 = EDGE_CURVE ( 'NONE', #1704, #1567, #3800, .T. ) ;
#896 = ORIENTED_EDGE ( 'NONE', *, *, #3894, .F. ) ;
#897 = VECTOR ( 'NONE', #6244, 1000.000000000000000 ) ;
#898 = DIRECTION ( 'NONE',  ( 0.000000000000000000, 0.000000000000000000, 1.000000000000000000 ) ) ;
#899 = DIRECTION ( 'NONE',  ( -1.000000000000000000, -0.000000000000000000, -0.000000000000000000 ) ) ;
#900 = ORIENTED_EDGE ( 'NONE', *, *, #2541, .F. ) ;
#901 = CYLINDRICAL_SURFACE ( 'NONE', #1242, 16.39999999999999858 ) ;
#902 =( LENGTH_UNIT ( ) NAMED_UNIT ( * ) SI_UNIT ( .MILLI., .METRE. ) );
#903 = CARTESIAN_POINT ( 'NONE',  ( 53.59999999999998010, 0.1700606077003709304, -2.271274858511878048 ) ) ;
#904 = CARTESIAN_POINT ( 'NONE',  ( 44.50000000000000000, 0.000000000000000000, 0.000000000000000000 ) ) ;
#905 = EDGE_CURVE ( 'NONE', #1531, #6373, #6380, .T. ) ;
#906 =( LENGTH_UNIT ( ) NAMED_UNIT ( * ) SI_UNIT ( .MILLI., .METRE. ) );
#907 = DIRECTION ( 'NONE',  ( 0.000000000000000000, 0.000000000000000000, -1.000000000000000000 ) ) ;
#908 = DIRECTION ( 'NONE',  ( 0.000000000000000000, -0.8660254037844362651, -0.5000000000000041078 ) ) ;
#909 = ORIENTED_EDGE ( 'NONE', *, *, #6425, .T. ) ;
#910 = CARTESIAN_POINT ( 'NONE',  ( 46.10000000000000142, -1.073377489976510502, -16.39999999999999503 ) ) ;
#911 = VERTEX_POINT ( 'NONE', #1496 ) ;
#912 = CARTESIAN_POINT ( 'NONE',  ( 53.69999999999998863, 1.551621044983853226, 5.487111356871371193 ) ) ;
#913 = SURFACE_STYLE_FILL_AREA ( #5859 ) ;
#914 = ADVANCED_FACE ( 'NONE', ( #2638 ), #3944, .T. ) ;
#915 = DIRECTION ( 'NONE',  ( 0.000000000000000000, 1.000000000000000000, -0.000000000000000000 ) ) ;
#916 =( LENGTH_UNIT ( ) NAMED_UNIT ( * ) SI_UNIT ( .MILLI., .METRE. ) );
#917 = VERTEX_POINT ( 'NONE', #5223 ) ;
#918 = ADVANCED_FACE ( 'NONE', ( #4622 ), #5851, .T. ) ;
#919 = LINE ( 'NONE', #3891, #1762 ) ;
#920 = LINE ( 'NONE', #3369, #5374 ) ;
#921 = DIRECTION ( 'NONE',  ( -1.000000000000000000, -0.000000000000000000, -0.000000000000000000 ) ) ;
#922 = ADVANCED_FACE ( 'NONE', ( #5972, #3554 ), #513, .T. ) ;
#923 = ORIENTED_EDGE ( 'NONE', *, *, #5950, .F. ) ;
#924 = CARTESIAN_POINT ( 'NONE',  ( 53.49999999999999289, -8.750000000000003553, 8.500000000000000000 ) ) ;
#925 = CARTESIAN_POINT ( 'NONE',  ( 53.69999999999996732, 0.9961493641397997090, -2.723248118116483152 ) ) ;
#926 = ORIENTED_EDGE ( 'NONE', *, *, #4159, .F. ) ;
#927 = ORIENTED_EDGE ( 'NONE', *, *, #437, .T. ) ;
#928 = DIRECTION ( 'NONE',  ( 1.000000000000000000, -0.000000000000000000, -0.000000000000000000 ) ) ;
#929 = ORIENTED_EDGE ( 'NONE', *, *, #92, .T. ) ;
#930 = CARTESIAN_POINT ( 'NONE',  ( 53.69999999999998863, -1.480062982793924453, 5.119395728637549325 ) ) ;
#931 = ORIENTED_EDGE ( 'NONE', *, *, #2742, .T. ) ;
#932 = AXIS2_PLACEMENT_3D ( 'NONE', #7640, #3883, #2144 ) ;
#933 = CARTESIAN_POINT ( 'NONE',  ( 53.70000000000067075, 0.3513410224017283201, -2.717459552906876130 ) ) ;
#934 = DIRECTION ( 'NONE',  ( -1.000000000000000000, -0.000000000000000000, -0.000000000000000000 ) ) ;
#935 = LINE ( 'NONE', #3913, #3509 ) ;
#936 = DIRECTION ( 'NONE',  ( 0.000000000000000000, 1.000000000000000000, 0.000000000000000000 ) ) ;
#937 = EDGE_CURVE ( 'NONE', #729, #5886, #5536, .T. ) ;
#938 = CARTESIAN_POINT ( 'NONE',  ( 46.09999999999999432, -8.218871056076425319, -14.23243822398598724 ) ) ;
#939 = VERTEX_POINT ( 'NONE', #1126 ) ;
#940 = LINE ( 'NONE', #828, #4539 ) ;
#941 = CARTESIAN_POINT ( 'NONE',  ( 53.60000000000000142, 0.7199317041847136389, -3.259896182059020209 ) ) ;
#942 = CIRCLE ( 'NONE', #5000, 2.000000000000000000 ) ;
#943 = ADVANCED_FACE ( 'NONE', ( #7823 ), #3469, .T. ) ;
#944 = CARTESIAN_POINT ( 'NONE',  ( 0.000000000000000000, 0.000000000000000000, 15.50000000000000000 ) ) ;
#945 = SURFACE_STYLE_FILL_AREA ( #835 ) ;
#946 = DIRECTION ( 'NONE',  ( 0.000000000000000000, -1.000000000000000000, 0.000000000000000000 ) ) ;
#947 = VECTOR ( 'NONE', #652, 1000.000000000000000 ) ;
#948 = ORIENTED_EDGE ( 'NONE', *, *, #7515, .F. ) ;
#949 = DIRECTION ( 'NONE',  ( 0.000000000000000000, -0.000000000000000000, 1.000000000000000000 ) ) ;
#950 = ORIENTED_EDGE ( 'NONE', *, *, #683, .T. ) ;
#951 = VECTOR ( 'NONE', #2027, 999.9999999999998863 ) ;
#952 = PLANE ( 'NONE',  #1561 ) ;
#953 = CARTESIAN_POINT ( 'NONE',  ( 53.59999999999995879, 1.108071800941387464, -2.605956310355546979 ) ) ;
#954 = ORIENTED_EDGE ( 'NONE', *, *, #411, .T. ) ;
#955 = SURFACE_STYLE_FILL_AREA ( #6400 ) ;
#956 = EDGE_CURVE ( 'NONE', #6223, #6459, #6907, .T. ) ;
#957 = LINE ( 'NONE', #2048, #1919 ) ;
#958 = ORIENTED_EDGE ( 'NONE', *, *, #7007, .T. ) ;
#959 = ORIENTED_EDGE ( 'NONE', *, *, #4252, .F. ) ;
#960 = VECTOR ( 'NONE', #3717, 1000.000000000000000 ) ;
#961 = CARTESIAN_POINT ( 'NONE',  ( 53.69999999999998863, 0.1155601897206955386, 4.247384381683057875 ) ) ;
#962 = CARTESIAN_POINT ( 'NONE',  ( 0.000000000000000000, 7.750000000000006217, 13.42339375865879880 ) ) ;
#963 = EDGE_CURVE ( 'NONE', #6884, #5496, #5383, .T. ) ;
#964 = STYLED_ITEM ( 'NONE', ( #6746 ), #5525 ) ;
#965 = EDGE_LOOP ( 'NONE', ( #3764, #2852, #3364, #6685, #7575, #7544, #5368, #714, #4112, #1321 ) ) ;
#966 = LINE ( 'NONE', #2128, #1896 ) ;
#967 = VECTOR ( 'NONE', #7773, 1000.000000000000000 ) ;
#968 = AXIS2_PLACEMENT_3D ( 'NONE', #5784, #4635, #7062 ) ;
#969 = ORIENTED_EDGE ( 'NONE', *, *, #4067, .F. ) ;
#970 = CARTESIAN_POINT ( 'NONE',  ( 53.70000000000065654, 0.6828928732814492086, -2.814856912567657687 ) ) ;
#971 = DIRECTION ( 'NONE',  ( -1.000000000000000000, -0.000000000000000000, -0.000000000000000000 ) ) ;
#972 = CARTESIAN_POINT ( 'NONE',  ( 0.000000000000000000, -15.75000000000000000, -0.2500000000000002220 ) ) ;
#973 = CARTESIAN_POINT ( 'NONE',  ( 46.09999999999999432, -1.073377489976517163, 16.39999999999999503 ) ) ;
#974 = ORIENTED_EDGE ( 'NONE', *, *, #2176, .F. ) ;
#975 = CARTESIAN_POINT ( 'NONE',  ( 0.5000000000000000000, 7.000000000000001776, 10.00000000000000000 ) ) ;
#976 = STYLED_ITEM ( 'NONE', ( #5750 ), #3106 ) ;
#977 = LINE ( 'NONE', #3402, #5195 ) ;
#978 = EDGE_CURVE ( 'NONE', #7081, #7810, #6529, .T. ) ;
#979 = UNCERTAINTY_MEASURE_WITH_UNIT (LENGTH_MEASURE( 1.000000000000000082E-05 ), #1535, 'distance_accuracy_value', 'NONE');
#980 = CIRCLE ( 'NONE', #492, 2.000000000000000000 ) ;
#981 = DIRECTION ( 'NONE',  ( 1.000000000000000000, 0.000000000000000000, 0.000000000000000000 ) ) ;
#982 = FACE_BOUND ( 'NONE', #1606, .T. ) ;
#983 = CARTESIAN_POINT ( 'NONE',  ( 2.000000000000000000, -15.50000000000000000, -8.673617379884035472E-16 ) ) ;
#984 = DIRECTION ( 'NONE',  ( 1.000000000000000000, -0.000000000000000000, -0.000000000000000000 ) ) ;
#985 = AXIS2_PLACEMENT_3D ( 'NONE', #6895, #1491, #2671 ) ;
#986 = ORIENTED_EDGE ( 'NONE', *, *, #4522, .F. ) ;
#987 = EDGE_LOOP ( 'NONE', ( #2798, #7314, #2965, #3662, #3630, #7794 ) ) ;
#988 = CIRCLE ( 'NONE', #5441, 1.500000000000000000 ) ;
#989 = CARTESIAN_POINT ( 'NONE',  ( 0.000000000000000000, -13.42339375865886986, 6.249999999999874767 ) ) ;
#990 = CARTESIAN_POINT ( 'NONE',  ( 2.000000000000000000, 7.408493649053896846, 13.33188740771268677 ) ) ;
#991 = CARTESIAN_POINT ( 'NONE',  ( 51.89999999999998437, -8.750000000000000000, 15.70000000000000284 ) ) ;
#992 = CARTESIAN_POINT ( 'NONE',  ( 0.000000000000000000, 7.749999999999998224, -13.42339375865880058 ) ) ;
#993 = EDGE_CURVE ( 'NONE', #4241, #6349, #5508, .T. ) ;
#994 = EDGE_LOOP ( 'NONE', ( #3022, #5908, #3356, #1117 ) ) ;
#995 = CARTESIAN_POINT ( 'NONE',  ( 48.29999999999999716, -8.150000000000003908, 15.70000000000000284 ) ) ;
#996 = AXIS2_PLACEMENT_3D ( 'NONE', #3442, #4193, #438 ) ;
#997 = CARTESIAN_POINT ( 'NONE',  ( 53.69999999999998863, -0.1149187129758607318, -2.621149572694483343 ) ) ;
#998 = ORIENTED_EDGE ( 'NONE', *, *, #5476, .F. ) ;
#999 = MECHANICAL_DESIGN_GEOMETRIC_PRESENTATION_REPRESENTATION (  '', ( #5448 ), #6219 ) ;
#1000 = ORIENTED_EDGE ( 'NONE', *, *, #1296, .T. ) ;
#1001 = EDGE_CURVE ( 'NONE', #3153, #2968, #3980, .T. ) ;
#1002 = LINE ( 'NONE', #961, #6149 ) ;
#1003 = CARTESIAN_POINT ( 'NONE',  ( 47.69999999999999574, -1.250000000000000000, -11.00000000000000000 ) ) ;
#1004 = CIRCLE ( 'NONE', #5454, 1.500000000000001332 ) ;
#1005 = ORIENTED_EDGE ( 'NONE', *, *, #4999, .F. ) ;
#1006 =( NAMED_UNIT ( * ) SI_UNIT ( $, .STERADIAN. ) SOLID_ANGLE_UNIT ( ) );
#1007 = ADVANCED_FACE ( 'NONE', ( #4667 ), #2821, .F. ) ;
#1008 = EDGE_LOOP ( 'NONE', ( #2628, #83, #6756, #2055 ) ) ;
#1009 = PRESENTATION_LAYER_ASSIGNMENT (  '', '', ( #5200 ) ) ;
#1010 = EDGE_CURVE ( 'NONE', #5756, #336, #7663, .T. ) ;
#1011 = VERTEX_POINT ( 'NONE', #3432 ) ;
#1012 = CARTESIAN_POINT ( 'NONE',  ( 53.69999999999996732, 1.078919236332067211, -3.190106278023543407 ) ) ;
#1013 = DIRECTION ( 'NONE',  ( 0.000000000000000000, -0.7685544890687830977, 0.6397843365793053350 ) ) ;
#1014 = LINE ( 'NONE', #4743, #1323 ) ;
#1015 = PLANE ( 'NONE',  #5290 ) ;
#1016 = DIRECTION ( 'NONE',  ( -1.000000000000000000, 0.000000000000000000, 0.000000000000000000 ) ) ;
#1017 = CARTESIAN_POINT ( 'NONE',  ( 50.69999999999999574, -1.198796048359210165, -9.141273873724511390 ) ) ;
#1018 = ORIENTED_EDGE ( 'NONE', *, *, #5680, .F. ) ;
#1019 = CARTESIAN_POINT ( 'NONE',  ( 53.59999999999998010, 1.213879258146364215, -2.204305446815539860 ) ) ;
#1020 = ADVANCED_FACE ( 'NONE', ( #801 ), #171, .F. ) ;
#1021 = CARTESIAN_POINT ( 'NONE',  ( 0.000000000000000000, 7.749999999999998224, -11.92339375865880058 ) ) ;
#1022 = DIRECTION ( 'NONE',  ( 0.000000000000000000, 0.000000000000000000, 1.000000000000000000 ) ) ;
#1023 = FILL_AREA_STYLE ('',( #6470 ) ) ;
#1024 = CARTESIAN_POINT ( 'NONE',  ( 47.69999999999999574, 2.008420750601658954E-15, -16.39999999999999858 ) ) ;
#1025 = EDGE_LOOP ( 'NONE', ( #6008, #2335, #6498, #7520 ) ) ;
#1026 = FACE_OUTER_BOUND ( 'NONE', #147, .T. ) ;
#1027 = CARTESIAN_POINT ( 'NONE',  ( 53.59999999999998721, -1.480062982793924453, 5.584293344333167042 ) ) ;
#1028 = DIRECTION ( 'NONE',  ( -1.000000000000000000, -0.000000000000000000, -0.000000000000000000 ) ) ;
#1029 = LINE ( 'NONE', #1447, #728 ) ;
#1030 = EDGE_CURVE ( 'NONE', #5731, #3105, #1964, .T. ) ;
#1031 = ORIENTED_EDGE ( 'NONE', *, *, #2416, .F. ) ;
#1032 = PLANE ( 'NONE',  #4030 ) ;
#1033 = DIRECTION ( 'NONE',  ( -1.000000000000000000, -0.000000000000000000, -0.000000000000000000 ) ) ;
#1034 = ORIENTED_EDGE ( 'NONE', *, *, #4639, .T. ) ;
#1035 = EDGE_CURVE ( 'NONE', #7281, #4008, #6281, .T. ) ;
#1036 = EDGE_LOOP ( 'NONE', ( #6005, #2504, #3968, #5787 ) ) ;
#1037 = DIRECTION ( 'NONE',  ( 0.000000000000000000, -0.8686388263341784377, -0.4954458490943091653 ) ) ;
#1038 = CARTESIAN_POINT ( 'NONE',  ( 47.69999999999999574, -12.00000000000000000, 1.500000000000000000 ) ) ;
#1039 = ORIENTED_EDGE ( 'NONE', *, *, #7403, .T. ) ;
#1040 = ORIENTED_EDGE ( 'NONE', *, *, #6012, .F. ) ;
#1041 = CARTESIAN_POINT ( 'NONE',  ( -8.300000000000002487, 7.000000000000000000, 0.000000000000000000 ) ) ;
#1042 = DIRECTION ( 'NONE',  ( 0.000000000000000000, 0.000000000000000000, 1.000000000000000000 ) ) ;
#1043 = VERTEX_POINT ( 'NONE', #3778 ) ;
#1044 = EDGE_CURVE ( 'NONE', #4199, #3261, #3213, .T. ) ;
#1045 = EDGE_LOOP ( 'NONE', ( #3017, #6681 ) ) ;
#1046 = CARTESIAN_POINT ( 'NONE',  ( 53.69999999999998863, 0.8954199787063604754, -3.244256100308041013 ) ) ;
#1047 = DIRECTION ( 'NONE',  ( 0.000000000000000000, 0.000000000000000000, 1.000000000000000000 ) ) ;
#1048 = CARTESIAN_POINT ( 'NONE',  ( -19.80000000000000071, 4.500000000000000888, -1.658312395177700793 ) ) ;
#1049 = CARTESIAN_POINT ( 'NONE',  ( 2.000000000000000000, 7.408493649053896846, 13.33188740771268677 ) ) ;
#1050 = ORIENTED_EDGE ( 'NONE', *, *, #1202, .T. ) ;
#1051 = DIRECTION ( 'NONE',  ( 0.000000000000000000, -0.8660254037844397068, 0.4999999999999979461 ) ) ;
#1052 = EDGE_CURVE ( 'NONE', #4654, #5412, #3466, .T. ) ;
#1053 = FACE_BOUND ( 'NONE', #3128, .T. ) ;
#1054 = STYLED_ITEM ( 'NONE', ( #7021 ), #6237 ) ;
#1055 = EDGE_CURVE ( 'NONE', #661, #3849, #213, .T. ) ;
#1056 = UNCERTAINTY_MEASURE_WITH_UNIT (LENGTH_MEASURE( 1.000000000000000082E-05 ), #3325, 'distance_accuracy_value', 'NONE');
#1057 = ORIENTED_EDGE ( 'NONE', *, *, #4804, .F. ) ;
#1058 = LINE ( 'NONE', #7138, #6078 ) ;
#1059 = EDGE_CURVE ( 'NONE', #5480, #3925, #1775, .T. ) ;
#1060 = FACE_OUTER_BOUND ( 'NONE', #7858, .T. ) ;
#1061 = SURFACE_STYLE_USAGE ( .BOTH. , #5864 ) ;
#1062 = CARTESIAN_POINT ( 'NONE',  ( 53.69999999999998863, 0.08647645939972915807, -3.018627819247772681 ) ) ;
#1063 = DIRECTION ( 'NONE',  ( -1.000000000000000000, 0.000000000000000000, -0.000000000000000000 ) ) ;
#1064 = EDGE_CURVE ( 'NONE', #3473, #1414, #4450, .T. ) ;
#1065 = COLOUR_RGB ( '',0.7960784313725489669, 0.8235294117647058432, 0.9372549019607843146 ) ;
#1066 = VERTEX_POINT ( 'NONE', #7494 ) ;
#1067 = CARTESIAN_POINT ( 'NONE',  ( 53.69999999999998863, 1.294086625099815979, -3.038930628972549286 ) ) ;
#1068 = CARTESIAN_POINT ( 'NONE',  ( 0.000000000000000000, 6.965673326026347034, 14.16490010960490764 ) ) ;
#1069 = AXIS2_PLACEMENT_3D ( 'NONE', #5091, #3895, #7495 ) ;
#1070 = ORIENTED_EDGE ( 'NONE', *, *, #3953, .T. ) ;
#1071 = DIRECTION ( 'NONE',  ( 0.000000000000000000, 0.000000000000000000, -1.000000000000000000 ) ) ;
#1072 = CARTESIAN_POINT ( 'NONE',  ( 46.10000000000000142, 1.073377489976508503, 16.39999999999999858 ) ) ;
#1073 = ORIENTED_EDGE ( 'NONE', *, *, #5766, .F. ) ;
#1074 = AXIS2_PLACEMENT_3D ( 'NONE', #3817, #6797, #7445 ) ;
#1075 = AXIS2_PLACEMENT_3D ( 'NONE', #7294, #7378, #2589 ) ;
#1076 = ADVANCED_FACE ( 'NONE', ( #2042 ), #4280, .T. ) ;
#1077 = ORIENTED_EDGE ( 'NONE', *, *, #6113, .T. ) ;
#1078 = LINE ( 'NONE', #1003, #1231 ) ;
#1079 = ORIENTED_EDGE ( 'NONE', *, *, #5183, .T. ) ;
#1080 = ORIENTED_EDGE ( 'NONE', *, *, #3381, .F. ) ;
#1081 = CARTESIAN_POINT ( 'NONE',  ( 6.000000000000000000, 0.000000000000000000, 15.50000000000000000 ) ) ;
#1082 = ORIENTED_EDGE ( 'NONE', *, *, #5196, .T. ) ;
#1083 = DIRECTION ( 'NONE',  ( 0.000000000000000000, 1.000000000000000000, -1.224646799147353207E-16 ) ) ;
#1084 = FILL_AREA_STYLE ('',( #2905 ) ) ;
#1085 = TOROIDAL_SURFACE ( 'NONE', #5276, 6.500000000000000888, 0.5000000000000000000 ) ;
#1086 =( NAMED_UNIT ( * ) PLANE_ANGLE_UNIT ( ) SI_UNIT ( $, .RADIAN. ) );
#1087 = CARTESIAN_POINT ( 'NONE',  ( 47.69999999999999574, 4.444536316514295038, -6.363654369243001874 ) ) ;
#1088 = CARTESIAN_POINT ( 'NONE',  ( 0.000000000000000000, 8.153684686079991195, -14.62259614518684714 ) ) ;
#1089 = ORIENTED_EDGE ( 'NONE', *, *, #6616, .F. ) ;
#1090 = CARTESIAN_POINT ( 'NONE',  ( 53.59999999999998721, 1.196424368414079398, -2.363408333187559052 ) ) ;
#1091 = AXIS2_PLACEMENT_3D ( 'NONE', #5935, #1611, #7129 ) ;
#1092 = DIRECTION ( 'NONE',  ( 0.000000000000000000, 0.000000000000000000, -1.000000000000000000 ) ) ;
#1093 =( GEOMETRIC_REPRESENTATION_CONTEXT ( 3 ) GLOBAL_UNCERTAINTY_ASSIGNED_CONTEXT ( ( #4477 ) ) GLOBAL_UNIT_ASSIGNED_CONTEXT ( ( #6770, #1977, #3676 ) ) REPRESENTATION_CONTEXT ( 'NONE', 'WORKASPACE' ) );
#1094 = ORIENTED_EDGE ( 'NONE', *, *, #1121, .F. ) ;
#1095 = CARTESIAN_POINT ( 'NONE',  ( 53.69999999999998863, -1.480062982793924453, -1.246155777120157016 ) ) ;
#1096 = PLANE ( 'NONE',  #2328 ) ;
#1097 = CIRCLE ( 'NONE', #1486, 1.500000000000001332 ) ;
#1098 = ADVANCED_FACE ( 'NONE', ( #7685 ), #2802, .T. ) ;
#1099 = CARTESIAN_POINT ( 'NONE',  ( 53.70000000000000995, -0.02715861994505599369, -2.859334624131128599 ) ) ;
#1100 = COLOUR_RGB ( '',0.7960784313725489669, 0.8235294117647058432, 0.9372549019607843146 ) ;
#1101 = PRESENTATION_LAYER_ASSIGNMENT (  '', '', ( #3257 ) ) ;
#1102 = ORIENTED_EDGE ( 'NONE', *, *, #5142, .F. ) ;
#1103 = ADVANCED_FACE ( 'NONE', ( #3331 ), #1517, .T. ) ;
#1104 = CARTESIAN_POINT ( 'NONE',  ( 48.69999999999999574, 1.224646799147353207E-16, -1.000000000000000000 ) ) ;
#1105 = CARTESIAN_POINT ( 'NONE',  ( 44.50000000000000711, -7.265464028403263441, -14.73636638629530715 ) ) ;
#1106 = DIRECTION ( 'NONE',  ( 0.000000000000000000, 1.000000000000000000, -0.000000000000000000 ) ) ;
#1107 = DIRECTION ( 'NONE',  ( 0.000000000000000000, 0.000000000000000000, -1.000000000000000000 ) ) ;
#1108 = VECTOR ( 'NONE', #315, 1000.000000000000000 ) ;
#1109 = VERTEX_POINT ( 'NONE', #5207 ) ;
#1110 = FACE_OUTER_BOUND ( 'NONE', #3975, .T. ) ;
#1111 = DIRECTION ( 'NONE',  ( -1.000000000000000000, 0.000000000000000000, 0.000000000000000000 ) ) ;
#1112 = VERTEX_POINT ( 'NONE', #4041 ) ;
#1113 = VECTOR ( 'NONE', #3831, 1000.000000000000000 ) ;
#1114 = ORIENTED_EDGE ( 'NONE', *, *, #2200, .T. ) ;
#1115 = FACE_OUTER_BOUND ( 'NONE', #5808, .T. ) ;
#1116 = VECTOR ( 'NONE', #7433, 1000.000000000000114 ) ;
#1117 = ORIENTED_EDGE ( 'NONE', *, *, #3544, .T. ) ;
#1118 = EDGE_LOOP ( 'NONE', ( #5878, #594, #4792, #2014 ) ) ;
#1119 = FILL_AREA_STYLE_COLOUR ( '', #7216 ) ;
#1120 = VECTOR ( 'NONE', #3334, 1000.000000000000000 ) ;
#1121 = EDGE_CURVE ( 'NONE', #2914, #773, #942, .T. ) ;
#1122 = SURFACE_STYLE_USAGE ( .BOTH. , #4707 ) ;
#1123 = VERTEX_POINT ( 'NONE', #991 ) ;
#1124 = STYLED_ITEM ( 'NONE', ( #519 ), #4556 ) ;
#1125 = CARTESIAN_POINT ( 'NONE',  ( 53.69999999999998863, 1.550946593406788754, -2.252574107063715747 ) ) ;
#1126 = CARTESIAN_POINT ( 'NONE',  ( 51.89999999999998437, 8.150000000000003908, 12.20000000000000284 ) ) ;
#1127 = CARTESIAN_POINT ( 'NONE',  ( 53.69999999999998863, 1.551621044983853226, -5.550004551576875222 ) ) ;
#1128 = FACE_OUTER_BOUND ( 'NONE', #3025, .T. ) ;
#1129 = FACE_OUTER_BOUND ( 'NONE', #1173, .T. ) ;
#1130 = ORIENTED_EDGE ( 'NONE', *, *, #1717, .F. ) ;
#1131 = CARTESIAN_POINT ( 'NONE',  ( 53.69999999999999574, 0.6828928732814492086, -3.260712111801166824 ) ) ;
#1132 = EDGE_CURVE ( 'NONE', #3153, #1519, #3605, .T. ) ;
#1133 = FACE_BOUND ( 'NONE', #3493, .T. ) ;
#1134 = VECTOR ( 'NONE', #2195, 1000.000000000000000 ) ;
#1135 = EDGE_LOOP ( 'NONE', ( #1886, #4883 ) ) ;
#1136 = UNCERTAINTY_MEASURE_WITH_UNIT (LENGTH_MEASURE( 1.000000000000000082E-05 ), #6511, 'distance_accuracy_value', 'NONE');
#1137 = EDGE_LOOP ( 'NONE', ( #5563, #6159, #4610, #3462 ) ) ;
#1138 = LINE ( 'NONE', #6624, #628 ) ;
#1139 = CARTESIAN_POINT ( 'NONE',  ( 0.000000000000000000, 7.749999999999999112, -15.42339375865880058 ) ) ;
#1140 = DIRECTION ( 'NONE',  ( 0.000000000000000000, 0.000000000000000000, 1.000000000000000000 ) ) ;
#1141 = MECHANICAL_DESIGN_GEOMETRIC_PRESENTATION_REPRESENTATION (  '', ( #6984 ), #5077 ) ;
#1142 = CARTESIAN_POINT ( 'NONE',  ( 48.29999999999999716, -8.150000000000003908, 12.20000000000000284 ) ) ;
#1143 = CARTESIAN_POINT ( 'NONE',  ( 53.19999999999998863, 8.572527594031473190E-16, -7.000000000000000000 ) ) ;
#1144 = EDGE_CURVE ( 'NONE', #3700, #3178, #7531, .T. ) ;
#1145 = ORIENTED_EDGE ( 'NONE', *, *, #7287, .T. ) ;
#1146 = DIRECTION ( 'NONE',  ( 0.000000000000000000, 0.000000000000000000, -1.000000000000000000 ) ) ;
#1147 = CARTESIAN_POINT ( 'NONE',  ( 44.50000000000000000, 4.015923016103957426E-15, -16.39749999999999730 ) ) ;
#1148 = CARTESIAN_POINT ( 'NONE',  ( 0.5000000000000000000, 3.500000000000000888, 0.000000000000000000 ) ) ;
#1149 = LINE ( 'NONE', #1186, #855 ) ;
#1150 = EDGE_LOOP ( 'NONE', ( #1663, #3552, #5491, #3783 ) ) ;
#1151 = EDGE_CURVE ( 'NONE', #1936, #5868, #5640, .T. ) ;
#1152 = LINE ( 'NONE', #6601, #4949 ) ;
#1153 = ORIENTED_EDGE ( 'NONE', *, *, #4693, .F. ) ;
#1154 = ORIENTED_EDGE ( 'NONE', *, *, #1529, .F. ) ;
#1155 = EDGE_CURVE ( 'NONE', #6645, #2968, #2212, .T. ) ;
#1156 = CARTESIAN_POINT ( 'NONE',  ( 0.5000000000000000000, 0.000000000000000000, 0.000000000000000000 ) ) ;
#1157 = ORIENTED_EDGE ( 'NONE', *, *, #6009, .F. ) ;
#1158 = ORIENTED_EDGE ( 'NONE', *, *, #6316, .F. ) ;
#1159 = CARTESIAN_POINT ( 'NONE',  ( 53.59999999999998721, 1.551621044983853226, 5.022213741175753476 ) ) ;
#1160 = LINE ( 'NONE', #5340, #6593 ) ;
#1161 = ORIENTED_EDGE ( 'NONE', *, *, #7148, .T. ) ;
#1162 = VERTEX_POINT ( 'NONE', #6672 ) ;
#1163 = DIRECTION ( 'NONE',  ( -0.000000000000000000, -0.5000000000000015543, -0.8660254037844378194 ) ) ;
#1164 = FACE_OUTER_BOUND ( 'NONE', #4129, .T. ) ;
#1165 = FILL_AREA_STYLE_COLOUR ( '', #6181 ) ;
#1166 = SURFACE_STYLE_USAGE ( .BOTH. , #4306 ) ;
#1167 = DIRECTION ( 'NONE',  ( 0.000000000000000000, -0.9396926207859105373, -0.3420201433256628287 ) ) ;
#1168 = ORIENTED_EDGE ( 'NONE', *, *, #2746, .F. ) ;
#1169 = CARTESIAN_POINT ( 'NONE',  ( 0.000000000000000000, 7.000000000000001776, 10.00000000000000000 ) ) ;
#1170 = DIRECTION ( 'NONE',  ( 0.000000000000000000, 0.000000000000000000, -1.000000000000000000 ) ) ;
#1171 = ORIENTED_EDGE ( 'NONE', *, *, #5127, .T. ) ;
#1172 = EDGE_CURVE ( 'NONE', #1887, #335, #3977, .T. ) ;
#1173 = EDGE_LOOP ( 'NONE', ( #7295, #894, #1563, #4715 ) ) ;
#1174 = DIRECTION ( 'NONE',  ( 0.000000000000000000, 0.4929222274675699178, 0.8700733748761706465 ) ) ;
#1175 = LINE ( 'NONE', #6504, #6516 ) ;
#1176 = FACE_OUTER_BOUND ( 'NONE', #3585, .T. ) ;
#1177 = DIRECTION ( 'NONE',  ( 0.000000000000000000, -0.8660254037844381525, 0.5000000000000008882 ) ) ;
#1178 = CARTESIAN_POINT ( 'NONE',  ( 53.59999999999998721, -1.480062982793924453, -3.922862896642212771 ) ) ;
#1179 = AXIS2_PLACEMENT_3D ( 'NONE', #6240, #45, #7311 ) ;
#1180 = EDGE_CURVE ( 'NONE', #2723, #5535, #1835, .T. ) ;
#1181 = ORIENTED_EDGE ( 'NONE', *, *, #2345, .T. ) ;
#1182 = CIRCLE ( 'NONE', #3341, 2.000000000000000000 ) ;
#1183 = LINE ( 'NONE', #1104, #5182 ) ;
#1184 = CARTESIAN_POINT ( 'NONE',  ( 44.50000000000000711, -7.265464028403267882, 14.73636638629530005 ) ) ;
#1185 = DIRECTION ( 'NONE',  ( 1.000000000000000000, -0.000000000000000000, -0.000000000000000000 ) ) ;
#1186 = CARTESIAN_POINT ( 'NONE',  ( 51.89999999999998437, -8.750000000000000000, 15.70000000000000284 ) ) ;
#1187 = VERTEX_POINT ( 'NONE', #4078 ) ;
#1188 = CARTESIAN_POINT ( 'NONE',  ( 47.69999999999999574, -12.00000000000000000, 1.500000000000000000 ) ) ;
#1189 = CIRCLE ( 'NONE', #3475, 1.500000000000001332 ) ;
#1190 = CARTESIAN_POINT ( 'NONE',  ( 2.000000000000000000, 7.750000000000006217, 13.42339375865879880 ) ) ;
#1191 = ORIENTED_EDGE ( 'NONE', *, *, #3583, .T. ) ;
#1192 = ORIENTED_EDGE ( 'NONE', *, *, #245, .T. ) ;
#1193 = VECTOR ( 'NONE', #4213, 1000.000000000000000 ) ;
#1194 = DIRECTION ( 'NONE',  ( -0.000000000000000000, -0.4999999999999987232, 0.8660254037844393737 ) ) ;
#1195 = ORIENTED_EDGE ( 'NONE', *, *, #3583, .F. ) ;
#1196 = EDGE_CURVE ( 'NONE', #4578, #1405, #7808, .T. ) ;
#1197 = VERTEX_POINT ( 'NONE', #3491 ) ;
#1198 = DIRECTION ( 'NONE',  ( 1.000000000000000000, -0.000000000000000000, -0.000000000000000000 ) ) ;
#1199 = VECTOR ( 'NONE', #2246, 1000.000000000000000 ) ;
#1200 = EDGE_CURVE ( 'NONE', #6852, #3373, #7023, .T. ) ;
#1201 = ORIENTED_EDGE ( 'NONE', *, *, #5440, .F. ) ;
#1202 = EDGE_CURVE ( 'NONE', #7165, #5409, #5447, .T. ) ;
#1203 = CARTESIAN_POINT ( 'NONE',  ( 53.69999999999999574, 0.6828928732814492086, -3.260712111801166824 ) ) ;
#1204 = CARTESIAN_POINT ( 'NONE',  ( 47.69999999999999574, -4.740253157796518124, 15.70000000000000284 ) ) ;
#1205 = PLANE ( 'NONE',  #7824 ) ;
#1206 = ORIENTED_EDGE ( 'NONE', *, *, #1746, .F. ) ;
#1207 = CARTESIAN_POINT ( 'NONE',  ( 0.2000000000000000111, 7.750000000000006217, 13.42339375865879703 ) ) ;
#1208 = FACE_OUTER_BOUND ( 'NONE', #3188, .T. ) ;
#1209 = VERTEX_POINT ( 'NONE', #567 ) ;
#1210 = CIRCLE ( 'NONE', #1474, 3.000000000000000000 ) ;
#1211 = UNCERTAINTY_MEASURE_WITH_UNIT (LENGTH_MEASURE( 1.000000000000000082E-05 ), #3149, 'distance_accuracy_value', 'NONE');
#1212 = ORIENTED_EDGE ( 'NONE', *, *, #7282, .T. ) ;
#1213 = FACE_BOUND ( 'NONE', #2066, .T. ) ;
#1214 = FACE_OUTER_BOUND ( 'NONE', #6889, .T. ) ;
#1215 =( NAMED_UNIT ( * ) SI_UNIT ( $, .STERADIAN. ) SOLID_ANGLE_UNIT ( ) );
#1216 = COLOUR_RGB ( '',0.7960784313725489669, 0.8235294117647058432, 0.9372549019607843146 ) ;
#1217 = CARTESIAN_POINT ( 'NONE',  ( 53.70000000000000284, -0.1149187129758607456, -2.621149572694483787 ) ) ;
#1218 = CARTESIAN_POINT ( 'NONE',  ( 47.69999999999999574, 1.198796048359147548, -9.141273873724520271 ) ) ;
#1219 = VECTOR ( 'NONE', #597, 1000.000000000000000 ) ;
#1220 = ADVANCED_FACE ( 'NONE', ( #2338 ), #4844, .T. ) ;
#1221 = VERTEX_POINT ( 'NONE', #5914 ) ;
#1222 = AXIS2_PLACEMENT_3D ( 'NONE', #3054, #4245, #5485 ) ;
#1223 = CARTESIAN_POINT ( 'NONE',  ( 53.59999999999998721, -0.2035644447822284597, -0.3508995493808845234 ) ) ;
#1224 = VECTOR ( 'NONE', #824, 1000.000000000000000 ) ;
#1225 = CARTESIAN_POINT ( 'NONE',  ( 0.000000000000000000, -15.25000000000000000, 1.050000000000000044 ) ) ;
#1226 = DIRECTION ( 'NONE',  ( -1.000000000000000000, -0.000000000000000000, -0.000000000000000000 ) ) ;
#1227 = ORIENTED_EDGE ( 'NONE', *, *, #4709, .T. ) ;
#1228 = VERTEX_POINT ( 'NONE', #6633 ) ;
#1229 = AXIS2_PLACEMENT_3D ( 'NONE', #6545, #4161, #1667 ) ;
#1230 = PRESENTATION_STYLE_ASSIGNMENT (( #4208 ) ) ;
#1231 = VECTOR ( 'NONE', #3424, 1000.000000000000000 ) ;
#1232 = VERTEX_POINT ( 'NONE', #530 ) ;
#1233 = ORIENTED_EDGE ( 'NONE', *, *, #2471, .T. ) ;
#1234 = AXIS2_PLACEMENT_3D ( 'NONE', #6536, #2986, #6580 ) ;
#1235 = VECTOR ( 'NONE', #5147, 1000.000000000000000 ) ;
#1236 = DIRECTION ( 'NONE',  ( 0.000000000000000000, -0.8660254037844385966, 0.5000000000000000000 ) ) ;
#1237 = ORIENTED_EDGE ( 'NONE', *, *, #3847, .T. ) ;
#1238 = EDGE_LOOP ( 'NONE', ( #909, #1962 ) ) ;
#1239 =( NAMED_UNIT ( * ) PLANE_ANGLE_UNIT ( ) SI_UNIT ( $, .RADIAN. ) );
#1240 = CARTESIAN_POINT ( 'NONE',  ( 53.59999999999998721, 1.551621044983853226, -5.550004551576875222 ) ) ;
#1241 = ORIENTED_EDGE ( 'NONE', *, *, #3523, .F. ) ;
#1242 = AXIS2_PLACEMENT_3D ( 'NONE', #2899, #7089, #7161 ) ;
#1243 = ADVANCED_FACE ( 'NONE', ( #3655 ), #5992, .T. ) ;
#1244 = ORIENTED_EDGE ( 'NONE', *, *, #3685, .T. ) ;
#1245 = VECTOR ( 'NONE', #5911, 1000.000000000000000 ) ;
#1246 = CARTESIAN_POINT ( 'NONE',  ( 53.59999999999998721, -1.480062982793924453, -1.184169428360741572 ) ) ;
#1247 = SURFACE_SIDE_STYLE ('',( #6135 ) ) ;
#1248 = SURFACE_SIDE_STYLE ('',( #6695 ) ) ;
#1249 = COLOUR_RGB ( '',0.7960784313725489669, 0.8235294117647058432, 0.9372549019607843146 ) ;
#1250 = CARTESIAN_POINT ( 'NONE',  ( 2.000000000000000000, -16.74038207405221002, 0.2500000000000004996 ) ) ;
#1251 = ORIENTED_EDGE ( 'NONE', *, *, #2443, .T. ) ;
#1252 = LINE ( 'NONE', #3713, #6200 ) ;
#1253 = EDGE_CURVE ( 'NONE', #5831, #1773, #4727, .T. ) ;
#1254 = FACE_OUTER_BOUND ( 'NONE', #1256, .T. ) ;
#1255 = ADVANCED_FACE ( 'NONE', ( #448 ), #1706, .T. ) ;
#1256 = EDGE_LOOP ( 'NONE', ( #2973, #4687, #2631, #5059 ) ) ;
#1257 = VECTOR ( 'NONE', #109, 1000.000000000000000 ) ;
#1258 = CARTESIAN_POINT ( 'NONE',  ( 49.19999999999999574, 12.00000000000000000, 0.000000000000000000 ) ) ;
#1259 = SURFACE_SIDE_STYLE ('',( #5473 ) ) ;
#1260 = FACE_BOUND ( 'NONE', #5050, .T. ) ;
#1261 = EDGE_CURVE ( 'NONE', #3105, #4673, #2232, .T. ) ;
#1262 = DIRECTION ( 'NONE',  ( 0.000000000000000000, -1.000000000000000000, -0.000000000000000000 ) ) ;
#1263 = DIRECTION ( 'NONE',  ( 1.000000000000000000, 0.000000000000000000, 0.000000000000000000 ) ) ;
#1264 = VECTOR ( 'NONE', #3228, 1000.000000000000000 ) ;
#1265 = ORIENTED_EDGE ( 'NONE', *, *, #5960, .F. ) ;
#1266 =( GEOMETRIC_REPRESENTATION_CONTEXT ( 3 ) GLOBAL_UNCERTAINTY_ASSIGNED_CONTEXT ( ( #2484 ) ) GLOBAL_UNIT_ASSIGNED_CONTEXT ( ( #6368, #7537, #6287 ) ) REPRESENTATION_CONTEXT ( 'NONE', 'WORKASPACE' ) );
#1267 = LINE ( 'NONE', #1223, #368 ) ;
#1268 = CARTESIAN_POINT ( 'NONE',  ( 49.19999999999999574, 0.000000000000000000, 0.000000000000000000 ) ) ;
#1269 = DIRECTION ( 'NONE',  ( -0.000000000000000000, -0.9396926207859103153, -0.3420201433256632173 ) ) ;
#1270 = FACE_OUTER_BOUND ( 'NONE', #6758, .T. ) ;
#1271 = ORIENTED_EDGE ( 'NONE', *, *, #4110, .F. ) ;
#1272 = CARTESIAN_POINT ( 'NONE',  ( 51.89999999999998437, -18.30000000000000071, 15.70000000000000284 ) ) ;
#1273 = VERTEX_POINT ( 'NONE', #6118 ) ;
#1274 = EDGE_LOOP ( 'NONE', ( #3090, #7025, #3900, #6404 ) ) ;
#1275 = DIRECTION ( 'NONE',  ( 0.000000000000000000, 0.000000000000000000, 1.000000000000000000 ) ) ;
#1276 = EDGE_CURVE ( 'NONE', #1806, #2892, #7358, .T. ) ;
#1277 = DIRECTION ( 'NONE',  ( 1.000000000000000000, -0.000000000000000000, -0.000000000000000000 ) ) ;
#1278 = VERTEX_POINT ( 'NONE', #5559 ) ;
#1279 = SURFACE_STYLE_USAGE ( .BOTH. , #5494 ) ;
#1280 = LINE ( 'NONE', #139, #266 ) ;
#1281 = EDGE_CURVE ( 'NONE', #6253, #1043, #5484, .T. ) ;
#1282 = EDGE_LOOP ( 'NONE', ( #1648, #7269, #6046, #3012 ) ) ;
#1283 = EDGE_LOOP ( 'NONE', ( #5160, #1094, #7442, #5134 ) ) ;
#1284 = DIRECTION ( 'NONE',  ( 0.000000000000000000, 0.000000000000000000, -1.000000000000000000 ) ) ;
#1285 = FACE_OUTER_BOUND ( 'NONE', #3305, .T. ) ;
#1286 = APPLICATION_PROTOCOL_DEFINITION ( 'draft international standard', 'automotive_design', 1998, #1912 ) ;
#1287 = ORIENTED_EDGE ( 'NONE', *, *, #1151, .T. ) ;
#1288 = DIRECTION ( 'NONE',  ( 0.000000000000000000, 0.000000000000000000, 1.000000000000000000 ) ) ;
#1289 = EDGE_CURVE ( 'NONE', #3134, #5884, #3730, .T. ) ;
#1290 = CARTESIAN_POINT ( 'NONE',  ( 2.000000000000000000, -15.25000000000000000, 0.2500000000000002220 ) ) ;
#1291 = VERTEX_POINT ( 'NONE', #46 ) ;
#1292 = UNCERTAINTY_MEASURE_WITH_UNIT (LENGTH_MEASURE( 1.000000000000000082E-05 ), #6609, 'distance_accuracy_value', 'NONE');
#1293 = DIRECTION ( 'NONE',  ( 0.000000000000000000, -1.000000000000000000, -0.000000000000000000 ) ) ;
#1294 = LINE ( 'NONE', #5551, #94 ) ;
#1295 = CARTESIAN_POINT ( 'NONE',  ( 0.000000000000000000, -15.25000000000000000, 1.050000000000000044 ) ) ;
#1296 = EDGE_CURVE ( 'NONE', #5700, #3978, #1346, .T. ) ;
#1297 = CARTESIAN_POINT ( 'NONE',  ( 0.2000000000000000111, -15.50000000000000000, -1.500000000000000888 ) ) ;
#1298 = FACE_OUTER_BOUND ( 'NONE', #5138, .T. ) ;
#1299 = ADVANCED_FACE ( 'NONE', ( #3769 ), #3086, .F. ) ;
#1300 = EDGE_CURVE ( 'NONE', #3049, #4919, #6172, .T. ) ;
#1301 = VERTEX_POINT ( 'NONE', #758 ) ;
#1302 = CARTESIAN_POINT ( 'NONE',  ( 0.000000000000000000, 8.534326673973657407, -12.68188740771269352 ) ) ;
#1303 = CARTESIAN_POINT ( 'NONE',  ( 20.49999999999999645, 0.000000000000000000, -17.30000000000000071 ) ) ;
#1304 = FILL_AREA_STYLE ('',( #2458 ) ) ;
#1305 = EDGE_CURVE ( 'NONE', #151, #6399, #346, .T. ) ;
#1306 = SURFACE_SIDE_STYLE ('',( #6754 ) ) ;
#1307 = ORIENTED_EDGE ( 'NONE', *, *, #4232, .T. ) ;
#1308 = EDGE_LOOP ( 'NONE', ( #2586, #3347, #5603, #7142, #4847, #5101, #1227, #6703 ) ) ;
#1309 = CARTESIAN_POINT ( 'NONE',  ( 0.000000000000000000, -15.25000000000000000, -1.050000000000000044 ) ) ;
#1310 = ORIENTED_EDGE ( 'NONE', *, *, #1507, .F. ) ;
#1311 = COLOUR_RGB ( '',1.000000000000000000, 1.000000000000000000, 1.000000000000000000 ) ;
#1312 = EDGE_LOOP ( 'NONE', ( #6483, #7318, #5459, #4939 ) ) ;
#1313 = CARTESIAN_POINT ( 'NONE',  ( 0.000000000000000000, 8.091506350946115589, 13.51490010960490729 ) ) ;
#1314 = CARTESIAN_POINT ( 'NONE',  ( 53.70000000000062812, 0.9961493641397997090, -2.723248118116483152 ) ) ;
#1316 = VECTOR ( 'NONE', #5863, 1000.000000000000000 ) ;
#1315 = DIRECTION ( 'NONE',  ( 0.000000000000000000, 0.000000000000000000, -1.000000000000000000 ) ) ;
#1317 = ORIENTED_EDGE ( 'NONE', *, *, #1196, .T. ) ;
#1318 = ORIENTED_EDGE ( 'NONE', *, *, #6260, .F. ) ;
#1319 = CARTESIAN_POINT ( 'NONE',  ( 48.29999999999999716, 8.150000000000003908, 10.20000000000000284 ) ) ;
#1320 = CARTESIAN_POINT ( 'NONE',  ( 50.69999999999999574, -4.444536316514335006, -6.363654369242972564 ) ) ;
#1321 = ORIENTED_EDGE ( 'NONE', *, *, #5988, .T. ) ;
#1322 = ADVANCED_FACE ( 'NONE', ( #2538 ), #4442, .T. ) ;
#1323 = VECTOR ( 'NONE', #4183, 1000.000000000000000 ) ;
#1324 = ORIENTED_EDGE ( 'NONE', *, *, #7478, .T. ) ;
#1325 = DIRECTION ( 'NONE',  ( -1.000000000000000000, 0.000000000000000000, -0.000000000000000000 ) ) ;
#1326 = DIRECTION ( 'NONE',  ( -0.000000000000000000, 0.5000000000000002220, -0.8660254037844384856 ) ) ;
#1327 = PRESENTATION_STYLE_ASSIGNMENT (( #6136 ) ) ;
#1328 = FACE_OUTER_BOUND ( 'NONE', #7616, .T. ) ;
#1329 = VERTEX_POINT ( 'NONE', #4323 ) ;
#1330 = CARTESIAN_POINT ( 'NONE',  ( 53.69999999999998863, -1.480062982793924453, 1.996833409881984212 ) ) ;
#1331 = AXIS2_PLACEMENT_3D ( 'NONE', #3020, #2546, #7323 ) ;
#1332 = DIRECTION ( 'NONE',  ( 1.000000000000000000, -0.000000000000000000, -0.000000000000000000 ) ) ;
#1333 = VECTOR ( 'NONE', #4350, 1000.000000000000000 ) ;
#1334 = CARTESIAN_POINT ( 'NONE',  ( 0.000000000000000000, 7.750000000000006217, 14.72339375865879418 ) ) ;
#1335 = DIRECTION ( 'NONE',  ( 0.000000000000000000, 0.2754919236260314763, 0.9613033860425276300 ) ) ;
#1336 = DIRECTION ( 'NONE',  ( 1.000000000000000000, -0.000000000000000000, -0.000000000000000000 ) ) ;
#1337 = CARTESIAN_POINT ( 'NONE',  ( 2.000000000000000000, -15.50000000000000000, 1.999999999999999112 ) ) ;
#1338 = LINE ( 'NONE', #1989, #2836 ) ;
#1339 = LINE ( 'NONE', #4435, #7730 ) ;
#1340 = CYLINDRICAL_SURFACE ( 'NONE', #7491, 3.000000000000000000 ) ;
#1341 = ORIENTED_EDGE ( 'NONE', *, *, #706, .T. ) ;
#1342 = AXIS2_PLACEMENT_3D ( 'NONE', #2447, #2528, #6069 ) ;
#1343 = EDGE_CURVE ( 'NONE', #3100, #3055, #7481, .T. ) ;
#1344 = CARTESIAN_POINT ( 'NONE',  ( -8.300000000000002487, 4.500000000000000888, -1.658312395177700793 ) ) ;
#1345 = LINE ( 'NONE', #5598, #2568 ) ;
#1346 = LINE ( 'NONE', #6833, #1872 ) ;
#1347 = AXIS2_PLACEMENT_3D ( 'NONE', #4912, #6108, #749 ) ;
#1348 = FILL_AREA_STYLE_COLOUR ( '', #1100 ) ;
#1349 = EDGE_CURVE ( 'NONE', #7411, #2349, #5636, .T. ) ;
#1350 = CARTESIAN_POINT ( 'NONE',  ( 53.69999999999998863, 1.551621044983853226, 3.216861333557771374 ) ) ;
#1351 = ORIENTED_EDGE ( 'NONE', *, *, #4119, .T. ) ;
#1352 = MECHANICAL_DESIGN_GEOMETRIC_PRESENTATION_REPRESENTATION (  '', ( #5414 ), #3375 ) ;
#1353 = EDGE_CURVE ( 'NONE', #1043, #5425, #1879, .T. ) ;
#1354 = ORIENTED_EDGE ( 'NONE', *, *, #3659, .F. ) ;
#1355 = CARTESIAN_POINT ( 'NONE',  ( 53.59999999999998721, 0.6160715024334109113, -2.813745714525698993 ) ) ;
#1356 = CARTESIAN_POINT ( 'NONE',  ( 48.29999999999999716, 8.150000000000003908, 15.70000000000000284 ) ) ;
#1357 = CARTESIAN_POINT ( 'NONE',  ( 6.000000000000000000, 0.000000000000000000, 15.50000000000000000 ) ) ;
#1358 = VECTOR ( 'NONE', #6590, 1000.000000000000227 ) ;
#1359 = AXIS2_PLACEMENT_3D ( 'NONE', #7470, #7591, #2750 ) ;
#1360 = EDGE_LOOP ( 'NONE', ( #7702, #1819, #2670, #5880 ) ) ;
#1361 = CARTESIAN_POINT ( 'NONE',  ( 0.000000000000000000, 7.749999999999998224, -13.42339375865880058 ) ) ;
#1362 = DIRECTION ( 'NONE',  ( -1.000000000000000000, -0.000000000000000000, -0.000000000000000000 ) ) ;
#1363 = VERTEX_POINT ( 'NONE', #3694 ) ;
#1364 = VECTOR ( 'NONE', #7229, 1000.000000000000000 ) ;
#1365 = VECTOR ( 'NONE', #3556, 1000.000000000000000 ) ;
#1366 = ORIENTED_EDGE ( 'NONE', *, *, #2446, .T. ) ;
#1367 = CARTESIAN_POINT ( 'NONE',  ( 53.59999999999998721, 0.2396642142496103467, -3.922862896642212771 ) ) ;
#1368 = DIRECTION ( 'NONE',  ( 0.000000000000000000, 0.000000000000000000, -1.000000000000000000 ) ) ;
#1369 = DIRECTION ( 'NONE',  ( -0.000000000000000000, -0.000000000000000000, -1.000000000000000000 ) ) ;
#1370 = EDGE_CURVE ( 'NONE', #5412, #6459, #5517, .T. ) ;
#1371 =( NAMED_UNIT ( * ) SI_UNIT ( $, .STERADIAN. ) SOLID_ANGLE_UNIT ( ) );
#1372 = ORIENTED_EDGE ( 'NONE', *, *, #3871, .F. ) ;
#1373 = DIRECTION ( 'NONE',  ( -1.000000000000000000, 0.000000000000000000, 0.000000000000000000 ) ) ;
#1374 = AXIS2_PLACEMENT_3D ( 'NONE', #1736, #2827, #1051 ) ;
#1375 = LINE ( 'NONE', #3796, #5699 ) ;
#1376 = VECTOR ( 'NONE', #4284, 1000.000000000000000 ) ;
#1377 = UNCERTAINTY_MEASURE_WITH_UNIT (LENGTH_MEASURE( 1.000000000000000082E-05 ), #4630, 'distance_accuracy_value', 'NONE');
#1378 = AXIS2_PLACEMENT_3D ( 'NONE', #1041, #4015, #5298 ) ;
#1379 = CARTESIAN_POINT ( 'NONE',  ( 53.59999999999998010, 0.3938281511589292183, -2.747883041508130564 ) ) ;
#1380 = CARTESIAN_POINT ( 'NONE',  ( 2.000000000000000000, 6.965673326026335488, -14.16490010960491119 ) ) ;
#1381 = CARTESIAN_POINT ( 'NONE',  ( 0.000000000000000000, 1.506315562951244413E-15, -12.30000000000000071 ) ) ;
#1382 = FACE_OUTER_BOUND ( 'NONE', #3145, .T. ) ;
#1383 = LINE ( 'NONE', #3116, #4385 ) ;
#1384 = EDGE_CURVE ( 'NONE', #1936, #719, #6317, .T. ) ;
#1385 = LINE ( 'NONE', #1422, #70 ) ;
#1386 = DIRECTION ( 'NONE',  ( 1.000000000000000000, -0.000000000000000000, -0.000000000000000000 ) ) ;
#1387 = VECTOR ( 'NONE', #4720, 1000.000000000000000 ) ;
#1388 = EDGE_LOOP ( 'NONE', ( #6432, #6194, #4097, #3619 ) ) ;
#1389 = DIRECTION ( 'NONE',  ( -0.000000000000000000, 0.4999999999999992228, -0.8660254037844390407 ) ) ;
#1390 = ORIENTED_EDGE ( 'NONE', *, *, #2625, .T. ) ;
#1391 = DIRECTION ( 'NONE',  ( 0.000000000000000000, 0.000000000000000000, 1.000000000000000000 ) ) ;
#1392 = CARTESIAN_POINT ( 'NONE',  ( 53.59999999999998721, -1.480062982793924453, -3.357237464212545763 ) ) ;
#1393 = DIRECTION ( 'NONE',  ( 0.000000000000000000, 0.000000000000000000, -1.000000000000000000 ) ) ;
#1394 =( NAMED_UNIT ( * ) PLANE_ANGLE_UNIT ( ) SI_UNIT ( $, .RADIAN. ) );
#1395 = ORIENTED_EDGE ( 'NONE', *, *, #4462, .T. ) ;
#1396 = EDGE_CURVE ( 'NONE', #3559, #1291, #7457, .T. ) ;
#1397 = DIRECTION ( 'NONE',  ( 1.000000000000000000, -0.000000000000000000, -0.000000000000000000 ) ) ;
#1398 = ORIENTED_EDGE ( 'NONE', *, *, #633, .T. ) ;
#1399 = STYLED_ITEM ( 'NONE', ( #6488 ), #4917 ) ;
#1400 = ORIENTED_EDGE ( 'NONE', *, *, #7786, .F. ) ;
#1401 = CARTESIAN_POINT ( 'NONE',  ( 53.59999999999999432, 0.6828928732814492086, -2.814856912567658132 ) ) ;
#1402 = DIRECTION ( 'NONE',  ( 1.000000000000000000, 0.000000000000000000, 0.000000000000000000 ) ) ;
#1403 = DIRECTION ( 'NONE',  ( -1.000000000000000000, 0.000000000000000000, 0.000000000000000000 ) ) ;
#1404 = EDGE_CURVE ( 'NONE', #1583, #6253, #3955, .T. ) ;
#1405 = VERTEX_POINT ( 'NONE', #5199 ) ;
#1406 = DIRECTION ( 'NONE',  ( 1.000000000000000000, -0.000000000000000000, -0.000000000000000000 ) ) ;
#1407 = DIRECTION ( 'NONE',  ( 0.000000000000000000, 0.000000000000000000, -1.000000000000000000 ) ) ;
#1408 = VERTEX_POINT ( 'NONE', #2721 ) ;
#1409 = VERTEX_POINT ( 'NONE', #3324 ) ;
#1410 = EDGE_CURVE ( 'NONE', #2050, #6294, #3244, .T. ) ;
#1411 = PLANE ( 'NONE',  #7680 ) ;
#1412 = FACE_OUTER_BOUND ( 'NONE', #244, .T. ) ;
#1413 = DIRECTION ( 'NONE',  ( -0.000000000000000000, -0.9396926207859103153, -0.3420201433256632173 ) ) ;
#1414 = VERTEX_POINT ( 'NONE', #7676 ) ;
#1415 = VERTEX_POINT ( 'NONE', #7602 ) ;
#1416 = CARTESIAN_POINT ( 'NONE',  ( 0.2000000000000000111, 7.749999999999998224, -13.42339375865880058 ) ) ;
#1417 = DIRECTION ( 'NONE',  ( 0.000000000000000000, 0.000000000000000000, 1.000000000000000000 ) ) ;
#1418 = DIRECTION ( 'NONE',  ( 1.000000000000000000, -0.000000000000000000, -0.000000000000000000 ) ) ;
#1419 = DIRECTION ( 'NONE',  ( -0.000000000000000000, -0.8660254037844384856, -0.5000000000000002220 ) ) ;
#1420 = DIRECTION ( 'NONE',  ( -0.000000000000000000, 0.8660254037844378194, -0.5000000000000013323 ) ) ;
#1421 = DIRECTION ( 'NONE',  ( 0.000000000000000000, 0.8660254037844379305, -0.5000000000000013323 ) ) ;
#1422 = CARTESIAN_POINT ( 'NONE',  ( 2.000000000000000000, 8.091506350946106707, -13.51490010960491261 ) ) ;
#1423 = CARTESIAN_POINT ( 'NONE',  ( 53.69999999999998863, 1.551621044983853226, 3.433813554215726871 ) ) ;
#1424 = LINE ( 'NONE', #6869, #2636 ) ;
#1425 = ADVANCED_FACE ( 'NONE', ( #836 ), #5156, .T. ) ;
#1426 = ORIENTED_EDGE ( 'NONE', *, *, #853, .T. ) ;
#1427 = CARTESIAN_POINT ( 'NONE',  ( 53.59999999999998721, -1.480062982793924453, -3.922862896642212771 ) ) ;
#1428 = CARTESIAN_POINT ( 'NONE',  ( 47.69999999999999574, -4.444536316514335006, -6.363654369242972564 ) ) ;
#1429 = CARTESIAN_POINT ( 'NONE',  ( 53.69999999999998863, 1.551621044983853226, 3.898711169911344143 ) ) ;
#1430 = LINE ( 'NONE', #797, #340 ) ;
#1431 = ORIENTED_EDGE ( 'NONE', *, *, #2517, .F. ) ;
#1432 = FILL_AREA_STYLE ('',( #2687 ) ) ;
#1433 = CARTESIAN_POINT ( 'NONE',  ( 0.000000000000000000, 6.715673326026336376, -13.73188740771269245 ) ) ;
#1434 = FACE_OUTER_BOUND ( 'NONE', #7538, .T. ) ;
#1435 = PRESENTATION_STYLE_ASSIGNMENT (( #843 ) ) ;
#1436 = CARTESIAN_POINT ( 'NONE',  ( 53.59999999999998721, 0.3637682387785251548, -4.523683967774260850 ) ) ;
#1437 = ORIENTED_EDGE ( 'NONE', *, *, #5309, .F. ) ;
#1438 = CARTESIAN_POINT ( 'NONE',  ( 53.59999999999998721, 1.551621044983853226, 3.216861333557771374 ) ) ;
#1439 = VECTOR ( 'NONE', #7645, 1000.000000000000000 ) ;
#1440 = CARTESIAN_POINT ( 'NONE',  ( 0.5000000000000000000, 7.163571428571429145, 9.998662129892933237 ) ) ;
#1441 = ORIENTED_EDGE ( 'NONE', *, *, #4085, .T. ) ;
#1442 = ORIENTED_EDGE ( 'NONE', *, *, #2999, .F. ) ;
#1443 = AXIS2_PLACEMENT_3D ( 'NONE', #4988, #6144, #4388 ) ;
#1444 = ADVANCED_FACE ( 'NONE', ( #2759 ), #7022, .F. ) ;
#1445 = DIRECTION ( 'NONE',  ( -1.000000000000000000, -0.000000000000000000, 0.000000000000000000 ) ) ;
#1446 = DIRECTION ( 'NONE',  ( 0.000000000000000000, 0.8830127003237534522, 0.4693490929648774790 ) ) ;
#1447 = CARTESIAN_POINT ( 'NONE',  ( 53.59999999999998721, 1.214767264119655854, 1.996833409881984212 ) ) ;
#1448 = ORIENTED_EDGE ( 'NONE', *, *, #6073, .F. ) ;
#1449 = CARTESIAN_POINT ( 'NONE',  ( 48.29999999999999716, -8.150000000000003908, 10.20000000000000284 ) ) ;
#1450 = DIRECTION ( 'NONE',  ( -0.000000000000000000, -0.4999999999999992228, 0.8660254037844390407 ) ) ;
#1451 = EDGE_CURVE ( 'NONE', #1567, #2349, #7452, .T. ) ;
#1452 = AXIS2_PLACEMENT_3D ( 'NONE', #1855, #1937, #1325 ) ;
#1453 = EDGE_CURVE ( 'NONE', #1635, #5450, #404, .T. ) ;
#1454 = CYLINDRICAL_SURFACE ( 'NONE', #467, 1.500000000000000000 ) ;
#1455 = DIRECTION ( 'NONE',  ( -0.000000000000000000, -0.000000000000000000, 1.000000000000000000 ) ) ;
#1456 = STYLED_ITEM ( 'NONE', ( #3500 ), #6985 ) ;
#1457 = CARTESIAN_POINT ( 'NONE',  ( 49.19999999999999574, 0.000000000000000000, 0.000000000000000000 ) ) ;
#1458 = DIRECTION ( 'NONE',  ( -1.000000000000000000, 0.000000000000000000, 0.000000000000000000 ) ) ;
#1459 = CARTESIAN_POINT ( 'NONE',  ( 49.19999999999999574, 12.00000000000000000, -1.500000000000000000 ) ) ;
#1460 = CARTESIAN_POINT ( 'NONE',  ( 46.10000000000000142, -14.74086055109746596, 7.267679784435101098 ) ) ;
#1461 = FACE_OUTER_BOUND ( 'NONE', #542, .T. ) ;
#1462 = CARTESIAN_POINT ( 'NONE',  ( 2.000000000000000000, 7.841506350946115589, 13.08188740771268677 ) ) ;
#1463 = AXIS2_PLACEMENT_3D ( 'NONE', #3839, #4876, #3198 ) ;
#1464 = UNCERTAINTY_MEASURE_WITH_UNIT (LENGTH_MEASURE( 1.000000000000000082E-05 ), #3711, 'distance_accuracy_value', 'NONE');
#1465 = CARTESIAN_POINT ( 'NONE',  ( 53.69999999999999574, 0.4414701472501945112, -2.773011004715741468 ) ) ;
#1466 = DIRECTION ( 'NONE',  ( 0.000000000000000000, 0.000000000000000000, -1.000000000000000000 ) ) ;
#1467 = FACE_OUTER_BOUND ( 'NONE', #269, .T. ) ;
#1468 = DIRECTION ( 'NONE',  ( 0.000000000000000000, 1.000000000000000000, -4.336808689942013792E-16 ) ) ;
#1469 = ADVANCED_FACE ( 'NONE', ( #2214 ), #6274, .T. ) ;
#1470 = LINE ( 'NONE', #6876, #4310 ) ;
#1471 = VERTEX_POINT ( 'NONE', #2069 ) ;
#1472 = CARTESIAN_POINT ( 'NONE',  ( 53.69999999999998863, 0.2396642142496103467, -3.922862896642212771 ) ) ;
#1473 = LINE ( 'NONE', #7111, #4546 ) ;
#1474 = AXIS2_PLACEMENT_3D ( 'NONE', #7211, #1888, #1275 ) ;
#1475 = LINE ( 'NONE', #5206, #7017 ) ;
#1476 = CARTESIAN_POINT ( 'NONE',  ( 53.69999999999998863, -0.2390227375047755398, 4.460790773068757709 ) ) ;
#1477 = CARTESIAN_POINT ( 'NONE',  ( 2.000000000000000000, 6.715673326026347034, 13.73188740771268712 ) ) ;
#1478 = VECTOR ( 'NONE', #1418, 1000.000000000000000 ) ;
#1479 = ORIENTED_EDGE ( 'NONE', *, *, #5359, .T. ) ;
#1480 = CARTESIAN_POINT ( 'NONE',  ( 0.000000000000000000, -14.45000000000000107, 0.2500000000000002220 ) ) ;
#1481 = SURFACE_STYLE_USAGE ( .BOTH. , #5058 ) ;
#1482 = AXIS2_PLACEMENT_3D ( 'NONE', #5679, #2650, #5082 ) ;
#1483 = ORIENTED_EDGE ( 'NONE', *, *, #2389, .T. ) ;
#1484 = ADVANCED_FACE ( 'NONE', ( #1467 ), #3288, .T. ) ;
#1485 = ORIENTED_EDGE ( 'NONE', *, *, #7403, .F. ) ;
#1486 = AXIS2_PLACEMENT_3D ( 'NONE', #5560, #679, #2610 ) ;
#1487 = VECTOR ( 'NONE', #4237, 1000.000000000000000 ) ;
#1488 = DIRECTION ( 'NONE',  ( -1.000000000000000000, -0.000000000000000000, -0.000000000000000000 ) ) ;
#1489 = LINE ( 'NONE', #7459, #7067 ) ;
#1490 = ORIENTED_EDGE ( 'NONE', *, *, #5673, .F. ) ;
#1491 = DIRECTION ( 'NONE',  ( -1.000000000000000000, 0.000000000000000000, 0.000000000000000000 ) ) ;
#1492 = PRESENTATION_LAYER_ASSIGNMENT (  '', '', ( #3646 ) ) ;
#1493 = EDGE_CURVE ( 'NONE', #695, #7081, #600, .T. ) ;
#1494 = AXIS2_PLACEMENT_3D ( 'NONE', #2183, #5162, #949 ) ;
#1495 = CARTESIAN_POINT ( 'NONE',  ( 0.2000000000000000111, 7.749999999999998224, -14.72339375865880129 ) ) ;
#1496 = CARTESIAN_POINT ( 'NONE',  ( 2.000000000000000000, 8.534326673973666288, 12.68188740771268641 ) ) ;
#1497 = CARTESIAN_POINT ( 'NONE',  ( 0.2000000000000000111, 7.750000000000006217, 14.92339375865879347 ) ) ;
#1498 = FACE_OUTER_BOUND ( 'NONE', #4741, .T. ) ;
#1499 = LINE ( 'NONE', #6347, #1235 ) ;
#1500 = VECTOR ( 'NONE', #5593, 1000.000000000000000 ) ;
#1501 = PRESENTATION_LAYER_ASSIGNMENT (  '', '', ( #5281 ) ) ;
#1502 = DIRECTION ( 'NONE',  ( 1.000000000000000000, -0.000000000000000000, -0.000000000000000000 ) ) ;
#1503 = CARTESIAN_POINT ( 'NONE',  ( 2.000000000000000000, -15.75000000000000000, 0.2500000000000002220 ) ) ;
#1504 = EDGE_CURVE ( 'NONE', #1595, #4592, #5437, .T. ) ;
#1505 = AXIS2_PLACEMENT_3D ( 'NONE', #5418, #7860, #3705 ) ;
#1506 = CARTESIAN_POINT ( 'NONE',  ( 48.69999999999999574, 0.000000000000000000, 0.000000000000000000 ) ) ;
#1507 = EDGE_CURVE ( 'NONE', #5409, #5926, #4836, .T. ) ;
#1508 = FILL_AREA_STYLE ('',( #248 ) ) ;
#1509 = CIRCLE ( 'NONE', #3147, 1.500000000000001332 ) ;
#1510 = FACE_OUTER_BOUND ( 'NONE', #2460, .T. ) ;
#1511 =( GEOMETRIC_REPRESENTATION_CONTEXT ( 3 ) GLOBAL_UNCERTAINTY_ASSIGNED_CONTEXT ( ( #1541 ) ) GLOBAL_UNIT_ASSIGNED_CONTEXT ( ( #7035, #3237, #2966 ) ) REPRESENTATION_CONTEXT ( 'NONE', 'WORKASPACE' ) );
#1512 = ORIENTED_EDGE ( 'NONE', *, *, #5411, .F. ) ;
#1513 = CARTESIAN_POINT ( 'NONE',  ( 47.69999999999999574, -4.444536316514335006, -6.363654369242972564 ) ) ;
#1514 = TOROIDAL_SURFACE ( 'NONE', #2766, 1.300000000000000711, 0.2000000000000000111 ) ;
#1515 = DIRECTION ( 'NONE',  ( -1.000000000000000000, -0.000000000000000000, -0.000000000000000000 ) ) ;
#1516 = PLANE ( 'NONE',  #6133 ) ;
#1517 = CYLINDRICAL_SURFACE ( 'NONE', #3218, 16.39499999999999957 ) ;
#1518 = DIRECTION ( 'NONE',  ( 0.000000000000000000, -0.000000000000000000, 1.000000000000000000 ) ) ;
#1519 = VERTEX_POINT ( 'NONE', #5901 ) ;
#1520 = DIRECTION ( 'NONE',  ( -0.000000000000000000, -0.000000000000000000, -1.000000000000000000 ) ) ;
#1521 = VECTOR ( 'NONE', #1894, 1000.000000000000000 ) ;
#1522 = LINE ( 'NONE', #334, #6226 ) ;
#1523 = ORIENTED_EDGE ( 'NONE', *, *, #402, .F. ) ;
#1524 = EDGE_CURVE ( 'NONE', #6482, #3548, #6026, .T. ) ;
#1525 = ORIENTED_EDGE ( 'NONE', *, *, #1961, .T. ) ;
#1526 = VECTOR ( 'NONE', #1712, 1000.000000000000000 ) ;
#1527 = VERTEX_POINT ( 'NONE', #2996 ) ;
#1528 = LINE ( 'NONE', #2165, #4926 ) ;
#1529 = EDGE_CURVE ( 'NONE', #1197, #5841, #7140, .T. ) ;
#1530 = DIRECTION ( 'NONE',  ( 0.000000000000000000, 0.000000000000000000, -1.000000000000000000 ) ) ;
#1531 = VERTEX_POINT ( 'NONE', #7836 ) ;
#1532 = CARTESIAN_POINT ( 'NONE',  ( 53.59999999999998721, 0.1687476288045161865, -2.233734892948135098 ) ) ;
#1533 = CARTESIAN_POINT ( 'NONE',  ( 2.000000000000000000, -15.75000000000000000, -0.2500000000000002220 ) ) ;
#1534 = PLANE ( 'NONE',  #1966 ) ;
#1535 =( LENGTH_UNIT ( ) NAMED_UNIT ( * ) SI_UNIT ( .MILLI., .METRE. ) );
#1536 = DIRECTION ( 'NONE',  ( 1.000000000000000000, -0.000000000000000000, -0.000000000000000000 ) ) ;
#1537 = CARTESIAN_POINT ( 'NONE',  ( 46.09999999999999432, -16.29428415877736214, 2.146728438579359466 ) ) ;
#1538 = ORIENTED_EDGE ( 'NONE', *, *, #2136, .F. ) ;
#1539 = FACE_OUTER_BOUND ( 'NONE', #2734, .T. ) ;
#1540 =( NAMED_UNIT ( * ) SI_UNIT ( $, .STERADIAN. ) SOLID_ANGLE_UNIT ( ) );
#1541 = UNCERTAINTY_MEASURE_WITH_UNIT (LENGTH_MEASURE( 1.000000000000000082E-05 ), #7035, 'distance_accuracy_value', 'NONE');
#1542 = PLANE ( 'NONE',  #2388 ) ;
#1543 = CARTESIAN_POINT ( 'NONE',  ( 6.000000000000000000, 13.42339375865876505, 7.750000000000063061 ) ) ;
#1544 =( NAMED_UNIT ( * ) PLANE_ANGLE_UNIT ( ) SI_UNIT ( $, .RADIAN. ) );
#1545 = EDGE_CURVE ( 'NONE', #7005, #6124, #5985, .T. ) ;
#1546 = DIRECTION ( 'NONE',  ( 0.000000000000000000, 0.000000000000000000, -1.000000000000000000 ) ) ;
#1547 = B_SPLINE_CURVE_WITH_KNOTS ( 'NONE', 3,
 ( #7554, #7872, #6464, #5350, #552, #2290, #1782, #7795, #3560, #7174, #5387, #2946, #2322, #2248, #1090, #1661, #1019, #5977, #7828 ),
 .UNSPECIFIED., .F., .F.,
 ( 4, 1, 1, 1, 1, 1, 1, 1, 1, 1, 1, 1, 1, 1, 1, 1, 4 ),
 ( 0.000000000000000000, 0.06047821727320156632, 0.1181565529829933930, 0.1734369281886405656, 0.2272464804487412671, 0.2792336592412224539, 0.3315186664469254030, 0.3837376363579385607, 0.4376152791874223791, 0.4929151570838179452, 0.5511590531555603523, 0.6132489916933757668, 0.6799311003087852301, 0.7513088371782967734, 0.8283057702667727673, 0.9113166622822386209, 1.000000000000000000 ),
 .UNSPECIFIED. ) ;
#1548 = EDGE_CURVE ( 'NONE', #6021, #578, #1624, .T. ) ;
#1549 = VERTEX_POINT ( 'NONE', #5356 ) ;
#1550 = DIRECTION ( 'NONE',  ( -1.000000000000000000, 0.000000000000000000, 0.000000000000000000 ) ) ;
#1551 = EDGE_CURVE ( 'NONE', #353, #2764, #2875, .T. ) ;
#1552 = DIRECTION ( 'NONE',  ( 0.000000000000000000, 0.9345462436223923586, 0.3558417043170685745 ) ) ;
#1553 = CARTESIAN_POINT ( 'NONE',  ( 53.69999999999998863, -0.2035644447822284597, 0.3077054061879072044 ) ) ;
#1554 = CARTESIAN_POINT ( 'NONE',  ( 53.70000000000065654, 1.036495642632356384, -2.689021341641113505 ) ) ;
#1555 = ORIENTED_EDGE ( 'NONE', *, *, #4657, .F. ) ;
#1556 = FILL_AREA_STYLE_COLOUR ( '', #1249 ) ;
#1557 = CARTESIAN_POINT ( 'NONE',  ( 53.69999999999999574, 1.036495642632356384, -2.689021341641113505 ) ) ;
#1558 = EDGE_LOOP ( 'NONE', ( #6354, #2910, #2771, #3221 ) ) ;
#1559 = ORIENTED_EDGE ( 'NONE', *, *, #3476, .F. ) ;
#1561 = AXIS2_PLACEMENT_3D ( 'NONE', #261, #5165, #2659 ) ;
#1560 = DIRECTION ( 'NONE',  ( 0.000000000000000000, 1.000000000000000000, 0.000000000000000000 ) ) ;
#1562 = CARTESIAN_POINT ( 'NONE',  ( 2.000000000000000000, -15.25000000000000000, -1.050000000000000044 ) ) ;
#1563 = ORIENTED_EDGE ( 'NONE', *, *, #7052, .T. ) ;
#1564 = CARTESIAN_POINT ( 'NONE',  ( 48.69999999999999574, 1.250000000000000000, -11.00000000000000000 ) ) ;
#1565 = EDGE_CURVE ( 'NONE', #2892, #4648, #2831, .T. ) ;
#1566 = SURFACE_STYLE_FILL_AREA ( #6411 ) ;
#1567 = VERTEX_POINT ( 'NONE', #1745 ) ;
#1568 = TOROIDAL_SURFACE ( 'NONE', #7020, 17.30000000000000071, 1.000000000000000000 ) ;
#1569 = VERTEX_POINT ( 'NONE', #1700 ) ;
#1570 = CARTESIAN_POINT ( 'NONE',  ( 53.69999999999999574, 0.6828928732814492086, -3.260712111801166824 ) ) ;
#1571 = DIRECTION ( 'NONE',  ( 0.000000000000000000, 0.000000000000000000, 1.000000000000000000 ) ) ;
#1572 = CYLINDRICAL_SURFACE ( 'NONE', #4141, 1.500000000000001332 ) ;
#1573 = CARTESIAN_POINT ( 'NONE',  ( 0.000000000000000000, -15.75000000000000000, -1.050000000000000044 ) ) ;
#1574 = CARTESIAN_POINT ( 'NONE',  ( 46.10000000000000142, -13.03976505953749587, 10.00383258696652078 ) ) ;
#1575 = VERTEX_POINT ( 'NONE', #3566 ) ;
#1576 = DIRECTION ( 'NONE',  ( 0.000000000000000000, -1.000000000000000000, -4.818676322157796389E-16 ) ) ;
#1577 = CIRCLE ( 'NONE', #5252, 10.00000000000000000 ) ;
#1578 = CIRCLE ( 'NONE', #5392, 6.500000000000000888 ) ;
#1579 = CARTESIAN_POINT ( 'NONE',  ( 53.69999999999997442, 0.3140716925203857479, -2.681688513575895438 ) ) ;
#1580 = CARTESIAN_POINT ( 'NONE',  ( 2.000000000000000000, 7.750000000000006217, 15.42339375865879880 ) ) ;
#1581 =( NAMED_UNIT ( * ) PLANE_ANGLE_UNIT ( ) SI_UNIT ( $, .RADIAN. ) );
#1582 = VECTOR ( 'NONE', #7351, 1000.000000000000000 ) ;
#1583 = VERTEX_POINT ( 'NONE', #7800 ) ;
#1584 = ADVANCED_FACE ( 'NONE', ( #7182 ), #6505, .T. ) ;
#1585 = DIRECTION ( 'NONE',  ( 1.000000000000000000, 0.000000000000000000, -0.000000000000000000 ) ) ;
#1586 = DIRECTION ( 'NONE',  ( 1.000000000000000000, -0.000000000000000000, -0.000000000000000000 ) ) ;
#1587 = VECTOR ( 'NONE', #5035, 1000.000000000000000 ) ;
#1588 = FACE_OUTER_BOUND ( 'NONE', #5898, .T. ) ;
#1589 = EDGE_CURVE ( 'NONE', #2931, #7681, #4116, .T. ) ;
#1590 = CARTESIAN_POINT ( 'NONE',  ( 53.59999999999998721, 1.214767264119655854, -1.691354341303248576 ) ) ;
#1591 = ORIENTED_EDGE ( 'NONE', *, *, #121, .F. ) ;
#1592 = CARTESIAN_POINT ( 'NONE',  ( 2.000000000000000000, 7.749999999999999112, -15.42339375865880058 ) ) ;
#1593 = EDGE_CURVE ( 'NONE', #7710, #2809, #2955, .T. ) ;
#1594 = CARTESIAN_POINT ( 'NONE',  ( 46.09999999999999432, -4.016229177803744516E-15, 16.39749999999999730 ) ) ;
#1595 = VERTEX_POINT ( 'NONE', #4798 ) ;
#1596 = AXIS2_PLACEMENT_3D ( 'NONE', #800, #842, #3854 ) ;
#1597 = EDGE_LOOP ( 'NONE', ( #3542, #3165, #1191, #2049 ) ) ;
#1598 = VECTOR ( 'NONE', #4585, 1000.000000000000114 ) ;
#1599 = ADVANCED_FACE ( 'NONE', ( #1176 ), #4034, .F. ) ;
#1600 = LINE ( 'NONE', #2930, #6019 ) ;
#1601 = LINE ( 'NONE', #5882, #232 ) ;
#1602 = VECTOR ( 'NONE', #2411, 1000.000000000000000 ) ;
#1603 = VERTEX_POINT ( 'NONE', #6107 ) ;
#1604 =( LENGTH_UNIT ( ) NAMED_UNIT ( * ) SI_UNIT ( .MILLI., .METRE. ) );
#1605 = CARTESIAN_POINT ( 'NONE',  ( 49.19999999999999574, -12.50000000000000000, -1.500000000000000222 ) ) ;
#1606 = EDGE_LOOP ( 'NONE', ( #4795, #4139 ) ) ;
#1607 = AXIS2_PLACEMENT_3D ( 'NONE', #4979, #4827, #7251 ) ;
#1608 = VECTOR ( 'NONE', #5107, 1000.000000000000000 ) ;
#1609 = ORIENTED_EDGE ( 'NONE', *, *, #5513, .T. ) ;
#1610 = CARTESIAN_POINT ( 'NONE',  ( 53.49999999999999289, 8.750000000000000000, 15.70000000000000284 ) ) ;
#1611 = DIRECTION ( 'NONE',  ( 0.000000000000000000, -0.8660254037844390407, -0.4999999999999992784 ) ) ;
#1612 = FILL_AREA_STYLE_COLOUR ( '', #7674 ) ;
#1613 = CARTESIAN_POINT ( 'NONE',  ( 46.10000000000000853, -2.146728438579367904, 16.29428415877736214 ) ) ;
#1614 = VERTEX_POINT ( 'NONE', #1915 ) ;
#1615 = LINE ( 'NONE', #6773, #6956 ) ;
#1617 = VECTOR ( 'NONE', #5021, 1000.000000000000000 ) ;
#1616 = CARTESIAN_POINT ( 'NONE',  ( 2.000000000000000000, 7.408493649053887076, -13.33188740771269210 ) ) ;
#1618 = UNCERTAINTY_MEASURE_WITH_UNIT (LENGTH_MEASURE( 1.000000000000000082E-05 ), #2109, 'distance_accuracy_value', 'NONE');
#1619 = VECTOR ( 'NONE', #6148, 1000.000000000000000 ) ;
#1620 = EDGE_CURVE ( 'NONE', #5685, #187, #668, .T. ) ;
#1621 = CARTESIAN_POINT ( 'NONE',  ( 53.49999999999999289, -8.750000000000000000, 15.70000000000000284 ) ) ;
#1622 = VECTOR ( 'NONE', #2090, 1000.000000000000114 ) ;
#1623 = LINE ( 'NONE', #5947, #439 ) ;
#1624 = LINE ( 'NONE', #1789, #5663 ) ;
#1625 = EDGE_CURVE ( 'NONE', #1011, #3794, #4989, .T. ) ;
#1626 = PRESENTATION_LAYER_ASSIGNMENT (  '', '', ( #5053 ) ) ;
#1627 = VERTEX_POINT ( 'NONE', #7304 ) ;
#1628 = AXIS2_PLACEMENT_3D ( 'NONE', #1427, #915, #6389 ) ;
#1629 = PRESENTATION_STYLE_ASSIGNMENT (( #7069 ) ) ;
#1630 = CARTESIAN_POINT ( 'NONE',  ( 53.69999999999998863, 0.3637682387785251548, -4.523683967774260850 ) ) ;
#1631 = CARTESIAN_POINT ( 'NONE',  ( 53.70000000000062101, 1.108071800941387464, -2.605956310355546979 ) ) ;
#1632 = VECTOR ( 'NONE', #1406, 1000.000000000000000 ) ;
#1633 = LINE ( 'NONE', #6893, #3122 ) ;
#1634 = EDGE_CURVE ( 'NONE', #2809, #7241, #3075, .T. ) ;
#1635 = VERTEX_POINT ( 'NONE', #195 ) ;
#1636 = DIRECTION ( 'NONE',  ( -1.000000000000000000, -0.000000000000000000, -0.000000000000000000 ) ) ;
#1637 = CIRCLE ( 'NONE', #5061, 1.500000000000001332 ) ;
#1638 = FILL_AREA_STYLE ('',( #7078 ) ) ;
#1639 = EDGE_LOOP ( 'NONE', ( #6170, #6068, #7679, #998 ) ) ;
#1640 = AXIS2_PLACEMENT_3D ( 'NONE', #1990, #3841, #3576 ) ;
#1641 = ORIENTED_EDGE ( 'NONE', *, *, #1453, .T. ) ;
#1642 = ADVANCED_FACE ( 'NONE', ( #1214 ), #7425, .T. ) ;
#1643 = PRESENTATION_STYLE_ASSIGNMENT (( #3546 ) ) ;
#1644 = CARTESIAN_POINT ( 'NONE',  ( 44.50000000000000000, 10.83425457577108375, -12.35177677933580753 ) ) ;
#1645 = ADVANCED_FACE ( 'NONE', ( #3687 ), #6665, .T. ) ;
#1646 = AXIS2_PLACEMENT_3D ( 'NONE', #7408, #4937, #59 ) ;
#1647 = EDGE_LOOP ( 'NONE', ( #1752, #2699, #7068, #3657 ) ) ;
#1648 = ORIENTED_EDGE ( 'NONE', *, *, #2174, .T. ) ;
#1649 = DIRECTION ( 'NONE',  ( -1.000000000000000000, -0.000000000000000000, -0.000000000000000000 ) ) ;
#1650 = EDGE_CURVE ( 'NONE', #2247, #4448, #787, .T. ) ;
#1651 = AXIS2_PLACEMENT_3D ( 'NONE', #6557, #1111, #7777 ) ;
#1652 = ORIENTED_EDGE ( 'NONE', *, *, #3094, .F. ) ;
#1653 = EDGE_CURVE ( 'NONE', #4408, #1569, #6232, .T. ) ;
#1654 = CARTESIAN_POINT ( 'NONE',  ( 53.59999999999998010, 1.501866990205194874, -2.635188004036570941 ) ) ;
#1655 = CARTESIAN_POINT ( 'NONE',  ( -19.80000000000000071, 7.000000000000000000, 0.000000000000000000 ) ) ;
#1656 = PLANE ( 'NONE',  #7026 ) ;
#1657 = CARTESIAN_POINT ( 'NONE',  ( 53.59999999999998721, 1.214767264119655854, 1.222004050389287944 ) ) ;
#1658 = CARTESIAN_POINT ( 'NONE',  ( 0.000000000000000000, -13.42339375865870998, -7.750000000000157208 ) ) ;
#1659 = DIRECTION ( 'NONE',  ( 1.000000000000000000, -0.000000000000000000, -0.000000000000000000 ) ) ;
#1660 = ORIENTED_EDGE ( 'NONE', *, *, #1620, .F. ) ;
#1661 = CARTESIAN_POINT ( 'NONE',  ( 53.60000000000000853, 1.207262343466957599, -2.286987149194054325 ) ) ;
#1662 = PLANE ( 'NONE',  #885 ) ;
#1663 = ORIENTED_EDGE ( 'NONE', *, *, #3019, .F. ) ;
#1664 = CARTESIAN_POINT ( 'NONE',  ( 50.69999999999999574, -12.50000000000000000, 1.500000000000000222 ) ) ;
#1665 = FACE_OUTER_BOUND ( 'NONE', #2354, .T. ) ;
#1666 = CARTESIAN_POINT ( 'NONE',  ( 53.69999999999998153, 0.5166769942313013120, -3.250286332999503092 ) ) ;
#1667 = DIRECTION ( 'NONE',  ( 0.000000000000000000, 0.9872616401468469194, -0.1591051661466640899 ) ) ;
#1668 = ADVANCED_FACE ( 'NONE', ( #3115 ), #3124, .T. ) ;
#1669 = ORIENTED_EDGE ( 'NONE', *, *, #1840, .F. ) ;
#1670 =( NAMED_UNIT ( * ) PLANE_ANGLE_UNIT ( ) SI_UNIT ( $, .RADIAN. ) );
#1671 = CARTESIAN_POINT ( 'NONE',  ( 53.59999999999998721, -1.480062982793924453, 5.119395728637549325 ) ) ;
#1672 = CARTESIAN_POINT ( 'NONE',  ( 49.19999999999999574, 0.000000000000000000, 0.000000000000000000 ) ) ;
#1673 = SURFACE_STYLE_USAGE ( .BOTH. , #3009 ) ;
#1674 = ORIENTED_EDGE ( 'NONE', *, *, #3044, .T. ) ;
#1675 = CARTESIAN_POINT ( 'NONE',  ( 53.59999999999998721, 0.000000000000000000, 0.000000000000000000 ) ) ;
#1676 = CARTESIAN_POINT ( 'NONE',  ( 46.10000000000000142, 14.23243822398598901, -8.218871056076418213 ) ) ;
#1677 = ORIENTED_EDGE ( 'NONE', *, *, #84, .F. ) ;
#1678 = ORIENTED_EDGE ( 'NONE', *, *, #2307, .F. ) ;
#1679 = CARTESIAN_POINT ( 'NONE',  ( 0.000000000000000000, 0.000000000000000000, 15.50000000000000000 ) ) ;
#1680 = CARTESIAN_POINT ( 'NONE',  ( 44.50000000000000000, 4.250937710707073158, 15.87063295520517414 ) ) ;
#1681 = VERTEX_POINT ( 'NONE', #748 ) ;
#1682 = ORIENTED_EDGE ( 'NONE', *, *, #6375, .T. ) ;
#1683 =( NAMED_UNIT ( * ) PLANE_ANGLE_UNIT ( ) SI_UNIT ( $, .RADIAN. ) );
#1684 = ORIENTED_EDGE ( 'NONE', *, *, #1052, .F. ) ;
#1685 = EDGE_CURVE ( 'NONE', #3749, #4205, #3757, .T. ) ;
#1686 = VERTEX_POINT ( 'NONE', #1823 ) ;
#1687 = CARTESIAN_POINT ( 'NONE',  ( 53.70000000000000995, 1.158830859429100357, -3.148985120257228321 ) ) ;
#1688 = SURFACE_SIDE_STYLE ('',( #5344 ) ) ;
#1689 = EDGE_CURVE ( 'NONE', #5487, #6031, #5625, .T. ) ;
#1690 = CARTESIAN_POINT ( 'NONE',  ( 21.50000000000000000, 0.000000000000000000, 18.30000000000000071 ) ) ;
#1691 = EDGE_LOOP ( 'NONE', ( #7274, #1287 ) ) ;
#1692 = CARTESIAN_POINT ( 'NONE',  ( 0.000000000000000000, -15.25000000000000000, 0.2500000000000002220 ) ) ;
#1693 = FACE_BOUND ( 'NONE', #4788, .T. ) ;
#1694 = VECTOR ( 'NONE', #1796, 1000.000000000000000 ) ;
#1695 = EDGE_CURVE ( 'NONE', #2270, #446, #4348, .T. ) ;
#1696 = EDGE_LOOP ( 'NONE', ( #5213, #5734, #7218, #3531 ) ) ;
#1697 = DIRECTION ( 'NONE',  ( 1.000000000000000000, -0.000000000000000000, -0.000000000000000000 ) ) ;
#1698 = COLOUR_RGB ( '',0.7960784313725489669, 0.8235294117647058432, 0.9372549019607843146 ) ;
#1699 = CARTESIAN_POINT ( 'NONE',  ( 47.69999999999999574, 8.750000000000000000, 15.70000000000000284 ) ) ;
#1700 = CARTESIAN_POINT ( 'NONE',  ( 53.69999999999998863, 0.1687476288045161865, -2.233734892948135098 ) ) ;
#1701 = CARTESIAN_POINT ( 'NONE',  ( 53.70000000000000284, -0.08014773745609271582, -2.743682071735587868 ) ) ;
#1702 =( LENGTH_UNIT ( ) NAMED_UNIT ( * ) SI_UNIT ( .MILLI., .METRE. ) );
#1703 = AXIS2_PLACEMENT_3D ( 'NONE', #4541, #1445, #6855 ) ;
#1704 = VERTEX_POINT ( 'NONE', #710 ) ;
#1705 = CARTESIAN_POINT ( 'NONE',  ( 0.000000000000000000, -15.50000000000000000, -2.000000000000000888 ) ) ;
#1706 = PLANE ( 'NONE',  #2991 ) ;
#1707 = EDGE_CURVE ( 'NONE', #7813, #578, #1294, .T. ) ;
#1708 = CARTESIAN_POINT ( 'NONE',  ( 0.000000000000000000, 0.000000000000000000, 0.000000000000000000 ) ) ;
#1709 = VECTOR ( 'NONE', #6027, 1000.000000000000000 ) ;
#1710 = ORIENTED_EDGE ( 'NONE', *, *, #6744, .F. ) ;
#1711 = CARTESIAN_POINT ( 'NONE',  ( 53.69999999999998863, 1.551621044983853226, 5.022213741175753476 ) ) ;
#1712 = DIRECTION ( 'NONE',  ( 0.000000000000000000, 0.000000000000000000, 1.000000000000000000 ) ) ;
#1713 = ADVANCED_FACE ( 'NONE', ( #1382 ), #6184, .T. ) ;
#1714 = EDGE_LOOP ( 'NONE', ( #6957, #5100, #1893, #3742 ) ) ;
#1715 = AXIS2_PLACEMENT_3D ( 'NONE', #6307, #397, #7053 ) ;
#1716 = ORIENTED_EDGE ( 'NONE', *, *, #6819, .T. ) ;
#1717 = EDGE_CURVE ( 'NONE', #1414, #5573, #3802, .T. ) ;
#1718 = DIRECTION ( 'NONE',  ( 0.000000000000000000, 0.000000000000000000, 1.000000000000000000 ) ) ;
#1719 = ORIENTED_EDGE ( 'NONE', *, *, #7198, .F. ) ;
#1720 = VERTEX_POINT ( 'NONE', #7264 ) ;
#1721 = DIRECTION ( 'NONE',  ( 1.000000000000000000, -0.000000000000000000, -0.000000000000000000 ) ) ;
#1722 = CARTESIAN_POINT ( 'NONE',  ( 20.49999999999999645, 2.241103642439656682E-15, -18.30000000000000071 ) ) ;
#1723 = ADVANCED_FACE ( 'NONE', ( #4874, #1260 ), #4587, .F. ) ;
#1724 = EDGE_LOOP ( 'NONE', ( #3964, #4732, #3412, #740 ) ) ;
#1725 = PRESENTATION_LAYER_ASSIGNMENT (  '', '', ( #4127 ) ) ;
#1726 = ORIENTED_EDGE ( 'NONE', *, *, #1908, .T. ) ;
#1727 = CARTESIAN_POINT ( 'NONE',  ( 53.69999999999998153, 1.501866990205194874, -2.635188004036570941 ) ) ;
#1728 = PRESENTATION_STYLE_ASSIGNMENT (( #4711 ) ) ;
#1729 =( GEOMETRIC_REPRESENTATION_CONTEXT ( 3 ) GLOBAL_UNCERTAINTY_ASSIGNED_CONTEXT ( ( #5588 ) ) GLOBAL_UNIT_ASSIGNED_CONTEXT ( ( #4837, #3043, #1215 ) ) REPRESENTATION_CONTEXT ( 'NONE', 'WORKASPACE' ) );
#1730 = DIRECTION ( 'NONE',  ( 0.000000000000000000, -0.000000000000000000, 1.000000000000000000 ) ) ;
#1731 = LINE ( 'NONE', #4145, #5168 ) ;
#1732 = CARTESIAN_POINT ( 'NONE',  ( 48.29999999999999716, -8.150000000000003908, 10.20000000000000284 ) ) ;
#1733 = DIRECTION ( 'NONE',  ( -0.000000000000000000, 1.000000000000000000, -0.000000000000000000 ) ) ;
#1734 = B_SPLINE_CURVE_WITH_KNOTS ( 'NONE', 3,
 ( #6220, #777, #3267, #271, #2669, #457, #2812, #419, #1644, #3501, #3384, #7121, #5924, #2193, #4615, #5805, #5843, #2850, #7084, #5295, #7741, #2779, #5217, #7040, #6451, #5253, #2273, #2895, #4089, #7695, #1680, #503, #7655, #4702 ),
 .UNSPECIFIED., .F., .F.,
 ( 4, 2, 2, 2, 2, 2, 2, 2, 2, 2, 2, 2, 2, 2, 2, 2, 4 ),
 ( 0.000000000000000000, 0.03125000000000000000, 0.06250000000000000000, 0.09375000000000000000, 0.1250000000000000000, 0.1562500000000000000, 0.1875000000000000000, 0.2187500000000000000, 0.2500000000000000000, 0.2812500000000000000, 0.3125000000000000000, 0.3437500000000000000, 0.3750000000000000000, 0.4062500000000000000, 0.4375000000000000000, 0.4687500000000000000, 0.5000000000000000000 ),
 .UNSPECIFIED. ) ;
#1735 = EDGE_LOOP ( 'NONE', ( #2435, #6137, #4729, #366 ) ) ;
#1736 = CARTESIAN_POINT ( 'NONE',  ( 6.000000000000000000, 13.42339375865881657, -7.749999999999968914 ) ) ;
#1737 = EDGE_CURVE ( 'NONE', #5506, #473, #1747, .T. ) ;
#1738 = FACE_OUTER_BOUND ( 'NONE', #3596, .T. ) ;
#1739 = AXIS2_PLACEMENT_3D ( 'NONE', #5074, #7631, #1421 ) ;
#1740 = AXIS2_PLACEMENT_3D ( 'NONE', #1148, #1755, #4169 ) ;
#1741 = ORIENTED_EDGE ( 'NONE', *, *, #7103, .T. ) ;
#1742 = ORIENTED_EDGE ( 'NONE', *, *, #5726, .F. ) ;
#1743 = DIRECTION ( 'NONE',  ( -0.000000000000000000, -0.3420201433256697121, -0.9396926207859080948 ) ) ;
#1744 = FACE_OUTER_BOUND ( 'NONE', #7369, .T. ) ;
#1745 = CARTESIAN_POINT ( 'NONE',  ( 2.000000000000000000, -15.50000000000000000, 1.499999999999999112 ) ) ;
#1746 = EDGE_CURVE ( 'NONE', #1405, #4599, #5073, .T. ) ;
#1747 = CIRCLE ( 'NONE', #7851, 17.80000000000000071 ) ;
#1748 = CARTESIAN_POINT ( 'NONE',  ( 53.70000000000000995, -0.1099725633294319910, -2.642026295532786229 ) ) ;
#1749 = DIRECTION ( 'NONE',  ( 0.000000000000000000, 0.8660254037844380415, -0.5000000000000009992 ) ) ;
#1750 = VECTOR ( 'NONE', #5949, 1000.000000000000227 ) ;
#1751 = ADVANCED_FACE ( 'NONE', ( #7630 ), #1572, .T. ) ;
#1752 = ORIENTED_EDGE ( 'NONE', *, *, #5086, .F. ) ;
#1753 = CARTESIAN_POINT ( 'NONE',  ( 0.000000000000000000, 0.000000000000000000, 12.30000000000000071 ) ) ;
#1754 = CARTESIAN_POINT ( 'NONE',  ( 44.50000000000000711, -1.073050240741768135, 16.39499999999999957 ) ) ;
#1755 = DIRECTION ( 'NONE',  ( -1.000000000000000000, 0.000000000000000000, 0.000000000000000000 ) ) ;
#1756 = DIRECTION ( 'NONE',  ( 0.000000000000000000, 0.000000000000000000, 1.000000000000000000 ) ) ;
#1757 = CIRCLE ( 'NONE', #5795, 6.500000000000000888 ) ;
#1758 = ORIENTED_EDGE ( 'NONE', *, *, #4409, .F. ) ;
#1759 = CARTESIAN_POINT ( 'NONE',  ( 53.69999999999998863, -0.1681061520596813796, -1.691354341303248576 ) ) ;
#1760 = CARTESIAN_POINT ( 'NONE',  ( 46.09999999999999432, 8.218871056076418213, 14.23243822398598724 ) ) ;
#1761 = VERTEX_POINT ( 'NONE', #6382 ) ;
#1762 = VECTOR ( 'NONE', #5832, 1000.000000000000114 ) ;
#1763 = AXIS2_PLACEMENT_3D ( 'NONE', #4662, #5885, #506 ) ;
#1764 = ORIENTED_EDGE ( 'NONE', *, *, #43, .F. ) ;
#1765 = DIRECTION ( 'NONE',  ( -1.000000000000000000, -0.000000000000000000, -0.000000000000000000 ) ) ;
#1766 = TOROIDAL_SURFACE ( 'NONE', #7353, 1.300000000000000044, 0.2000000000000000111 ) ;
#1767 = EDGE_LOOP ( 'NONE', ( #1130, #1669, #3456, #7648 ) ) ;
#1768 = ORIENTED_EDGE ( 'NONE', *, *, #3871, .T. ) ;
#1769 = DIRECTION ( 'NONE',  ( 0.000000000000000000, 0.000000000000000000, -1.000000000000000000 ) ) ;
#1770 = VECTOR ( 'NONE', #496, 1000.000000000000000 ) ;
#1771 = VERTEX_POINT ( 'NONE', #3316 ) ;
#1772 = EDGE_CURVE ( 'NONE', #1971, #3392, #935, .T. ) ;
#1773 = VERTEX_POINT ( 'NONE', #3982 ) ;
#1774 = PRESENTATION_LAYER_ASSIGNMENT (  '', '', ( #6718 ) ) ;
#1775 = LINE ( 'NONE', #766, #7673 ) ;
#1776 = EDGE_CURVE ( 'NONE', #5296, #1686, #311, .T. ) ;
#1777 = CARTESIAN_POINT ( 'NONE',  ( 0.000000000000000000, 7.441506350946108128, -12.38906708468514140 ) ) ;
#1778 = SURFACE_STYLE_FILL_AREA ( #3434 ) ;
#1779 = CARTESIAN_POINT ( 'NONE',  ( 48.69999999999999574, 1.250000000000000000, -12.30004063985090568 ) ) ;
#1780 = DIRECTION ( 'NONE',  ( -1.000000000000000000, -0.000000000000000000, -0.000000000000000000 ) ) ;
#1781 = ORIENTED_EDGE ( 'NONE', *, *, #1451, .F. ) ;
#1782 = CARTESIAN_POINT ( 'NONE',  ( 53.60000000000001563, 0.9519963180656279000, -2.751293961081878958 ) ) ;
#1783 = PLANE ( 'NONE',  #9 ) ;
#1784 = VECTOR ( 'NONE', #5378, 1000.000000000000000 ) ;
#1785 = ORIENTED_EDGE ( 'NONE', *, *, #7287, .F. ) ;
#1786 = ORIENTED_EDGE ( 'NONE', *, *, #1911, .F. ) ;
#1787 = LINE ( 'NONE', #1021, #7489 ) ;
#1788 = CARTESIAN_POINT ( 'NONE',  ( 0.2000000000000000111, -15.50000000000000000, -1.300000000000000711 ) ) ;
#1789 = CARTESIAN_POINT ( 'NONE',  ( 53.69999999999998863, -1.480062982793924453, -1.691354341303248576 ) ) ;
#1790 = VECTOR ( 'NONE', #882, 1000.000000000000000 ) ;
#1791 = FACE_OUTER_BOUND ( 'NONE', #420, .T. ) ;
#1792 = DIRECTION ( 'NONE',  ( -0.000000000000000000, -0.8660254037844381525, 0.5000000000000008882 ) ) ;
#1793 = ORIENTED_EDGE ( 'NONE', *, *, #3727, .T. ) ;
#1794 = ADVANCED_FACE ( 'NONE', ( #3837 ), #350, .F. ) ;
#1795 = CARTESIAN_POINT ( 'NONE',  ( 0.2000000000000000111, 7.749999999999998224, -14.92339375865880235 ) ) ;
#1796 = DIRECTION ( 'NONE',  ( -0.000000000000000000, -0.000000000000000000, 1.000000000000000000 ) ) ;
#1797 = DIRECTION ( 'NONE',  ( 0.000000000000000000, 1.000000000000000000, 0.000000000000000000 ) ) ;
#1798 = ORIENTED_EDGE ( 'NONE', *, *, #5390, .F. ) ;
#1799 = EDGE_CURVE ( 'NONE', #406, #1187, #6265, .T. ) ;
#1800 = VERTEX_POINT ( 'NONE', #4471 ) ;
#1801 = CARTESIAN_POINT ( 'NONE',  ( 53.19999999999998863, 0.000000000000000000, -6.500000000000000888 ) ) ;
#1802 = ORIENTED_EDGE ( 'NONE', *, *, #3476, .T. ) ;
#1803 = ADVANCED_FACE ( 'NONE', ( #3233 ), #6900, .F. ) ;
#1804 = ORIENTED_EDGE ( 'NONE', *, *, #2932, .T. ) ;
#1805 = CARTESIAN_POINT ( 'NONE',  ( 53.59999999999998721, -0.1681061520596813796, -1.691354341303248576 ) ) ;
#1806 = VERTEX_POINT ( 'NONE', #2097 ) ;
#1807 = ORIENTED_EDGE ( 'NONE', *, *, #1507, .T. ) ;
#1808 = CARTESIAN_POINT ( 'NONE',  ( 50.69999999999999574, -0.6857658333707062903, -7.731734942545648970 ) ) ;
#1809 = DIRECTION ( 'NONE',  ( 0.000000000000000000, -0.4548579571865576932, 0.8905640003863123377 ) ) ;
#1810 = ORIENTED_EDGE ( 'NONE', *, *, #7519, .F. ) ;
#1811 = ORIENTED_EDGE ( 'NONE', *, *, #4106, .F. ) ;
#1812 = CARTESIAN_POINT ( 'NONE',  ( 0.5000000000000000000, 0.000000000000000000, 0.000000000000000000 ) ) ;
#1813 = PLANE ( 'NONE',  #1452 ) ;
#1814 = PRESENTATION_STYLE_ASSIGNMENT (( #4340 ) ) ;
#1815 = EDGE_CURVE ( 'NONE', #6031, #847, #6305, .T. ) ;
#1816 =( LENGTH_UNIT ( ) NAMED_UNIT ( * ) SI_UNIT ( .MILLI., .METRE. ) );
#1817 = ORIENTED_EDGE ( 'NONE', *, *, #4165, .F. ) ;
#1818 = CARTESIAN_POINT ( 'NONE',  ( 53.69999999999998863, 1.214767264119655854, 1.222004050389287944 ) ) ;
#1819 = ORIENTED_EDGE ( 'NONE', *, *, #6116, .T. ) ;
#1820 = ORIENTED_EDGE ( 'NONE', *, *, #4898, .F. ) ;
#1821 = PRESENTATION_STYLE_ASSIGNMENT (( #2409 ) ) ;
#1822 = CARTESIAN_POINT ( 'NONE',  ( 0.000000000000000000, 7.841506350946106707, -13.08188740771269210 ) ) ;
#1823 = CARTESIAN_POINT ( 'NONE',  ( 53.70000000000065654, 0.6828928732814492086, -2.814856912567658132 ) ) ;
#1824 = SURFACE_STYLE_FILL_AREA ( #6710 ) ;
#1825 = CARTESIAN_POINT ( 'NONE',  ( 6.000000000000000000, 13.42339375865876505, 6.250000000000063061 ) ) ;
#1826 = LINE ( 'NONE', #7184, #7200 ) ;
#1827 = AXIS2_PLACEMENT_3D ( 'NONE', #321, #2795, #6989 ) ;
#1828 = ADVANCED_BREP_SHAPE_REPRESENTATION ( 'MC520\X2\7f16780156687535673a6a21578b\X0\-\X2\7ecf51786b3e\X0\', ( #6161, #2722 ), #6530 ) ;
#1829 = AXIS2_PLACEMENT_3D ( 'NONE', #3300, #5793, #3450 ) ;
#1830 = ORIENTED_EDGE ( 'NONE', *, *, #2625, .F. ) ;
#1831 = STYLED_ITEM ( 'NONE', ( #5973 ), #6644 ) ;
#1832 = DIRECTION ( 'NONE',  ( -0.000000000000000000, -1.000000000000000000, -0.000000000000000000 ) ) ;
#1833 = MECHANICAL_DESIGN_GEOMETRIC_PRESENTATION_REPRESENTATION (  '', ( #2701 ), #7400 ) ;
#1834 = CARTESIAN_POINT ( 'NONE',  ( 53.69999999999998863, -1.480062982793924453, -1.691354341303248576 ) ) ;
#1835 = LINE ( 'NONE', #3008, #4108 ) ;
#1836 =( LENGTH_UNIT ( ) NAMED_UNIT ( * ) SI_UNIT ( .MILLI., .METRE. ) );
#1837 = ORIENTED_EDGE ( 'NONE', *, *, #6062, .T. ) ;
#1838 = ORIENTED_EDGE ( 'NONE', *, *, #5670, .F. ) ;
#1839 = STYLED_ITEM ( 'NONE', ( #3222 ), #6896 ) ;
#1840 = EDGE_CURVE ( 'NONE', #1761, #1414, #3278, .T. ) ;
#1841 = DIRECTION ( 'NONE',  ( 0.000000000000000000, -0.8660254037844379305, 0.5000000000000013323 ) ) ;
#1842 = ORIENTED_EDGE ( 'NONE', *, *, #1551, .T. ) ;
#1843 = EDGE_LOOP ( 'NONE', ( #1490, #1318, #7015, #3973 ) ) ;
#1844 = ADVANCED_FACE ( 'NONE', ( #1498 ), #6495, .T. ) ;
#1845 = VECTOR ( 'NONE', #3000, 1000.000000000000000 ) ;
#1846 = FACE_OUTER_BOUND ( 'NONE', #3400, .T. ) ;
#1847 = ADVANCED_FACE ( 'NONE', ( #5264 ), #6684, .T. ) ;
#1848 = VERTEX_POINT ( 'NONE', #1048 ) ;
#1849 = CARTESIAN_POINT ( 'NONE',  ( 53.59999999999999432, -0.1001896595580316351, -2.683318004273699042 ) ) ;
#1850 = ORIENTED_EDGE ( 'NONE', *, *, #6767, .F. ) ;
#1851 = VECTOR ( 'NONE', #4186, 1000.000000000000114 ) ;
#1852 = ORIENTED_EDGE ( 'NONE', *, *, #6260, .T. ) ;
#1853 = EDGE_CURVE ( 'NONE', #1228, #5966, #5974, .T. ) ;
#1854 =( GEOMETRIC_REPRESENTATION_CONTEXT ( 3 ) GLOBAL_UNCERTAINTY_ASSIGNED_CONTEXT ( ( #2020 ) ) GLOBAL_UNIT_ASSIGNED_CONTEXT ( ( #7507, #4502, #6933 ) ) REPRESENTATION_CONTEXT ( 'NONE', 'WORKASPACE' ) );
#1855 = CARTESIAN_POINT ( 'NONE',  ( 53.49999999999999289, -8.750000000000000000, 15.70000000000000284 ) ) ;
#1856 = PLANE ( 'NONE',  #2251 ) ;
#1857 = FACE_BOUND ( 'NONE', #4542, .T. ) ;
#1858 = CARTESIAN_POINT ( 'NONE',  ( 50.69999999999999574, 12.50000000000000000, 1.500000000000000000 ) ) ;
#1859 = EDGE_LOOP ( 'NONE', ( #986, #299, #2390, #2276 ) ) ;
#1860 = PLANE ( 'NONE',  #6319 ) ;
#1861 = DIRECTION ( 'NONE',  ( 0.000000000000000000, -0.9396926207859082059, 0.3420201433256692125 ) ) ;
#1862 = ORIENTED_EDGE ( 'NONE', *, *, #1551, .F. ) ;
#1863 = VECTOR ( 'NONE', #167, 1000.000000000000000 ) ;
#1864 = CARTESIAN_POINT ( 'NONE',  ( 0.000000000000000000, 8.153684686079991195, -14.62259614518684714 ) ) ;
#1865 = LINE ( 'NONE', #6106, #2455 ) ;
#1866 = CARTESIAN_POINT ( 'NONE',  ( 53.69999999999998863, 0.02691445791432760942, -4.232794640439291989 ) ) ;
#1867 = CARTESIAN_POINT ( 'NONE',  ( 48.69999999999999574, 1.250000000000000000, -12.30004063985090568 ) ) ;
#1868 = AXIS2_PLACEMENT_3D ( 'NONE', #4549, #277, #6303 ) ;
#1869 = CARTESIAN_POINT ( 'NONE',  ( 47.69999999999999574, 0.000000000000000000, 0.000000000000000000 ) ) ;
#1870 = CARTESIAN_POINT ( 'NONE',  ( 53.59999999999998721, -1.480062982793924453, 0.6754210344217291828 ) ) ;
#1871 = VECTOR ( 'NONE', #936, 1000.000000000000000 ) ;
#1872 = VECTOR ( 'NONE', #3126, 1000.000000000000000 ) ;
#1873 = ADVANCED_FACE ( 'NONE', ( #4744 ), #2358, .T. ) ;
#1874 = EDGE_LOOP ( 'NONE', ( #6100, #4853, #1039, #133 ) ) ;
#1875 = CIRCLE ( 'NONE', #6045, 17.80000000000000071 ) ;
#1876 = DIRECTION ( 'NONE',  ( -9.831266539110027891E-13, 1.000000000000000000, 0.000000000000000000 ) ) ;
#1877 = CIRCLE ( 'NONE', #7327, 0.2000000000000005107 ) ;
#1878 = CARTESIAN_POINT ( 'NONE',  ( 0.000000000000000000, 7.750000000000006217, 14.92339375865879347 ) ) ;
#1879 = LINE ( 'NONE', #4286, #476 ) ;
#1880 = CARTESIAN_POINT ( 'NONE',  ( 47.69999999999999574, -8.750000000000000000, 15.70000000000000284 ) ) ;
#1881 = EDGE_CURVE ( 'NONE', #2993, #6554, #2202, .T. ) ;
#1882 = ORIENTED_EDGE ( 'NONE', *, *, #3721, .T. ) ;
#1883 = MECHANICAL_DESIGN_GEOMETRIC_PRESENTATION_REPRESENTATION (  '', ( #976 ), #3519 ) ;
#1884 = DIRECTION ( 'NONE',  ( 0.000000000000000000, 0.000000000000000000, -1.000000000000000000 ) ) ;
#1885 = VECTOR ( 'NONE', #2150, 1000.000000000000000 ) ;
#1886 = ORIENTED_EDGE ( 'NONE', *, *, #5766, .T. ) ;
#1887 = VERTEX_POINT ( 'NONE', #2907 ) ;
#1888 = DIRECTION ( 'NONE',  ( -1.000000000000000000, 0.000000000000000000, 0.000000000000000000 ) ) ;
#1889 = AXIS2_PLACEMENT_3D ( 'NONE', #1207, #6177, #6739 ) ;
#1890 = ADVANCED_FACE ( 'NONE', ( #4024 ), #1015, .T. ) ;
#1891 = VECTOR ( 'NONE', #4670, 1000.000000000000000 ) ;
#1892 = LINE ( 'NONE', #4852, #1193 ) ;
#1893 = ORIENTED_EDGE ( 'NONE', *, *, #4509, .T. ) ;
#1894 = DIRECTION ( 'NONE',  ( -0.000000000000000000, -0.9396926207859082059, 0.3420201433256693235 ) ) ;
#1895 = ORIENTED_EDGE ( 'NONE', *, *, #4114, .F. ) ;
#1896 = VECTOR ( 'NONE', #5809, 1000.000000000000000 ) ;
#1897 = EDGE_CURVE ( 'NONE', #6607, #690, #1877, .T. ) ;
#1898 = ORIENTED_EDGE ( 'NONE', *, *, #723, .F. ) ;
#1899 = EDGE_CURVE ( 'NONE', #1197, #5751, #5307, .T. ) ;
#1900 = VECTOR ( 'NONE', #1146, 1000.000000000000000 ) ;
#1901 = DIRECTION ( 'NONE',  ( -1.000000000000000000, 0.000000000000000000, 0.000000000000000000 ) ) ;
#1902 = CARTESIAN_POINT ( 'NONE',  ( 0.000000000000000000, 8.491506350946107062, -14.20772043263246154 ) ) ;
#1903 = PRESENTATION_LAYER_ASSIGNMENT (  '', '', ( #5567 ) ) ;
#1904 = DIRECTION ( 'NONE',  ( 0.000000000000000000, 0.000000000000000000, -1.000000000000000000 ) ) ;
#1905 = ORIENTED_EDGE ( 'NONE', *, *, #5103, .F. ) ;
#1906 = DIRECTION ( 'NONE',  ( 0.000000000000000000, 0.000000000000000000, -1.000000000000000000 ) ) ;
#1907 = DIRECTION ( 'NONE',  ( -1.000000000000000000, 0.000000000000000000, 0.000000000000000000 ) ) ;
#1908 = EDGE_CURVE ( 'NONE', #6669, #4857, #1731, .T. ) ;
#1909 = ORIENTED_EDGE ( 'NONE', *, *, #7829, .T. ) ;
#1910 =( GEOMETRIC_REPRESENTATION_CONTEXT ( 3 ) GLOBAL_UNCERTAINTY_ASSIGNED_CONTEXT ( ( #1377 ) ) GLOBAL_UNIT_ASSIGNED_CONTEXT ( ( #4630, #6948, #1540 ) ) REPRESENTATION_CONTEXT ( 'NONE', 'WORKASPACE' ) );
#1911 = EDGE_CURVE ( 'NONE', #3081, #5967, #7707, .T. ) ;
#1912 = APPLICATION_CONTEXT ( 'automotive_design' ) ;
#1913 = CARTESIAN_POINT ( 'NONE',  ( 47.69999999999999574, 0.000000000000000000, 16.39999999999999858 ) ) ;
#1914 = DIRECTION ( 'NONE',  ( -1.000000000000000000, 0.000000000000000000, 0.000000000000000000 ) ) ;
#1915 = CARTESIAN_POINT ( 'NONE',  ( 50.69999999999999574, -4.957566531502839879, -7.773193300421834984 ) ) ;
#1916 = DIRECTION ( 'NONE',  ( -0.000000000000000000, 0.000000000000000000, -1.000000000000000000 ) ) ;
#1917 = CARTESIAN_POINT ( 'NONE',  ( 53.49999999999999289, 8.750000000000003553, 8.500000000000000000 ) ) ;
#1918 = DIRECTION ( 'NONE',  ( -0.000000000000000000, 0.8660254037844390407, 0.4999999999999992228 ) ) ;
#1919 = VECTOR ( 'NONE', #806, 1000.000000000000227 ) ;
#1920 = ORIENTED_EDGE ( 'NONE', *, *, #142, .T. ) ;
#1921 = DIRECTION ( 'NONE',  ( 1.000000000000000000, 0.000000000000000000, -0.000000000000000000 ) ) ;
#1922 = SURFACE_STYLE_USAGE ( .BOTH. , #79 ) ;
#1923 = SURFACE_STYLE_FILL_AREA ( #1304 ) ;
#1924 = CARTESIAN_POINT ( 'NONE',  ( 53.59999999999998721, 1.551621044983853226, 1.222004050389287944 ) ) ;
#1925 = EDGE_CURVE ( 'NONE', #5685, #4410, #4669, .T. ) ;
#1926 = ORIENTED_EDGE ( 'NONE', *, *, #1144, .T. ) ;
#1927 = FACE_OUTER_BOUND ( 'NONE', #770, .T. ) ;
#1928 = VERTEX_POINT ( 'NONE', #3471 ) ;
#1929 = ORIENTED_EDGE ( 'NONE', *, *, #1776, .T. ) ;
#1930 = CARTESIAN_POINT ( 'NONE',  ( 49.19999999999999574, -12.00000000000000000, -1.500000000000000000 ) ) ;
#1931 = LINE ( 'NONE', #6001, #3351 ) ;
#1932 = ORIENTED_EDGE ( 'NONE', *, *, #4302, .T. ) ;
#1933 = EDGE_LOOP ( 'NONE', ( #974, #3174, #6971, #4132 ) ) ;
#1934 = DIRECTION ( 'NONE',  ( -0.000000000000000000, 1.000000000000000000, -0.000000000000000000 ) ) ;
#1935 = ORIENTED_EDGE ( 'NONE', *, *, #6160, .F. ) ;
#1936 = VERTEX_POINT ( 'NONE', #7753 ) ;
#1937 = DIRECTION ( 'NONE',  ( 0.000000000000000000, 0.000000000000000000, -1.000000000000000000 ) ) ;
#1938 = FILL_AREA_STYLE ('',( #4379 ) ) ;
#1939 = LINE ( 'NONE', #3793, #2216 ) ;
#1940 = ORIENTED_EDGE ( 'NONE', *, *, #2200, .F. ) ;
#1941 = DIRECTION ( 'NONE',  ( 0.000000000000000000, -4.818676322157796389E-16, -1.000000000000000000 ) ) ;
#1942 = LINE ( 'NONE', #3752, #3413 ) ;
#1943 = EDGE_CURVE ( 'NONE', #2729, #4965, #2286, .T. ) ;
#1944 = UNCERTAINTY_MEASURE_WITH_UNIT (LENGTH_MEASURE( 1.000000000000000082E-05 ), #3513, 'distance_accuracy_value', 'NONE');
#1945 = DIRECTION ( 'NONE',  ( 0.000000000000000000, 0.000000000000000000, -1.000000000000000000 ) ) ;
#1946 = EDGE_CURVE ( 'NONE', #1549, #187, #3634, .T. ) ;
#1947 = LINE ( 'NONE', #4236, #5119 ) ;
#1948 = CARTESIAN_POINT ( 'NONE',  ( 47.69999999999999574, 0.000000000000000000, 0.000000000000000000 ) ) ;
#1949 = CARTESIAN_POINT ( 'NONE',  ( 53.59999999999998721, -0.1681061520596813796, -2.194993424973501916 ) ) ;
#1950 = DIRECTION ( 'NONE',  ( 1.000000000000000000, 0.000000000000000000, 0.000000000000000000 ) ) ;
#1951 = EDGE_CURVE ( 'NONE', #3261, #939, #4305, .T. ) ;
#1952 = ORIENTED_EDGE ( 'NONE', *, *, #6741, .T. ) ;
#1953 = DIRECTION ( 'NONE',  ( -0.000000000000000000, 0.8660254037844390407, 0.4999999999999992228 ) ) ;
#1954 = VECTOR ( 'NONE', #5715, 1000.000000000000000 ) ;
#1955 = DIRECTION ( 'NONE',  ( 0.000000000000000000, 0.000000000000000000, -1.000000000000000000 ) ) ;
#1956 =( NAMED_UNIT ( * ) SI_UNIT ( $, .STERADIAN. ) SOLID_ANGLE_UNIT ( ) );
#1957 = PLANE ( 'NONE',  #4525 ) ;
#1958 = ORIENTED_EDGE ( 'NONE', *, *, #1453, .F. ) ;
#1959 = VERTEX_POINT ( 'NONE', #1204 ) ;
#1960 = VECTOR ( 'NONE', #2213, 1000.000000000000000 ) ;
#1961 = EDGE_CURVE ( 'NONE', #5118, #7005, #658, .T. ) ;
#1962 = ORIENTED_EDGE ( 'NONE', *, *, #433, .T. ) ;
#1963 = CARTESIAN_POINT ( 'NONE',  ( 0.000000000000000000, -15.75000000000000000, 0.2500000000000002220 ) ) ;
#1964 = LINE ( 'NONE', #4370, #6918 ) ;
#1966 = AXIS2_PLACEMENT_3D ( 'NONE', #6264, #2711, #2749 ) ;
#1965 = DIRECTION ( 'NONE',  ( 0.000000000000000000, -0.9396926207859083169, 0.3420201433256692125 ) ) ;
#1967 = EDGE_LOOP ( 'NONE', ( #7149, #4467, #3668, #42, #3388, #3575, #5405, #2228, #1830, #2464, #7605, #18 ) ) ;
#1968 = ORIENTED_EDGE ( 'NONE', *, *, #3984, .T. ) ;
#1969 = PRESENTATION_STYLE_ASSIGNMENT (( #1279 ) ) ;
#1970 = CARTESIAN_POINT ( 'NONE',  ( 53.59999999999999432, 0.6828928732814492086, -3.260712111801166824 ) ) ;
#1971 = VERTEX_POINT ( 'NONE', #698 ) ;
#1972 = AXIS2_PLACEMENT_3D ( 'NONE', #3342, #4576, #857 ) ;
#1973 = ADVANCED_FACE ( 'NONE', ( #738 ), #7414, .T. ) ;
#1974 = ORIENTED_EDGE ( 'NONE', *, *, #3826, .F. ) ;
#1975 = CARTESIAN_POINT ( 'NONE',  ( 53.69999999999998863, 0.6542006963442791312, -3.259991601604385725 ) ) ;
#1976 = DIRECTION ( 'NONE',  ( 0.000000000000000000, 0.000000000000000000, -1.000000000000000000 ) ) ;
#1977 =( NAMED_UNIT ( * ) PLANE_ANGLE_UNIT ( ) SI_UNIT ( $, .RADIAN. ) );
#1978 = PLANE ( 'NONE',  #1075 ) ;
#1979 = VERTEX_POINT ( 'NONE', #3067 ) ;
#1980 = DIRECTION ( 'NONE',  ( 0.000000000000000000, 0.000000000000000000, 1.000000000000000000 ) ) ;
#1981 = TOROIDAL_SURFACE ( 'NONE', #5257, 1.300000000000000044, 0.2000000000000000111 ) ;
#1982 = FACE_OUTER_BOUND ( 'NONE', #4976, .T. ) ;
#1983 = AXIS2_PLACEMENT_3D ( 'NONE', #4956, #3160, #6147 ) ;
#1984 = LINE ( 'NONE', #3642, #7316 ) ;
#1985 = DIRECTION ( 'NONE',  ( 0.000000000000000000, 0.000000000000000000, 1.000000000000000000 ) ) ;
#1986 = DIRECTION ( 'NONE',  ( 1.000000000000000000, 0.000000000000000000, 0.000000000000000000 ) ) ;
#1987 = DIRECTION ( 'NONE',  ( -1.000000000000000000, -0.000000000000000000, -0.000000000000000000 ) ) ;
#1988 = ADVANCED_FACE ( 'NONE', ( #2520 ), #144, .F. ) ;
#1989 = CARTESIAN_POINT ( 'NONE',  ( 53.59999999999998721, 0.3637682387785251548, -4.523683967774260850 ) ) ;
#1990 = CARTESIAN_POINT ( 'NONE',  ( 2.000000000000000000, 7.750000000000006217, 13.42339375865879703 ) ) ;
#1991 = ORIENTED_EDGE ( 'NONE', *, *, #2854, .F. ) ;
#1992 = ADVANCED_FACE ( 'NONE', ( #4943 ), #2478, .F. ) ;
#1993 = CARTESIAN_POINT ( 'NONE',  ( 0.5000000000000004441, 0.000000000000000000, 0.000000000000000000 ) ) ;
#1994 = FACE_OUTER_BOUND ( 'NONE', #3447, .T. ) ;
#1995 = AXIS2_PLACEMENT_3D ( 'NONE', #669, #73, #7426 ) ;
#1996 = VERTEX_POINT ( 'NONE', #4222 ) ;
#1997 = DIRECTION ( 'NONE',  ( -1.000000000000000000, 0.000000000000000000, -0.000000000000000000 ) ) ;
#1998 = ADVANCED_FACE ( 'NONE', ( #7335 ), #1856, .T. ) ;
#1999 = EDGE_LOOP ( 'NONE', ( #4524, #4329, #5493, #583 ) ) ;
#2000 = VECTOR ( 'NONE', #7192, 1000.000000000000000 ) ;
#2001 = STYLED_ITEM ( 'NONE', ( #2683 ), #1444 ) ;
#2002 = ORIENTED_EDGE ( 'NONE', *, *, #670, .F. ) ;
#2003 = CARTESIAN_POINT ( 'NONE',  ( 53.70000000000065654, 0.6828928732814492086, -2.814856912567658132 ) ) ;
#2004 = CARTESIAN_POINT ( 'NONE',  ( 0.5000000000000000000, 0.000000000000000000, 0.000000000000000000 ) ) ;
#2005 = STYLED_ITEM ( 'NONE', ( #2299 ), #3280 ) ;
#2006 = EDGE_LOOP ( 'NONE', ( #431, #4446, #5760, #721, #16, #665, #2434, #5519 ) ) ;
#2007 = LINE ( 'NONE', #2805, #7617 ) ;
#2008 = ORIENTED_EDGE ( 'NONE', *, *, #3117, .F. ) ;
#2009 = AXIS2_PLACEMENT_3D ( 'NONE', #6813, #3189, #3795 ) ;
#2010 = ORIENTED_EDGE ( 'NONE', *, *, #411, .F. ) ;
#2011 = DIRECTION ( 'NONE',  ( -1.000000000000000000, 0.000000000000000000, 0.000000000000000000 ) ) ;
#2012 = CARTESIAN_POINT ( 'NONE',  ( 53.59999999999998721, -0.5404182256464260536, 0.4042307585992851449 ) ) ;
#2013 = DIRECTION ( 'NONE',  ( -1.000000000000000000, -0.000000000000000000, -0.000000000000000000 ) ) ;
#2014 = ORIENTED_EDGE ( 'NONE', *, *, #2958, .T. ) ;
#2015 = PRESENTATION_STYLE_ASSIGNMENT (( #6859 ) ) ;
#2016 = STYLED_ITEM ( 'NONE', ( #5377 ), #4005 ) ;
#2017 = ADVANCED_FACE ( 'NONE', ( #1285 ), #7292, .F. ) ;
#2018 = DIRECTION ( 'NONE',  ( 0.000000000000000000, 0.000000000000000000, -1.000000000000000000 ) ) ;
#2019 = VECTOR ( 'NONE', #3286, 1000.000000000000000 ) ;
#2020 = UNCERTAINTY_MEASURE_WITH_UNIT (LENGTH_MEASURE( 1.000000000000000082E-05 ), #7507, 'distance_accuracy_value', 'NONE');
#2021 = VECTOR ( 'NONE', #7450, 1000.000000000000000 ) ;
#2022 = LINE ( 'NONE', #4428, #4130 ) ;
#2023 = CARTESIAN_POINT ( 'NONE',  ( 47.69999999999999574, -12.50000000000000000, 1.500000000000000222 ) ) ;
#2024 = FACE_OUTER_BOUND ( 'NONE', #3465, .T. ) ;
#2025 = SURFACE_STYLE_FILL_AREA ( #2676 ) ;
#2026 = LINE ( 'NONE', #4432, #3631 ) ;
#2027 = DIRECTION ( 'NONE',  ( 0.000000000000000000, 0.9607857596242427300, 0.2772917671032933962 ) ) ;
#2028 = DIRECTION ( 'NONE',  ( -0.000000000000000000, -1.000000000000000000, -0.000000000000000000 ) ) ;
#2029 = VECTOR ( 'NONE', #4755, 999.9999999999998863 ) ;
#2030 = ORIENTED_EDGE ( 'NONE', *, *, #5183, .F. ) ;
#2031 = DIRECTION ( 'NONE',  ( -1.000000000000000000, 0.000000000000000000, 0.000000000000000000 ) ) ;
#2032 = DIRECTION ( 'NONE',  ( 1.000000000000000000, -0.000000000000000000, -0.000000000000000000 ) ) ;
#2033 = CARTESIAN_POINT ( 'NONE',  ( 0.000000000000000000, -15.50000000000000000, -1.500000000000000888 ) ) ;
#2034 = CARTESIAN_POINT ( 'NONE',  ( 47.69999999999999574, -12.50000000000000000, -1.500000000000000222 ) ) ;
#2035 = DIRECTION ( 'NONE',  ( 0.000000000000000000, 0.000000000000000000, -1.000000000000000000 ) ) ;
#2036 = ORIENTED_EDGE ( 'NONE', *, *, #4318, .T. ) ;
#2037 = COLOUR_RGB ( '',0.8941176470588234615, 0.9137254901960784048, 0.9294117647058823817 ) ;
#2038 = EDGE_CURVE ( 'NONE', #3978, #3548, #6372, .T. ) ;
#2039 = DIRECTION ( 'NONE',  ( 0.000000000000000000, 0.4999999999999992784, -0.8660254037844390407 ) ) ;
#2040 = VERTEX_POINT ( 'NONE', #6336 ) ;
#2041 = CARTESIAN_POINT ( 'NONE',  ( 53.60000000000000142, 0.6600932771839908009, -2.814477769395056228 ) ) ;
#2042 = FACE_OUTER_BOUND ( 'NONE', #1597, .T. ) ;
#2043 = ADVANCED_FACE ( 'NONE', ( #5698 ), #6256, .T. ) ;
#2044 = CARTESIAN_POINT ( 'NONE',  ( 52.89999999999999147, -8.750000000000000000, 15.70000000000000284 ) ) ;
#2045 = ORIENTED_EDGE ( 'NONE', *, *, #307, .T. ) ;
#2046 = FACE_OUTER_BOUND ( 'NONE', #6887, .T. ) ;
#2047 = EDGE_CURVE ( 'NONE', #4295, #85, #302, .T. ) ;
#2048 = CARTESIAN_POINT ( 'NONE',  ( 0.000000000000000000, 7.008493649053896490, 12.63906708468513784 ) ) ;
#2049 = ORIENTED_EDGE ( 'NONE', *, *, #7831, .T. ) ;
#2050 = VERTEX_POINT ( 'NONE', #5616 ) ;
#2051 = SURFACE_STYLE_FILL_AREA ( #3791 ) ;
#2052 = DIRECTION ( 'NONE',  ( 0.000000000000000000, -0.8833213751622164267, 0.4687679043850280780 ) ) ;
#2053 = DIRECTION ( 'NONE',  ( 0.000000000000000000, 0.000000000000000000, -1.000000000000000000 ) ) ;
#2054 = CARTESIAN_POINT ( 'NONE',  ( 0.000000000000000000, 0.000000000000000000, 0.000000000000000000 ) ) ;
#2055 = ORIENTED_EDGE ( 'NONE', *, *, #1689, .F. ) ;
#2056 = CARTESIAN_POINT ( 'NONE',  ( 48.69999999999999574, -1.250000000000000000, -11.00000000000000000 ) ) ;
#2057 = LINE ( 'NONE', #1605, #5323 ) ;
#2058 = EDGE_CURVE ( 'NONE', #3457, #1527, #2587, .T. ) ;
#2059 = DIRECTION ( 'NONE',  ( 0.000000000000000000, 4.818676322157796389E-16, 1.000000000000000000 ) ) ;
#2060 = LINE ( 'NONE', #4470, #7555 ) ;
#2061 =( NAMED_UNIT ( * ) SI_UNIT ( $, .STERADIAN. ) SOLID_ANGLE_UNIT ( ) );
#2062 = DIRECTION ( 'NONE',  ( 0.000000000000000000, 0.000000000000000000, 1.000000000000000000 ) ) ;
#2063 = CARTESIAN_POINT ( 'NONE',  ( 46.09999999999999432, -13.03976505953749232, -10.00383258696652611 ) ) ;
#2064 = DIRECTION ( 'NONE',  ( 0.000000000000000000, 4.818676322157796389E-16, -1.000000000000000000 ) ) ;
#2065 = CARTESIAN_POINT ( 'NONE',  ( 53.59999999999999432, 1.549630719765286768, -2.326482213841797098 ) ) ;
#2066 = EDGE_LOOP ( 'NONE', ( #5719, #7210, #7821, #5055, #7508, #6474, #3842, #6246, #736, #6795, #7339, #6327 ) ) ;
#2067 = FACE_BOUND ( 'NONE', #3986, .T. ) ;
#2068 = CARTESIAN_POINT ( 'NONE',  ( 53.59999999999998721, -1.480062982793924453, 2.442031974065075772 ) ) ;
#2069 = CARTESIAN_POINT ( 'NONE',  ( 2.000000000000000000, 7.749999999999998224, -14.92339375865880235 ) ) ;
#2070 = CARTESIAN_POINT ( 'NONE',  ( 53.59999999999998721, -1.480062982793924453, -1.246155777120157016 ) ) ;
#2071 = EDGE_CURVE ( 'NONE', #390, #2040, #7542, .T. ) ;
#2072 = DIRECTION ( 'NONE',  ( 0.000000000000000000, 0.000000000000000000, 1.000000000000000000 ) ) ;
#2073 = ORIENTED_EDGE ( 'NONE', *, *, #1772, .T. ) ;
#2074 = DIRECTION ( 'NONE',  ( -1.000000000000000000, 0.000000000000000000, 0.000000000000000000 ) ) ;
#2075 = CARTESIAN_POINT ( 'NONE',  ( 0.000000000000000000, 8.586697387972222373, 14.37259614518684181 ) ) ;
#2076 = DIRECTION ( 'NONE',  ( 1.000000000000000000, -0.000000000000000000, -0.000000000000000000 ) ) ;
#2077 = CARTESIAN_POINT ( 'NONE',  ( 53.59999999999999432, 1.161218745737827573, -2.497302951033008256 ) ) ;
#2078 = DIRECTION ( 'NONE',  ( 0.000000000000000000, 0.000000000000000000, 1.000000000000000000 ) ) ;
#2079 = EDGE_CURVE ( 'NONE', #7810, #3667, #5765, .T. ) ;
#2080 = VERTEX_POINT ( 'NONE', #3223 ) ;
#2081 = DIRECTION ( 'NONE',  ( 0.000000000000000000, 0.000000000000000000, 1.000000000000000000 ) ) ;
#2082 = AXIS2_PLACEMENT_3D ( 'NONE', #1303, #794, #1955 ) ;
#2083 = CARTESIAN_POINT ( 'NONE',  ( 6.000000000000000000, 13.42339375865881657, -7.749999999999968914 ) ) ;
#2084 = ORIENTED_EDGE ( 'NONE', *, *, #6201, .T. ) ;
#2085 = VERTEX_POINT ( 'NONE', #225 ) ;
#2086 = COLOUR_RGB ( '',1.000000000000000000, 1.000000000000000000, 1.000000000000000000 ) ;
#2087 = VECTOR ( 'NONE', #7512, 1000.000000000000000 ) ;
#2088 = EDGE_CURVE ( 'NONE', #780, #2080, #6972, .T. ) ;
#2089 = CARTESIAN_POINT ( 'NONE',  ( 53.59999999999998721, 1.587079337706400306, -0.2156327289948717363 ) ) ;
#2090 = DIRECTION ( 'NONE',  ( 0.000000000000000000, 0.8700733748761704245, 0.4929222274675700843 ) ) ;
#2091 = ORIENTED_EDGE ( 'NONE', *, *, #7639, .F. ) ;
#2092 = DIRECTION ( 'NONE',  ( 0.000000000000000000, 0.000000000000000000, 1.000000000000000000 ) ) ;
#2093 = EDGE_CURVE ( 'NONE', #6095, #1627, #1489, .T. ) ;
#2094 = CARTESIAN_POINT ( 'NONE',  ( 53.59999999999999432, 0.4945305678192352672, -2.792118302881366976 ) ) ;
#2095 = CARTESIAN_POINT ( 'NONE',  ( 53.69999999999998863, 1.551621044983853226, -5.027323051444513524 ) ) ;
#2096 = VECTOR ( 'NONE', #2115, 1000.000000000000000 ) ;
#2097 = CARTESIAN_POINT ( 'NONE',  ( 0.000000000000000000, 8.153684686079991195, -14.62259614518684714 ) ) ;
#2098 = CARTESIAN_POINT ( 'NONE',  ( 53.59999999999998721, 0.8779134832554581491, -0.04096780558380651999 ) ) ;
#2099 = CARTESIAN_POINT ( 'NONE',  ( 46.10000000000000142, -10.00383258696652611, -13.03976505953749410 ) ) ;
#2100 = CARTESIAN_POINT ( 'NONE',  ( 53.69999999999998863, 1.214767264119655854, 3.216861333557771374 ) ) ;
#2101 = CARTESIAN_POINT ( 'NONE',  ( 0.000000000000000000, 7.441506350946116122, 12.38906708468513784 ) ) ;
#2102 = UNCERTAINTY_MEASURE_WITH_UNIT (LENGTH_MEASURE( 1.000000000000000082E-05 ), #96, 'distance_accuracy_value', 'NONE');
#2103 = DIRECTION ( 'NONE',  ( 0.000000000000000000, -0.8833213751622164267, 0.4687679043850280780 ) ) ;
#2104 = FACE_OUTER_BOUND ( 'NONE', #1238, .T. ) ;
#2105 = CARTESIAN_POINT ( 'NONE',  ( 49.19999999999999574, 12.00000000000000000, 0.000000000000000000 ) ) ;
#2106 = CARTESIAN_POINT ( 'NONE',  ( 0.000000000000000000, 7.408493649053896846, 13.33188740771268677 ) ) ;
#2107 = EDGE_CURVE ( 'NONE', #7117, #3055, #5137, .T. ) ;
#2108 = ORIENTED_EDGE ( 'NONE', *, *, #7543, .F. ) ;
#2109 =( LENGTH_UNIT ( ) NAMED_UNIT ( * ) SI_UNIT ( .MILLI., .METRE. ) );
#2110 = VERTEX_POINT ( 'NONE', #5733 ) ;
#2111 = CIRCLE ( 'NONE', #6293, 10.00000000000000000 ) ;
#2112 = ADVANCED_FACE ( 'NONE', ( #6856 ), #2704, .T. ) ;
#2113 = CARTESIAN_POINT ( 'NONE',  ( 53.70000000000000995, 1.438086948836662327, -2.813343520132479458 ) ) ;
#2114 = CARTESIAN_POINT ( 'NONE',  ( 53.60000000000000853, 1.207262343466957599, -2.286987149194054325 ) ) ;
#2115 = DIRECTION ( 'NONE',  ( 1.000000000000000000, -0.000000000000000000, -0.000000000000000000 ) ) ;
#2116 = STYLED_ITEM ( 'NONE', ( #1821 ), #818 ) ;
#2117 = ORIENTED_EDGE ( 'NONE', *, *, #5848, .T. ) ;
#2118 = CARTESIAN_POINT ( 'NONE',  ( -8.300000000000002487, 4.500000000000000888, -1.658312395177700793 ) ) ;
#2119 = VECTOR ( 'NONE', #145, 1000.000000000000000 ) ;
#2120 = VECTOR ( 'NONE', #4596, 1000.000000000000000 ) ;
#2121 = EDGE_LOOP ( 'NONE', ( #4328, #3652 ) ) ;
#2122 = ADVANCED_FACE ( 'NONE', ( #1412 ), #5063, .T. ) ;
#2123 = VERTEX_POINT ( 'NONE', #1562 ) ;
#2124 = VECTOR ( 'NONE', #4606, 999.9999999999998863 ) ;
#2125 = VECTOR ( 'NONE', #3158, 1000.000000000000000 ) ;
#2126 = CARTESIAN_POINT ( 'NONE',  ( 53.69999999999998863, -1.480062982793924453, -2.892339848516927603 ) ) ;
#2127 = ORIENTED_EDGE ( 'NONE', *, *, #7682, .F. ) ;
#2128 = CARTESIAN_POINT ( 'NONE',  ( 6.000000000000000000, 13.42339375865876505, 9.250000000000063949 ) ) ;
#2129 = AXIS2_PLACEMENT_3D ( 'NONE', #3296, #2039, #6916 ) ;
#2130 = EDGE_CURVE ( 'NONE', #4967, #6094, #858, .T. ) ;
#2131 = PLANE ( 'NONE',  #6416 ) ;
#2132 = CARTESIAN_POINT ( 'NONE',  ( 0.000000000000000000, 8.784326673973666288, 13.11490010960490515 ) ) ;
#2133 = CARTESIAN_POINT ( 'NONE',  ( 6.000000000000000000, -13.42339375865870998, -6.250000000000156319 ) ) ;
#2134 = DIRECTION ( 'NONE',  ( 0.000000000000000000, 1.224646799147349509E-16, 1.000000000000000000 ) ) ;
#2135 = AXIS2_PLACEMENT_3D ( 'NONE', #3154, #3678, #1980 ) ;
#2136 = EDGE_CURVE ( 'NONE', #5496, #5697, #1734, .T. ) ;
#2137 = CARTESIAN_POINT ( 'NONE',  ( 46.09999999999999432, -15.56238811527273747, 5.284336797139824071 ) ) ;
#2138 = ORIENTED_EDGE ( 'NONE', *, *, #1685, .F. ) ;
#2139 = PLANE ( 'NONE',  #4664 ) ;
#2140 = CARTESIAN_POINT ( 'NONE',  ( 53.59999999999998721, 0.8954199787063604754, -3.244256100308041013 ) ) ;
#2141 = EDGE_CURVE ( 'NONE', #4043, #4199, #4051, .T. ) ;
#2142 = PRESENTATION_LAYER_ASSIGNMENT (  '', '', ( #2757 ) ) ;
#2143 = CARTESIAN_POINT ( 'NONE',  ( 0.000000000000000000, 8.491506350946107062, -14.20772043263246154 ) ) ;
#2144 = DIRECTION ( 'NONE',  ( 0.000000000000000000, 0.000000000000000000, 1.000000000000000000 ) ) ;
#2145 = DIRECTION ( 'NONE',  ( 0.000000000000000000, -0.5000000000000008882, -0.8660254037844381525 ) ) ;
#2146 = AXIS2_PLACEMENT_3D ( 'NONE', #5687, #1552, #840 ) ;
#2147 = DIRECTION ( 'NONE',  ( 0.000000000000000000, 0.8684849720325527045, -0.4957154963823665050 ) ) ;
#2148 = AXIS2_PLACEMENT_3D ( 'NONE', #3200, #4206, #5594 ) ;
#2149 = ORIENTED_EDGE ( 'NONE', *, *, #6299, .T. ) ;
#2150 = DIRECTION ( 'NONE',  ( -0.000000000000000000, -1.000000000000000000, -0.000000000000000000 ) ) ;
#2151 = AXIS2_PLACEMENT_3D ( 'NONE', #5469, #7298, #1861 ) ;
#2152 = CARTESIAN_POINT ( 'NONE',  ( 0.000000000000000000, 8.534326673973657407, -12.68188740771269352 ) ) ;
#2153 = CARTESIAN_POINT ( 'NONE',  ( 53.69999999999998863, 1.551621044983853226, -2.214692476486026518 ) ) ;
#2154 = CARTESIAN_POINT ( 'NONE',  ( 53.70000000000065654, 1.214767264119656076, -2.117510489024231557 ) ) ;
#2155 = EDGE_CURVE ( 'NONE', #719, #4164, #6054, .T. ) ;
#2156 = ORIENTED_EDGE ( 'NONE', *, *, #2047, .T. ) ;
#2157 = DIRECTION ( 'NONE',  ( 0.000000000000000000, -1.000000000000000000, 0.000000000000000000 ) ) ;
#2158 = AXIS2_PLACEMENT_3D ( 'NONE', #5810, #6341, #5068 ) ;
#2159 = FACE_OUTER_BOUND ( 'NONE', #4191, .T. ) ;
#2160 = EDGE_LOOP ( 'NONE', ( #1538, #7814, #3563, #6128 ) ) ;
#2161 = ORIENTED_EDGE ( 'NONE', *, *, #6840, .F. ) ;
#2162 = CARTESIAN_POINT ( 'NONE',  ( -19.80000000000000071, 7.000000000000000000, 0.000000000000000000 ) ) ;
#2163 = DIRECTION ( 'NONE',  ( 0.000000000000000000, 0.000000000000000000, 1.000000000000000000 ) ) ;
#2164 = ORIENTED_EDGE ( 'NONE', *, *, #3727, .F. ) ;
#2165 = CARTESIAN_POINT ( 'NONE',  ( 47.69999999999999574, -4.957566531502839879, -7.773193300421834984 ) ) ;
#2166 = CARTESIAN_POINT ( 'NONE',  ( 48.29999999999999716, 8.150000000000003908, 10.20000000000000284 ) ) ;
#2167 = EDGE_LOOP ( 'NONE', ( #4753, #6649 ) ) ;
#2168 = CARTESIAN_POINT ( 'NONE',  ( 53.70000000000064944, 0.1700606077003709304, -2.271274858511878048 ) ) ;
#2169 = FILL_AREA_STYLE_COLOUR ( '', #4781 ) ;
#2170 = PLANE ( 'NONE',  #4641 ) ;
#2171 = CARTESIAN_POINT ( 'NONE',  ( 46.09999999999999432, -15.87547303844860380, -4.252234123549623490 ) ) ;
#2172 = ORIENTED_EDGE ( 'NONE', *, *, #6218, .F. ) ;
#2173 = DIRECTION ( 'NONE',  ( -1.000000000000000000, 0.000000000000000000, 0.000000000000000000 ) ) ;
#2174 = EDGE_CURVE ( 'NONE', #5425, #1583, #1601, .T. ) ;
#2175 = DIRECTION ( 'NONE',  ( -1.000000000000000000, -0.000000000000000000, -0.000000000000000000 ) ) ;
#2176 = EDGE_CURVE ( 'NONE', #1221, #1531, #1078, .T. ) ;
#2177 = PLANE ( 'NONE',  #4806 ) ;
#2178 = CARTESIAN_POINT ( 'NONE',  ( 50.69999999999999574, -4.444536316514335006, -6.363654369242972564 ) ) ;
#2179 = EDGE_CURVE ( 'NONE', #7278, #7477, #6521, .T. ) ;
#2180 = CYLINDRICAL_SURFACE ( 'NONE', #7599, 1.500000000000000000 ) ;
#2181 = ORIENTED_EDGE ( 'NONE', *, *, #4752, .T. ) ;
#2182 = EDGE_CURVE ( 'NONE', #7411, #1704, #5677, .T. ) ;
#2183 = CARTESIAN_POINT ( 'NONE',  ( 50.69999999999999574, 12.00000000000000000, 1.500000000000000000 ) ) ;
#2184 = EDGE_LOOP ( 'NONE', ( #407, #7406, #2387, #1811 ) ) ;
#2185 = CARTESIAN_POINT ( 'NONE',  ( 51.89999999999998437, -18.30000000000000071, 12.20000000000000284 ) ) ;
#2186 = CARTESIAN_POINT ( 'NONE',  ( 53.70000000000065654, 1.161218745737827573, -2.497302951033008256 ) ) ;
#2187 = DIRECTION ( 'NONE',  ( 0.000000000000000000, 0.000000000000000000, 1.000000000000000000 ) ) ;
#2188 = ORIENTED_EDGE ( 'NONE', *, *, #5595, .T. ) ;
#2189 = PLANE ( 'NONE',  #5944 ) ;
#2190 = DIRECTION ( 'NONE',  ( 1.000000000000000000, -0.000000000000000000, -0.000000000000000000 ) ) ;
#2191 = ORIENTED_EDGE ( 'NONE', *, *, #4752, .F. ) ;
#2192 = VERTEX_POINT ( 'NONE', #1513 ) ;
#2193 = CARTESIAN_POINT ( 'NONE',  ( 44.50000000000000711, 15.55764348474978753, -5.282725718848023888 ) ) ;
#2194 = ORIENTED_EDGE ( 'NONE', *, *, #7077, .T. ) ;
#2195 = DIRECTION ( 'NONE',  ( 1.000000000000000000, 0.000000000000000000, 0.000000000000000000 ) ) ;
#2196 = EDGE_CURVE ( 'NONE', #690, #3703, #4914, .T. ) ;
#2197 = ORIENTED_EDGE ( 'NONE', *, *, #6774, .F. ) ;
#2198 = DIRECTION ( 'NONE',  ( 0.000000000000000000, 0.4693490929648774790, -0.8830127003237534522 ) ) ;
#2199 = DIRECTION ( 'NONE',  ( -1.000000000000000000, -0.000000000000000000, -0.000000000000000000 ) ) ;
#2200 = EDGE_CURVE ( 'NONE', #1959, #2993, #2765, .T. ) ;
#2201 = FACE_OUTER_BOUND ( 'NONE', #1999, .T. ) ;
#2202 = LINE ( 'NONE', #548, #856 ) ;
#2203 = LINE ( 'NONE', #3435, #2873 ) ;
#2204 = CARTESIAN_POINT ( 'NONE',  ( 46.10000000000000142, -15.56238811527273924, -5.284336797139828512 ) ) ;
#2205 = ORIENTED_EDGE ( 'NONE', *, *, #1396, .T. ) ;
#2206 = FACE_OUTER_BOUND ( 'NONE', #536, .T. ) ;
#2207 = VECTOR ( 'NONE', #1047, 1000.000000000000000 ) ;
#2208 = LINE ( 'NONE', #1462, #383 ) ;
#2209 = AXIS2_PLACEMENT_3D ( 'NONE', #2004, #1403, #2618 ) ;
#2210 = PRODUCT_DEFINITION ( '未知', '', #7308, #7421 ) ;
#2211 = CARTESIAN_POINT ( 'NONE',  ( 0.000000000000000000, 7.441506350946108128, -12.38906708468514140 ) ) ;
#2212 = CIRCLE ( 'NONE', #5999, 7.000000000000000000 ) ;
#2213 = DIRECTION ( 'NONE',  ( 1.000000000000000000, -0.000000000000000000, -0.000000000000000000 ) ) ;
#2214 = FACE_OUTER_BOUND ( 'NONE', #700, .T. ) ;
#2215 = CARTESIAN_POINT ( 'NONE',  ( 47.69999999999999574, 0.000000000000000000, 0.000000000000000000 ) ) ;
#2216 = VECTOR ( 'NONE', #6222, 1000.000000000000000 ) ;
#2217 = ADVANCED_FACE ( 'NONE', ( #5721 ), #4487, .F. ) ;
#2218 = ORIENTED_EDGE ( 'NONE', *, *, #5286, .F. ) ;
#2219 = CARTESIAN_POINT ( 'NONE',  ( 53.59999999999998721, -1.480062982793924453, 5.119395728637549325 ) ) ;
#2220 = DIRECTION ( 'NONE',  ( 0.000000000000000000, 0.8660254037844433705, -0.4999999999999920064 ) ) ;
#2221 = FILL_AREA_STYLE_COLOUR ( '', #2086 ) ;
#2222 = LINE ( 'NONE', #7729, #5917 ) ;
#2223 = ORIENTED_EDGE ( 'NONE', *, *, #4985, .F. ) ;
#2224 = CARTESIAN_POINT ( 'NONE',  ( -19.80000000000000071, 7.000000000000000000, 3.000000000000000000 ) ) ;
#2225 = LINE ( 'NONE', #415, #4045 ) ;
#2226 = ORIENTED_EDGE ( 'NONE', *, *, #562, .F. ) ;
#2227 = PRESENTATION_LAYER_ASSIGNMENT (  '', '', ( #964 ) ) ;
#2228 = ORIENTED_EDGE ( 'NONE', *, *, #873, .F. ) ;
#2229 = DIRECTION ( 'NONE',  ( 0.000000000000000000, -1.000000000000000000, 4.336808689942013792E-16 ) ) ;
#2230 = AXIS2_PLACEMENT_3D ( 'NONE', #236, #6306, #3914 ) ;
#2231 = EDGE_LOOP ( 'NONE', ( #4086, #6048, #7748, #3732 ) ) ;
#2232 = CIRCLE ( 'NONE', #5282, 1.500000000000001110 ) ;
#2233 = VERTEX_POINT ( 'NONE', #4527 ) ;
#2234 = CYLINDRICAL_SURFACE ( 'NONE', #3011, 6.000000000000000888 ) ;
#2235 = LINE ( 'NONE', #5576, #5069 ) ;
#2236 = ORIENTED_EDGE ( 'NONE', *, *, #7768, .F. ) ;
#2237 = CIRCLE ( 'NONE', #7195, 1.500000000000000000 ) ;
#2238 =( GEOMETRIC_REPRESENTATION_CONTEXT ( 3 ) GLOBAL_UNCERTAINTY_ASSIGNED_CONTEXT ( ( #4793 ) ) GLOBAL_UNIT_ASSIGNED_CONTEXT ( ( #7050, #1086, #470 ) ) REPRESENTATION_CONTEXT ( 'NONE', 'WORKASPACE' ) );
#2239 = ORIENTED_EDGE ( 'NONE', *, *, #3824, .T. ) ;
#2240 = CARTESIAN_POINT ( 'NONE',  ( 53.59999999999998721, 0.7918731480083657237, -3.258311381397733797 ) ) ;
#2241 = DIRECTION ( 'NONE',  ( -0.000000000000000000, 1.000000000000000000, -0.000000000000000000 ) ) ;
#2242 = FACE_OUTER_BOUND ( 'NONE', #3070, .T. ) ;
#2243 = DIRECTION ( 'NONE',  ( 0.000000000000000000, -0.7566819109566098600, 0.6537832099641693873 ) ) ;
#2244 = DIRECTION ( 'NONE',  ( 1.000000000000000000, -0.000000000000000000, -0.000000000000000000 ) ) ;
#2245 = EDGE_CURVE ( 'NONE', #6554, #2259, #4600, .T. ) ;
#2246 = DIRECTION ( 'NONE',  ( -1.000000000000000000, -0.000000000000000000, -0.000000000000000000 ) ) ;
#2247 = VERTEX_POINT ( 'NONE', #2614 ) ;
#2248 = CARTESIAN_POINT ( 'NONE',  ( 53.59999999999998010, 1.180468634496714131, -2.433347574860236673 ) ) ;
#2249 = AXIS2_PLACEMENT_3D ( 'NONE', #1924, #4881, #2459 ) ;
#2251 = AXIS2_PLACEMENT_3D ( 'NONE', #7250, #4860, #7377 ) ;
#2250 = CARTESIAN_POINT ( 'NONE',  ( 53.59999999999998721, -0.2390227375047755398, 4.460790773068757709 ) ) ;
#2252 = VECTOR ( 'NONE', #7134, 1000.000000000000227 ) ;
#2253 = DIRECTION ( 'NONE',  ( 1.000000000000000000, -0.000000000000000000, -0.000000000000000000 ) ) ;
#2254 = AXIS2_PLACEMENT_3D ( 'NONE', #1658, #2824, #6576 ) ;
#2255 = CYLINDRICAL_SURFACE ( 'NONE', #5752, 1.500000000000000000 ) ;
#2256 = PRESENTATION_STYLE_ASSIGNMENT (( #1061 ) ) ;
#2257 = CARTESIAN_POINT ( 'NONE',  ( 21.50000000000000000, 0.000000000000000000, -17.30000000000000071 ) ) ;
#2258 = DIRECTION ( 'NONE',  ( -1.000000000000000000, 0.000000000000000000, 0.000000000000000000 ) ) ;
#2259 = VERTEX_POINT ( 'NONE', #4566 ) ;
#2260 = CIRCLE ( 'NONE', #5566, 1.500000000000001332 ) ;
#2261 = CYLINDRICAL_SURFACE ( 'NONE', #6204, 1.499999999999996225 ) ;
#2262 = CARTESIAN_POINT ( 'NONE',  ( 44.50000000000001421, -5.282725718848012342, -15.55764348474979641 ) ) ;
#2263 = SURFACE_STYLE_FILL_AREA ( #6034 ) ;
#2264 = PRESENTATION_LAYER_ASSIGNMENT (  '', '', ( #7484 ) ) ;
#2265 = DIRECTION ( 'NONE',  ( -0.000000000000000000, 0.8660254037844381525, -0.5000000000000008882 ) ) ;
#2266 = ORIENTED_EDGE ( 'NONE', *, *, #3381, .T. ) ;
#2267 = DIRECTION ( 'NONE',  ( 0.000000000000000000, 0.000000000000000000, 1.000000000000000000 ) ) ;
#2268 = EDGE_CURVE ( 'NONE', #829, #7117, #6994, .T. ) ;
#2269 = CARTESIAN_POINT ( 'NONE',  ( 46.10000000000000142, 7.267679784435100210, 14.74086055109746773 ) ) ;
#2270 = VERTEX_POINT ( 'NONE', #7565 ) ;
#2271 = COLOUR_RGB ( '',0.8941176470588234615, 0.9137254901960784048, 0.9294117647058823817 ) ;
#2272 = ORIENTED_EDGE ( 'NONE', *, *, #774, .T. ) ;
#2273 = CARTESIAN_POINT ( 'NONE',  ( 44.50000000000000000, 10.00078263800708100, 13.03578952140959402 ) ) ;
#2274 = VECTOR ( 'NONE', #7329, 1000.000000000000114 ) ;
#2275 = ADVANCED_FACE ( 'NONE', ( #3959 ), #6394, .T. ) ;
#2276 = ORIENTED_EDGE ( 'NONE', *, *, #3721, .F. ) ;
#2277 = EDGE_LOOP ( 'NONE', ( #6085, #2855 ) ) ;
#2278 = SURFACE_STYLE_USAGE ( .BOTH. , #460 ) ;
#2279 = CARTESIAN_POINT ( 'NONE',  ( 6.000000000000000000, 0.000000000000000000, -13.99999999999999822 ) ) ;
#2280 = ORIENTED_EDGE ( 'NONE', *, *, #1504, .F. ) ;
#2281 = CIRCLE ( 'NONE', #3295, 0.5000000000000004441 ) ;
#2282 = EDGE_LOOP ( 'NONE', ( #5051, #7492, #2366, #3425, #5730, #387, #1559, #5649, #7827, #4616 ) ) ;
#2283 = CARTESIAN_POINT ( 'NONE',  ( 53.69999999999998863, 1.230988985818111114, -3.099285231585891864 ) ) ;
#2284 = DIRECTION ( 'NONE',  ( -1.000000000000000000, 0.000000000000000000, 0.000000000000000000 ) ) ;
#2285 = PRESENTATION_STYLE_ASSIGNMENT (( #469 ) ) ;
#2286 = LINE ( 'NONE', #7130, #3897 ) ;
#2287 = CARTESIAN_POINT ( 'NONE',  ( 0.5000000000000000000, 7.163571428571426480, -9.998662129892933237 ) ) ;
#2288 = DIRECTION ( 'NONE',  ( 0.000000000000000000, -0.7754410774757267699, 0.6314199358297803988 ) ) ;
#2289 = ORIENTED_EDGE ( 'NONE', *, *, #5331, .F. ) ;
#2290 = CARTESIAN_POINT ( 'NONE',  ( 53.59999999999996589, 0.9046468922608165153, -2.774555938146442191 ) ) ;
#2291 = SURFACE_STYLE_FILL_AREA ( #7874 ) ;
#2292 = ADVANCED_FACE ( 'NONE', ( #2725, #7606 ), #6958, .F. ) ;
#2293 = ORIENTED_EDGE ( 'NONE', *, *, #1653, .F. ) ;
#2294 = CARTESIAN_POINT ( 'NONE',  ( 53.59999999999998721, 1.551621044983853226, 3.433813554215726871 ) ) ;
#2295 = B_SPLINE_CURVE_WITH_KNOTS ( 'NONE', 3,
 ( #2153, #5089, #7530, #3892, #6325, #5723, #7568, #2113, #7145, #5991, #1067, #4726, #2337, #3535, #605, #4243, #6510, #4808, #7771 ),
 .UNSPECIFIED., .F., .F.,
 ( 4, 1, 1, 1, 1, 1, 1, 1, 1, 1, 1, 1, 1, 1, 1, 1, 4 ),
 ( 0.000000000000000000, 0.07330976628024156450, 0.1430293773390905188, 0.2103691138569478425, 0.2746917853724266112, 0.3363221661818323049, 0.3963404857634035272, 0.4548772034499278805, 0.5125741989417192945, 0.5692008659328432474, 0.6246314828713854794, 0.6809165101244122331, 0.7381294749657495435, 0.7981672225468479098, 0.8608397402861802661, 0.9283537686478856576, 1.000000000000000000 ),
 .UNSPECIFIED. ) ;
#2296 = LINE ( 'NONE', #1699, #1316 ) ;
#2297 = CARTESIAN_POINT ( 'NONE',  ( 53.59999999999998721, 1.551621044983853226, 5.022213741175753476 ) ) ;
#2298 = DIRECTION ( 'NONE',  ( 0.000000000000000000, 0.000000000000000000, -1.000000000000000000 ) ) ;
#2299 = PRESENTATION_STYLE_ASSIGNMENT (( #5904 ) ) ;
#2300 = ORIENTED_EDGE ( 'NONE', *, *, #4252, .T. ) ;
#2301 = FACE_OUTER_BOUND ( 'NONE', #7094, .T. ) ;
#2302 = ORIENTED_EDGE ( 'NONE', *, *, #6674, .F. ) ;
#2303 = FACE_OUTER_BOUND ( 'NONE', #4968, .T. ) ;
#2304 = CYLINDRICAL_SURFACE ( 'NONE', #2655, 2.000000000000000000 ) ;
#2305 = ORIENTED_EDGE ( 'NONE', *, *, #1261, .T. ) ;
#2306 = ORIENTED_EDGE ( 'NONE', *, *, #189, .F. ) ;
#2307 = EDGE_CURVE ( 'NONE', #2080, #4849, #5087, .T. ) ;
#2308 = CARTESIAN_POINT ( 'NONE',  ( 53.69999999999998863, -0.5404182256464260536, -0.4480815368426800394 ) ) ;
#2309 = ORIENTED_EDGE ( 'NONE', *, *, #4095, .F. ) ;
#2310 = ORIENTED_EDGE ( 'NONE', *, *, #4709, .F. ) ;
#2311 = CARTESIAN_POINT ( 'NONE',  ( 2.000000000000000000, 7.749999999999998224, -11.92339375865880058 ) ) ;
#2312 = EDGE_LOOP ( 'NONE', ( #6760, #573, #1426, #5584 ) ) ;
#2313 = EDGE_CURVE ( 'NONE', #1704, #3385, #4152, .T. ) ;
#2314 = EDGE_LOOP ( 'NONE', ( #4249, #5328 ) ) ;
#2315 = CARTESIAN_POINT ( 'NONE',  ( 53.59999999999998721, 0.8954199787063604754, -3.244256100308041013 ) ) ;
#2316 = DIRECTION ( 'NONE',  ( 0.000000000000000000, 0.000000000000000000, 1.000000000000000000 ) ) ;
#2317 = CARTESIAN_POINT ( 'NONE',  ( 53.59999999999998721, -1.480062982793924453, -3.357237464212545763 ) ) ;
#2318 = DIRECTION ( 'NONE',  ( 0.000000000000000000, 0.000000000000000000, -1.000000000000000000 ) ) ;
#2319 =( NAMED_UNIT ( * ) SI_UNIT ( $, .STERADIAN. ) SOLID_ANGLE_UNIT ( ) );
#2320 = CARTESIAN_POINT ( 'NONE',  ( 0.5000000000000000000, 7.000000000000001776, 10.00000000000000000 ) ) ;
#2321 = ORIENTED_EDGE ( 'NONE', *, *, #6840, .T. ) ;
#2322 = CARTESIAN_POINT ( 'NONE',  ( 53.59999999999999432, 1.161218745737827573, -2.497302951033008256 ) ) ;
#2323 = ADVANCED_FACE ( 'NONE', ( #3890 ), #735, .T. ) ;
#2324 = AXIS2_PLACEMENT_3D ( 'NONE', #409, #887, #5792 ) ;
#2325 = ORIENTED_EDGE ( 'NONE', *, *, #4804, .T. ) ;
#2326 = ORIENTED_EDGE ( 'NONE', *, *, #142, .F. ) ;
#2327 = DIRECTION ( 'NONE',  ( 0.000000000000000000, -0.8700733748761705355, 0.4929222274675698623 ) ) ;
#2328 = AXIS2_PLACEMENT_3D ( 'NONE', #4756, #2916, #7799 ) ;
#2329 = CARTESIAN_POINT ( 'NONE',  ( -19.80000000000000071, 7.000000000000000000, -3.000000000000000000 ) ) ;
#2330 = DIRECTION ( 'NONE',  ( 0.000000000000000000, 1.000000000000000000, -0.000000000000000000 ) ) ;
#2331 = CARTESIAN_POINT ( 'NONE',  ( 53.69999999999998153, -0.05573380801219180586, -2.802243371549374196 ) ) ;
#2332 = CARTESIAN_POINT ( 'NONE',  ( 50.69999999999999574, 1.198796048359147548, -9.141273873724520271 ) ) ;
#2333 = AXIS2_PLACEMENT_3D ( 'NONE', #2356, #2860, #4099 ) ;
#2334 = MECHANICAL_DESIGN_GEOMETRIC_PRESENTATION_REPRESENTATION (  '', ( #1831 ), #7157 ) ;
#2335 = ORIENTED_EDGE ( 'NONE', *, *, #1625, .F. ) ;
#2336 = FILL_AREA_STYLE_COLOUR ( '', #2881 ) ;
#2337 = CARTESIAN_POINT ( 'NONE',  ( 53.70000000000000995, 1.158830859429100357, -3.148985120257228321 ) ) ;
#2338 = FACE_OUTER_BOUND ( 'NONE', #2573, .T. ) ;
#2339 = VECTOR ( 'NONE', #2430, 1000.000000000000000 ) ;
#2340 = ADVANCED_FACE ( 'NONE', ( #290 ), #4552, .F. ) ;
#2341 = ORIENTED_EDGE ( 'NONE', *, *, #1650, .T. ) ;
#2342 = CARTESIAN_POINT ( 'NONE',  ( 53.59999999999998721, -0.2035644447822284597, -0.3508995493808845234 ) ) ;
#2343 = CARTESIAN_POINT ( 'NONE',  ( 46.10000000000000853, 4.252234123549619937, 15.87547303844860380 ) ) ;
#2344 = ORIENTED_EDGE ( 'NONE', *, *, #319, .T. ) ;
#2345 = EDGE_CURVE ( 'NONE', #6349, #4020, #5740, .T. ) ;
#2346 = CIRCLE ( 'NONE', #832, 2.000000000000000000 ) ;
#2347 = ORIENTED_EDGE ( 'NONE', *, *, #2987, .T. ) ;
#2348 =( NAMED_UNIT ( * ) PLANE_ANGLE_UNIT ( ) SI_UNIT ( $, .RADIAN. ) );
#2349 = VERTEX_POINT ( 'NONE', #6901 ) ;
#2350 = EDGE_LOOP ( 'NONE', ( #3319, #5376, #6449, #4653, #6662, #6750, #3939, #4396, #6583, #488, #1395, #5997 ) ) ;
#2351 = DIRECTION ( 'NONE',  ( 0.000000000000000000, 0.000000000000000000, 1.000000000000000000 ) ) ;
#2352 = ORIENTED_EDGE ( 'NONE', *, *, #3754, .T. ) ;
#2353 = COLOUR_RGB ( '',1.000000000000000000, 1.000000000000000000, 1.000000000000000000 ) ;
#2354 = EDGE_LOOP ( 'NONE', ( #6678, #2509, #7153, #614 ) ) ;
#2355 = DIRECTION ( 'NONE',  ( 0.000000000000000000, 0.000000000000000000, 1.000000000000000000 ) ) ;
#2356 = CARTESIAN_POINT ( 'NONE',  ( 0.000000000000000000, 0.000000000000000000, 0.000000000000000000 ) ) ;
#2357 = CIRCLE ( 'NONE', #2976, 0.5000000000000004441 ) ;
#2358 = PLANE ( 'NONE',  #4271 ) ;
#2359 = CARTESIAN_POINT ( 'NONE',  ( 50.69999999999999574, -12.50000000000000000, 1.500000000000000222 ) ) ;
#2360 = PLANE ( 'NONE',  #3359 ) ;
#2361 = VERTEX_POINT ( 'NONE', #972 ) ;
#2362 = LINE ( 'NONE', #6018, #2252 ) ;
#2363 = VECTOR ( 'NONE', #3068, 1000.000000000000000 ) ;
#2364 = EDGE_CURVE ( 'NONE', #5506, #1273, #3245, .T. ) ;
#2365 = AXIS2_PLACEMENT_3D ( 'NONE', #2498, #125, #6197 ) ;
#2366 = ORIENTED_EDGE ( 'NONE', *, *, #4509, .F. ) ;
#2367 = ORIENTED_EDGE ( 'NONE', *, *, #1044, .T. ) ;
#2368 = LINE ( 'NONE', #5861, #7712 ) ;
#2369 = EDGE_CURVE ( 'NONE', #4821, #2085, #6866, .T. ) ;
#2370 = LINE ( 'NONE', #3526, #3850 ) ;
#2371 = CARTESIAN_POINT ( 'NONE',  ( 6.000000000000000000, -13.42339375865870998, -9.250000000000158096 ) ) ;
#2372 = AXIS2_PLACEMENT_3D ( 'NONE', #3812, #3731, #3695 ) ;
#2373 = VECTOR ( 'NONE', #5590, 1000.000000000000000 ) ;
#2374 = CARTESIAN_POINT ( 'NONE',  ( 53.59999999999998721, 0.04416600802740047738, -2.967404917819254528 ) ) ;
#2375 = PLANE ( 'NONE',  #6816 ) ;
#2376 = EDGE_CURVE ( 'NONE', #3249, #49, #2677, .T. ) ;
#2377 = TOROIDAL_SURFACE ( 'NONE', #3651, 1.299999999999996714, 0.2000000000000000111 ) ;
#2378 = VECTOR ( 'NONE', #2243, 1000.000000000000000 ) ;
#2379 = ORIENTED_EDGE ( 'NONE', *, *, #2413, .F. ) ;
#2380 = FACE_OUTER_BOUND ( 'NONE', #7379, .T. ) ;
#2381 = CARTESIAN_POINT ( 'NONE',  ( 44.50000000000000711, -10.00078263800708811, -13.03578952140958513 ) ) ;
#2382 =( NAMED_UNIT ( * ) PLANE_ANGLE_UNIT ( ) SI_UNIT ( $, .RADIAN. ) );
#2383 = DIRECTION ( 'NONE',  ( -0.000000000000000000, -0.4999999999999987232, 0.8660254037844393737 ) ) ;
#2384 = VECTOR ( 'NONE', #2028, 1000.000000000000000 ) ;
#2385 = ORIENTED_EDGE ( 'NONE', *, *, #6850, .T. ) ;
#2386 = CARTESIAN_POINT ( 'NONE',  ( 48.69999999999999574, -1.250000000000000000, -12.30004063985090568 ) ) ;
#2387 = ORIENTED_EDGE ( 'NONE', *, *, #2136, .T. ) ;
#2388 = AXIS2_PLACEMENT_3D ( 'NONE', #3322, #3241, #2103 ) ;
#2389 = EDGE_CURVE ( 'NONE', #5989, #3887, #3279, .T. ) ;
#2390 = ORIENTED_EDGE ( 'NONE', *, *, #6043, .F. ) ;
#2391 = LINE ( 'NONE', #55, #325 ) ;
#2392 = CIRCLE ( 'NONE', #996, 1.500000000000001332 ) ;
#2393 = ORIENTED_EDGE ( 'NONE', *, *, #3229, .T. ) ;
#2394 = VERTEX_POINT ( 'NONE', #6980 ) ;
#2395 = DIRECTION ( 'NONE',  ( 0.000000000000000000, 0.000000000000000000, -1.000000000000000000 ) ) ;
#2396 = AXIS2_PLACEMENT_3D ( 'NONE', #804, #3180, #7572 ) ;
#2397 =( NAMED_UNIT ( * ) PLANE_ANGLE_UNIT ( ) SI_UNIT ( $, .RADIAN. ) );
#2398 = EDGE_LOOP ( 'NONE', ( #3101, #7373, #6370, #803 ) ) ;
#2399 = ORIENTED_EDGE ( 'NONE', *, *, #7280, .F. ) ;
#2400 = CIRCLE ( 'NONE', #759, 2.000000000000000000 ) ;
#2401 = CARTESIAN_POINT ( 'NONE',  ( 53.60000000000001563, 0.9519963180656279000, -2.751293961081878958 ) ) ;
#2402 = CARTESIAN_POINT ( 'NONE',  ( 53.69999999999998863, 0.000000000000000000, 0.000000000000000000 ) ) ;
#2403 = CARTESIAN_POINT ( 'NONE',  ( 0.5000000000000004441, 0.000000000000000000, 0.000000000000000000 ) ) ;
#2404 = VERTEX_POINT ( 'NONE', #5708 ) ;
#2405 = FACE_OUTER_BOUND ( 'NONE', #5267, .T. ) ;
#2406 = ORIENTED_EDGE ( 'NONE', *, *, #6759, .T. ) ;
#2407 = UNCERTAINTY_MEASURE_WITH_UNIT (LENGTH_MEASURE( 1.000000000000000082E-05 ), #7718, 'distance_accuracy_value', 'NONE');
#2408 = EDGE_LOOP ( 'NONE', ( #6539, #4890, #7787, #1317 ) ) ;
#2409 = SURFACE_STYLE_USAGE ( .BOTH. , #37 ) ;
#2410 = CARTESIAN_POINT ( 'NONE',  ( 53.59999999999998721, 0.4524139705848930770, 4.460790773068757709 ) ) ;
#2411 = DIRECTION ( 'NONE',  ( -0.000000000000000000, 1.000000000000000000, -0.000000000000000000 ) ) ;
#2412 = DIRECTION ( 'NONE',  ( 0.000000000000000000, 0.000000000000000000, 1.000000000000000000 ) ) ;
#2413 = EDGE_CURVE ( 'NONE', #1603, #6121, #7585, .T. ) ;
#2414 = LINE ( 'NONE', #1142, #1845 ) ;
#2415 = SURFACE_SIDE_STYLE ('',( #2834 ) ) ;
#2416 = EDGE_CURVE ( 'NONE', #7863, #178, #2026, .T. ) ;
#2417 = ORIENTED_EDGE ( 'NONE', *, *, #7611, .T. ) ;
#2418 = EDGE_CURVE ( 'NONE', #1959, #6554, #6938, .T. ) ;
#2419 = CARTESIAN_POINT ( 'NONE',  ( 47.69999999999999574, 4.740253157796518124, 15.70000000000000284 ) ) ;
#2420 = CARTESIAN_POINT ( 'NONE',  ( 44.50000000000001421, -13.03578952140958869, -10.00078263800708456 ) ) ;
#2421 = CARTESIAN_POINT ( 'NONE',  ( 49.19999999999999574, -12.50000000000000000, 5.421010862427517437E-15 ) ) ;
#2422 = CARTESIAN_POINT ( 'NONE',  ( 53.59999999999998721, 0.4524139705848930770, 4.460790773068757709 ) ) ;
#2423 = VERTEX_POINT ( 'NONE', #3353 ) ;
#2424 = ORIENTED_EDGE ( 'NONE', *, *, #7374, .F. ) ;
#2425 = DIRECTION ( 'NONE',  ( -1.000000000000000000, -0.000000000000000000, -0.000000000000000000 ) ) ;
#2426 = ADVANCED_FACE ( 'NONE', ( #5774 ), #5108, .T. ) ;
#2427 = VERTEX_POINT ( 'NONE', #3838 ) ;
#2428 = ADVANCED_FACE ( 'NONE', ( #3234 ), #351, .T. ) ;
#2429 = ORIENTED_EDGE ( 'NONE', *, *, #1650, .F. ) ;
#2430 = DIRECTION ( 'NONE',  ( 0.000000000000000000, 0.000000000000000000, 1.000000000000000000 ) ) ;
#2431 = VERTEX_POINT ( 'NONE', #6943 ) ;
#2432 =( NAMED_UNIT ( * ) SI_UNIT ( $, .STERADIAN. ) SOLID_ANGLE_UNIT ( ) );
#2433 = CARTESIAN_POINT ( 'NONE',  ( 53.59999999999998721, 0.6542006963442791312, -3.259991601604385725 ) ) ;
#2434 = ORIENTED_EDGE ( 'NONE', *, *, #2038, .T. ) ;
#2435 = ORIENTED_EDGE ( 'NONE', *, *, #978, .F. ) ;
#2436 = DIRECTION ( 'NONE',  ( -1.000000000000000000, -0.000000000000000000, -0.000000000000000000 ) ) ;
#2437 = DIRECTION ( 'NONE',  ( 0.000000000000000000, 0.9396926207859080948, -0.3420201433256697121 ) ) ;
#2438 = FACE_OUTER_BOUND ( 'NONE', #3623, .T. ) ;
#2439 = PRODUCT_DEFINITION_SHAPE ( 'NONE', 'NONE',  #2210 ) ;
#2440 = CARTESIAN_POINT ( 'NONE',  ( 2.000000000000000000, -14.45000000000000107, -0.2500000000000002220 ) ) ;
#2441 = ORIENTED_EDGE ( 'NONE', *, *, #5258, .T. ) ;
#2442 = CARTESIAN_POINT ( 'NONE',  ( 47.69999999999999574, 0.000000000000000000, 0.000000000000000000 ) ) ;
#2443 = EDGE_CURVE ( 'NONE', #617, #4938, #1499, .T. ) ;
#2444 = CARTESIAN_POINT ( 'NONE',  ( 53.59999999999998721, 0.1155601897206955386, 4.673540529404039745 ) ) ;
#2445 = EDGE_LOOP ( 'NONE', ( #886, #1842, #1233, #5341 ) ) ;
#2446 = EDGE_CURVE ( 'NONE', #3134, #5040, #2751, .T. ) ;
#2447 = CARTESIAN_POINT ( 'NONE',  ( 2.000000000000000000, -15.50000000000000000, -8.673617379884035472E-16 ) ) ;
#2448 = CARTESIAN_POINT ( 'NONE',  ( 53.49999999999999289, -8.750000000000001776, 12.20000000000000284 ) ) ;
#2449 = CARTESIAN_POINT ( 'NONE',  ( 0.000000000000000000, 8.784326673973657407, -13.11490010960491226 ) ) ;
#2450 = PLANE ( 'NONE',  #6410 ) ;
#2451 = CARTESIAN_POINT ( 'NONE',  ( 50.69999999999999574, -12.00000000000000000, 1.500000000000000000 ) ) ;
#2452 = EDGE_CURVE ( 'NONE', #3306, #6212, #3317, .T. ) ;
#2453 = AXIS2_PLACEMENT_3D ( 'NONE', #5570, #7402, #262 ) ;
#2454 = ORIENTED_EDGE ( 'NONE', *, *, #3336, .F. ) ;
#2455 = VECTOR ( 'NONE', #4274, 1000.000000000000000 ) ;
#2456 = DIRECTION ( 'NONE',  ( 0.000000000000000000, 0.000000000000000000, -1.000000000000000000 ) ) ;
#2457 = DIRECTION ( 'NONE',  ( 0.000000000000000000, 0.000000000000000000, -1.000000000000000000 ) ) ;
#2458 = FILL_AREA_STYLE_COLOUR ( '', #7587 ) ;
#2459 = DIRECTION ( 'NONE',  ( 1.000000000000000000, 0.000000000000000000, -0.000000000000000000 ) ) ;
#2460 = EDGE_LOOP ( 'NONE', ( #1102, #6486, #833, #6169 ) ) ;
#2461 =( GEOMETRIC_REPRESENTATION_CONTEXT ( 3 ) GLOBAL_UNCERTAINTY_ASSIGNED_CONTEXT ( ( #6227 ) ) GLOBAL_UNIT_ASSIGNED_CONTEXT ( ( #180, #5062, #270 ) ) REPRESENTATION_CONTEXT ( 'NONE', 'WORKASPACE' ) );
#2462 = ADVANCED_FACE ( 'NONE', ( #3948 ), #2170, .T. ) ;
#2463 = CARTESIAN_POINT ( 'NONE',  ( 47.69999999999999574, 0.000000000000000000, 16.39999999999999858 ) ) ;
#2464 = ORIENTED_EDGE ( 'NONE', *, *, #2130, .F. ) ;
#2465 = EDGE_CURVE ( 'NONE', #4205, #3249, #196, .T. ) ;
#2466 = VERTEX_POINT ( 'NONE', #2598 ) ;
#2467 = EDGE_CURVE ( 'NONE', #4938, #1761, #4185, .T. ) ;
#2468 = DIRECTION ( 'NONE',  ( 0.000000000000000000, 1.000000000000000000, 0.000000000000000000 ) ) ;
#2469 = ORIENTED_EDGE ( 'NONE', *, *, #150, .T. ) ;
#2470 = FILL_AREA_STYLE ('',( #3669 ) ) ;
#2471 = EDGE_CURVE ( 'NONE', #2764, #1187, #2851, .T. ) ;
#2472 = CARTESIAN_POINT ( 'NONE',  ( 53.59999999999999432, 0.1327374995179006756, -3.067813850220359573 ) ) ;
#2473 = PRESENTATION_LAYER_ASSIGNMENT (  '', '', ( #5874 ) ) ;
#2474 = ORIENTED_EDGE ( 'NONE', *, *, #1689, .T. ) ;
#2475 = AXIS2_PLACEMENT_3D ( 'NONE', #1858, #1904, #183 ) ;
#2476 = ORIENTED_EDGE ( 'NONE', *, *, #6004, .F. ) ;
#2477 = CARTESIAN_POINT ( 'NONE',  ( 0.000000000000000000, -13.42339375865886986, 7.749999999999874767 ) ) ;
#2478 = PLANE ( 'NONE',  #4407 ) ;
#2479 = ORIENTED_EDGE ( 'NONE', *, *, #2079, .F. ) ;
#2480 = PLANE ( 'NONE',  #2870 ) ;
#2481 = CARTESIAN_POINT ( 'NONE',  ( 53.69999999999998863, -0.2035644447822284597, 0.3077054061879072044 ) ) ;
#2482 = VERTEX_POINT ( 'NONE', #6615 ) ;
#2483 = VECTOR ( 'NONE', #5645, 1000.000000000000000 ) ;
#2484 = UNCERTAINTY_MEASURE_WITH_UNIT (LENGTH_MEASURE( 1.000000000000000082E-05 ), #6368, 'distance_accuracy_value', 'NONE');
#2485 = ADVANCED_FACE ( 'NONE', ( #7131 ), #549, .T. ) ;
#2486 = DIRECTION ( 'NONE',  ( 0.000000000000000000, 0.000000000000000000, -1.000000000000000000 ) ) ;
#2487 = CARTESIAN_POINT ( 'NONE',  ( 0.5000000000000000000, 0.000000000000000000, 0.000000000000000000 ) ) ;
#2488 = DIRECTION ( 'NONE',  ( 1.000000000000000000, -0.000000000000000000, -0.000000000000000000 ) ) ;
#2489 = COLOUR_RGB ( '',0.8000000000000000444, 0.8078431372549019773, 0.8000000000000000444 ) ;
#2490 = LINE ( 'NONE', #4915, #1582 ) ;
#2491 = VECTOR ( 'NONE', #7592, 1000.000000000000000 ) ;
#2492 = MECHANICAL_DESIGN_GEOMETRIC_PRESENTATION_REPRESENTATION (  '', ( #2001 ), #6807 ) ;
#2493 = EDGE_LOOP ( 'NONE', ( #6366, #1157, #1390, #6894 ) ) ;
#2494 = COLOUR_RGB ( '',1.000000000000000000, 1.000000000000000000, 1.000000000000000000 ) ;
#2495 = CARTESIAN_POINT ( 'NONE',  ( 2.000000000000000000, 7.658493649053887076, -13.76490010960491261 ) ) ;
#2496 = VECTOR ( 'NONE', #3196, 1000.000000000000000 ) ;
#2497 = CARTESIAN_POINT ( 'NONE',  ( 53.59999999999998721, -1.480062982793924453, 5.119395728637549325 ) ) ;
#2498 = CARTESIAN_POINT ( 'NONE',  ( 6.000000000000000000, 0.000000000000000000, -15.50000000000000000 ) ) ;
#2499 = DIRECTION ( 'NONE',  ( 0.000000000000000000, 0.9396926207859082059, -0.3420201433256692680 ) ) ;
#2500 = ORIENTED_EDGE ( 'NONE', *, *, #6936, .T. ) ;
#2501 = COLOUR_RGB ( '',1.000000000000000000, 1.000000000000000000, 1.000000000000000000 ) ;
#2502 = AXIS2_PLACEMENT_3D ( 'NONE', #2012, #2738, #2629 ) ;
#2503 = ORIENTED_EDGE ( 'NONE', *, *, #6473, .F. ) ;
#2504 = ORIENTED_EDGE ( 'NONE', *, *, #2389, .F. ) ;
#2505 = CARTESIAN_POINT ( 'NONE',  ( 0.000000000000000000, -15.50000000000000000, -8.673617379884035472E-16 ) ) ;
#2506 = CIRCLE ( 'NONE', #6063, 6.000000000000000888 ) ;
#2507 = CIRCLE ( 'NONE', #5662, 3.000000000000000000 ) ;
#2508 = FACE_OUTER_BOUND ( 'NONE', #4215, .T. ) ;
#2509 = ORIENTED_EDGE ( 'NONE', *, *, #1634, .F. ) ;
#2510 = EDGE_CURVE ( 'NONE', #49, #1720, #5265, .T. ) ;
#2511 = ORIENTED_EDGE ( 'NONE', *, *, #3935, .F. ) ;
#2512 = FACE_OUTER_BOUND ( 'NONE', #4535, .T. ) ;
#2513 = LINE ( 'NONE', #1320, #1521 ) ;
#2514 = ORIENTED_EDGE ( 'NONE', *, *, #6450, .F. ) ;
#2515 = VECTOR ( 'NONE', #5179, 1000.000000000000000 ) ;
#2516 = ORIENTED_EDGE ( 'NONE', *, *, #3483, .T. ) ;
#2517 = EDGE_CURVE ( 'NONE', #4020, #2621, #2507, .T. ) ;
#2518 = AXIS2_PLACEMENT_3D ( 'NONE', #2537, #1921, #5515 ) ;
#2519 = CARTESIAN_POINT ( 'NONE',  ( 53.70000000000000284, 0.4400609279435884758, -3.235431555326488517 ) ) ;
#2520 = FACE_OUTER_BOUND ( 'NONE', #7725, .T. ) ;
#2521 = FACE_OUTER_BOUND ( 'NONE', #2398, .T. ) ;
#2522 = AXIS2_PLACEMENT_3D ( 'NONE', #4695, #3965, #1071 ) ;
#2523 = CARTESIAN_POINT ( 'NONE',  ( 53.59999999999998721, 1.214767264119655854, -1.691354341303248576 ) ) ;
#2524 = ORIENTED_EDGE ( 'NONE', *, *, #4799, .F. ) ;
#2525 = DIRECTION ( 'NONE',  ( -0.000000000000000000, 0.5000000000000000000, 0.8660254037844385966 ) ) ;
#2526 = CARTESIAN_POINT ( 'NONE',  ( 2.000000000000000000, 7.749999999999999112, -13.42339375865880058 ) ) ;
#2527 = VECTOR ( 'NONE', #5823, 1000.000000000000227 ) ;
#2528 = DIRECTION ( 'NONE',  ( -1.000000000000000000, 0.000000000000000000, 0.000000000000000000 ) ) ;
#2529 = PLANE ( 'NONE',  #3726 ) ;
#2530 = DIRECTION ( 'NONE',  ( 0.000000000000000000, 0.000000000000000000, -1.000000000000000000 ) ) ;
#2531 = LINE ( 'NONE', #2449, #4771 ) ;
#2532 = LINE ( 'NONE', #1917, #5769 ) ;
#2533 = LINE ( 'NONE', #4351, #1500 ) ;
#2534 = PRESENTATION_LAYER_ASSIGNMENT (  '', '', ( #5952 ) ) ;
#2535 = EDGE_CURVE ( 'NONE', #7624, #7117, #2908, .T. ) ;
#2536 = EDGE_LOOP ( 'NONE', ( #1431, #7651 ) ) ;
#2537 = CARTESIAN_POINT ( 'NONE',  ( 2.000000000000000000, 7.750000000000006217, 13.42339375865879880 ) ) ;
#2538 = FACE_OUTER_BOUND ( 'NONE', #3627, .T. ) ;
#2539 = DIRECTION ( 'NONE',  ( 1.000000000000000000, -0.000000000000000000, -0.000000000000000000 ) ) ;
#2540 = ORIENTED_EDGE ( 'NONE', *, *, #1695, .T. ) ;
#2541 = EDGE_CURVE ( 'NONE', #5966, #3969, #2203, .T. ) ;
#2542 = DIRECTION ( 'NONE',  ( 0.000000000000000000, 0.000000000000000000, 1.000000000000000000 ) ) ;
#2543 = EDGE_LOOP ( 'NONE', ( #3059, #1684, #5651, #6763 ) ) ;
#2544 = ORIENTED_EDGE ( 'NONE', *, *, #4773, .F. ) ;
#2545 = CARTESIAN_POINT ( 'NONE',  ( 0.000000000000000000, -15.25000000000000000, -1.050000000000000044 ) ) ;
#2546 = DIRECTION ( 'NONE',  ( 1.000000000000000000, -0.000000000000000000, 0.000000000000000000 ) ) ;
#2547 = ORIENTED_EDGE ( 'NONE', *, *, #5230, .T. ) ;
#2548 = CARTESIAN_POINT ( 'NONE',  ( 53.59999999999998010, 0.3019687361235756096, -3.186877339262691677 ) ) ;
#2549 = ORIENTED_EDGE ( 'NONE', *, *, #963, .F. ) ;
#2550 = ADVANCED_FACE ( 'NONE', ( #6496 ), #7825, .T. ) ;
#2551 = ORIENTED_EDGE ( 'NONE', *, *, #1451, .T. ) ;
#2552 = CARTESIAN_POINT ( 'NONE',  ( 53.69999999999999574, 0.1327374995179006756, -3.067813850220359573 ) ) ;
#2553 = CARTESIAN_POINT ( 'NONE',  ( -6.000000000000000000, 7.000000000000000000, 3.000000000000000000 ) ) ;
#2554 = LINE ( 'NONE', #4342, #4882 ) ;
#2555 = ORIENTED_EDGE ( 'NONE', *, *, #324, .F. ) ;
#2556 = DIRECTION ( 'NONE',  ( 0.000000000000000000, 0.000000000000000000, 1.000000000000000000 ) ) ;
#2557 = DIRECTION ( 'NONE',  ( -0.000000000000000000, -0.000000000000000000, -1.000000000000000000 ) ) ;
#2558 = EDGE_CURVE ( 'NONE', #4253, #5365, #2943, .T. ) ;
#2559 = DIRECTION ( 'NONE',  ( 1.000000000000000000, -0.000000000000000000, -0.000000000000000000 ) ) ;
#2560 = DIRECTION ( 'NONE',  ( 0.000000000000000000, 0.000000000000000000, -1.000000000000000000 ) ) ;
#2561 = DIRECTION ( 'NONE',  ( 0.000000000000000000, 0.000000000000000000, 1.000000000000000000 ) ) ;
#2562 = PLANE ( 'NONE',  #1995 ) ;
#2563 = ADVANCED_FACE ( 'NONE', ( #7098 ), #5308, .F. ) ;
#2564 = LINE ( 'NONE', #7388, #1587 ) ;
#2565 = DIRECTION ( 'NONE',  ( -1.000000000000000000, -0.000000000000000000, -0.000000000000000000 ) ) ;
#2566 = ORIENTED_EDGE ( 'NONE', *, *, #5196, .F. ) ;
#2567 = LINE ( 'NONE', #4358, #3790 ) ;
#2568 = VECTOR ( 'NONE', #2032, 1000.000000000000000 ) ;
#2569 = PLANE ( 'NONE',  #4735 ) ;
#2570 = CARTESIAN_POINT ( 'NONE',  ( 50.69999999999999574, 4.957566531502790141, -7.773193300421866070 ) ) ;
#2571 = DIRECTION ( 'NONE',  ( 0.000000000000000000, 0.000000000000000000, 1.000000000000000000 ) ) ;
#2572 = CARTESIAN_POINT ( 'NONE',  ( 53.69999999999998863, 0.8779134832554581491, -0.04096780558380654774 ) ) ;
#2573 = EDGE_LOOP ( 'NONE', ( #3302, #6285, #4420, #6722 ) ) ;
#2574 = AXIS2_PLACEMENT_3D ( 'NONE', #4797, #2874, #3 ) ;
#2575 = VERTEX_POINT ( 'NONE', #1087 ) ;
#2576 = PLANE ( 'NONE',  #1596 ) ;
#2577 =( NAMED_UNIT ( * ) SI_UNIT ( $, .STERADIAN. ) SOLID_ANGLE_UNIT ( ) );
#2578 = ADVANCED_FACE ( 'NONE', ( #1128 ), #3397, .F. ) ;
#2580 = MECHANICAL_DESIGN_GEOMETRIC_PRESENTATION_REPRESENTATION (  '', ( #1839 ), #2461 ) ;
#2579 = PLANE ( 'NONE',  #2964 ) ;
#2581 = ORIENTED_EDGE ( 'NONE', *, *, #7782, .F. ) ;
#2582 = DIRECTION ( 'NONE',  ( 0.000000000000000000, 0.9607857596242427300, 0.2772917671032933962 ) ) ;
#2583 = CARTESIAN_POINT ( 'NONE',  ( 53.59999999999998721, 1.551621044983853226, -2.214692476486026518 ) ) ;
#2584 = EDGE_CURVE ( 'NONE', #4654, #6223, #4786, .T. ) ;
#2585 = EDGE_LOOP ( 'NONE', ( #762, #7756, #1716, #1034 ) ) ;
#2586 = ORIENTED_EDGE ( 'NONE', *, *, #7496, .T. ) ;
#2587 = LINE ( 'NONE', #7505, #5048 ) ;
#2588 = CARTESIAN_POINT ( 'NONE',  ( 53.49999999999999289, -8.750000000000000000, 15.70000000000000284 ) ) ;
#2589 = DIRECTION ( 'NONE',  ( -0.000000000000000000, 0.000000000000000000, -1.000000000000000000 ) ) ;
#2590 = EDGE_LOOP ( 'NONE', ( #4142, #6162, #1674, #7642 ) ) ;
#2591 = FACE_BOUND ( 'NONE', #2536, .T. ) ;
#2592 = AXIS2_PLACEMENT_3D ( 'NONE', #6617, #1167, #2864 ) ;
#2593 = DIRECTION ( 'NONE',  ( 0.000000000000000000, 0.000000000000000000, 1.000000000000000000 ) ) ;
#2594 = FACE_OUTER_BOUND ( 'NONE', #3682, .T. ) ;
#2595 = CARTESIAN_POINT ( 'NONE',  ( 47.69999999999999574, 1.250000000000000000, -12.30004063985090568 ) ) ;
#2596 = DIRECTION ( 'NONE',  ( -0.000000000000000000, 1.000000000000000000, 0.000000000000000000 ) ) ;
#2597 = CARTESIAN_POINT ( 'NONE',  ( 2.000000000000000000, -15.25000000000000000, 1.050000000000000044 ) ) ;
#2598 = CARTESIAN_POINT ( 'NONE',  ( 53.69999999999998863, 0.000000000000000000, -6.500000000000000888 ) ) ;
#2599 = LINE ( 'NONE', #6189, #6661 ) ;
#2600 =( NAMED_UNIT ( * ) SI_UNIT ( $, .STERADIAN. ) SOLID_ANGLE_UNIT ( ) );
#2601 = ADVANCED_FACE ( 'NONE', ( #2438 ), #3594, .T. ) ;
#2602 = VECTOR ( 'NONE', #4931, 1000.000000000000000 ) ;
#2603 = ADVANCED_FACE ( 'NONE', ( #5541 ), #6058, .T. ) ;
#2604 = EDGE_LOOP ( 'NONE', ( #7123, #5132, #6258, #6130 ) ) ;
#2605 =( GEOMETRIC_REPRESENTATION_CONTEXT ( 3 ) GLOBAL_UNCERTAINTY_ASSIGNED_CONTEXT ( ( #4631 ) ) GLOBAL_UNIT_ASSIGNED_CONTEXT ( ( #6344, #4429, #821 ) ) REPRESENTATION_CONTEXT ( 'NONE', 'WORKASPACE' ) );
#2606 = FACE_OUTER_BOUND ( 'NONE', #3496, .T. ) ;
#2607 = PLANE ( 'NONE',  #685 ) ;
#2608 = EDGE_CURVE ( 'NONE', #1415, #1066, #4903, .T. ) ;
#2609 = VECTOR ( 'NONE', #6626, 1000.000000000000000 ) ;
#2610 = DIRECTION ( 'NONE',  ( 0.000000000000000000, 0.000000000000000000, -1.000000000000000000 ) ) ;
#2611 = DIRECTION ( 'NONE',  ( 0.000000000000000000, 0.8607846230989656400, 0.5089693828084078664 ) ) ;
#2612 = ORIENTED_EDGE ( 'NONE', *, *, #6431, .F. ) ;
#2613 = STYLED_ITEM ( 'NONE', ( #4431 ), #1794 ) ;
#2614 = CARTESIAN_POINT ( 'NONE',  ( 0.000000000000000000, 7.408493649053887076, -13.33188740771269210 ) ) ;
#2615 = EDGE_LOOP ( 'NONE', ( #3539, #5979, #3814, #6288 ) ) ;
#2616 = LINE ( 'NONE', #4449, #5023 ) ;
#2617 = FILL_AREA_STYLE_COLOUR ( '', #6660 ) ;
#2618 = DIRECTION ( 'NONE',  ( 0.000000000000000000, 0.000000000000000000, 1.000000000000000000 ) ) ;
#2619 = CIRCLE ( 'NONE', #3896, 1.500000000000001110 ) ;
#2620 = MECHANICAL_DESIGN_GEOMETRIC_PRESENTATION_REPRESENTATION (  '', ( #6065 ), #6443 ) ;
#2621 = VERTEX_POINT ( 'NONE', #2553 ) ;
#2622 = DIRECTION ( 'NONE',  ( 0.000000000000000000, 0.000000000000000000, -1.000000000000000000 ) ) ;
#2623 = SURFACE_STYLE_FILL_AREA ( #5799 ) ;
#2624 = ORIENTED_EDGE ( 'NONE', *, *, #650, .F. ) ;
#2625 = EDGE_CURVE ( 'NONE', #6094, #5945, #659, .T. ) ;
#2626 = AXIS2_PLACEMENT_3D ( 'NONE', #5268, #7219, #5857 ) ;
#2627 = AXIS2_PLACEMENT_3D ( 'NONE', #2359, #5819, #7754 ) ;
#2628 = ORIENTED_EDGE ( 'NONE', *, *, #4799, .T. ) ;
#2629 = DIRECTION ( 'NONE',  ( 0.000000000000000000, -0.9607857596242427300, 0.2772917671032933962 ) ) ;
#2630 = PLANE ( 'NONE',  #4393 ) ;
#2631 = ORIENTED_EDGE ( 'NONE', *, *, #7768, .T. ) ;
#2632 = CARTESIAN_POINT ( 'NONE',  ( 0.000000000000000000, 8.091506350946115589, 13.51490010960490729 ) ) ;
#2633 = CIRCLE ( 'NONE', #1763, 1.500000000000001110 ) ;
#2634 =( NAMED_UNIT ( * ) SI_UNIT ( $, .STERADIAN. ) SOLID_ANGLE_UNIT ( ) );
#2635 = AXIS2_PLACEMENT_3D ( 'NONE', #3050, #44, #2456 ) ;
#2636 = VECTOR ( 'NONE', #159, 1000.000000000000000 ) ;
#2637 = DIRECTION ( 'NONE',  ( 0.000000000000000000, -1.000000000000000000, -4.336808689942013792E-16 ) ) ;
#2638 = FACE_OUTER_BOUND ( 'NONE', #5837, .T. ) ;
#2639 = LINE ( 'NONE', #7590, #4993 ) ;
#2640 = CARTESIAN_POINT ( 'NONE',  ( 0.5000000000000004441, 2.179871302482288714E-15, 17.80000000000000071 ) ) ;
#2641 = CARTESIAN_POINT ( 'NONE',  ( 53.59999999999998721, 1.551621044983853226, 3.898711169911344143 ) ) ;
#2642 = DIRECTION ( 'NONE',  ( -1.000000000000000000, -0.000000000000000000, -0.000000000000000000 ) ) ;
#2643 = VECTOR ( 'NONE', #478, 1000.000000000000000 ) ;
#2644 =( LENGTH_UNIT ( ) NAMED_UNIT ( * ) SI_UNIT ( .MILLI., .METRE. ) );
#2645 =( GEOMETRIC_REPRESENTATION_CONTEXT ( 3 ) GLOBAL_UNCERTAINTY_ASSIGNED_CONTEXT ( ( #7345 ) ) GLOBAL_UNIT_ASSIGNED_CONTEXT ( ( #7830, #3561, #4791 ) ) REPRESENTATION_CONTEXT ( 'NONE', 'WORKASPACE' ) );
#2646 = ORIENTED_EDGE ( 'NONE', *, *, #5280, .F. ) ;
#2647 = ADVANCED_FACE ( 'NONE', ( #2521 ), #6737, .F. ) ;
#2648 = CARTESIAN_POINT ( 'NONE',  ( 53.70000000000000284, 0.3513410224017283201, -2.717459552906876130 ) ) ;
#2649 =( NAMED_UNIT ( * ) PLANE_ANGLE_UNIT ( ) SI_UNIT ( $, .RADIAN. ) );
#2650 = DIRECTION ( 'NONE',  ( 0.000000000000000000, 0.000000000000000000, -1.000000000000000000 ) ) ;
#2651 = CARTESIAN_POINT ( 'NONE',  ( 53.59999999999998721, -1.480062982793924453, -5.627487487526145138 ) ) ;
#2652 = ADVANCED_FACE ( 'NONE', ( #624, #3030, #5465, #30, #7293, #1857 ), #2842, .T. ) ;
#2653 = CARTESIAN_POINT ( 'NONE',  ( 0.000000000000000000, 7.841506350946115589, 13.08188740771268677 ) ) ;
#2654 = EDGE_LOOP ( 'NONE', ( #1940, #4094, #5239 ) ) ;
#2655 = AXIS2_PLACEMENT_3D ( 'NONE', #1190, #2425, #4248 ) ;
#2656 = EDGE_CURVE ( 'NONE', #7681, #7797, #2222, .T. ) ;
#2657 = DIRECTION ( 'NONE',  ( 0.000000000000000000, -4.818676322157796389E-16, -1.000000000000000000 ) ) ;
#2658 = ORIENTED_EDGE ( 'NONE', *, *, #4994, .F. ) ;
#2659 = DIRECTION ( 'NONE',  ( 0.000000000000000000, -0.9535857504780766991, -0.3011215975069926332 ) ) ;
#2660 = DIRECTION ( 'NONE',  ( 0.000000000000000000, 0.000000000000000000, -1.000000000000000000 ) ) ;
#2661 = DIRECTION ( 'NONE',  ( 0.000000000000000000, 0.000000000000000000, -1.000000000000000000 ) ) ;
#2662 = EDGE_CURVE ( 'NONE', #2423, #7232, #4461, .T. ) ;
#2663 = ORIENTED_EDGE ( 'NONE', *, *, #1899, .F. ) ;
#2664 = LINE ( 'NONE', #4494, #3537 ) ;
#2665 = CARTESIAN_POINT ( 'NONE',  ( 53.70000000000000284, 0.7030619748817273917, -2.814400532662336030 ) ) ;
#2666 = EDGE_LOOP ( 'NONE', ( #5915, #4832, #5430, #7841 ) ) ;
#2667 = EDGE_LOOP ( 'NONE', ( #6785, #7594, #1212, #3211 ) ) ;
#2668 = DIRECTION ( 'NONE',  ( 0.000000000000000000, -0.000000000000000000, -1.000000000000000000 ) ) ;
#2669 = CARTESIAN_POINT ( 'NONE',  ( 44.50000000000000000, 5.282725718848037211, -15.55764348474978753 ) ) ;
#2670 = ORIENTED_EDGE ( 'NONE', *, *, #4438, .T. ) ;
#2671 = DIRECTION ( 'NONE',  ( 0.000000000000000000, 0.000000000000000000, 1.000000000000000000 ) ) ;
#2672 = VERTEX_POINT ( 'NONE', #3416 ) ;
#2673 = PLANE ( 'NONE',  #4516 ) ;
#2674 = FILL_AREA_STYLE_COLOUR ( '', #2489 ) ;
#2675 = SURFACE_STYLE_FILL_AREA ( #5187 ) ;
#2676 = FILL_AREA_STYLE ('',( #2169 ) ) ;
#2677 = LINE ( 'NONE', #6266, #1871 ) ;
#2678 = EDGE_CURVE ( 'NONE', #4155, #2575, #1633, .T. ) ;
#2679 = LINE ( 'NONE', #6945, #6022 ) ;
#2680 = DIRECTION ( 'NONE',  ( 0.000000000000000000, 1.000000000000000000, -0.000000000000000000 ) ) ;
#2681 = CARTESIAN_POINT ( 'NONE',  ( 53.59999999999996589, 1.078919236332067211, -3.190106278023543407 ) ) ;
#2682 = DIRECTION ( 'NONE',  ( 1.000000000000000000, 0.000000000000000000, 0.000000000000000000 ) ) ;
#2683 = PRESENTATION_STYLE_ASSIGNMENT (( #3921 ) ) ;
#2684 = FACE_OUTER_BOUND ( 'NONE', #495, .T. ) ;
#2685 = EDGE_CURVE ( 'NONE', #4410, #4053, #1029, .T. ) ;
#2686 = ORIENTED_EDGE ( 'NONE', *, *, #3880, .T. ) ;
#2687 = FILL_AREA_STYLE_COLOUR ( '', #239 ) ;
#2688 = CARTESIAN_POINT ( 'NONE',  ( 0.000000000000000000, 0.000000000000000000, -15.50000000000000000 ) ) ;
#2689 = DIRECTION ( 'NONE',  ( 0.000000000000000000, 0.8660254037844393737, 0.4999999999999987232 ) ) ;
#2690 = DIRECTION ( 'NONE',  ( -1.000000000000000000, 0.000000000000000000, 0.000000000000000000 ) ) ;
#2691 = CARTESIAN_POINT ( 'NONE',  ( 47.69999999999999574, -12.00000000000000000, 1.500000000000000000 ) ) ;
#2692 = EDGE_CURVE ( 'NONE', #6294, #6927, #7506, .T. ) ;
#2693 = ORIENTED_EDGE ( 'NONE', *, *, #2735, .T. ) ;
#2694 = FACE_OUTER_BOUND ( 'NONE', #6853, .T. ) ;
#2695 = AXIS2_PLACEMENT_3D ( 'NONE', #7357, #4441, #3768 ) ;
#2696 = EDGE_CURVE ( 'NONE', #336, #446, #3829, .T. ) ;
#2697 = ADVANCED_FACE ( 'NONE', ( #6292 ), #859, .T. ) ;
#2698 = CARTESIAN_POINT ( 'NONE',  ( 53.69999999999998863, 1.196424368414079398, -2.363408333187559052 ) ) ;
#2699 = ORIENTED_EDGE ( 'NONE', *, *, #7085, .F. ) ;
#2700 = ORIENTED_EDGE ( 'NONE', *, *, #5726, .T. ) ;
#2701 = STYLED_ITEM ( 'NONE', ( #6922 ), #1103 ) ;
#2702 = VECTOR ( 'NONE', #4071, 1000.000000000000114 ) ;
#2703 = FACE_OUTER_BOUND ( 'NONE', #5249, .T. ) ;
#2704 = PLANE ( 'NONE',  #2502 ) ;
#2705 = EDGE_CURVE ( 'NONE', #2575, #5565, #3452, .T. ) ;
#2706 = VERTEX_POINT ( 'NONE', #778 ) ;
#2707 = CARTESIAN_POINT ( 'NONE',  ( 0.000000000000000000, 1.836970198721029441E-16, -17.00000000000000000 ) ) ;
#2708 = VECTOR ( 'NONE', #62, 1000.000000000000000 ) ;
#2709 = CARTESIAN_POINT ( 'NONE',  ( 53.70000000000063523, 0.2305065116366216416, -2.550582973518823682 ) ) ;
#2710 = CARTESIAN_POINT ( 'NONE',  ( 51.89999999999998437, -8.150000000000003908, 12.20000000000000284 ) ) ;
#2711 = DIRECTION ( 'NONE',  ( 0.000000000000000000, -4.336808689942013792E-16, -1.000000000000000000 ) ) ;
#2712 = DIRECTION ( 'NONE',  ( 0.000000000000000000, 0.000000000000000000, -1.000000000000000000 ) ) ;
#2713 = CARTESIAN_POINT ( 'NONE',  ( 0.000000000000000000, 8.058493649053897201, 14.45772043263245621 ) ) ;
#2714 = ORIENTED_EDGE ( 'NONE', *, *, #7282, .F. ) ;
#2715 = DIRECTION ( 'NONE',  ( 1.000000000000000000, -0.000000000000000000, -0.000000000000000000 ) ) ;
#2716 = VECTOR ( 'NONE', #1659, 1000.000000000000000 ) ;
#2717 = EDGE_CURVE ( 'NONE', #5841, #2123, #7032, .T. ) ;
#2718 = UNCERTAINTY_MEASURE_WITH_UNIT (LENGTH_MEASURE( 1.000000000000000082E-05 ), #4039, 'distance_accuracy_value', 'NONE');
#2719 = CARTESIAN_POINT ( 'NONE',  ( 0.000000000000000000, 0.000000000000000000, -17.80000000000000071 ) ) ;
#2720 =( LENGTH_UNIT ( ) NAMED_UNIT ( * ) SI_UNIT ( .MILLI., .METRE. ) );
#2721 = CARTESIAN_POINT ( 'NONE',  ( 53.59999999999998721, -1.480062982793924453, 3.337288201804348375 ) ) ;
#2722 = AXIS2_PLACEMENT_3D ( 'NONE', #2054, #6407, #2780 ) ;
#2723 = VERTEX_POINT ( 'NONE', #7647 ) ;
#2724 = MECHANICAL_DESIGN_GEOMETRIC_PRESENTATION_REPRESENTATION (  '', ( #4127 ), #7837 ) ;
#2725 = FACE_OUTER_BOUND ( 'NONE', #3620, .T. ) ;
#2726 = CARTESIAN_POINT ( 'NONE',  ( 53.69999999999998863, 1.551621044983853226, -3.477664332459120988 ) ) ;
#2727 = CARTESIAN_POINT ( 'NONE',  ( 0.000000000000000000, -13.42339375865886986, 7.749999999999874767 ) ) ;
#2728 =( NAMED_UNIT ( * ) PLANE_ANGLE_UNIT ( ) SI_UNIT ( $, .RADIAN. ) );
#2729 = VERTEX_POINT ( 'NONE', #1590 ) ;
#2730 = LINE ( 'NONE', #5056, #5816 ) ;
#2731 = CARTESIAN_POINT ( 'NONE',  ( 53.70000000000001705, 0.8541478700930631440, -2.793221491371337795 ) ) ;
#2732 = AXIS2_PLACEMENT_3D ( 'NONE', #3205, #6241, #206 ) ;
#2733 = ORIENTED_EDGE ( 'NONE', *, *, #7148, .F. ) ;
#2734 = EDGE_LOOP ( 'NONE', ( #7037, #810, #3063, #5815 ) ) ;
#2735 = EDGE_CURVE ( 'NONE', #1887, #1409, #4001, .T. ) ;
#2736 = AXIS2_PLACEMENT_3D ( 'NONE', #3644, #114, #38 ) ;
#2737 = DIRECTION ( 'NONE',  ( -1.000000000000000000, -0.000000000000000000, -0.000000000000000000 ) ) ;
#2738 = DIRECTION ( 'NONE',  ( 0.000000000000000000, 0.2772917671032933962, 0.9607857596242427300 ) ) ;
#2739 = ORIENTED_EDGE ( 'NONE', *, *, #6913, .F. ) ;
#2740 = LINE ( 'NONE', #2056, #6448 ) ;
#2741 = SURFACE_SIDE_STYLE ('',( #7546 ) ) ;
#2742 = EDGE_CURVE ( 'NONE', #7833, #3306, #6440, .T. ) ;
#2743 = ORIENTED_EDGE ( 'NONE', *, *, #3191, .T. ) ;
#2744 = CIRCLE ( 'NONE', #734, 1.500000000000000000 ) ;
#2745 = AXIS2_PLACEMENT_3D ( 'NONE', #7643, #3997, #6435 ) ;
#2746 = EDGE_CURVE ( 'NONE', #5652, #6294, #3371, .T. ) ;
#2747 = CARTESIAN_POINT ( 'NONE',  ( 53.49999999999999289, 8.750000000000000000, 15.70000000000000284 ) ) ;
#2748 = DIRECTION ( 'NONE',  ( 0.000000000000000000, 0.000000000000000000, 1.000000000000000000 ) ) ;
#2749 = DIRECTION ( 'NONE',  ( 0.000000000000000000, 1.000000000000000000, -4.336808689942013792E-16 ) ) ;
#2750 = DIRECTION ( 'NONE',  ( 0.000000000000000000, 0.000000000000000000, 1.000000000000000000 ) ) ;
#2751 = LINE ( 'NONE', #312, #86 ) ;
#2752 = CIRCLE ( 'NONE', #6825, 1.500000000000001110 ) ;
#2753 = CARTESIAN_POINT ( 'NONE',  ( 53.69999999999998863, -1.480062982793924453, 3.802185817499965648 ) ) ;
#2754 = EDGE_LOOP ( 'NONE', ( #3823, #327, #4148, #6087, #3725, #6453, #6559, #4267, #7125, #5250, #2890, #6178 ) ) ;
#2755 = CARTESIAN_POINT ( 'NONE',  ( 53.59999999999998721, -0.1681061520596813796, -1.691354341303248576 ) ) ;
#2756 = CARTESIAN_POINT ( 'NONE',  ( 53.59999999999999432, 0.6828928732814492086, -3.260712111801166824 ) ) ;
#2757 = STYLED_ITEM ( 'NONE', ( #2015 ), #3942 ) ;
#2758 = DIRECTION ( 'NONE',  ( 0.000000000000000000, -0.8660254037844398178, 0.4999999999999977796 ) ) ;
#2759 = FACE_OUTER_BOUND ( 'NONE', #2445, .T. ) ;
#2760 = TOROIDAL_SURFACE ( 'NONE', #4293, 17.80000000000000071, 0.5000000000000000000 ) ;
#2761 = DIRECTION ( 'NONE',  ( 0.000000000000000000, 4.336808689942013792E-16, 1.000000000000000000 ) ) ;
#2762 = VECTOR ( 'NONE', #848, 1000.000000000000000 ) ;
#2763 = EDGE_CURVE ( 'NONE', #7810, #3746, #2237, .T. ) ;
#2764 = VERTEX_POINT ( 'NONE', #7460 ) ;
#2765 = LINE ( 'NONE', #7490, #1885 ) ;
#2766 = AXIS2_PLACEMENT_3D ( 'NONE', #1416, #4384, #3833 ) ;
#2767 = CARTESIAN_POINT ( 'NONE',  ( 0.000000000000000000, 13.42339375865876505, 7.750000000000063061 ) ) ;
#2768 = DIRECTION ( 'NONE',  ( 0.000000000000000000, -0.8660254037844385966, 0.5000000000000003331 ) ) ;
#2769 = DIRECTION ( 'NONE',  ( 0.000000000000000000, 1.000000000000000000, -0.000000000000000000 ) ) ;
#2770 = ADVANCED_FACE ( 'NONE', ( #5244 ), #5794, .F. ) ;
#2771 = ORIENTED_EDGE ( 'NONE', *, *, #6594, .T. ) ;
#2772 = PRESENTATION_STYLE_ASSIGNMENT (( #375 ) ) ;
#2773 = VECTOR ( 'NONE', #3587, 1000.000000000000114 ) ;
#2774 = CARTESIAN_POINT ( 'NONE',  ( 53.69999999999996021, 1.108071800941387464, -2.605956310355546979 ) ) ;
#2775 = ORIENTED_EDGE ( 'NONE', *, *, #3808, .F. ) ;
#2776 = ORIENTED_EDGE ( 'NONE', *, *, #6254, .F. ) ;
#2777 = AXIS2_PLACEMENT_3D ( 'NONE', #6122, #7397, #5488 ) ;
#2778 = FILL_AREA_STYLE_COLOUR ( '', #702 ) ;
#2779 = CARTESIAN_POINT ( 'NONE',  ( 44.50000000000000711, 14.73636638629530182, 7.265464028403268770 ) ) ;
#2780 = DIRECTION ( 'NONE',  ( 1.000000000000000000, 0.000000000000000000, 0.000000000000000000 ) ) ;
#2781 = ORIENTED_EDGE ( 'NONE', *, *, #6116, .F. ) ;
#2782 = CARTESIAN_POINT ( 'NONE',  ( 52.89999999999999147, -18.30000000000000071, 12.20000000000000284 ) ) ;
#2783 = EDGE_CURVE ( 'NONE', #4209, #601, #7063, .T. ) ;
#2784 = ORIENTED_EDGE ( 'NONE', *, *, #7082, .T. ) ;
#2785 = CARTESIAN_POINT ( 'NONE',  ( 53.59999999999998721, 1.214767264119655854, 2.442031974065075772 ) ) ;
#2786 = DIRECTION ( 'NONE',  ( 0.000000000000000000, -0.000000000000000000, 1.000000000000000000 ) ) ;
#2787 = DIRECTION ( 'NONE',  ( 1.000000000000000000, 0.000000000000000000, 0.000000000000000000 ) ) ;
#2788 = SURFACE_STYLE_FILL_AREA ( #4713 ) ;
#2789 = CARTESIAN_POINT ( 'NONE',  ( -6.000000000000000000, 7.000000000000000000, -6.000000000000000888 ) ) ;
#2790 = ORIENTED_EDGE ( 'NONE', *, *, #5670, .T. ) ;
#2791 = DIRECTION ( 'NONE',  ( -1.000000000000000000, -0.000000000000000000, -0.000000000000000000 ) ) ;
#2792 = ADVANCED_FACE ( 'NONE', ( #4424 ), #2630, .T. ) ;
#2793 = PLANE ( 'NONE',  #3666 ) ;
#2794 = EDGE_CURVE ( 'NONE', #7173, #2404, #5785, .T. ) ;
#2795 = DIRECTION ( 'NONE',  ( 1.000000000000000000, 0.000000000000000000, 0.000000000000000000 ) ) ;
#2796 = CARTESIAN_POINT ( 'NONE',  ( 53.69999999999998863, -0.2035644447822284597, -0.3508995493808845234 ) ) ;
#2797 = DIRECTION ( 'NONE',  ( 1.000000000000000000, -0.000000000000000000, -0.000000000000000000 ) ) ;
#2798 = ORIENTED_EDGE ( 'NONE', *, *, #1052, .T. ) ;
#2799 = ORIENTED_EDGE ( 'NONE', *, *, #319, .F. ) ;
#2800 = CARTESIAN_POINT ( 'NONE',  ( 2.000000000000000000, -15.75000000000000000, -0.2500000000000002220 ) ) ;
#2801 = PLANE ( 'NONE',  #5153 ) ;
#2802 = PLANE ( 'NONE',  #1829 ) ;
#2803 = DIRECTION ( 'NONE',  ( -0.000000000000000000, -4.818676322157796389E-16, 1.000000000000000000 ) ) ;
#2804 = EDGE_LOOP ( 'NONE', ( #2549, #6976, #421, #4506 ) ) ;
#2805 = CARTESIAN_POINT ( 'NONE',  ( 50.69999999999999574, 12.00000000000000000, 1.500000000000000000 ) ) ;
#2806 = DIRECTION ( 'NONE',  ( 1.000000000000000000, -0.000000000000000000, -0.000000000000000000 ) ) ;
#2807 = ORIENTED_EDGE ( 'NONE', *, *, #4414, .F. ) ;
#2808 = EDGE_CURVE ( 'NONE', #7285, #4554, #3761, .T. ) ;
#2809 = VERTEX_POINT ( 'NONE', #2422 ) ;
#2811 = CIRCLE ( 'NONE', #805, 7.000000000000000000 ) ;
#2810 = FILL_AREA_STYLE ('',( #2778 ) ) ;
#2812 = CARTESIAN_POINT ( 'NONE',  ( 44.50000000000000000, 8.216365302705671780, -14.22809906599086993 ) ) ;
#2813 = ORIENTED_EDGE ( 'NONE', *, *, #3614, .T. ) ;
#2814 = ORIENTED_EDGE ( 'NONE', *, *, #1196, .F. ) ;
#2815 =( LENGTH_UNIT ( ) NAMED_UNIT ( * ) SI_UNIT ( .MILLI., .METRE. ) );
#2816 = CARTESIAN_POINT ( 'NONE',  ( 2.000000000000000000, 8.091506350946106707, -13.51490010960491261 ) ) ;
#2817 = ORIENTED_EDGE ( 'NONE', *, *, #5212, .T. ) ;
#2818 = VECTOR ( 'NONE', #4347, 1000.000000000000000 ) ;
#2819 = ORIENTED_EDGE ( 'NONE', *, *, #5435, .T. ) ;
#2820 = CARTESIAN_POINT ( 'NONE',  ( 53.59999999999998721, 1.551621044983853226, -2.214692476486026518 ) ) ;
#2821 = PLANE ( 'NONE',  #831 ) ;
#2822 = SURFACE_SIDE_STYLE ('',( #514 ) ) ;
#2823 = CARTESIAN_POINT ( 'NONE',  ( 53.59999999999998721, -1.480062982793924453, 1.140318650117346566 ) ) ;
#2824 = DIRECTION ( 'NONE',  ( -1.000000000000000000, 0.000000000000000000, 0.000000000000000000 ) ) ;
#2825 = CARTESIAN_POINT ( 'NONE',  ( 6.000000000000000000, 1.836970198721030427E-16, 13.99999999999999822 ) ) ;
#2826 = ORIENTED_EDGE ( 'NONE', *, *, #7233, .T. ) ;
#2827 = DIRECTION ( 'NONE',  ( -1.000000000000000000, 0.000000000000000000, 0.000000000000000000 ) ) ;
#2828 = CARTESIAN_POINT ( 'NONE',  ( 47.69999999999999574, -8.750000000000000000, 15.70000000000000284 ) ) ;
#2829 = FACE_OUTER_BOUND ( 'NONE', #4698, .T. ) ;
#2830 = CARTESIAN_POINT ( 'NONE',  ( 2.000000000000000000, 6.715673326026347034, 13.73188740771268890 ) ) ;
#2831 = LINE ( 'NONE', #7226, #6680 ) ;
#2832 = EDGE_CURVE ( 'NONE', #1043, #2575, #5993, .T. ) ;
#2833 = PLANE ( 'NONE',  #6277 ) ;
#2834 = SURFACE_STYLE_FILL_AREA ( #5439 ) ;
#2835 = AXIS2_PLACEMENT_3D ( 'NONE', #1812, #4824, #5646 ) ;
#2836 = VECTOR ( 'NONE', #712, 1000.000000000000000 ) ;
#2837 = VERTEX_POINT ( 'NONE', #6634 ) ;
#2838 = EDGE_CURVE ( 'NONE', #3746, #695, #5327, .T. ) ;
#2839 = LINE ( 'NONE', #3489, #6713 ) ;
#2840 = CARTESIAN_POINT ( 'NONE',  ( 44.50000000000000000, -10.83425457577108908, -12.35177677933580576 ) ) ;
#2841 = FILL_AREA_STYLE_COLOUR ( '', #7258 ) ;
#2842 = PLANE ( 'NONE',  #6683 ) ;
#2843 = ORIENTED_EDGE ( 'NONE', *, *, #650, .T. ) ;
#2844 = CARTESIAN_POINT ( 'NONE',  ( 0.000000000000000000, 7.000000000000000888, 6.000000000000000888 ) ) ;
#2845 = CARTESIAN_POINT ( 'NONE',  ( 46.09999999999999432, 10.00383258696652611, -13.03976505953749232 ) ) ;
#2846 = VERTEX_POINT ( 'NONE', #3538 ) ;
#2847 = VECTOR ( 'NONE', #3645, 1000.000000000000000 ) ;
#2848 = ORIENTED_EDGE ( 'NONE', *, *, #4095, .T. ) ;
#2849 = VECTOR ( 'NONE', #6142, 1000.000000000000000 ) ;
#2850 = CARTESIAN_POINT ( 'NONE',  ( 44.50000000000000711, 16.39499999999999602, 1.073050240741769024 ) ) ;
#2851 = CIRCLE ( 'NONE', #2254, 1.500000000000001110 ) ;
#2852 = ORIENTED_EDGE ( 'NONE', *, *, #5208, .T. ) ;
#2853 = ORIENTED_EDGE ( 'NONE', *, *, #128, .F. ) ;
#2854 = EDGE_CURVE ( 'NONE', #2729, #3712, #7273, .T. ) ;
#2855 = ORIENTED_EDGE ( 'NONE', *, *, #3285, .T. ) ;
#2856 = VECTOR ( 'NONE', #6673, 1000.000000000000000 ) ;
#2857 = MECHANICAL_DESIGN_GEOMETRIC_PRESENTATION_REPRESENTATION (  '', ( #7466 ), #3889 ) ;
#2858 = ORIENTED_EDGE ( 'NONE', *, *, #3171, .T. ) ;
#2859 = CARTESIAN_POINT ( 'NONE',  ( 53.19999999999998863, 7.960204194457796463E-16, 6.500000000000000888 ) ) ;
#2860 = DIRECTION ( 'NONE',  ( -1.000000000000000000, 0.000000000000000000, 0.000000000000000000 ) ) ;
#2861 =( NAMED_UNIT ( * ) PLANE_ANGLE_UNIT ( ) SI_UNIT ( $, .RADIAN. ) );
#2862 = CARTESIAN_POINT ( 'NONE',  ( 53.59999999999998721, 1.551621044983853226, -1.246155777120157016 ) ) ;
#2863 = DIRECTION ( 'NONE',  ( 1.000000000000000000, 0.000000000000000000, 0.000000000000000000 ) ) ;
#2864 = DIRECTION ( 'NONE',  ( 0.000000000000000000, 0.3420201433256628287, -0.9396926207859105373 ) ) ;
#2865 = ORIENTED_EDGE ( 'NONE', *, *, #2467, .F. ) ;
#2866 = LINE ( 'NONE', #1692, #4405 ) ;
#2867 = COLOUR_RGB ( '',0.7960784313725489669, 0.8235294117647058432, 0.9372549019607843146 ) ;
#2869 = VECTOR ( 'NONE', #2657, 1000.000000000000000 ) ;
#2868 = DIRECTION ( 'NONE',  ( 0.000000000000000000, 0.000000000000000000, 1.000000000000000000 ) ) ;
#2870 = AXIS2_PLACEMENT_3D ( 'NONE', #4865, #7418, #7296 ) ;
#2871 = ORIENTED_EDGE ( 'NONE', *, *, #2696, .T. ) ;
#2872 = FACE_OUTER_BOUND ( 'NONE', #2408, .T. ) ;
#2873 = VECTOR ( 'NONE', #515, 1000.000000000000000 ) ;
#2874 = DIRECTION ( 'NONE',  ( 0.000000000000000000, 0.000000000000000000, -1.000000000000000000 ) ) ;
#2875 = LINE ( 'NONE', #2371, #219 ) ;
#2876 = CARTESIAN_POINT ( 'NONE',  ( 53.60000000000001563, 0.2406070517365442862, -3.152802133581223298 ) ) ;
#2877 = PLANE ( 'NONE',  #1229 ) ;
#2878 = COLOUR_RGB ( '',0.7960784313725489669, 0.8235294117647058432, 0.9372549019607843146 ) ;
#2879 = EDGE_CURVE ( 'NONE', #6031, #1123, #1149, .T. ) ;
#2880 = ORIENTED_EDGE ( 'NONE', *, *, #7540, .F. ) ;
#2881 = COLOUR_RGB ( '',0.7960784313725489669, 0.8235294117647058432, 0.9372549019607843146 ) ;
#2882 = CARTESIAN_POINT ( 'NONE',  ( 0.2000000000000000111, -15.50000000000000000, -8.673617379884035472E-16 ) ) ;
#2883 = CARTESIAN_POINT ( 'NONE',  ( 44.50000000000001421, -1.073050240741763695, -16.39500000000000668 ) ) ;
#2884 =( NAMED_UNIT ( * ) SI_UNIT ( $, .STERADIAN. ) SOLID_ANGLE_UNIT ( ) );
#2885 =( GEOMETRIC_REPRESENTATION_CONTEXT ( 3 ) GLOBAL_UNCERTAINTY_ASSIGNED_CONTEXT ( ( #6951 ) ) GLOBAL_UNIT_ASSIGNED_CONTEXT ( ( #3624, #6686, #2432 ) ) REPRESENTATION_CONTEXT ( 'NONE', 'WORKASPACE' ) );
#2886 = ORIENTED_EDGE ( 'NONE', *, *, #6030, .F. ) ;
#2887 = CARTESIAN_POINT ( 'NONE',  ( 0.000000000000000000, 8.091506350946106707, -13.51490010960491261 ) ) ;
#2888 = EDGE_CURVE ( 'NONE', #7092, #4372, #607, .T. ) ;
#2889 = FACE_OUTER_BOUND ( 'NONE', #3708, .T. ) ;
#2890 = ORIENTED_EDGE ( 'NONE', *, *, #4545, .F. ) ;
#2891 = AXIS2_PLACEMENT_3D ( 'NONE', #6465, #2175, #3440 ) ;
#2892 = VERTEX_POINT ( 'NONE', #6513 ) ;
#2893 = EDGE_CURVE ( 'NONE', #1273, #537, #4140, .T. ) ;
#2894 = PLANE ( 'NONE',  #4368 ) ;
#2895 = CARTESIAN_POINT ( 'NONE',  ( 44.50000000000000711, 8.216365302705664675, 14.22809906599087881 ) ) ;
#2896 = VECTOR ( 'NONE', #1407, 1000.000000000000000 ) ;
#2897 = ORIENTED_EDGE ( 'NONE', *, *, #7760, .T. ) ;
#2898 = ORIENTED_EDGE ( 'NONE', *, *, #1010, .T. ) ;
#2899 = CARTESIAN_POINT ( 'NONE',  ( 44.50000000000000000, 0.000000000000000000, 0.000000000000000000 ) ) ;
#2900 = DIRECTION ( 'NONE',  ( -1.000000000000000000, -0.000000000000000000, -0.000000000000000000 ) ) ;
#2901 = EDGE_LOOP ( 'NONE', ( #4057, #7355, #1641, #2826 ) ) ;
#2902 = AXIS2_PLACEMENT_3D ( 'NONE', #6914, #3292, #7440 ) ;
#2903 = ORIENTED_EDGE ( 'NONE', *, *, #7831, .F. ) ;
#2904 = CARTESIAN_POINT ( 'NONE',  ( 53.59999999999998721, 1.349119603733285766, -2.970352025123718764 ) ) ;
#2905 = FILL_AREA_STYLE_COLOUR ( '', #1216 ) ;
#2906 = DIRECTION ( 'NONE',  ( -1.000000000000000000, -0.000000000000000000, -0.000000000000000000 ) ) ;
#2907 = CARTESIAN_POINT ( 'NONE',  ( 47.69999999999999574, 8.750000000000000000, 13.87074259007065180 ) ) ;
#2908 = LINE ( 'NONE', #4146, #7714 ) ;
#2909 = LINE ( 'NONE', #4981, #5644 ) ;
#2910 = ORIENTED_EDGE ( 'NONE', *, *, #5848, .F. ) ;
#2911 = DIRECTION ( 'NONE',  ( 1.000000000000000000, 0.000000000000000000, -0.000000000000000000 ) ) ;
#2912 = DIRECTION ( 'NONE',  ( 0.000000000000000000, -0.8660254037844387076, 0.5000000000000001110 ) ) ;
#2913 = EDGE_CURVE ( 'NONE', #4648, #77, #6036, .T. ) ;
#2914 = VERTEX_POINT ( 'NONE', #6553 ) ;
#2915 = LINE ( 'NONE', #7762, #256 ) ;
#2916 = DIRECTION ( 'NONE',  ( -1.000000000000000000, 0.000000000000000000, 0.000000000000000000 ) ) ;
#2917 = DIRECTION ( 'NONE',  ( 1.000000000000000000, -0.000000000000000000, -0.000000000000000000 ) ) ;
#2918 = DIRECTION ( 'NONE',  ( 1.000000000000000000, 0.000000000000000000, 0.000000000000000000 ) ) ;
#2919 = CARTESIAN_POINT ( 'NONE',  ( 0.000000000000000000, -15.50000000000000000, -8.673617379884035472E-16 ) ) ;
#2920 = ADVANCED_FACE ( 'NONE', ( #531 ), #4728, .F. ) ;
#2921 = EDGE_LOOP ( 'NONE', ( #3422, #1768, #3737, #4170 ) ) ;
#2922 = CARTESIAN_POINT ( 'NONE',  ( 53.69999999999998863, 1.214767264119655854, 1.222004050389287944 ) ) ;
#2923 = CARTESIAN_POINT ( 'NONE',  ( 44.50000000000000711, -15.87063295520517059, -4.250937710707079376 ) ) ;
#2924 = CARTESIAN_POINT ( 'NONE',  ( 53.59999999999998721, 1.551621044983853226, 3.433813554215726871 ) ) ;
#2925 = ORIENTED_EDGE ( 'NONE', *, *, #6573, .T. ) ;
#2926 = LINE ( 'NONE', #7733, #6584 ) ;
#2927 = CARTESIAN_POINT ( 'NONE',  ( 46.10000000000000142, 16.39999999999999503, -1.073377489976508281 ) ) ;
#2928 = ORIENTED_EDGE ( 'NONE', *, *, #2662, .F. ) ;
#2929 = ORIENTED_EDGE ( 'NONE', *, *, #3834, .F. ) ;
#2930 = CARTESIAN_POINT ( 'NONE',  ( 53.69999999999998863, -1.480062982793924453, -1.246155777120157016 ) ) ;
#2931 = VERTEX_POINT ( 'NONE', #7147 ) ;
#2932 = EDGE_CURVE ( 'NONE', #473, #5506, #1875, .T. ) ;
#2933 = VERTEX_POINT ( 'NONE', #2924 ) ;
#2934 = ORIENTED_EDGE ( 'NONE', *, *, #6875, .F. ) ;
#2935 = EDGE_CURVE ( 'NONE', #5568, #4047, #5364, .T. ) ;
#2936 = ORIENTED_EDGE ( 'NONE', *, *, #2935, .F. ) ;
#2937 = PRESENTATION_LAYER_ASSIGNMENT (  '', '', ( #1054 ) ) ;
#2938 = EDGE_CURVE ( 'NONE', #165, #1471, #5403, .T. ) ;
#2939 = DIRECTION ( 'NONE',  ( -0.000000000000000000, -1.000000000000000000, -0.000000000000000000 ) ) ;
#2940 = CARTESIAN_POINT ( 'NONE',  ( 0.5000000000000000000, 7.000000000000001776, 0.000000000000000000 ) ) ;
#2941 = SURFACE_STYLE_USAGE ( .BOTH. , #2822 ) ;
#2942 = DIRECTION ( 'NONE',  ( 0.000000000000000000, 0.000000000000000000, 1.000000000000000000 ) ) ;
#2943 = LINE ( 'NONE', #1732, #1891 ) ;
#2944 = FACE_OUTER_BOUND ( 'NONE', #6924, .T. ) ;
#2945 = ORIENTED_EDGE ( 'NONE', *, *, #2416, .T. ) ;
#2946 = CARTESIAN_POINT ( 'NONE',  ( 53.60000000000001563, 1.136910639458504013, -2.554832852823936129 ) ) ;
#2947 = CARTESIAN_POINT ( 'NONE',  ( 0.000000000000000000, 8.534326673973666288, 12.68188740771268641 ) ) ;
#2948 = STYLED_ITEM ( 'NONE', ( #3718 ), #6512 ) ;
#2949 = AXIS2_PLACEMENT_3D ( 'NONE', #2421, #4244, #14 ) ;
#2950 = ORIENTED_EDGE ( 'NONE', *, *, #4749, .F. ) ;
#2951 = ORIENTED_EDGE ( 'NONE', *, *, #4212, .T. ) ;
#2952 = CARTESIAN_POINT ( 'NONE',  ( 0.000000000000000000, 7.000000000000000000, -6.000000000000000888 ) ) ;
#2953 =( GEOMETRIC_REPRESENTATION_CONTEXT ( 3 ) GLOBAL_UNCERTAINTY_ASSIGNED_CONTEXT ( ( #6705 ) ) GLOBAL_UNIT_ASSIGNED_CONTEXT ( ( #906, #4430, #5738 ) ) REPRESENTATION_CONTEXT ( 'NONE', 'WORKASPACE' ) );
#2954 = CARTESIAN_POINT ( 'NONE',  ( 0.000000000000000000, -15.50000000000000000, -8.673617379884035472E-16 ) ) ;
#2955 = LINE ( 'NONE', #2297, #851 ) ;
#2956 = CARTESIAN_POINT ( 'NONE',  ( 53.59999999999998721, 0.6828928732814492086, -3.260712111801166380 ) ) ;
#2957 = LINE ( 'NONE', #1218, #1358 ) ;
#2958 = EDGE_CURVE ( 'NONE', #1471, #4856, #1097, .T. ) ;
#2959 = VECTOR ( 'NONE', #3893, 1000.000000000000114 ) ;
#2960 = ORIENTED_EDGE ( 'NONE', *, *, #1155, .F. ) ;
#2961 = DIRECTION ( 'NONE',  ( 1.000000000000000000, -0.000000000000000000, -0.000000000000000000 ) ) ;
#2962 = CARTESIAN_POINT ( 'NONE',  ( 44.50000000000000000, -13.03578952140959579, 10.00078263800707745 ) ) ;
#2963 = DIRECTION ( 'NONE',  ( -1.000000000000000000, -0.000000000000000000, -0.000000000000000000 ) ) ;
#2964 = AXIS2_PLACEMENT_3D ( 'NONE', #263, #1518, #6882 ) ;
#2965 = ORIENTED_EDGE ( 'NONE', *, *, #7185, .T. ) ;
#2966 =( NAMED_UNIT ( * ) SI_UNIT ( $, .STERADIAN. ) SOLID_ANGLE_UNIT ( ) );
#2967 = LINE ( 'NONE', #5408, #3036 ) ;
#2968 = VERTEX_POINT ( 'NONE', #4443 ) ;
#2969 = VECTOR ( 'NONE', #197, 1000.000000000000000 ) ;
#2970 = ORIENTED_EDGE ( 'NONE', *, *, #4131, .T. ) ;
#2971 = CARTESIAN_POINT ( 'NONE',  ( 53.69999999999998863, -1.480062982793924453, -2.892339848516927603 ) ) ;
#2972 = ORIENTED_EDGE ( 'NONE', *, *, #7077, .F. ) ;
#2973 = ORIENTED_EDGE ( 'NONE', *, *, #5862, .F. ) ;
#2974 = SURFACE_STYLE_USAGE ( .BOTH. , #579 ) ;
#2975 = DIRECTION ( 'NONE',  ( 1.000000000000000000, 0.000000000000000000, 0.000000000000000000 ) ) ;
#2976 = AXIS2_PLACEMENT_3D ( 'NONE', #2859, #1083, #4710 ) ;
#2977 = VERTEX_POINT ( 'NONE', #3087 ) ;
#2978 = CIRCLE ( 'NONE', #5151, 1.500000000000000000 ) ;
#2979 = EDGE_CURVE ( 'NONE', #2404, #7173, #7456, .T. ) ;
#2980 = ORIENTED_EDGE ( 'NONE', *, *, #4602, .T. ) ;
#2981 = CARTESIAN_POINT ( 'NONE',  ( 53.70000000000062812, 0.9046468922608165153, -2.774555938146442191 ) ) ;
#2982 = CARTESIAN_POINT ( 'NONE',  ( 53.69999999999998863, 0.000000000000000000, 7.000000000000000000 ) ) ;
#2983 = DIRECTION ( 'NONE',  ( 0.000000000000000000, 0.000000000000000000, 1.000000000000000000 ) ) ;
#2984 = CARTESIAN_POINT ( 'NONE',  ( 53.59999999999998721, -1.480062982793924453, 1.140318650117346566 ) ) ;
#2985 = ORIENTED_EDGE ( 'NONE', *, *, #5440, .T. ) ;
#2986 = DIRECTION ( 'NONE',  ( 1.000000000000000000, 0.000000000000000000, 0.000000000000000000 ) ) ;
#2987 = EDGE_CURVE ( 'NONE', #4891, #617, #4287, .T. ) ;
#2988 = CARTESIAN_POINT ( 'NONE',  ( 47.69999999999999574, 12.00000000000000000, 1.500000000000000000 ) ) ;
#2989 =( GEOMETRIC_REPRESENTATION_CONTEXT ( 3 ) GLOBAL_UNCERTAINTY_ASSIGNED_CONTEXT ( ( #6467 ) ) GLOBAL_UNIT_ASSIGNED_CONTEXT ( ( #1836, #3492, #491 ) ) REPRESENTATION_CONTEXT ( 'NONE', 'WORKASPACE' ) );
#2990 = ADVANCED_FACE ( 'NONE', ( #207 ), #1957, .T. ) ;
#2991 = AXIS2_PLACEMENT_3D ( 'NONE', #4123, #1106, #4809 ) ;
#2992 = VERTEX_POINT ( 'NONE', #2034 ) ;
#2993 = VERTEX_POINT ( 'NONE', #1880 ) ;
#2994 = FILL_AREA_STYLE_COLOUR ( '', #2353 ) ;
#2995 = DIRECTION ( 'NONE',  ( -0.000000000000000000, -0.8660254037844378194, 0.5000000000000013323 ) ) ;
#2996 = CARTESIAN_POINT ( 'NONE',  ( 0.000000000000000000, -13.42339375865886986, 9.249999999999875655 ) ) ;
#2997 = PRESENTATION_LAYER_ASSIGNMENT (  '', '', ( #2005 ) ) ;
#2998 = VECTOR ( 'NONE', #5739, 1000.000000000000000 ) ;
#2999 = EDGE_CURVE ( 'NONE', #1704, #7411, #602, .T. ) ;
#3000 = DIRECTION ( 'NONE',  ( -1.000000000000000000, 0.000000000000000000, 0.000000000000000000 ) ) ;
#3001 = CARTESIAN_POINT ( 'NONE',  ( 51.89999999999998437, 8.150000000000003908, 15.70000000000000284 ) ) ;
#3002 = AXIS2_PLACEMENT_3D ( 'NONE', #7167, #5261, #7790 ) ;
#3003 = VECTOR ( 'NONE', #1918, 1000.000000000000227 ) ;
#3004 = VECTOR ( 'NONE', #5099, 1000.000000000000000 ) ;
#3005 = EDGE_LOOP ( 'NONE', ( #4975, #5530, #21, #2454 ) ) ;
#3006 = FACE_BOUND ( 'NONE', #7778, .T. ) ;
#3007 = CARTESIAN_POINT ( 'NONE',  ( 44.50000000000000711, -15.55764348474978576, 5.282725718848011454 ) ) ;
#3008 = CARTESIAN_POINT ( 'NONE',  ( 53.59999999999998721, -0.2035644447822284597, 0.3077054061879072044 ) ) ;
#3009 = SURFACE_SIDE_STYLE ('',( #15 ) ) ;
#3010 = ORIENTED_EDGE ( 'NONE', *, *, #2893, .F. ) ;
#3011 = AXIS2_PLACEMENT_3D ( 'NONE', #6647, #6731, #2395 ) ;
#3012 = ORIENTED_EDGE ( 'NONE', *, *, #1353, .T. ) ;
#3013 = SURFACE_STYLE_FILL_AREA ( #4354 ) ;
#3014 = PLANE ( 'NONE',  #2777 ) ;
#3015 = ORIENTED_EDGE ( 'NONE', *, *, #1253, .F. ) ;
#3016 = PRESENTATION_LAYER_ASSIGNMENT (  '', '', ( #3273 ) ) ;
#3017 = ORIENTED_EDGE ( 'NONE', *, *, #486, .T. ) ;
#3018 = VERTEX_POINT ( 'NONE', #7483 ) ;
#3019 = EDGE_CURVE ( 'NONE', #4754, #6491, #164, .T. ) ;
#3020 = CARTESIAN_POINT ( 'NONE',  ( 47.69999999999999574, 0.000000000000000000, 0.000000000000000000 ) ) ;
#3021 = CIRCLE ( 'NONE', #4421, 1.500000000000001110 ) ;
#3022 = ORIENTED_EDGE ( 'NONE', *, *, #7126, .F. ) ;
#3023 = CARTESIAN_POINT ( 'NONE',  ( 53.59999999999998721, 0.04416600802740047738, -2.967404917819254528 ) ) ;
#3024 = ADVANCED_FACE ( 'NONE', ( #1270 ), #4403, .F. ) ;
#3025 = EDGE_LOOP ( 'NONE', ( #6766, #5596, #4719, #3995, #3936 ) ) ;
#3026 = ORIENTED_EDGE ( 'NONE', *, *, #7525, .T. ) ;
#3027 = CIRCLE ( 'NONE', #1646, 2.000000000000000000 ) ;
#3028 = CARTESIAN_POINT ( 'NONE',  ( 53.70000000000000284, -0.1099725633294319910, -2.642026295532786229 ) ) ;
#3029 =( NAMED_UNIT ( * ) PLANE_ANGLE_UNIT ( ) SI_UNIT ( $, .RADIAN. ) );
#3030 = FACE_OUTER_BOUND ( 'NONE', #3227, .T. ) ;
#3031 = CARTESIAN_POINT ( 'NONE',  ( 2.000000000000000000, 7.008493649053896490, 12.63906708468513784 ) ) ;
#3032 = ORIENTED_EDGE ( 'NONE', *, *, #3348, .T. ) ;
#3033 = CARTESIAN_POINT ( 'NONE',  ( 0.000000000000000000, 7.750000000000006217, 12.12339375865879987 ) ) ;
#3034 = ADVANCED_FACE ( 'NONE', ( #6275 ), #3247, .F. ) ;
#3035 = CARTESIAN_POINT ( 'NONE',  ( 0.5000000000000000000, 7.163571428571429145, 9.998662129892933237 ) ) ;
#3036 = VECTOR ( 'NONE', #4885, 1000.000000000000000 ) ;
#3037 = ORIENTED_EDGE ( 'NONE', *, *, #7788, .T. ) ;
#3038 = UNCERTAINTY_MEASURE_WITH_UNIT (LENGTH_MEASURE( 1.000000000000000082E-05 ), #4025, 'distance_accuracy_value', 'NONE');
#3039 = ORIENTED_EDGE ( 'NONE', *, *, #1059, .T. ) ;
#3040 = FACE_OUTER_BOUND ( 'NONE', #2184, .T. ) ;
#3041 = FILL_AREA_STYLE ('',( #6708 ) ) ;
#3042 = DIRECTION ( 'NONE',  ( 0.000000000000000000, 0.000000000000000000, -1.000000000000000000 ) ) ;
#3043 =( NAMED_UNIT ( * ) PLANE_ANGLE_UNIT ( ) SI_UNIT ( $, .RADIAN. ) );
#3044 = EDGE_CURVE ( 'NONE', #5486, #6377, #760, .T. ) ;
#3045 = DIRECTION ( 'NONE',  ( 0.000000000000000000, 0.000000000000000000, -1.000000000000000000 ) ) ;
#3046 = FACE_OUTER_BOUND ( 'NONE', #7163, .T. ) ;
#3047 = EDGE_CURVE ( 'NONE', #7005, #1806, #7394, .T. ) ;
#3048 = ADVANCED_FACE ( 'NONE', ( #6790 ), #4924, .T. ) ;
#3049 = VERTEX_POINT ( 'NONE', #7313 ) ;
#3050 = CARTESIAN_POINT ( 'NONE',  ( 53.59999999999998721, -0.2035644447822284597, 0.3077054061879072044 ) ) ;
#3051 = CARTESIAN_POINT ( 'NONE',  ( 53.69999999999998863, -0.5404182256464260536, 0.4042307585992851449 ) ) ;
#3052 = CARTESIAN_POINT ( 'NONE',  ( 0.000000000000000000, 7.408493649053896846, 13.33188740771268677 ) ) ;
#3053 = ADVANCED_FACE ( 'NONE', ( #6120 ), #4397, .T. ) ;
#3054 = CARTESIAN_POINT ( 'NONE',  ( 6.000000000000000000, 13.42339375865876505, 7.750000000000063061 ) ) ;
#3055 = VERTEX_POINT ( 'NONE', #4324 ) ;
#3056 = EDGE_LOOP ( 'NONE', ( #4028, #6982, #6037, #6523 ) ) ;
#3057 = ORIENTED_EDGE ( 'NONE', *, *, #6991, .T. ) ;
#3058 = DIRECTION ( 'NONE',  ( -1.000000000000000000, 0.000000000000000000, 0.000000000000000000 ) ) ;
#3059 = ORIENTED_EDGE ( 'NONE', *, *, #1370, .F. ) ;
#3060 = ORIENTED_EDGE ( 'NONE', *, *, #4302, .F. ) ;
#3061 = CARTESIAN_POINT ( 'NONE',  ( 0.000000000000000000, 8.534326673973657407, -12.68188740771269352 ) ) ;
#3062 = DIRECTION ( 'NONE',  ( 0.000000000000000000, -0.8905640003863123377, -0.4548579571865576932 ) ) ;
#3063 = ORIENTED_EDGE ( 'NONE', *, *, #2196, .F. ) ;
#3064 = EDGE_CURVE ( 'NONE', #3265, #390, #6911, .T. ) ;
#3065 = ORIENTED_EDGE ( 'NONE', *, *, #3880, .F. ) ;
#3066 = CARTESIAN_POINT ( 'NONE',  ( 53.59999999999998721, 1.551621044983853226, -1.246155777120157016 ) ) ;
#3067 = CARTESIAN_POINT ( 'NONE',  ( 6.000000000000000000, 0.000000000000000000, 17.00000000000000000 ) ) ;
#3068 = DIRECTION ( 'NONE',  ( 0.000000000000000000, 0.000000000000000000, 1.000000000000000000 ) ) ;
#3069 = DIRECTION ( 'NONE',  ( 0.000000000000000000, 0.000000000000000000, 1.000000000000000000 ) ) ;
#3070 = EDGE_LOOP ( 'NONE', ( #6870, #4307, #48, #7247 ) ) ;
#3071 = LINE ( 'NONE', #5502, #4289 ) ;
#3072 = CARTESIAN_POINT ( 'NONE',  ( 0.000000000000000000, 7.750000000000006217, 13.42339375865879703 ) ) ;
#3073 = ORIENTED_EDGE ( 'NONE', *, *, #5094, .T. ) ;
#3074 = CYLINDRICAL_SURFACE ( 'NONE', #1868, 16.39499999999999957 ) ;
#3075 = LINE ( 'NONE', #4316, #6558 ) ;
#3076 = DIRECTION ( 'NONE',  ( -1.000000000000000000, -0.000000000000000000, -0.000000000000000000 ) ) ;
#3077 = LINE ( 'NONE', #7306, #4505 ) ;
#3078 = CARTESIAN_POINT ( 'NONE',  ( 0.000000000000000000, 7.750000000000006217, 13.42339375865879703 ) ) ;
#3079 = VECTOR ( 'NONE', #1466, 1000.000000000000000 ) ;
#3080 = PRESENTATION_LAYER_ASSIGNMENT (  '', '', ( #2701 ) ) ;
#3081 = VERTEX_POINT ( 'NONE', #3885 ) ;
#3082 = AXIS2_PLACEMENT_3D ( 'NONE', #4873, #6822, #3195 ) ;
#3083 = EDGE_CURVE ( 'NONE', #2394, #5685, #3956, .T. ) ;
#3084 = CARTESIAN_POINT ( 'NONE',  ( 53.69999999999998863, -1.480062982793924453, 1.996833409881984212 ) ) ;
#3085 = FILL_AREA_STYLE ('',( #677 ) ) ;
#3086 = CYLINDRICAL_SURFACE ( 'NONE', #2365, 1.500000000000001332 ) ;
#3087 = CARTESIAN_POINT ( 'NONE',  ( 0.000000000000000000, 7.749999999999999112, -11.42339375865880058 ) ) ;
#3088 = EDGE_LOOP ( 'NONE', ( #2321, #755 ) ) ;
#3089 = ADVANCED_FACE ( 'NONE', ( #1510 ), #2180, .T. ) ;
#3090 = ORIENTED_EDGE ( 'NONE', *, *, #5352, .F. ) ;
#3091 = VECTOR ( 'NONE', #3674, 1000.000000000000000 ) ;
#3092 =( LENGTH_UNIT ( ) NAMED_UNIT ( * ) SI_UNIT ( .MILLI., .METRE. ) );
#3093 = ORIENTED_EDGE ( 'NONE', *, *, #2979, .F. ) ;
#3094 = EDGE_CURVE ( 'NONE', #4891, #4946, #323, .T. ) ;
#3095 = ORIENTED_EDGE ( 'NONE', *, *, #4212, .F. ) ;
#3096 = VECTOR ( 'NONE', #971, 1000.000000000000000 ) ;
#3097 = VECTOR ( 'NONE', #2468, 1000.000000000000000 ) ;
#3098 = DIRECTION ( 'NONE',  ( -0.000000000000000000, -1.000000000000000000, -0.000000000000000000 ) ) ;
#3099 = LINE ( 'NONE', #6091, #6912 ) ;
#3100 = VERTEX_POINT ( 'NONE', #7024 ) ;
#3101 = ORIENTED_EDGE ( 'NONE', *, *, #5858, .T. ) ;
#3102 = CARTESIAN_POINT ( 'NONE',  ( 53.69999999999998863, 1.551621044983853226, -2.214692476486026518 ) ) ;
#3103 = PLANE ( 'NONE',  #5703 ) ;
#3104 = APPLICATION_CONTEXT ( 'automotive_design' ) ;
#3105 = VERTEX_POINT ( 'NONE', #6358 ) ;
#3106 = ADVANCED_FACE ( 'NONE', ( #2684 ), #3408, .T. ) ;
#3107 = CARTESIAN_POINT ( 'NONE',  ( 53.59999999999998721, -0.5404182256464260536, 0.4042307585992851449 ) ) ;
#3108 = ORIENTED_EDGE ( 'NONE', *, *, #7301, .T. ) ;
#3109 = CARTESIAN_POINT ( 'NONE',  ( 47.69999999999999574, -0.6857658333707060683, -7.731734942545648970 ) ) ;
#3110 = CARTESIAN_POINT ( 'NONE',  ( 53.59999999999998721, -0.5404182256464260536, 0.4042307585992851449 ) ) ;
#3111 = VECTOR ( 'NONE', #3886, 1000.000000000000000 ) ;
#3112 = UNCERTAINTY_MEASURE_WITH_UNIT (LENGTH_MEASURE( 1.000000000000000082E-05 ), #4100, 'distance_accuracy_value', 'NONE');
#3113 = CARTESIAN_POINT ( 'NONE',  ( 49.19999999999999574, 0.000000000000000000, -6.500000000000000888 ) ) ;
#3114 = DIRECTION ( 'NONE',  ( 0.000000000000000000, 0.000000000000000000, 1.000000000000000000 ) ) ;
#3115 = FACE_OUTER_BOUND ( 'NONE', #4575, .T. ) ;
#3116 = CARTESIAN_POINT ( 'NONE',  ( 53.59999999999998721, -1.480062982793924453, -5.627487487526145138 ) ) ;
#3117 = EDGE_CURVE ( 'NONE', #6554, #7155, #5420, .T. ) ;
#3118 = AXIS2_PLACEMENT_3D ( 'NONE', #3113, #5472, #1945 ) ;
#3119 = CARTESIAN_POINT ( 'NONE',  ( 53.69999999999998863, 1.587079337706400306, -0.2156327289948717363 ) ) ;
#3120 = CARTESIAN_POINT ( 'NONE',  ( 0.000000000000000000, -15.50000000000000000, 1.299999999999999156 ) ) ;
#3121 = ORIENTED_EDGE ( 'NONE', *, *, #3876, .F. ) ;
#3122 = VECTOR ( 'NONE', #6810, 1000.000000000000114 ) ;
#3123 = DIRECTION ( 'NONE',  ( 1.000000000000000000, -0.000000000000000000, -0.000000000000000000 ) ) ;
#3124 = TOROIDAL_SURFACE ( 'NONE', #5161, 6.500000000000000888, 0.5000000000000000000 ) ;
#3125 = PRESENTATION_STYLE_ASSIGNMENT (( #1922 ) ) ;
#3126 = DIRECTION ( 'NONE',  ( 1.000000000000000000, -0.000000000000000000, -0.000000000000000000 ) ) ;
#3127 = CARTESIAN_POINT ( 'NONE',  ( 0.2000000000000000111, -15.50000000000000000, -8.673617379884035472E-16 ) ) ;
#3128 = EDGE_LOOP ( 'NONE', ( #2612, #4665 ) ) ;
#3129 = ORIENTED_EDGE ( 'NONE', *, *, #1589, .T. ) ;
#3130 = AXIS2_PLACEMENT_3D ( 'NONE', #2215, #6992, #3924 ) ;
#3131 = EDGE_CURVE ( 'NONE', #130, #5831, #2744, .T. ) ;
#3132 = MECHANICAL_DESIGN_GEOMETRIC_PRESENTATION_REPRESENTATION (  '', ( #3257 ), #6826 ) ;
#3133 = ORIENTED_EDGE ( 'NONE', *, *, #7103, .F. ) ;
#3134 = VERTEX_POINT ( 'NONE', #2106 ) ;
#3135 = DIRECTION ( 'NONE',  ( -1.000000000000000000, 0.000000000000000000, 0.000000000000000000 ) ) ;
#3136 = CARTESIAN_POINT ( 'NONE',  ( 53.70000000000068496, 0.7424664353519704330, -2.813508901280081798 ) ) ;
#3137 = CIRCLE ( 'NONE', #7604, 2.000000000000000000 ) ;
#3138 = CARTESIAN_POINT ( 'NONE',  ( 0.000000000000000000, 6.965673326026335488, -14.16490010960491119 ) ) ;
#3139 = EDGE_CURVE ( 'NONE', #3367, #1595, #3291, .T. ) ;
#3140 = ORIENTED_EDGE ( 'NONE', *, *, #3391, .F. ) ;
#3141 = VERTEX_POINT ( 'NONE', #2651 ) ;
#3142 = FACE_OUTER_BOUND ( 'NONE', #1843, .T. ) ;
#3143 = CARTESIAN_POINT ( 'NONE',  ( 53.59999999999998721, 1.551621044983853226, -1.246155777120157016 ) ) ;
#3144 = ORIENTED_EDGE ( 'NONE', *, *, #4950, .T. ) ;
#3145 = EDGE_LOOP ( 'NONE', ( #6915, #7691, #1609, #5618 ) ) ;
#3146 = ADVANCED_FACE ( 'NONE', ( #5083 ), #7524, .T. ) ;
#3147 = AXIS2_PLACEMENT_3D ( 'NONE', #2767, #6324, #7566 ) ;
#3148 = CARTESIAN_POINT ( 'NONE',  ( 53.69999999999998153, 0.006970598764362954600, -2.913944002399471156 ) ) ;
#3149 =( LENGTH_UNIT ( ) NAMED_UNIT ( * ) SI_UNIT ( .MILLI., .METRE. ) );
#3150 = CARTESIAN_POINT ( 'NONE',  ( 0.5000000000000000000, 7.000000000000001776, 0.000000000000000000 ) ) ;
#3151 = MECHANICAL_DESIGN_GEOMETRIC_PRESENTATION_REPRESENTATION (  '', ( #5567 ), #507 ) ;
#3152 = FILL_AREA_STYLE ('',( #7416 ) ) ;
#3153 = VERTEX_POINT ( 'NONE', #1143 ) ;
#3154 = CARTESIAN_POINT ( 'NONE',  ( 6.000000000000000000, 0.000000000000000000, -15.50000000000000000 ) ) ;
#3155 = DIRECTION ( 'NONE',  ( 1.000000000000000000, -0.000000000000000000, -0.000000000000000000 ) ) ;
#3156 = VECTOR ( 'NONE', #1332, 1000.000000000000000 ) ;
#3157 = DIRECTION ( 'NONE',  ( 0.000000000000000000, 0.000000000000000000, 1.000000000000000000 ) ) ;
#3158 = DIRECTION ( 'NONE',  ( 1.000000000000000000, -0.000000000000000000, -0.000000000000000000 ) ) ;
#3159 = CARTESIAN_POINT ( 'NONE',  ( 48.69999999999999574, 0.000000000000000000, 1.000000000000000000 ) ) ;
#3160 = DIRECTION ( 'NONE',  ( 1.000000000000000000, -0.000000000000000000, -0.000000000000000000 ) ) ;
#3161 = CARTESIAN_POINT ( 'NONE',  ( 6.000000000000000000, -13.42339375865886986, 7.749999999999874767 ) ) ;
#3162 = CIRCLE ( 'NONE', #3419, 1.000000000000000000 ) ;
#3163 = ORIENTED_EDGE ( 'NONE', *, *, #5336, .F. ) ;
#3164 = EDGE_CURVE ( 'NONE', #268, #890, #4759, .T. ) ;
#3165 = ORIENTED_EDGE ( 'NONE', *, *, #1776, .F. ) ;
#3166 = CIRCLE ( 'NONE', #5203, 1.500000000000001110 ) ;
#3167 = CARTESIAN_POINT ( 'NONE',  ( 0.000000000000000000, 0.000000000000000000, 0.000000000000000000 ) ) ;
#3168 = DIRECTION ( 'NONE',  ( 1.000000000000000000, 0.000000000000000000, 0.000000000000000000 ) ) ;
#3169 = DIRECTION ( 'NONE',  ( 0.000000000000000000, -1.000000000000000000, 0.000000000000000000 ) ) ;
#3170 = SURFACE_STYLE_USAGE ( .BOTH. , #1306 ) ;
#3171 = EDGE_CURVE ( 'NONE', #4910, #7683, #7465, .T. ) ;
#3172 = LINE ( 'NONE', #838, #1863 ) ;
#3173 = ORIENTED_EDGE ( 'NONE', *, *, #3637, .F. ) ;
#3174 = ORIENTED_EDGE ( 'NONE', *, *, #4198, .F. ) ;
#3175 = DIRECTION ( 'NONE',  ( 0.000000000000000000, 1.000000000000000000, 0.000000000000000000 ) ) ;
#3176 = DIRECTION ( 'NONE',  ( -1.000000000000000000, -0.000000000000000000, -0.000000000000000000 ) ) ;
#3177 = DIRECTION ( 'NONE',  ( 0.000000000000000000, 0.000000000000000000, -1.000000000000000000 ) ) ;
#3178 = VERTEX_POINT ( 'NONE', #7802 ) ;
#3179 = ORIENTED_EDGE ( 'NONE', *, *, #4499, .F. ) ;
#3180 = DIRECTION ( 'NONE',  ( -1.000000000000000000, 0.000000000000000000, 0.000000000000000000 ) ) ;
#3181 = CARTESIAN_POINT ( 'NONE',  ( 53.59999999999997300, -0.05573380801219180586, -2.802243371549374196 ) ) ;
#3182 = ORIENTED_EDGE ( 'NONE', *, *, #7829, .F. ) ;
#3183 = ORIENTED_EDGE ( 'NONE', *, *, #6131, .T. ) ;
#3184 = EDGE_CURVE ( 'NONE', #3667, #3589, #1826, .T. ) ;
#3185 = DIRECTION ( 'NONE',  ( 0.000000000000000000, 0.000000000000000000, 1.000000000000000000 ) ) ;
#3186 = DIRECTION ( 'NONE',  ( -0.000000000000000000, 1.000000000000000000, -0.000000000000000000 ) ) ;
#3187 = CARTESIAN_POINT ( 'NONE',  ( 53.59999999999998721, -1.480062982793924453, -1.246155777120157016 ) ) ;
#3188 = EDGE_LOOP ( 'NONE', ( #7088, #969, #4805, #1079 ) ) ;
#3189 = DIRECTION ( 'NONE',  ( 1.000000000000000000, -0.000000000000000000, -0.000000000000000000 ) ) ;
#3190 = DIRECTION ( 'NONE',  ( -1.000000000000000000, 0.000000000000000000, 0.000000000000000000 ) ) ;
#3191 = EDGE_CURVE ( 'NONE', #6518, #5419, #7722, .T. ) ;
#3192 = ADVANCED_FACE ( 'NONE', ( #6507 ), #2877, .T. ) ;
#3193 = UNCERTAINTY_MEASURE_WITH_UNIT (LENGTH_MEASURE( 1.000000000000000082E-05 ), #2644, 'distance_accuracy_value', 'NONE');
#3194 = DIRECTION ( 'NONE',  ( 0.000000000000000000, 0.000000000000000000, -1.000000000000000000 ) ) ;
#3195 = DIRECTION ( 'NONE',  ( 0.000000000000000000, 0.000000000000000000, -1.000000000000000000 ) ) ;
#3196 = DIRECTION ( 'NONE',  ( 1.000000000000000000, -0.000000000000000000, -0.000000000000000000 ) ) ;
#3197 = FILL_AREA_STYLE_COLOUR ( '', #3497 ) ;
#3198 = DIRECTION ( 'NONE',  ( 0.000000000000000000, 0.9396926207859103153, 0.3420201433256632173 ) ) ;
#3199 = DIRECTION ( 'NONE',  ( 0.000000000000000000, 0.000000000000000000, 1.000000000000000000 ) ) ;
#3200 = CARTESIAN_POINT ( 'NONE',  ( 0.000000000000000000, -15.25000000000000000, 0.2500000000000002220 ) ) ;
#3201 = ORIENTED_EDGE ( 'NONE', *, *, #5601, .F. ) ;
#3202 = DIRECTION ( 'NONE',  ( 0.000000000000000000, 1.000000000000000000, 0.000000000000000000 ) ) ;
#3203 = VECTOR ( 'NONE', #2076, 1000.000000000000000 ) ;
#3204 = DIRECTION ( 'NONE',  ( 1.000000000000000000, 0.000000000000000000, -0.000000000000000000 ) ) ;
#3205 = CARTESIAN_POINT ( 'NONE',  ( 0.000000000000000000, 0.000000000000000000, 0.000000000000000000 ) ) ;
#3206 = ADVANCED_FACE ( 'NONE', ( #4239 ), #3568, .T. ) ;
#3207 = CARTESIAN_POINT ( 'NONE',  ( 0.5000000000000000000, 1.506315562951244413E-15, -12.30000000000000071 ) ) ;
#3208 = VECTOR ( 'NONE', #1163, 1000.000000000000000 ) ;
#3209 = VERTEX_POINT ( 'NONE', #4684 ) ;
#3210 = VECTOR ( 'NONE', #5665, 1000.000000000000000 ) ;
#3211 = ORIENTED_EDGE ( 'NONE', *, *, #5455, .T. ) ;
#3212 = CARTESIAN_POINT ( 'NONE',  ( 53.59999999999997300, 0.3140716925203857479, -2.681688513575895438 ) ) ;
#3213 = LINE ( 'NONE', #1356, #6902 ) ;
#3215 = AXIS2_PLACEMENT_3D ( 'NONE', #5852, #6613, #427 ) ;
#3214 = DIRECTION ( 'NONE',  ( -1.000000000000000000, 0.000000000000000000, 0.000000000000000000 ) ) ;
#3216 = ORIENTED_EDGE ( 'NONE', *, *, #4499, .T. ) ;
#3217 = FACE_OUTER_BOUND ( 'NONE', #2921, .T. ) ;
#3218 = AXIS2_PLACEMENT_3D ( 'NONE', #4645, #921, #6438 ) ;
#3219 = ORIENTED_EDGE ( 'NONE', *, *, #2958, .F. ) ;
#3220 = VECTOR ( 'NONE', #802, 1000.000000000000000 ) ;
#3221 = ORIENTED_EDGE ( 'NONE', *, *, #4067, .T. ) ;
#3222 = PRESENTATION_STYLE_ASSIGNMENT (( #7578 ) ) ;
#3223 = CARTESIAN_POINT ( 'NONE',  ( 53.69999999999998863, 0.2396642142496103467, -3.922862896642212771 ) ) ;
#3224 = DIRECTION ( 'NONE',  ( -1.000000000000000000, 0.000000000000000000, -0.000000000000000000 ) ) ;
#3225 = EDGE_LOOP ( 'NONE', ( #1852, #4259 ) ) ;
#3226 = VECTOR ( 'NONE', #5348, 1000.000000000000000 ) ;
#3227 = EDGE_LOOP ( 'NONE', ( #3057, #2266 ) ) ;
#3228 = DIRECTION ( 'NONE',  ( 1.000000000000000000, -0.000000000000000000, -0.000000000000000000 ) ) ;
#3229 = EDGE_CURVE ( 'NONE', #3749, #7165, #561, .T. ) ;
#3230 = DIRECTION ( 'NONE',  ( 1.000000000000000000, -0.000000000000000000, -0.000000000000000000 ) ) ;
#3231 = EDGE_CURVE ( 'NONE', #6123, #7571, #4780, .T. ) ;
#3232 = LINE ( 'NONE', #2132, #3210 ) ;
#3233 = FACE_OUTER_BOUND ( 'NONE', #1282, .T. ) ;
#3234 = FACE_OUTER_BOUND ( 'NONE', #1696, .T. ) ;
#3235 = CARTESIAN_POINT ( 'NONE',  ( 46.09999999999999432, 4.016535339503530818E-15, -16.39749999999999730 ) ) ;
#3236 = EDGE_CURVE ( 'NONE', #5565, #2672, #2957, .T. ) ;
#3237 =( NAMED_UNIT ( * ) PLANE_ANGLE_UNIT ( ) SI_UNIT ( $, .RADIAN. ) );
#3238 = VECTOR ( 'NONE', #4742, 1000.000000000000000 ) ;
#3239 = ORIENTED_EDGE ( 'NONE', *, *, #2510, .F. ) ;
#3240 = CIRCLE ( 'NONE', #1342, 2.000000000000000000 ) ;
#3241 = DIRECTION ( 'NONE',  ( 0.000000000000000000, 0.4687679043850280780, 0.8833213751622164267 ) ) ;
#3242 = ADVANCED_FACE ( 'NONE', ( #5358 ), #6028, .F. ) ;
#3243 = LINE ( 'NONE', #1428, #1954 ) ;
#3244 = LINE ( 'NONE', #362, #4775 ) ;
#3245 = CIRCLE ( 'NONE', #5157, 0.5000000000000004441 ) ;
#3246 = VECTOR ( 'NONE', #4158, 1000.000000000000000 ) ;
#3247 = PLANE ( 'NONE',  #4010 ) ;
#3248 = DIRECTION ( 'NONE',  ( 0.000000000000000000, 0.8660254037844433705, -0.4999999999999920064 ) ) ;
#3249 = VERTEX_POINT ( 'NONE', #6628 ) ;
#3250 = PRESENTATION_LAYER_ASSIGNMENT (  '', '', ( #5414 ) ) ;
#3251 = AXIS2_PLACEMENT_3D ( 'NONE', #7214, #2787, #2318 ) ;
#3252 = DIRECTION ( 'NONE',  ( 0.000000000000000000, 0.000000000000000000, 1.000000000000000000 ) ) ;
#3253 = ORIENTED_EDGE ( 'NONE', *, *, #3557, .F. ) ;
#3254 = CARTESIAN_POINT ( 'NONE',  ( 48.29999999999999716, -8.150000000000003908, 15.70000000000000284 ) ) ;
#3255 = DIRECTION ( 'NONE',  ( 0.000000000000000000, 0.3420201433256691570, 0.9396926207859082059 ) ) ;
#3256 =( GEOMETRIC_REPRESENTATION_CONTEXT ( 3 ) GLOBAL_UNCERTAINTY_ASSIGNED_CONTEXT ( ( #5897 ) ) GLOBAL_UNIT_ASSIGNED_CONTEXT ( ( #1702, #7428, #2600 ) ) REPRESENTATION_CONTEXT ( 'NONE', 'WORKASPACE' ) );
#3257 = STYLED_ITEM ( 'NONE', ( #6057 ), #1988 ) ;
#3258 = ORIENTED_EDGE ( 'NONE', *, *, #6102, .T. ) ;
#3259 = LINE ( 'NONE', #1480, #1632 ) ;
#3260 = CARTESIAN_POINT ( 'NONE',  ( 2.000000000000000000, -15.25000000000000000, -0.2500000000000002220 ) ) ;
#3261 = VERTEX_POINT ( 'NONE', #3001 ) ;
#3262 = AXIS2_PLACEMENT_3D ( 'NONE', #5426, #5941, #2911 ) ;
#3263 = ADVANCED_FACE ( 'NONE', ( #5398 ), #2375, .T. ) ;
#3264 = MECHANICAL_DESIGN_GEOMETRIC_PRESENTATION_REPRESENTATION (  '', ( #5281 ), #7731 ) ;
#3265 = VERTEX_POINT ( 'NONE', #4801 ) ;
#3266 = CARTESIAN_POINT ( 'NONE',  ( 0.5000000000000000000, 7.000000000000001776, 0.000000000000000000 ) ) ;
#3267 = CARTESIAN_POINT ( 'NONE',  ( 44.50000000000000711, 2.146073948201783654, -16.28931638921676139 ) ) ;
#3268 = ORIENTED_EDGE ( 'NONE', *, *, #830, .T. ) ;
#3269 = LINE ( 'NONE', #1564, #1113 ) ;
#3270 = ADVANCED_FACE ( 'NONE', ( #7267 ), #4839, .T. ) ;
#3271 = VECTOR ( 'NONE', #6487, 1000.000000000000000 ) ;
#3272 = CARTESIAN_POINT ( 'NONE',  ( 53.69999999999998863, 1.551621044983853226, 3.898711169911344143 ) ) ;
#3273 = STYLED_ITEM ( 'NONE', ( #1629 ), #249 ) ;
#3274 = VECTOR ( 'NONE', #3618, 1000.000000000000000 ) ;
#3275 = CARTESIAN_POINT ( 'NONE',  ( 53.70000000000065654, 0.1687476288045161865, -2.233734892948135098 ) ) ;
#3276 = CARTESIAN_POINT ( 'NONE',  ( 2.000000000000000000, 7.749999999999999112, -11.42339375865880058 ) ) ;
#3277 = DIRECTION ( 'NONE',  ( 0.000000000000000000, 0.000000000000000000, 1.000000000000000000 ) ) ;
#3278 = LINE ( 'NONE', #279, #1608 ) ;
#3279 = LINE ( 'NONE', #3875, #2491 ) ;
#3280 = ADVANCED_FACE ( 'NONE', ( #3485 ), #4197, .F. ) ;
#3281 = CARTESIAN_POINT ( 'NONE',  ( 46.10000000000000142, -4.252234123549627043, -15.87547303844860380 ) ) ;
#3282 = DIRECTION ( 'NONE',  ( 0.000000000000000000, 0.000000000000000000, -1.000000000000000000 ) ) ;
#3283 = CARTESIAN_POINT ( 'NONE',  ( 53.59999999999998721, 1.294086625099815979, -3.038930628972549286 ) ) ;
#3284 = CIRCLE ( 'NONE', #1640, 1.499999999999996225 ) ;
#3285 = EDGE_CURVE ( 'NONE', #1363, #3457, #2619, .T. ) ;
#3286 = DIRECTION ( 'NONE',  ( -1.000000000000000000, -0.000000000000000000, -0.000000000000000000 ) ) ;
#3287 = SURFACE_STYLE_USAGE ( .BOTH. , #5678 ) ;
#3288 = PLANE ( 'NONE',  #5912 ) ;
#3289 = EDGE_CURVE ( 'NONE', #1519, #3153, #5675, .T. ) ;
#3290 = AXIS2_PLACEMENT_3D ( 'NONE', #6851, #3933, #3337 ) ;
#3291 = LINE ( 'NONE', #6430, #5167 ) ;
#3292 = DIRECTION ( 'NONE',  ( 1.000000000000000000, -0.000000000000000000, -0.000000000000000000 ) ) ;
#3293 = EDGE_CURVE ( 'NONE', #77, #2247, #5629, .T. ) ;
#3294 = ORIENTED_EDGE ( 'NONE', *, *, #4085, .F. ) ;
#3295 = AXIS2_PLACEMENT_3D ( 'NONE', #1801, #7317, #1884 ) ;
#3296 = CARTESIAN_POINT ( 'NONE',  ( 0.000000000000000000, 7.408493649053887076, -13.33188740771269210 ) ) ;
#3297 = ADVANCED_FACE ( 'NONE', ( #3689 ), #158, .T. ) ;
#3298 = DIRECTION ( 'NONE',  ( 0.000000000000000000, 0.000000000000000000, 1.000000000000000000 ) ) ;
#3299 = FACE_OUTER_BOUND ( 'NONE', #6560, .T. ) ;
#3300 = CARTESIAN_POINT ( 'NONE',  ( 6.000000000000000000, -13.42339375865870998, -7.750000000000157208 ) ) ;
#3301 = DIRECTION ( 'NONE',  ( -1.000000000000000000, 0.000000000000000000, 0.000000000000000000 ) ) ;
#3302 = ORIENTED_EDGE ( 'NONE', *, *, #1001, .F. ) ;
#3303 = DIRECTION ( 'NONE',  ( -0.000000000000000000, 0.9872616401468469194, -0.1591051661466640899 ) ) ;
#3304 = CYLINDRICAL_SURFACE ( 'NONE', #768, 1.500000000000000444 ) ;
#3305 = EDGE_LOOP ( 'NONE', ( #3504, #5743, #7328, #577 ) ) ;
#3306 = VERTEX_POINT ( 'NONE', #1870 ) ;
#3307 = DIRECTION ( 'NONE',  ( 0.000000000000000000, 0.000000000000000000, 1.000000000000000000 ) ) ;
#3308 = CARTESIAN_POINT ( 'NONE',  ( 53.59999999999998721, 0.2396642142496103467, -3.922862896642212771 ) ) ;
#3309 = ORIENTED_EDGE ( 'NONE', *, *, #2808, .F. ) ;
#3310 = FACE_OUTER_BOUND ( 'NONE', #2160, .T. ) ;
#3311 = EDGE_CURVE ( 'NONE', #7155, #1887, #5046, .T. ) ;
#3312 = CARTESIAN_POINT ( 'NONE',  ( 49.19999999999999574, 12.50000000000000000, -1.500000000000000000 ) ) ;
#3313 = CARTESIAN_POINT ( 'NONE',  ( 53.60000000000000142, 0.3513410224017283201, -2.717459552906876130 ) ) ;
#3314 = LINE ( 'NONE', #2095, #6038 ) ;
#3315 = CARTESIAN_POINT ( 'NONE',  ( -6.000000000000000000, 7.000000000000000000, 0.000000000000000000 ) ) ;
#3316 = CARTESIAN_POINT ( 'NONE',  ( 51.89999999999998437, -8.150000000000003908, 15.70000000000000284 ) ) ;
#3317 = LINE ( 'NONE', #5189, #7188 ) ;
#3318 = LINE ( 'NONE', #2713, #6791 ) ;
#3319 = ORIENTED_EDGE ( 'NONE', *, *, #2717, .T. ) ;
#3320 = CARTESIAN_POINT ( 'NONE',  ( 48.29999999999999716, -8.150000000000003908, 10.20000000000000284 ) ) ;
#3321 = CARTESIAN_POINT ( 'NONE',  ( 53.59999999999998721, -0.2035644447822284597, -0.3508995493808845234 ) ) ;
#3322 = CARTESIAN_POINT ( 'NONE',  ( 53.59999999999998721, -0.2390227375047755398, 4.460790773068757709 ) ) ;
#3323 =( NAMED_UNIT ( * ) SI_UNIT ( $, .STERADIAN. ) SOLID_ANGLE_UNIT ( ) );
#3324 = CARTESIAN_POINT ( 'NONE',  ( 47.69999999999999574, 8.750000000000000000, 15.70000000000000284 ) ) ;
#3325 =( LENGTH_UNIT ( ) NAMED_UNIT ( * ) SI_UNIT ( .MILLI., .METRE. ) );
#3326 = ORIENTED_EDGE ( 'NONE', *, *, #6629, .T. ) ;
#3327 = ADVANCED_FACE ( 'NONE', ( #1298 ), #6748, .F. ) ;
#3328 =( NAMED_UNIT ( * ) SI_UNIT ( $, .STERADIAN. ) SOLID_ANGLE_UNIT ( ) );
#3329 = CARTESIAN_POINT ( 'NONE',  ( 53.69999999999998863, -1.480062982793924453, 2.442031974065075772 ) ) ;
#3330 = DIRECTION ( 'NONE',  ( -1.000000000000000000, -0.000000000000000000, -0.000000000000000000 ) ) ;
#3331 = FACE_OUTER_BOUND ( 'NONE', #2804, .T. ) ;
#3332 = ADVANCED_FACE ( 'NONE', ( #3046, #4392 ), #7389, .T. ) ;
#3333 = ORIENTED_EDGE ( 'NONE', *, *, #2179, .F. ) ;
#3334 = DIRECTION ( 'NONE',  ( -1.000000000000000000, -0.000000000000000000, -0.000000000000000000 ) ) ;
#3335 = AXIS2_PLACEMENT_3D ( 'NONE', #3729, #643, #2457 ) ;
#3336 = EDGE_CURVE ( 'NONE', #1979, #5930, #790, .T. ) ;
#3337 = DIRECTION ( 'NONE',  ( 0.000000000000000000, 0.000000000000000000, 1.000000000000000000 ) ) ;
#3338 = EDGE_LOOP ( 'NONE', ( #5293, #1652, #2347, #3032 ) ) ;
#3339 = ORIENTED_EDGE ( 'NONE', *, *, #5352, .T. ) ;
#3340 = VECTOR ( 'NONE', #4022, 1000.000000000000000 ) ;
#3341 = AXIS2_PLACEMENT_3D ( 'NONE', #7303, #6070, #2486 ) ;
#3342 = CARTESIAN_POINT ( 'NONE',  ( 53.59999999999998721, 0.000000000000000000, 0.000000000000000000 ) ) ;
#3343 = CARTESIAN_POINT ( 'NONE',  ( 53.69999999999998863, 1.214767264119655854, 2.442031974065075772 ) ) ;
#3344 = ORIENTED_EDGE ( 'NONE', *, *, #1943, .T. ) ;
#3345 = CARTESIAN_POINT ( 'NONE',  ( 53.69999999999998863, 1.214767264119655854, 3.216861333557771374 ) ) ;
#3346 = CARTESIAN_POINT ( 'NONE',  ( 0.5000000000000004441, 0.000000000000000000, -17.80000000000000071 ) ) ;
#3347 = ORIENTED_EDGE ( 'NONE', *, *, #7485, .T. ) ;
#3348 = EDGE_CURVE ( 'NONE', #617, #5393, #2533, .T. ) ;
#3349 = CARTESIAN_POINT ( 'NONE',  ( 53.59999999999998721, -0.1149187129758607318, -2.621149572694483343 ) ) ;
#3350 = LINE ( 'NONE', #3276, #3499 ) ;
#3351 = VECTOR ( 'NONE', #4251, 1000.000000000000114 ) ;
#3352 = CARTESIAN_POINT ( 'NONE',  ( 47.69999999999999574, -8.750000000000000000, 13.87074259007065180 ) ) ;
#3353 = CARTESIAN_POINT ( 'NONE',  ( 53.49999999999999289, -8.750000000000000000, 15.70000000000000284 ) ) ;
#3354 = EDGE_CURVE ( 'NONE', #6399, #3672, #5173, .T. ) ;
#3355 = CARTESIAN_POINT ( 'NONE',  ( 46.10000000000000142, -2.146728438579367904, -16.29428415877735858 ) ) ;
#3356 = ORIENTED_EDGE ( 'NONE', *, *, #7682, .T. ) ;
#3357 = CARTESIAN_POINT ( 'NONE',  ( 6.000000000000000000, -13.42339375865886986, 9.249999999999875655 ) ) ;
#3358 = DIRECTION ( 'NONE',  ( 0.000000000000000000, 0.9613033860425277410, 0.2754919236260306992 ) ) ;
#3359 = AXIS2_PLACEMENT_3D ( 'NONE', #4102, #4027, #6462 ) ;
#3360 = EDGE_CURVE ( 'NONE', #1681, #7232, #198, .T. ) ;
#3361 = CARTESIAN_POINT ( 'NONE',  ( 44.50000000000000000, 2.008420750601658954E-15, -16.39999999999999858 ) ) ;
#3362 = DIRECTION ( 'NONE',  ( 0.000000000000000000, -1.000000000000000000, 4.336808689942013792E-16 ) ) ;
#3363 = CARTESIAN_POINT ( 'NONE',  ( 0.000000000000000000, -16.54999999999999716, -0.2500000000000002220 ) ) ;
#3364 = ORIENTED_EDGE ( 'NONE', *, *, #2268, .T. ) ;
#3365 = MECHANICAL_DESIGN_GEOMETRIC_PRESENTATION_REPRESENTATION (  '', ( #715 ), #2605 ) ;
#3366 = CARTESIAN_POINT ( 'NONE',  ( 2.000000000000000000, 7.749999999999999112, -13.42339375865880058 ) ) ;
#3367 = VERTEX_POINT ( 'NONE', #5511 ) ;
#3368 = CIRCLE ( 'NONE', #1347, 0.5000000000000004441 ) ;
#3369 = CARTESIAN_POINT ( 'NONE',  ( 0.5000000000000000000, 7.000000000000002665, -10.00000000000000000 ) ) ;
#3370 = CARTESIAN_POINT ( 'NONE',  ( 53.59999999999998721, 1.196424368414079398, -2.363408333187559052 ) ) ;
#3371 = LINE ( 'NONE', #6221, #3888 ) ;
#3372 = EDGE_CURVE ( 'NONE', #3830, #5322, #1339, .T. ) ;
#3373 = VERTEX_POINT ( 'NONE', #3649 ) ;
#3374 = SURFACE_SIDE_STYLE ('',( #955 ) ) ;
#3375 =( GEOMETRIC_REPRESENTATION_CONTEXT ( 3 ) GLOBAL_UNCERTAINTY_ASSIGNED_CONTEXT ( ( #1464 ) ) GLOBAL_UNIT_ASSIGNED_CONTEXT ( ( #3711, #7336, #4861 ) ) REPRESENTATION_CONTEXT ( 'NONE', 'WORKASPACE' ) );
#3376 = DIRECTION ( 'NONE',  ( -0.000000000000000000, -1.000000000000000000, -0.000000000000000000 ) ) ;
#3377 =( GEOMETRIC_REPRESENTATION_CONTEXT ( 3 ) GLOBAL_UNCERTAINTY_ASSIGNED_CONTEXT ( ( #5431 ) ) GLOBAL_UNIT_ASSIGNED_CONTEXT ( ( #5599, #7393, #1956 ) ) REPRESENTATION_CONTEXT ( 'NONE', 'WORKASPACE' ) );
#3378 = ORIENTED_EDGE ( 'NONE', *, *, #1737, .T. ) ;
#3379 = ORIENTED_EDGE ( 'NONE', *, *, #1172, .F. ) ;
#3380 = VECTOR ( 'NONE', #2797, 1000.000000000000000 ) ;
#3381 = EDGE_CURVE ( 'NONE', #6733, #2466, #1757, .T. ) ;
#3382 = VECTOR ( 'NONE', #4275, 1000.000000000000114 ) ;
#3383 = CARTESIAN_POINT ( 'NONE',  ( 53.59999999999998721, -0.2035644447822284597, 0.3077054061879072044 ) ) ;
#3384 = CARTESIAN_POINT ( 'NONE',  ( 44.50000000000000000, 13.03578952140959402, -10.00078263800707745 ) ) ;
#3385 = VERTEX_POINT ( 'NONE', #3120 ) ;
#3386 = LINE ( 'NONE', #1449, #500 ) ;
#3387 = DIRECTION ( 'NONE',  ( 0.000000000000000000, 0.000000000000000000, 1.000000000000000000 ) ) ;
#3388 = ORIENTED_EDGE ( 'NONE', *, *, #1593, .F. ) ;
#3389 = VECTOR ( 'NONE', #2642, 1000.000000000000000 ) ;
#3390 = VECTOR ( 'NONE', #4062, 1000.000000000000000 ) ;
#3391 = EDGE_CURVE ( 'NONE', #4225, #7241, #117, .T. ) ;
#3392 = VERTEX_POINT ( 'NONE', #3878 ) ;
#3393 = CARTESIAN_POINT ( 'NONE',  ( 53.69999999999998863, 1.551621044983853226, -2.214692476486026518 ) ) ;
#3394 = CARTESIAN_POINT ( 'NONE',  ( 48.69999999999999574, -1.250000000000000000, -11.00000000000000000 ) ) ;
#3395 = PRESENTATION_STYLE_ASSIGNMENT (( #7629 ) ) ;
#3396 = CARTESIAN_POINT ( 'NONE',  ( 53.59999999999999432, 0.6828928732814492086, -2.814856912567658132 ) ) ;
#3397 = PLANE ( 'NONE',  #2627 ) ;
#3398 = AXIS2_PLACEMENT_3D ( 'NONE', #3061, #6049, #138 ) ;
#3399 = CARTESIAN_POINT ( 'NONE',  ( 46.09999999999999432, -10.83755870952399114, -12.35554371339476987 ) ) ;
#3400 = EDGE_LOOP ( 'NONE', ( #3707, #6646, #3073, #3438 ) ) ;
#3401 = LINE ( 'NONE', #912, #615 ) ;
#3402 = CARTESIAN_POINT ( 'NONE',  ( 2.000000000000000000, -14.45000000000000107, -0.2500000000000002220 ) ) ;
#3403 = VECTOR ( 'NONE', #603, 1000.000000000000227 ) ;
#3404 = AXIS2_PLACEMENT_3D ( 'NONE', #4579, #7006, #7545 ) ;
#3405 = CARTESIAN_POINT ( 'NONE',  ( 53.69999999999999574, 0.5528678638980768500, -2.804640385649720180 ) ) ;
#3406 = DIRECTION ( 'NONE',  ( -1.000000000000000000, 0.000000000000000000, 0.000000000000000000 ) ) ;
#3407 = VECTOR ( 'NONE', #5271, 1000.000000000000227 ) ;
#3408 = CYLINDRICAL_SURFACE ( 'NONE', #4150, 3.000000000000000000 ) ;
#3409 = PRESENTATION_LAYER_ASSIGNMENT (  '', '', ( #7222 ) ) ;
#3410 = ADVANCED_FACE ( 'NONE', ( #1539 ), #2377, .T. ) ;
#3411 = EDGE_LOOP ( 'NONE', ( #1958, #3898, #1307, #1192 ) ) ;
#3412 = ORIENTED_EDGE ( 'NONE', *, *, #796, .T. ) ;
#3413 = VECTOR ( 'NONE', #7382, 1000.000000000000114 ) ;
#3414 = PLANE ( 'NONE',  #4923 ) ;
#3415 = CARTESIAN_POINT ( 'NONE',  ( 2.000000000000000000, 7.750000000000006217, 15.42339375865879880 ) ) ;
#3416 = CARTESIAN_POINT ( 'NONE',  ( 47.69999999999999574, 1.198796048359147548, -9.141273873724520271 ) ) ;
#3417 = ORIENTED_EDGE ( 'NONE', *, *, #4898, .T. ) ;
#3418 = DIRECTION ( 'NONE',  ( 0.000000000000000000, -0.5000000000000003331, 0.8660254037844385966 ) ) ;
#3419 = AXIS2_PLACEMENT_3D ( 'NONE', #4093, #2975, #4738 ) ;
#3420 = DIRECTION ( 'NONE',  ( 0.000000000000000000, -0.8801990621765310996, -0.4746046891293375647 ) ) ;
#3421 = ORIENTED_EDGE ( 'NONE', *, *, #7536, .T. ) ;
#3422 = ORIENTED_EDGE ( 'NONE', *, *, #2093, .T. ) ;
#3423 =( NAMED_UNIT ( * ) SI_UNIT ( $, .STERADIAN. ) SOLID_ANGLE_UNIT ( ) );
#3424 = DIRECTION ( 'NONE',  ( 0.000000000000000000, 0.000000000000000000, -1.000000000000000000 ) ) ;
#3425 = ORIENTED_EDGE ( 'NONE', *, *, #6781, .F. ) ;
#3426 = ORIENTED_EDGE ( 'NONE', *, *, #5404, .T. ) ;
#3427 = DIRECTION ( 'NONE',  ( 0.000000000000000000, -1.000000000000000000, -0.000000000000000000 ) ) ;
#3428 = LINE ( 'NONE', #4663, #1784 ) ;
#3429 = ADVANCED_FACE ( 'NONE', ( #3951 ), #2139, .T. ) ;
#3430 = ORIENTED_EDGE ( 'NONE', *, *, #3637, .T. ) ;
#3431 = CARTESIAN_POINT ( 'NONE',  ( 53.70000000000001705, 0.9914286411211190586, -3.222356446741526437 ) ) ;
#3432 = CARTESIAN_POINT ( 'NONE',  ( 53.59999999999998721, -1.480062982793924453, -5.123848403855891576 ) ) ;
#3433 = DIRECTION ( 'NONE',  ( 0.000000000000000000, -1.000000000000000000, 0.000000000000000000 ) ) ;
#3434 = FILL_AREA_STYLE ('',( #1165 ) ) ;
#3435 = CARTESIAN_POINT ( 'NONE',  ( 53.69999999999998863, -1.480062982793924453, 1.140318650117346566 ) ) ;
#3436 = EDGE_CURVE ( 'NONE', #5926, #1720, #940, .T. ) ;
#3437 = DIRECTION ( 'NONE',  ( 1.000000000000000000, 0.000000000000000000, 0.000000000000000000 ) ) ;
#3438 = ORIENTED_EDGE ( 'NONE', *, *, #608, .T. ) ;
#3439 = CARTESIAN_POINT ( 'NONE',  ( 6.000000000000000000, 13.42339375865881657, -7.749999999999968914 ) ) ;
#3440 = DIRECTION ( 'NONE',  ( 0.000000000000000000, 0.000000000000000000, 1.000000000000000000 ) ) ;
#3441 = ADVANCED_FACE ( 'NONE', ( #1461 ), #4629, .F. ) ;
#3442 = CARTESIAN_POINT ( 'NONE',  ( 0.2000000000000000111, 7.749999999999998224, -13.42339375865880058 ) ) ;
#3443 = CARTESIAN_POINT ( 'NONE',  ( 53.69999999999998863, -1.480062982793924453, -0.7192718126651240773 ) ) ;
#3444 = SURFACE_STYLE_FILL_AREA ( #1023 ) ;
#3445 = PLANE ( 'NONE',  #5761 ) ;
#3446 = DIRECTION ( 'NONE',  ( 0.000000000000000000, 0.000000000000000000, -1.000000000000000000 ) ) ;
#3447 = EDGE_LOOP ( 'NONE', ( #4628, #5802, #674, #3039 ) ) ;
#3448 = SURFACE_STYLE_FILL_AREA ( #4642 ) ;
#3449 = PLANE ( 'NONE',  #4219 ) ;
#3450 = DIRECTION ( 'NONE',  ( 0.000000000000000000, 0.8660254037844328234, 0.5000000000000101030 ) ) ;
#3451 = EDGE_CURVE ( 'NONE', #406, #353, #2752, .T. ) ;
#3452 = LINE ( 'NONE', #5285, #3765 ) ;
#3453 = ORIENTED_EDGE ( 'NONE', *, *, #1281, .F. ) ;
#3454 = CYLINDRICAL_SURFACE ( 'NONE', #6332, 1.500000000000001332 ) ;
#3455 = CARTESIAN_POINT ( 'NONE',  ( 46.10000000000000142, 16.39999999999999858, 1.073377489976517163 ) ) ;
#3456 = ORIENTED_EDGE ( 'NONE', *, *, #6004, .T. ) ;
#3457 = VERTEX_POINT ( 'NONE', #3357 ) ;
#3459 = CIRCLE ( 'NONE', #4480, 1.500000000000001332 ) ;
#3458 = DIRECTION ( 'NONE',  ( 0.000000000000000000, 0.8700733748761704245, 0.4929222274675700843 ) ) ;
#3460 = DIRECTION ( 'NONE',  ( 1.000000000000000000, -0.000000000000000000, -0.000000000000000000 ) ) ;
#3461 = VERTEX_POINT ( 'NONE', #5777 ) ;
#3462 = ORIENTED_EDGE ( 'NONE', *, *, #4602, .F. ) ;
#3463 = CARTESIAN_POINT ( 'NONE',  ( 53.59999999999998721, -1.480062982793924453, 3.802185817499965648 ) ) ;
#3464 = CARTESIAN_POINT ( 'NONE',  ( 2.000000000000000000, 7.441506350946108128, -12.38906708468514140 ) ) ;
#3465 = EDGE_LOOP ( 'NONE', ( #7871, #7325, #569, #2127 ) ) ;
#3466 = CIRCLE ( 'NONE', #2835, 12.30000000000000071 ) ;
#3467 = EDGE_LOOP ( 'NONE', ( #2002, #6485, #6724, #6800 ) ) ;
#3468 = LINE ( 'NONE', #5304, #593 ) ;
#3469 = CYLINDRICAL_SURFACE ( 'NONE', #3734, 10.00000000000000000 ) ;
#3470 = CYLINDRICAL_SURFACE ( 'NONE', #3215, 7.000000000000000000 ) ;
#3471 = CARTESIAN_POINT ( 'NONE',  ( 52.89999999999999147, 8.150000000000003908, 10.20000000000000284 ) ) ;
#3472 = CARTESIAN_POINT ( 'NONE',  ( 53.59999999999998721, 1.551621044983853226, 5.022213741175753476 ) ) ;
#3473 = VERTEX_POINT ( 'NONE', #1503 ) ;
#3474 = CARTESIAN_POINT ( 'NONE',  ( 47.69999999999999574, 12.50000000000000000, 1.500000000000000000 ) ) ;
#3475 = AXIS2_PLACEMENT_3D ( 'NONE', #1679, #502, #4050 ) ;
#3476 = EDGE_CURVE ( 'NONE', #7092, #6051, #354, .T. ) ;
#3477 = CARTESIAN_POINT ( 'NONE',  ( 0.000000000000000000, 8.586697387972222373, 14.37259614518684181 ) ) ;
#3478 = VECTOR ( 'NONE', #483, 1000.000000000000227 ) ;
#3479 = ORIENTED_EDGE ( 'NONE', *, *, #4679, .F. ) ;
#3480 = CARTESIAN_POINT ( 'NONE',  ( 51.89999999999998437, 8.750000000000007105, 15.70000000000000284 ) ) ;
#3481 = PLANE ( 'NONE',  #5379 ) ;
#3482 =( NAMED_UNIT ( * ) PLANE_ANGLE_UNIT ( ) SI_UNIT ( $, .RADIAN. ) );
#3483 = EDGE_CURVE ( 'NONE', #6491, #3887, #5193, .T. ) ;
#3484 = DIRECTION ( 'NONE',  ( 0.000000000000000000, 0.5000000000000008882, 0.8660254037844381525 ) ) ;
#3485 = FACE_OUTER_BOUND ( 'NONE', #272, .T. ) ;
#3486 = VECTOR ( 'NONE', #517, 1000.000000000000000 ) ;
#3487 = EDGE_CURVE ( 'NONE', #2992, #1773, #3987, .T. ) ;
#3488 = EDGE_LOOP ( 'NONE', ( #2936, #2223, #649, #6479 ) ) ;
#3489 = CARTESIAN_POINT ( 'NONE',  ( 50.69999999999999574, 12.50000000000000000, -1.500000000000000000 ) ) ;
#3490 = CARTESIAN_POINT ( 'NONE',  ( 44.50000000000000000, -2.146073948201750792, -16.28931638921676139 ) ) ;
#3491 = CARTESIAN_POINT ( 'NONE',  ( 0.000000000000000000, -15.25000000000000000, -0.2500000000000002220 ) ) ;
#3492 =( NAMED_UNIT ( * ) PLANE_ANGLE_UNIT ( ) SI_UNIT ( $, .RADIAN. ) );
#3493 = EDGE_LOOP ( 'NONE', ( #6412, #923 ) ) ;
#3494 = DIRECTION ( 'NONE',  ( -1.000000000000000000, -0.000000000000000000, -0.000000000000000000 ) ) ;
#3495 = CARTESIAN_POINT ( 'NONE',  ( 46.09999999999998721, 7.267679784435120638, -14.74086055109745708 ) ) ;
#3496 = EDGE_LOOP ( 'NONE', ( #168, #1077 ) ) ;
#3497 = COLOUR_RGB ( '',0.7960784313725489669, 0.8235294117647058432, 0.9372549019607843146 ) ;
#3498 = ORIENTED_EDGE ( 'NONE', *, *, #4679, .T. ) ;
#3499 = VECTOR ( 'NONE', #934, 1000.000000000000000 ) ;
#3500 = PRESENTATION_STYLE_ASSIGNMENT (( #7654 ) ) ;
#3501 = CARTESIAN_POINT ( 'NONE',  ( 44.50000000000000711, 12.35177677933579865, -10.83425457577109974 ) ) ;
#3502 = VERTEX_POINT ( 'NONE', #975 ) ;
#3503 = AXIS2_PLACEMENT_3D ( 'NONE', #6588, #2330, #1140 ) ;
#3504 = ORIENTED_EDGE ( 'NONE', *, *, #4632, .F. ) ;
#3505 = CARTESIAN_POINT ( 'NONE',  ( 53.69999999999998863, 1.214767264119655854, 2.442031974065075772 ) ) ;
#3506 = ORIENTED_EDGE ( 'NONE', *, *, #1707, .F. ) ;
#3507 = EDGE_CURVE ( 'NONE', #5425, #5565, #7634, .T. ) ;
#3508 = AXIS2_PLACEMENT_3D ( 'NONE', #4042, #5209, #412 ) ;
#3509 = VECTOR ( 'NONE', #5188, 1000.000000000000000 ) ;
#3510 = ORIENTED_EDGE ( 'NONE', *, *, #1253, .T. ) ;
#3511 = LINE ( 'NONE', #6414, #4255 ) ;
#3512 = DIRECTION ( 'NONE',  ( -1.000000000000000000, 0.000000000000000000, 0.000000000000000000 ) ) ;
#3513 =( LENGTH_UNIT ( ) NAMED_UNIT ( * ) SI_UNIT ( .MILLI., .METRE. ) );
#3514 = SURFACE_SIDE_STYLE ('',( #1778 ) ) ;
#3515 = DIRECTION ( 'NONE',  ( -1.000000000000000000, -0.000000000000000000, -0.000000000000000000 ) ) ;
#3516 = DIRECTION ( 'NONE',  ( 0.000000000000000000, -0.3011215975069926332, -0.9535857504780766991 ) ) ;
#3517 = ORIENTED_EDGE ( 'NONE', *, *, #6362, .F. ) ;
#3518 = DIRECTION ( 'NONE',  ( 0.000000000000000000, -0.8660254037844398178, 0.4999999999999977796 ) ) ;
#3519 =( GEOMETRIC_REPRESENTATION_CONTEXT ( 3 ) GLOBAL_UNCERTAINTY_ASSIGNED_CONTEXT ( ( #1056 ) ) GLOBAL_UNIT_ASSIGNED_CONTEXT ( ( #3325, #1581, #5786 ) ) REPRESENTATION_CONTEXT ( 'NONE', 'WORKASPACE' ) );
#3521 = AXIS2_PLACEMENT_3D ( 'NONE', #3366, #1585, #5790 ) ;
#3520 = DIRECTION ( 'NONE',  ( 0.000000000000000000, 0.5089693828084078664, -0.8607846230989657510 ) ) ;
#3522 = AXIS2_PLACEMENT_3D ( 'NONE', #4906, #7340, #1906 ) ;
#3523 = EDGE_CURVE ( 'NONE', #2040, #4225, #3401, .T. ) ;
#3524 = ORIENTED_EDGE ( 'NONE', *, *, #1524, .F. ) ;
#3525 = CARTESIAN_POINT ( 'NONE',  ( 53.59999999999998721, 1.551621044983853226, -3.922862896642212771 ) ) ;
#3526 = CARTESIAN_POINT ( 'NONE',  ( 50.69999999999999574, 12.00000000000000000, -1.500000000000000000 ) ) ;
#3527 = CARTESIAN_POINT ( 'NONE',  ( 0.000000000000000000, -15.25000000000000000, -0.2500000000000002220 ) ) ;
#3528 = CARTESIAN_POINT ( 'NONE',  ( 0.000000000000000000, 7.841506350946115589, 13.08188740771268677 ) ) ;
#3529 = DIRECTION ( 'NONE',  ( 0.000000000000000000, 0.000000000000000000, 1.000000000000000000 ) ) ;
#3530 = MECHANICAL_DESIGN_GEOMETRIC_PRESENTATION_REPRESENTATION (  '', ( #5053 ), #4671 ) ;
#3531 = ORIENTED_EDGE ( 'NONE', *, *, #7387, .T. ) ;
#3532 = VECTOR ( 'NONE', #1586, 1000.000000000000000 ) ;
#3533 = EDGE_CURVE ( 'NONE', #7780, #7462, #6308, .T. ) ;
#3534 = DIRECTION ( 'NONE',  ( 0.000000000000000000, 0.000000000000000000, -1.000000000000000000 ) ) ;
#3535 = CARTESIAN_POINT ( 'NONE',  ( 53.69999999999996732, 1.078919236332067211, -3.190106278023543407 ) ) ;
#3536 = DIRECTION ( 'NONE',  ( -1.000000000000000000, 0.000000000000000000, 0.000000000000000000 ) ) ;
#3537 = VECTOR ( 'NONE', #5728, 1000.000000000000000 ) ;
#3538 = CARTESIAN_POINT ( 'NONE',  ( 53.60000000000014353, 1.214767264119656076, -2.117510489024231557 ) ) ;
#3539 = ORIENTED_EDGE ( 'NONE', *, *, #2268, .F. ) ;
#3540 = DIRECTION ( 'NONE',  ( 0.000000000000000000, 0.9613033860425278521, 0.2754919236260306992 ) ) ;
#3541 = SURFACE_SIDE_STYLE ('',( #4731 ) ) ;
#3542 = ORIENTED_EDGE ( 'NONE', *, *, #5112, .F. ) ;
#3543 = AXIS2_PLACEMENT_3D ( 'NONE', #4427, #6225, #782 ) ;
#3544 = EDGE_CURVE ( 'NONE', #601, #4209, #2506, .T. ) ;
#3545 = VERTEX_POINT ( 'NONE', #5150 ) ;
#3546 = SURFACE_STYLE_USAGE ( .BOTH. , #4087 ) ;
#3547 = VECTOR ( 'NONE', #1198, 1000.000000000000000 ) ;
#3548 = VERTEX_POINT ( 'NONE', #2100 ) ;
#3549 = ORIENTED_EDGE ( 'NONE', *, *, #166, .T. ) ;
#3550 = ORIENTED_EDGE ( 'NONE', *, *, #2685, .T. ) ;
#3551 = AXIS2_PLACEMENT_3D ( 'NONE', #4966, #6792, #2542 ) ;
#3552 = ORIENTED_EDGE ( 'NONE', *, *, #5380, .F. ) ;
#3553 = CARTESIAN_POINT ( 'NONE',  ( 53.69999999999999574, 1.549630719765286768, -2.326482213841797098 ) ) ;
#3554 = FACE_BOUND ( 'NONE', #5490, .T. ) ;
#3555 = DIRECTION ( 'NONE',  ( 0.000000000000000000, 0.8833213751622164267, 0.4687679043850280780 ) ) ;
#3556 = DIRECTION ( 'NONE',  ( -0.000000000000000000, -0.000000000000000000, -1.000000000000000000 ) ) ;
#3557 = EDGE_CURVE ( 'NONE', #2933, #6491, #5229, .T. ) ;
#3558 = DIRECTION ( 'NONE',  ( 0.000000000000000000, 0.000000000000000000, -1.000000000000000000 ) ) ;
#3559 = VERTEX_POINT ( 'NONE', #5744 ) ;
#3560 = CARTESIAN_POINT ( 'NONE',  ( 53.59999999999999432, 1.036495642632356384, -2.689021341641113505 ) ) ;
#3561 =( NAMED_UNIT ( * ) PLANE_ANGLE_UNIT ( ) SI_UNIT ( $, .RADIAN. ) );
#3562 = ORIENTED_EDGE ( 'NONE', *, *, #4398, .F. ) ;
#3563 = ORIENTED_EDGE ( 'NONE', *, *, #6151, .T. ) ;
#3564 = CARTESIAN_POINT ( 'NONE',  ( 0.000000000000000000, -16.74038207405221002, 0.2500000000000004996 ) ) ;
#3565 = CARTESIAN_POINT ( 'NONE',  ( 53.59999999999998721, 0.4524139705848930770, 4.460790773068757709 ) ) ;
#3566 = CARTESIAN_POINT ( 'NONE',  ( 51.89999999999998437, 8.750000000000007105, 12.20000000000000284 ) ) ;
#3567 = CARTESIAN_POINT ( 'NONE',  ( 50.69999999999999574, -4.444536316514335006, -6.363654369242972564 ) ) ;
#3568 = PLANE ( 'NONE',  #359 ) ;
#3569 = ORIENTED_EDGE ( 'NONE', *, *, #6012, .T. ) ;
#3570 = PLANE ( 'NONE',  #118 ) ;
#3571 = AXIS2_PLACEMENT_3D ( 'NONE', #5284, #1226, #4764 ) ;
#3572 = DIRECTION ( 'NONE',  ( -0.000000000000000000, 1.000000000000000000, -0.000000000000000000 ) ) ;
#3573 = DIRECTION ( 'NONE',  ( 0.000000000000000000, -0.8660254037844398178, 0.4999999999999977796 ) ) ;
#3574 = CARTESIAN_POINT ( 'NONE',  ( 0.5000000000000004441, 0.000000000000000000, 0.000000000000000000 ) ) ;
#3575 = ORIENTED_EDGE ( 'NONE', *, *, #5548, .F. ) ;
#3576 = DIRECTION ( 'NONE',  ( 0.000000000000000000, 0.000000000000000000, -1.000000000000000000 ) ) ;
#3577 = ADVANCED_FACE ( 'NONE', ( #2206 ), #3840, .T. ) ;
#3578 = FACE_OUTER_BOUND ( 'NONE', #5381, .T. ) ;
#3579 = ORIENTED_EDGE ( 'NONE', *, *, #3131, .F. ) ;
#3580 = ORIENTED_EDGE ( 'NONE', *, *, #5595, .F. ) ;
#3581 = ADVANCED_FACE ( 'NONE', ( #4474 ), #6904, .T. ) ;
#3582 = CARTESIAN_POINT ( 'NONE',  ( 53.59999999999998721, -1.480062982793924453, -1.691354341303248576 ) ) ;
#3583 = EDGE_CURVE ( 'NONE', #5296, #2846, #1547, .T. ) ;
#3584 = ORIENTED_EDGE ( 'NONE', *, *, #4884, .F. ) ;
#3585 = EDGE_LOOP ( 'NONE', ( #2544, #4811, #6206, #4125 ) ) ;
#3586 = FILL_AREA_STYLE ('',( #1119 ) ) ;
#3587 = DIRECTION ( 'NONE',  ( 0.000000000000000000, 0.8607846230989656400, 0.5089693828084078664 ) ) ;
#3588 = ORIENTED_EDGE ( 'NONE', *, *, #166, .F. ) ;
#3589 = VERTEX_POINT ( 'NONE', #4789 ) ;
#3590 = EDGE_CURVE ( 'NONE', #917, #5731, #7341, .T. ) ;
#3591 = CIRCLE ( 'NONE', #1179, 1.500000000000001110 ) ;
#3592 = CARTESIAN_POINT ( 'NONE',  ( 53.70000000000062101, 0.7997637545296836237, -2.805155210394047582 ) ) ;
#3593 = PLANE ( 'NONE',  #7423 ) ;
#3594 = PLANE ( 'NONE',  #7074 ) ;
#3595 = FACE_BOUND ( 'NONE', #1859, .T. ) ;
#3596 = EDGE_LOOP ( 'NONE', ( #6351, #5543, #98, #4059 ) ) ;
#3597 = FACE_OUTER_BOUND ( 'NONE', #3733, .T. ) ;
#3598 = DIRECTION ( 'NONE',  ( -0.000000000000000000, 0.9872616401468469194, -0.1591051661466640899 ) ) ;
#3599 = ORIENTED_EDGE ( 'NONE', *, *, #344, .T. ) ;
#3600 = ORIENTED_EDGE ( 'NONE', *, *, #5280, .T. ) ;
#3601 = CARTESIAN_POINT ( 'NONE',  ( 0.000000000000000000, 7.441506350946116122, 12.38906708468513784 ) ) ;
#3602 = DIRECTION ( 'NONE',  ( 0.000000000000000000, -0.9607857596242427300, 0.2772917671032933962 ) ) ;
#3603 = CARTESIAN_POINT ( 'NONE',  ( 2.000000000000000000, -14.45000000000000107, 0.2500000000000002220 ) ) ;
#3604 = CARTESIAN_POINT ( 'NONE',  ( 53.59999999999999432, -0.08014773745609271582, -2.743682071735587868 ) ) ;
#3605 = CIRCLE ( 'NONE', #4613, 7.000000000000000000 ) ;
#3606 = CARTESIAN_POINT ( 'NONE',  ( 53.59999999999998721, -1.480062982793924453, 2.442031974065075772 ) ) ;
#3607 = AXIS2_PLACEMENT_3D ( 'NONE', #5607, #3301, #6248 ) ;
#3608 = ADVANCED_FACE ( 'NONE', ( #4065 ), #4716, .T. ) ;
#3609 = ORIENTED_EDGE ( 'NONE', *, *, #1300, .T. ) ;
#3610 = DIRECTION ( 'NONE',  ( 0.000000000000000000, -1.000000000000000000, -0.000000000000000000 ) ) ;
#3611 = CARTESIAN_POINT ( 'NONE',  ( 44.50000000000000711, -10.00078263800708456, 13.03578952140959402 ) ) ;
#3612 = CARTESIAN_POINT ( 'NONE',  ( 0.000000000000000000, 13.42339375865881657, -7.749999999999968914 ) ) ;
#3613 = CARTESIAN_POINT ( 'NONE',  ( 0.000000000000000000, 6.715673326026336376, -13.73188740771269245 ) ) ;
#3614 = EDGE_CURVE ( 'NONE', #7178, #5967, #6499, .T. ) ;
#3615 = AXIS2_PLACEMENT_3D ( 'NONE', #2984, #3516, #5894 ) ;
#3616 = EDGE_LOOP ( 'NONE', ( #5962, #5079, #2172, #65 ) ) ;
#3617 = ORIENTED_EDGE ( 'NONE', *, *, #1276, .T. ) ;
#3618 = DIRECTION ( 'NONE',  ( -0.000000000000000000, -0.000000000000000000, 1.000000000000000000 ) ) ;
#3619 = ORIENTED_EDGE ( 'NONE', *, *, #844, .F. ) ;
#3620 = EDGE_LOOP ( 'NONE', ( #2239, #518 ) ) ;
#3621 = EDGE_CURVE ( 'NONE', #6369, #7864, #2362, .T. ) ;
#3622 = FACE_OUTER_BOUND ( 'NONE', #2654, .T. ) ;
#3623 = EDGE_LOOP ( 'NONE', ( #2280, #6974, #5415, #1351 ) ) ;
#3624 =( LENGTH_UNIT ( ) NAMED_UNIT ( * ) SI_UNIT ( .MILLI., .METRE. ) );
#3625 = DIRECTION ( 'NONE',  ( -1.000000000000000000, 0.000000000000000000, -0.000000000000000000 ) ) ;
#3626 = AXIS2_PLACEMENT_3D ( 'NONE', #2505, #3135, #212 ) ;
#3627 = EDGE_LOOP ( 'NONE', ( #647, #1154, #5797, #5254 ) ) ;
#3628 = ADVANCED_FACE ( 'NONE', ( #4748 ), #7757, .T. ) ;
#3629 = VECTOR ( 'NONE', #6503, 1000.000000000000000 ) ;
#3630 = ORIENTED_EDGE ( 'NONE', *, *, #5532, .T. ) ;
#3631 = VECTOR ( 'NONE', #7552, 1000.000000000000000 ) ;
#3632 = VECTOR ( 'NONE', #2917, 1000.000000000000000 ) ;
#3633 = CARTESIAN_POINT ( 'NONE',  ( 53.70000000000001705, 0.2406070517365442862, -3.152802133581223298 ) ) ;
#3634 = LINE ( 'NONE', #3675, #7201 ) ;
#3635 = VERTEX_POINT ( 'NONE', #1131 ) ;
#3636 = DIRECTION ( 'NONE',  ( 0.000000000000000000, 0.000000000000000000, -1.000000000000000000 ) ) ;
#3637 = EDGE_CURVE ( 'NONE', #592, #3367, #2866, .T. ) ;
#3638 = AXIS2_PLACEMENT_3D ( 'NONE', #7847, #7113, #1756 ) ;
#3639 = PRESENTATION_LAYER_ASSIGNMENT (  '', '', ( #7064 ) ) ;
#3640 = ORIENTED_EDGE ( 'NONE', *, *, #1384, .F. ) ;
#3641 = ORIENTED_EDGE ( 'NONE', *, *, #2999, .T. ) ;
#3642 = CARTESIAN_POINT ( 'NONE',  ( 53.59999999999998721, -0.3453976156724170021, -3.922862896642212771 ) ) ;
#3643 = FACE_OUTER_BOUND ( 'NONE', #4611, .T. ) ;
#3644 = CARTESIAN_POINT ( 'NONE',  ( 53.59999999999998721, -1.480062982793924453, 1.996833409881984212 ) ) ;
#3645 = DIRECTION ( 'NONE',  ( 1.000000000000000000, -0.000000000000000000, -0.000000000000000000 ) ) ;
#3646 = STYLED_ITEM ( 'NONE', ( #6155 ), #3053 ) ;
#3647 = AXIS2_PLACEMENT_3D ( 'NONE', #962, #6484, #382 ) ;
#3648 = FACE_OUTER_BOUND ( 'NONE', #7668, .T. ) ;
#3649 = CARTESIAN_POINT ( 'NONE',  ( 49.19999999999999574, -12.50000000000000000, 1.500000000000000222 ) ) ;
#3650 = B_SPLINE_SURFACE_WITH_KNOTS ( 'NONE', 3, 1, ( 
 ( #2820, #3393 ),
 ( #7789, #1125 ),
 ( #5934, #3553 ),
 ( #7822, #5817 ),
 ( #5222, #7751 ),
 ( #1654, #1727 ),
 ( #512, #7046 ),
 ( #4143, #6492 ),
 ( #5260, #4021 ),
 ( #2904, #7009 ),
 ( #7128, #5971 ),
 ( #545, #2283 ),
 ( #4098, #1687 ),
 ( #6460, #1012 ),
 ( #5343, #3431 ),
 ( #2315, #1046 ),
 ( #2240, #4666 ),
 ( #5382, #391 ),
 ( #4584, #1570 ) ),
 .UNSPECIFIED., .F., .F., .F.,
 ( 4, 1, 1, 1, 1, 1, 1, 1, 1, 1, 1, 1, 1, 1, 1, 1, 4 ),
 ( 2, 2 ),
 ( 0.000000000000000000, 0.07330976628024156450, 0.1430293773390905188, 0.2103691138569478425, 0.2746917853724266112, 0.3363221661818323049, 0.3963404857634035272, 0.4548772034499278805, 0.5125741989417192945, 0.5692008659328432474, 0.6246314828713854794, 0.6809165101244122331, 0.7381294749657495435, 0.7981672225468479098, 0.8608397402861802661, 0.9283537686478856576, 1.000000000000000000 ),
 ( 0.000000000000000000, 1.000000000000000000 ),
 .UNSPECIFIED. ) ;
#3651 = AXIS2_PLACEMENT_3D ( 'NONE', #6352, #6421, #6386 ) ;
#3652 = ORIENTED_EDGE ( 'NONE', *, *, #6109, .T. ) ;
#3653 = CARTESIAN_POINT ( 'NONE',  ( 53.69999999999998863, -1.480062982793924453, 2.442031974065075772 ) ) ;
#3654 = CARTESIAN_POINT ( 'NONE',  ( 2.000000000000000000, 6.965673326026347034, 14.16490010960490764 ) ) ;
#3655 = FACE_OUTER_BOUND ( 'NONE', #987, .T. ) ;
#3656 = CARTESIAN_POINT ( 'NONE',  ( 50.69999999999999574, 12.00000000000000000, 0.000000000000000000 ) ) ;
#3657 = ORIENTED_EDGE ( 'NONE', *, *, #1529, .T. ) ;
#3658 =( GEOMETRIC_REPRESENTATION_CONTEXT ( 3 ) GLOBAL_UNCERTAINTY_ASSIGNED_CONTEXT ( ( #5113 ) ) GLOBAL_UNIT_ASSIGNED_CONTEXT ( ( #1604, #7205, #385 ) ) REPRESENTATION_CONTEXT ( 'NONE', 'WORKASPACE' ) );
#3659 = EDGE_CURVE ( 'NONE', #2892, #268, #4674, .T. ) ;
#3660 = ORIENTED_EDGE ( 'NONE', *, *, #1289, .F. ) ;
#3661 = CARTESIAN_POINT ( 'NONE',  ( 53.59999999999999432, 0.6828928732814492086, -2.814856912567658132 ) ) ;
#3662 = ORIENTED_EDGE ( 'NONE', *, *, #5336, .T. ) ;
#3663 = VECTOR ( 'NONE', #5995, 1000.000000000000000 ) ;
#3664 = EDGE_LOOP ( 'NONE', ( #5969, #1354, #5228, #4972 ) ) ;
#3665 = LINE ( 'NONE', #3582, #2339 ) ;
#3666 = AXIS2_PLACEMENT_3D ( 'NONE', #5232, #7716, #522 ) ;
#3667 = VERTEX_POINT ( 'NONE', #3474 ) ;
#3668 = ORIENTED_EDGE ( 'NONE', *, *, #7586, .F. ) ;
#3669 = FILL_AREA_STYLE_COLOUR ( '', #2878 ) ;
#3670 = CARTESIAN_POINT ( 'NONE',  ( 53.59999999999997300, 0.1837310792520605307, -3.113555360028694263 ) ) ;
#3671 = VERTEX_POINT ( 'NONE', #4029 ) ;
#3672 = VERTEX_POINT ( 'NONE', #1169 ) ;
#3673 = AXIS2_PLACEMENT_3D ( 'NONE', #7091, #7861, #4138 ) ;
#3674 = DIRECTION ( 'NONE',  ( 1.000000000000000000, -0.000000000000000000, -0.000000000000000000 ) ) ;
#3675 = CARTESIAN_POINT ( 'NONE',  ( 53.69999999999998863, 1.551621044983853226, 1.222004050389287944 ) ) ;
#3676 =( NAMED_UNIT ( * ) SI_UNIT ( $, .STERADIAN. ) SOLID_ANGLE_UNIT ( ) );
#3677 = VERTEX_POINT ( 'NONE', #4149 ) ;
#3678 = DIRECTION ( 'NONE',  ( -1.000000000000000000, 0.000000000000000000, 0.000000000000000000 ) ) ;
#3679 = CYLINDRICAL_SURFACE ( 'NONE', #7364, 18.30000000000000071 ) ;
#3680 = VECTOR ( 'NONE', #720, 1000.000000000000000 ) ;
#3681 = ADVANCED_FACE ( 'NONE', ( #3597 ), #5555, .T. ) ;
#3682 = EDGE_LOOP ( 'NONE', ( #2474, #6067, #2300, #630, #4377, #2309, #7257, #4363, #1793 ) ) ;
#3683 = UNCERTAINTY_MEASURE_WITH_UNIT (LENGTH_MEASURE( 1.000000000000000082E-05 ), #7120, 'distance_accuracy_value', 'NONE');
#3684 = DIRECTION ( 'NONE',  ( 0.000000000000000000, -1.000000000000000000, -0.000000000000000000 ) ) ;
#3685 = EDGE_CURVE ( 'NONE', #1209, #4448, #5896, .T. ) ;
#3686 =( LENGTH_UNIT ( ) NAMED_UNIT ( * ) SI_UNIT ( .MILLI., .METRE. ) );
#3687 = FACE_OUTER_BOUND ( 'NONE', #3056, .T. ) ;
#3688 = LINE ( 'NONE', #1949, #1333 ) ;
#3689 = FACE_OUTER_BOUND ( 'NONE', #3664, .T. ) ;
#3690 = ADVANCED_FACE ( 'NONE', ( #2405 ), #589, .T. ) ;
#3691 = EDGE_LOOP ( 'NONE', ( #1820, #5951, #2205, #541 ) ) ;
#3692 = PLANE ( 'NONE',  #879 ) ;
#3693 = CARTESIAN_POINT ( 'NONE',  ( 0.000000000000000000, 13.42339375865876505, 9.250000000000063949 ) ) ;
#3694 = CARTESIAN_POINT ( 'NONE',  ( 6.000000000000000000, -13.42339375865886986, 6.249999999999874767 ) ) ;
#3695 = DIRECTION ( 'NONE',  ( -0.000000000000000000, 0.000000000000000000, -1.000000000000000000 ) ) ;
#3696 = EDGE_LOOP ( 'NONE', ( #2858, #7159 ) ) ;
#3697 =( NAMED_UNIT ( * ) PLANE_ANGLE_UNIT ( ) SI_UNIT ( $, .RADIAN. ) );
#3698 = VERTEX_POINT ( 'NONE', #7055 ) ;
#3699 = EDGE_CURVE ( 'NONE', #5040, #4578, #1615, .T. ) ;
#3700 = VERTEX_POINT ( 'NONE', #4226 ) ;
#3701 = LINE ( 'NONE', #3816, #5905 ) ;
#3702 = DIRECTION ( 'NONE',  ( 1.000000000000000000, -0.000000000000000000, -0.000000000000000000 ) ) ;
#3703 = VERTEX_POINT ( 'NONE', #3033 ) ;
#3704 = ORIENTED_EDGE ( 'NONE', *, *, #1925, .F. ) ;
#3705 = DIRECTION ( 'NONE',  ( 0.000000000000000000, 0.000000000000000000, 1.000000000000000000 ) ) ;
#3706 = LINE ( 'NONE', #3143, #3547 ) ;
#3707 = ORIENTED_EDGE ( 'NONE', *, *, #3621, .F. ) ;
#3708 = EDGE_LOOP ( 'NONE', ( #22, #3815, #5172, #2776 ) ) ;
#3709 = FACE_OUTER_BOUND ( 'NONE', #1967, .T. ) ;
#3710 = SURFACE_SIDE_STYLE ('',( #63 ) ) ;
#3711 =( LENGTH_UNIT ( ) NAMED_UNIT ( * ) SI_UNIT ( .MILLI., .METRE. ) );
#3712 = VERTEX_POINT ( 'NONE', #5468 ) ;
#3713 = CARTESIAN_POINT ( 'NONE',  ( 2.000000000000000000, -15.75000000000000000, -1.050000000000000044 ) ) ;
#3714 = EDGE_CURVE ( 'NONE', #5994, #3698, #980, .T. ) ;
#3715 = DIRECTION ( 'NONE',  ( 1.000000000000000000, -0.000000000000000000, -0.000000000000000000 ) ) ;
#3716 = VERTEX_POINT ( 'NONE', #3109 ) ;
#3717 = DIRECTION ( 'NONE',  ( 0.000000000000000000, 0.000000000000000000, 1.000000000000000000 ) ) ;
#3718 = PRESENTATION_STYLE_ASSIGNMENT (( #747 ) ) ;
#3719 = DIRECTION ( 'NONE',  ( 0.000000000000000000, 0.000000000000000000, -1.000000000000000000 ) ) ;
#3720 = LINE ( 'NONE', #6185, #7580 ) ;
#3721 = EDGE_CURVE ( 'NONE', #3677, #7240, #5544, .T. ) ;
#3722 = DIRECTION ( 'NONE',  ( 0.000000000000000000, 1.000000000000000000, 0.000000000000000000 ) ) ;
#3723 = DIRECTION ( 'NONE',  ( -1.000000000000000000, 0.000000000000000000, 0.000000000000000000 ) ) ;
#3724 = VECTOR ( 'NONE', #3572, 1000.000000000000000 ) ;
#3725 = ORIENTED_EDGE ( 'NONE', *, *, #5094, .F. ) ;
#3726 = AXIS2_PLACEMENT_3D ( 'NONE', #5624, #1914, #1985 ) ;
#3727 = EDGE_CURVE ( 'NONE', #7232, #5487, #33, .T. ) ;
#3728 = PLANE ( 'NONE',  #2518 ) ;
#3729 = CARTESIAN_POINT ( 'NONE',  ( 21.50000000000000000, 0.000000000000000000, 0.000000000000000000 ) ) ;
#3730 = LINE ( 'NONE', #3052, #4395 ) ;
#3731 = DIRECTION ( 'NONE',  ( 1.000000000000000000, 0.000000000000000000, -0.000000000000000000 ) ) ;
#3732 = ORIENTED_EDGE ( 'NONE', *, *, #4790, .F. ) ;
#3733 = EDGE_LOOP ( 'NONE', ( #5016, #2790, #7743, #4292 ) ) ;
#3734 = AXIS2_PLACEMENT_3D ( 'NONE', #2940, #2199, #7047 ) ;
#3735 = VECTOR ( 'NONE', #5653, 1000.000000000000000 ) ;
#3736 = ORIENTED_EDGE ( 'NONE', *, *, #2182, .T. ) ;
#3737 = ORIENTED_EDGE ( 'NONE', *, *, #4444, .T. ) ;
#3738 = CIRCLE ( 'NONE', #5512, 16.39999999999999858 ) ;
#3739 = LINE ( 'NONE', #6163, #718 ) ;
#3740 = CARTESIAN_POINT ( 'NONE',  ( 53.59999999999999432, 1.036495642632356384, -2.689021341641113505 ) ) ;
#3741 = CARTESIAN_POINT ( 'NONE',  ( 0.000000000000000000, 7.008493649053896490, 12.63906708468513784 ) ) ;
#3742 = ORIENTED_EDGE ( 'NONE', *, *, #7625, .T. ) ;
#3743 = CARTESIAN_POINT ( 'NONE',  ( 52.89999999999999147, -8.150000000000003908, 10.20000000000000284 ) ) ;
#3744 = ORIENTED_EDGE ( 'NONE', *, *, #423, .F. ) ;
#3745 = PRESENTATION_LAYER_ASSIGNMENT (  '', '', ( #5140 ) ) ;
#3746 = VERTEX_POINT ( 'NONE', #6656 ) ;
#3747 = CARTESIAN_POINT ( 'NONE',  ( 53.69999999999997442, 0.3688871471342910491, -3.213250802952715368 ) ) ;
#3748 = DIRECTION ( 'NONE',  ( -0.000000000000000000, 0.000000000000000000, -1.000000000000000000 ) ) ;
#3749 = VERTEX_POINT ( 'NONE', #5585 ) ;
#3750 = CARTESIAN_POINT ( 'NONE',  ( 53.59999999999998721, 1.214767264119655854, 1.222004050389287944 ) ) ;
#3751 = EDGE_CURVE ( 'NONE', #295, #384, #5619, .T. ) ;
#3752 = CARTESIAN_POINT ( 'NONE',  ( 2.000000000000000000, 8.491506350946107062, -14.20772043263246154 ) ) ;
#3753 = CIRCLE ( 'NONE', #3626, 1.300000000000000044 ) ;
#3754 = EDGE_CURVE ( 'NONE', #165, #2427, #5301, .T. ) ;
#3755 = DIRECTION ( 'NONE',  ( -1.000000000000000000, -0.000000000000000000, -0.000000000000000000 ) ) ;
#3756 = PLANE ( 'NONE',  #6776 ) ;
#3757 = LINE ( 'NONE', #6823, #2373 ) ;
#3758 = LINE ( 'NONE', #6824, #2847 ) ;
#3759 = DIRECTION ( 'NONE',  ( 0.000000000000000000, 0.000000000000000000, -1.000000000000000000 ) ) ;
#3760 = DIRECTION ( 'NONE',  ( -1.000000000000000000, 0.000000000000000000, -0.000000000000000000 ) ) ;
#3761 = CIRCLE ( 'NONE', #1222, 1.500000000000001332 ) ;
#3763 = STYLED_ITEM ( 'NONE', ( #5002 ), #1299 ) ;
#3762 = CARTESIAN_POINT ( 'NONE',  ( -19.80000000000000071, 7.000000000000000000, 0.000000000000000000 ) ) ;
#3764 = ORIENTED_EDGE ( 'NONE', *, *, #6749, .T. ) ;
#3765 = VECTOR ( 'NONE', #1413, 1000.000000000000114 ) ;
#3766 = CARTESIAN_POINT ( 'NONE',  ( 48.69999999999999574, 1.250000000000000000, -11.00000000000000000 ) ) ;
#3767 = VECTOR ( 'NONE', #3719, 1000.000000000000000 ) ;
#3768 = DIRECTION ( 'NONE',  ( 0.000000000000000000, -1.000000000000000000, -4.336808689942013792E-16 ) ) ;
#3769 = FACE_OUTER_BOUND ( 'NONE', #1388, .T. ) ;
#3770 = CARTESIAN_POINT ( 'NONE',  ( 0.000000000000000000, -16.74038207405221002, 0.2500000000000004996 ) ) ;
#3771 = VERTEX_POINT ( 'NONE', #6224 ) ;
#3772 = DIRECTION ( 'NONE',  ( 0.000000000000000000, -0.8660254037844398178, 0.4999999999999977796 ) ) ;
#3773 = VECTOR ( 'NONE', #2229, 1000.000000000000000 ) ;
#3774 = ORIENTED_EDGE ( 'NONE', *, *, #2182, .F. ) ;
#3775 = ADVANCED_FACE ( 'NONE', ( #4947 ), #781, .T. ) ;
#3776 = ORIENTED_EDGE ( 'NONE', *, *, #6090, .T. ) ;
#3777 = CARTESIAN_POINT ( 'NONE',  ( 6.000000000000000000, 13.42339375865881657, -6.249999999999968026 ) ) ;
#3778 = CARTESIAN_POINT ( 'NONE',  ( 50.69999999999999574, 4.444536316514295038, -6.363654369243000986 ) ) ;
#3779 = AXIS2_PLACEMENT_3D ( 'NONE', #7352, #5036, #713 ) ;
#3780 = EDGE_CURVE ( 'NONE', #6607, #3771, #4018, .T. ) ;
#3781 = DIRECTION ( 'NONE',  ( -1.000000000000000000, -0.000000000000000000, -0.000000000000000000 ) ) ;
#3782 = ORIENTED_EDGE ( 'NONE', *, *, #274, .F. ) ;
#3783 = ORIENTED_EDGE ( 'NONE', *, *, #3557, .T. ) ;
#3784 = CARTESIAN_POINT ( 'NONE',  ( 53.59999999999998721, -1.480062982793924453, 3.337288201804348375 ) ) ;
#3785 = ADVANCED_FACE ( 'NONE', ( #741 ), #1860, .F. ) ;
#3786 = CIRCLE ( 'NONE', #5314, 12.30000000000000071 ) ;
#3787 = LINE ( 'NONE', #4300, #638 ) ;
#3788 = ORIENTED_EDGE ( 'NONE', *, *, #4580, .T. ) ;
#3789 = ORIENTED_EDGE ( 'NONE', *, *, #1853, .T. ) ;
#3790 = VECTOR ( 'NONE', #3202, 1000.000000000000000 ) ;
#3791 = FILL_AREA_STYLE ('',( #6371 ) ) ;
#3792 = CARTESIAN_POINT ( 'NONE',  ( 53.59999999999998721, -0.5404182256464260536, 0.4042307585992851449 ) ) ;
#3793 = CARTESIAN_POINT ( 'NONE',  ( 2.000000000000000000, -15.50000000000000000, -2.000000000000000888 ) ) ;
#3794 = VERTEX_POINT ( 'NONE', #185 ) ;
#3795 = DIRECTION ( 'NONE',  ( 0.000000000000000000, 0.000000000000000000, 1.000000000000000000 ) ) ;
#3796 = CARTESIAN_POINT ( 'NONE',  ( 53.49999999999999289, -8.750000000000003553, 8.500000000000000000 ) ) ;
#3797 = AXIS2_PLACEMENT_3D ( 'NONE', #2947, #2912, #7256 ) ;
#3798 = ADVANCED_FACE ( 'NONE', ( #6061 ), #2480, .T. ) ;
#3799 = CARTESIAN_POINT ( 'NONE',  ( 53.70000000000065654, 0.6160715024334109113, -2.813745714525698993 ) ) ;
#3800 = LINE ( 'NONE', #6229, #1478 ) ;
#3801 = CARTESIAN_POINT ( 'NONE',  ( 53.49999999999999289, 0.000000000000000000, 0.000000000000000000 ) ) ;
#3802 = LINE ( 'NONE', #2597, #6434 ) ;
#3803 = DIRECTION ( 'NONE',  ( -1.000000000000000000, 0.000000000000000000, 0.000000000000000000 ) ) ;
#3804 = DIRECTION ( 'NONE',  ( 1.000000000000000000, 0.000000000000000000, 0.000000000000000000 ) ) ;
#3805 = DIRECTION ( 'NONE',  ( -1.000000000000000000, -0.000000000000000000, -0.000000000000000000 ) ) ;
#3806 = PRESENTATION_LAYER_ASSIGNMENT (  '', '', ( #1399 ) ) ;
#3807 = LINE ( 'NONE', #5631, #3663 ) ;
#3808 = EDGE_CURVE ( 'NONE', #6691, #6322, #4916, .T. ) ;
#3809 = ORIENTED_EDGE ( 'NONE', *, *, #370, .T. ) ;
#3810 = CARTESIAN_POINT ( 'NONE',  ( 2.000000000000000000, 7.658493649053887076, -13.76490010960491261 ) ) ;
#3811 = CARTESIAN_POINT ( 'NONE',  ( 0.000000000000000000, 8.784326673973657407, -13.11490010960491226 ) ) ;
#3812 = CARTESIAN_POINT ( 'NONE',  ( 2.000000000000000000, 7.750000000000006217, 13.42339375865879880 ) ) ;
#3813 = CARTESIAN_POINT ( 'NONE',  ( 2.000000000000000000, -16.74038207405221002, 0.2500000000000004996 ) ) ;
#3814 = ORIENTED_EDGE ( 'NONE', *, *, #6668, .T. ) ;
#3815 = ORIENTED_EDGE ( 'NONE', *, *, #1384, .T. ) ;
#3816 = CARTESIAN_POINT ( 'NONE',  ( 53.59999999999998721, 1.551621044983853226, 5.487111356871371193 ) ) ;
#3817 = CARTESIAN_POINT ( 'NONE',  ( 21.50000000000000000, 0.000000000000000000, 0.000000000000000000 ) ) ;
#3818 = CARTESIAN_POINT ( 'NONE',  ( 0.000000000000000000, 6.715673326026336376, -13.73188740771269245 ) ) ;
#3819 = ADVANCED_FACE ( 'NONE', ( #4830 ), #4268, .T. ) ;
#3820 = EDGE_LOOP ( 'NONE', ( #5579, #7738, #7223, #7819 ) ) ;
#3821 = CARTESIAN_POINT ( 'NONE',  ( 0.000000000000000000, 7.750000000000006217, 15.42339375865879880 ) ) ;
#3822 = CARTESIAN_POINT ( 'NONE',  ( 53.70000000000002416, 0.7424664353519704330, -2.813508901280081798 ) ) ;
#3823 = ORIENTED_EDGE ( 'NONE', *, *, #6629, .F. ) ;
#3824 = EDGE_CURVE ( 'NONE', #3209, #4218, #3137, .T. ) ;
#3825 = ORIENTED_EDGE ( 'NONE', *, *, #7533, .T. ) ;
#3826 = EDGE_CURVE ( 'NONE', #187, #1329, #6138, .T. ) ;
#3827 = CYLINDRICAL_SURFACE ( 'NONE', #6908, 12.30000000000000071 ) ;
#3828 = DIRECTION ( 'NONE',  ( -1.000000000000000000, 0.000000000000000000, -0.000000000000000000 ) ) ;
#3829 = LINE ( 'NONE', #7072, #6806 ) ;
#3830 = VERTEX_POINT ( 'NONE', #6698 ) ;
#3831 = DIRECTION ( 'NONE',  ( -0.000000000000000000, -0.000000000000000000, 1.000000000000000000 ) ) ;
#3832 = ORIENTED_EDGE ( 'NONE', *, *, #2742, .F. ) ;
#3833 = DIRECTION ( 'NONE',  ( 0.000000000000000000, 0.000000000000000000, 1.000000000000000000 ) ) ;
#3834 = EDGE_CURVE ( 'NONE', #2123, #3392, #1252, .T. ) ;
#3835 = CARTESIAN_POINT ( 'NONE',  ( 53.59999999999998721, 1.551621044983853226, 5.487111356871371193 ) ) ;
#3836 = DIRECTION ( 'NONE',  ( 0.000000000000000000, 0.000000000000000000, -1.000000000000000000 ) ) ;
#3837 = FACE_OUTER_BOUND ( 'NONE', #1283, .T. ) ;
#3838 = CARTESIAN_POINT ( 'NONE',  ( 0.2000000000000000111, 7.749999999999998224, -11.92339375865880058 ) ) ;
#3839 = CARTESIAN_POINT ( 'NONE',  ( 50.69999999999999574, 0.6857658333706520004, -7.731734942545654299 ) ) ;
#3840 = PLANE ( 'NONE',  #7854 ) ;
#3841 = DIRECTION ( 'NONE',  ( -1.000000000000000000, 0.000000000000000000, 0.000000000000000000 ) ) ;
#3842 = ORIENTED_EDGE ( 'NONE', *, *, #3293, .F. ) ;
#3843 = PLANE ( 'NONE',  #7482 ) ;
#3844 = VECTOR ( 'NONE', #5155, 1000.000000000000000 ) ;
#3845 = CARTESIAN_POINT ( 'NONE',  ( 53.69999999999998863, -1.480062982793924453, 0.6754210344217291828 ) ) ;
#3846 = DIRECTION ( 'NONE',  ( -1.000000000000000000, 0.000000000000000000, 0.000000000000000000 ) ) ;
#3847 = EDGE_CURVE ( 'NONE', #1583, #2672, #3071, .T. ) ;
#3848 = DIRECTION ( 'NONE',  ( 0.000000000000000000, 0.9396926207859083169, -0.3420201433256693235 ) ) ;
#3849 = VERTEX_POINT ( 'NONE', #2632 ) ;
#3850 = VECTOR ( 'NONE', #4033, 1000.000000000000000 ) ;
#3851 = SURFACE_STYLE_USAGE ( .BOTH. , #6878 ) ;
#3852 = LINE ( 'NONE', #6436, #752 ) ;
#3853 = EDGE_CURVE ( 'NONE', #5471, #6095, #3269, .T. ) ;
#3854 = DIRECTION ( 'NONE',  ( 1.000000000000000000, 0.000000000000000000, -0.000000000000000000 ) ) ;
#3855 =( LENGTH_UNIT ( ) NAMED_UNIT ( * ) SI_UNIT ( .MILLI., .METRE. ) );
#3856 = DIRECTION ( 'NONE',  ( -1.000000000000000000, 0.000000000000000000, 0.000000000000000000 ) ) ;
#3857 = ORIENTED_EDGE ( 'NONE', *, *, #2071, .F. ) ;
#3858 = LINE ( 'NONE', #7613, #379 ) ;
#3859 = VERTEX_POINT ( 'NONE', #2707 ) ;
#3860 = CIRCLE ( 'NONE', #4111, 1.500000000000001332 ) ;
#3861 = EDGE_CURVE ( 'NONE', #3178, #3265, #5768, .T. ) ;
#3862 = EDGE_LOOP ( 'NONE', ( #477, #5940, #6489, #5976 ) ) ;
#3863 = DIRECTION ( 'NONE',  ( 0.000000000000000000, -0.000000000000000000, 1.000000000000000000 ) ) ;
#3864 = CARTESIAN_POINT ( 'NONE',  ( 53.59999999999998721, -0.2390227375047755398, 4.460790773068757709 ) ) ;
#3865 = DIRECTION ( 'NONE',  ( 1.000000000000000000, -0.000000000000000000, -0.000000000000000000 ) ) ;
#3866 = ORIENTED_EDGE ( 'NONE', *, *, #5331, .T. ) ;
#3867 = FILL_AREA_STYLE_COLOUR ( '', #4026 ) ;
#3868 = CIRCLE ( 'NONE', #4246, 18.30000000000000071 ) ;
#3869 = DIRECTION ( 'NONE',  ( -0.000000000000000000, 1.000000000000000000, -0.000000000000000000 ) ) ;
#3870 = EDGE_CURVE ( 'NONE', #2361, #860, #6935, .T. ) ;
#3871 = EDGE_CURVE ( 'NONE', #1627, #5333, #2740, .T. ) ;
#3872 = CARTESIAN_POINT ( 'NONE',  ( 2.000000000000000000, 8.534326673973657407, -12.68188740771269352 ) ) ;
#3873 = DIRECTION ( 'NONE',  ( -0.000000000000000000, 0.8660254037844378194, -0.5000000000000013323 ) ) ;
#3874 = DIRECTION ( 'NONE',  ( 0.000000000000000000, 0.000000000000000000, 1.000000000000000000 ) ) ;
#3875 = CARTESIAN_POINT ( 'NONE',  ( 53.59999999999998721, 0.1155601897206955386, 4.247384381683057875 ) ) ;
#3876 = EDGE_CURVE ( 'NONE', #917, #4673, #6975, .T. ) ;
#3877 = LINE ( 'NONE', #5709, #6156 ) ;
#3878 = CARTESIAN_POINT ( 'NONE',  ( 2.000000000000000000, -15.75000000000000000, -1.050000000000000044 ) ) ;
#3879 = CARTESIAN_POINT ( 'NONE',  ( 53.59999999999998721, 1.396746694267392952, -2.894592043441305051 ) ) ;
#3880 = EDGE_CURVE ( 'NONE', #3018, #4253, #3386, .T. ) ;
#3881 = AXIS2_PLACEMENT_3D ( 'NONE', #5589, #1293, #6821 ) ;
#3882 = LINE ( 'NONE', #3920, #5057 ) ;
#3883 = DIRECTION ( 'NONE',  ( -1.000000000000000000, -0.000000000000000000, -0.000000000000000000 ) ) ;
#3884 = CARTESIAN_POINT ( 'NONE',  ( 50.69999999999999574, 1.198796048359147548, -9.141273873724520271 ) ) ;
#3885 = CARTESIAN_POINT ( 'NONE',  ( 53.69999999999998863, 1.551621044983853226, -5.550004551576875222 ) ) ;
#3886 = DIRECTION ( 'NONE',  ( 1.000000000000000000, -0.000000000000000000, -0.000000000000000000 ) ) ;
#3887 = VERTEX_POINT ( 'NONE', #3974 ) ;
#3888 = VECTOR ( 'NONE', #6857, 1000.000000000000000 ) ;
#3889 =( GEOMETRIC_REPRESENTATION_CONTEXT ( 3 ) GLOBAL_UNCERTAINTY_ASSIGNED_CONTEXT ( ( #2407 ) ) GLOBAL_UNIT_ASSIGNED_CONTEXT ( ( #7718, #3482, #6542 ) ) REPRESENTATION_CONTEXT ( 'NONE', 'WORKASPACE' ) );
#3890 = FACE_OUTER_BOUND ( 'NONE', #6638, .T. ) ;
#3891 = CARTESIAN_POINT ( 'NONE',  ( 53.69999999999998863, 0.4524139705848930770, 4.460790773068757709 ) ) ;
#3892 = CARTESIAN_POINT ( 'NONE',  ( 53.69999999999999574, 1.540642020947813773, -2.434923741803043828 ) ) ;
#3893 = DIRECTION ( 'NONE',  ( 0.000000000000000000, -0.8833213751622164267, 0.4687679043850280780 ) ) ;
#3894 = EDGE_CURVE ( 'NONE', #3548, #5322, #5139, .T. ) ;
#3895 = DIRECTION ( 'NONE',  ( 1.000000000000000000, 0.000000000000000000, 0.000000000000000000 ) ) ;
#3896 = AXIS2_PLACEMENT_3D ( 'NONE', #3161, #3760, #672 ) ;
#3897 = VECTOR ( 'NONE', #6653, 1000.000000000000000 ) ;
#3898 = ORIENTED_EDGE ( 'NONE', *, *, #344, .F. ) ;
#3899 = DIRECTION ( 'NONE',  ( 0.000000000000000000, -1.000000000000000000, -0.000000000000000000 ) ) ;
#3900 = ORIENTED_EDGE ( 'NONE', *, *, #4361, .T. ) ;
#3901 = AXIS2_PLACEMENT_3D ( 'NONE', #3750, #4983, #148 ) ;
#3902 = AXIS2_PLACEMENT_3D ( 'NONE', #7666, #7051, #5893 ) ;
#3903 = ORIENTED_EDGE ( 'NONE', *, *, #2854, .T. ) ;
#3904 = LINE ( 'NONE', #5764, #7420 ) ;
#3905 = CARTESIAN_POINT ( 'NONE',  ( 50.69999999999999574, 12.50000000000000000, 1.500000000000000000 ) ) ;
#3906 = ORIENTED_EDGE ( 'NONE', *, *, #745, .T. ) ;
#3907 = FILL_AREA_STYLE ('',( #304 ) ) ;
#3908 = EDGE_LOOP ( 'NONE', ( #1523, #5921 ) ) ;
#3909 = SURFACE_STYLE_USAGE ( .BOTH. , #2741 ) ;
#3910 = VECTOR ( 'NONE', #4689, 1000.000000000000000 ) ;
#3911 = FACE_OUTER_BOUND ( 'NONE', #6993, .T. ) ;
#3912 = DIRECTION ( 'NONE',  ( -1.000000000000000000, -0.000000000000000000, -0.000000000000000000 ) ) ;
#3913 = CARTESIAN_POINT ( 'NONE',  ( 0.000000000000000000, -15.75000000000000000, -1.050000000000000044 ) ) ;
#3914 = DIRECTION ( 'NONE',  ( 0.000000000000000000, 0.000000000000000000, 1.000000000000000000 ) ) ;
#3915 = CARTESIAN_POINT ( 'NONE',  ( 46.09999999999999432, -4.016229177803744516E-15, 16.39749999999999730 ) ) ;
#3916 = EDGE_LOOP ( 'NONE', ( #4458, #5019, #5839, #1448 ) ) ;
#3917 = CARTESIAN_POINT ( 'NONE',  ( 6.000000000000000000, -13.42339375865870998, -7.750000000000157208 ) ) ;
#3918 = EDGE_CURVE ( 'NONE', #2192, #264, #1528, .T. ) ;
#3919 = DIRECTION ( 'NONE',  ( -0.000000000000000000, -0.000000000000000000, -1.000000000000000000 ) ) ;
#3920 = CARTESIAN_POINT ( 'NONE',  ( 53.59999999999998721, 1.551621044983853226, -2.214692476486026518 ) ) ;
#3921 = SURFACE_STYLE_USAGE ( .BOTH. , #6390 ) ;
#3922 = COLOUR_RGB ( '',0.7960784313725489669, 0.8235294117647058432, 0.9372549019607843146 ) ;
#3923 = ADVANCED_FACE ( 'NONE', ( #7583 ), #273, .T. ) ;
#3924 = DIRECTION ( 'NONE',  ( 0.000000000000000000, 0.000000000000000000, -1.000000000000000000 ) ) ;
#3925 = VERTEX_POINT ( 'NONE', #6409 ) ;
#3926 = AXIS2_PLACEMENT_3D ( 'NONE', #5004, #1997, #3248 ) ;
#3927 = DIRECTION ( 'NONE',  ( 1.000000000000000000, -0.000000000000000000, -0.000000000000000000 ) ) ;
#3928 = CARTESIAN_POINT ( 'NONE',  ( 0.000000000000000000, 7.441506350946116122, 12.38906708468513784 ) ) ;
#3929 = CARTESIAN_POINT ( 'NONE',  ( 53.70000000000067075, 1.207262343466957599, -2.286987149194054325 ) ) ;
#3930 = CARTESIAN_POINT ( 'NONE',  ( 53.69999999999998863, 0.4524139705848930770, 4.460790773068757709 ) ) ;
#3931 = ORIENTED_EDGE ( 'NONE', *, *, #5548, .T. ) ;
#3932 = DIRECTION ( 'NONE',  ( -0.000000000000000000, 1.000000000000000000, -2.736828040640475774E-16 ) ) ;
#3933 = DIRECTION ( 'NONE',  ( -1.000000000000000000, 0.000000000000000000, 0.000000000000000000 ) ) ;
#3934 = ORIENTED_EDGE ( 'NONE', *, *, #3184, .T. ) ;
#3935 = EDGE_CURVE ( 'NONE', #4554, #6121, #966, .T. ) ;
#3936 = ORIENTED_EDGE ( 'NONE', *, *, #826, .T. ) ;
#3937 = DIRECTION ( 'NONE',  ( 0.000000000000000000, 0.000000000000000000, 1.000000000000000000 ) ) ;
#3938 = CARTESIAN_POINT ( 'NONE',  ( 2.000000000000000000, 7.749999999999999112, -13.42339375865880058 ) ) ;
#3939 = ORIENTED_EDGE ( 'NONE', *, *, #1064, .T. ) ;
#3940 = DIRECTION ( 'NONE',  ( -0.000000000000000000, -0.3420201433256697121, -0.9396926207859080948 ) ) ;
#3941 = ORIENTED_EDGE ( 'NONE', *, *, #4387, .T. ) ;
#3942 = ADVANCED_FACE ( 'NONE', ( #2591, #5026 ), #6295, .T. ) ;
#3943 = CARTESIAN_POINT ( 'NONE',  ( 53.70000000000067075, 0.1949746849492978717, -2.451190802626018961 ) ) ;
#3944 = CYLINDRICAL_SURFACE ( 'NONE', #7056, 16.39999999999999858 ) ;
#3945 = ADVANCED_FACE ( 'NONE', ( #3310 ), #901, .T. ) ;
#3946 = CYLINDRICAL_SURFACE ( 'NONE', #6002, 6.000000000000000888 ) ;
#3947 = CARTESIAN_POINT ( 'NONE',  ( 0.000000000000000000, 0.000000000000000000, 0.000000000000000000 ) ) ;
#3948 = FACE_OUTER_BOUND ( 'NONE', #4734, .T. ) ;
#3949 = LINE ( 'NONE', #240, #3990 ) ;
#3950 = ORIENTED_EDGE ( 'NONE', *, *, #7611, .F. ) ;
#3951 = FACE_OUTER_BOUND ( 'NONE', #1036, .T. ) ;
#3952 = CARTESIAN_POINT ( 'NONE',  ( 53.59999999999998010, 1.501866990205194874, -2.635188004036570941 ) ) ;
#3953 = EDGE_CURVE ( 'NONE', #1301, #7574, #4777, .T. ) ;
#3954 = CARTESIAN_POINT ( 'NONE',  ( 53.69999999999998153, 0.3938281511589292183, -2.747883041508130564 ) ) ;
#3955 = LINE ( 'NONE', #3884, #5416 ) ;
#3956 = LINE ( 'NONE', #7065, #6952 ) ;
#3957 = EDGE_LOOP ( 'NONE', ( #1168, #2197, #6092, #7363 ) ) ;
#3958 = ADVANCED_FACE ( 'NONE', ( #4137 ), #4706, .T. ) ;
#3959 = FACE_OUTER_BOUND ( 'NONE', #7002, .T. ) ;
#3960 = MECHANICAL_DESIGN_GEOMETRIC_PRESENTATION_REPRESENTATION (  '', ( #1054 ), #6639 ) ;
#3961 = DIRECTION ( 'NONE',  ( 0.000000000000000000, 0.000000000000000000, 1.000000000000000000 ) ) ;
#3962 = DIRECTION ( 'NONE',  ( -0.000000000000000000, -0.5000000000000000000, -0.8660254037844385966 ) ) ;
#3963 = EDGE_CURVE ( 'NONE', #7710, #4225, #4092, .T. ) ;
#3964 = ORIENTED_EDGE ( 'NONE', *, *, #7180, .F. ) ;
#3965 = DIRECTION ( 'NONE',  ( -0.000000000000000000, 1.000000000000000000, -0.000000000000000000 ) ) ;
#3966 = PRESENTATION_LAYER_ASSIGNMENT (  '', '', ( #6392 ) ) ;
#3967 = CARTESIAN_POINT ( 'NONE',  ( 53.69999999999996732, 0.9046468922608165153, -2.774555938146442191 ) ) ;
#3968 = ORIENTED_EDGE ( 'NONE', *, *, #5049, .T. ) ;
#3969 = VERTEX_POINT ( 'NONE', #5339 ) ;
#3970 = AXIS2_PLACEMENT_3D ( 'NONE', #2162, #6255, #3185 ) ;
#3971 = DIRECTION ( 'NONE',  ( 0.000000000000000000, 0.000000000000000000, 1.000000000000000000 ) ) ;
#3972 = CARTESIAN_POINT ( 'NONE',  ( 48.29999999999999716, 8.150000000000003908, 10.20000000000000284 ) ) ;
#3973 = ORIENTED_EDGE ( 'NONE', *, *, #43, .T. ) ;
#3974 = CARTESIAN_POINT ( 'NONE',  ( 53.69999999999998863, 0.1155601897206955386, 4.247384381683056986 ) ) ;
#3975 = EDGE_LOOP ( 'NONE', ( #4846, #1798, #5096, #137 ) ) ;
#3976 = VECTOR ( 'NONE', #3307, 1000.000000000000000 ) ;
#3977 = CIRCLE ( 'NONE', #5370, 16.39999999999999858 ) ;
#3978 = VERTEX_POINT ( 'NONE', #3505 ) ;
#3979 = CARTESIAN_POINT ( 'NONE',  ( 44.50000000000000000, -4.016229177803744516E-15, 16.39749999999999730 ) ) ;
#3980 = LINE ( 'NONE', #6415, #3096 ) ;
#3981 = AXIS2_PLACEMENT_3D ( 'NONE', #6846, #3856, #2078 ) ;
#3982 = CARTESIAN_POINT ( 'NONE',  ( 47.69999999999999574, -12.00000000000000000, -1.500000000000000000 ) ) ;
#3983 = CARTESIAN_POINT ( 'NONE',  ( 0.000000000000000000, 13.42339375865876505, 7.750000000000063061 ) ) ;
#3984 = EDGE_CURVE ( 'NONE', #1187, #2764, #2633, .T. ) ;
#3985 = CARTESIAN_POINT ( 'NONE',  ( 46.09999999999999432, -12.35554371339476987, 10.83755870952398581 ) ) ;
#3986 = EDGE_LOOP ( 'NONE', ( #6519, #3417 ) ) ;
#3987 = LINE ( 'NONE', #7016, #1108 ) ;
#3988 = DIRECTION ( 'NONE',  ( -0.000000000000000000, -0.8660254037844381525, 0.5000000000000008882 ) ) ;
#3989 = EDGE_CURVE ( 'NONE', #7039, #3134, #7657, .T. ) ;
#3990 = VECTOR ( 'NONE', #6981, 999.9999999999998863 ) ;
#3991 = CARTESIAN_POINT ( 'NONE',  ( 53.69999999999996732, 0.2305065116366216416, -2.550582973518823682 ) ) ;
#3992 = FACE_OUTER_BOUND ( 'NONE', #7360, .T. ) ;
#3993 = CARTESIAN_POINT ( 'NONE',  ( 6.000000000000000000, -13.42339375865870998, -7.750000000000157208 ) ) ;
#3994 = MECHANICAL_DESIGN_GEOMETRIC_PRESENTATION_REPRESENTATION (  '', ( #964 ), #1729 ) ;
#3995 = ORIENTED_EDGE ( 'NONE', *, *, #670, .T. ) ;
#3996 = AXIS2_PLACEMENT_3D ( 'NONE', #6105, #2, #595 ) ;
#3997 = DIRECTION ( 'NONE',  ( 0.000000000000000000, -1.000000000000000000, 0.000000000000000000 ) ) ;
#3998 = LINE ( 'NONE', #3329, #250 ) ;
#3999 = AXIS2_PLACEMENT_3D ( 'NONE', #983, #3406, #5828 ) ;
#4000 = CARTESIAN_POINT ( 'NONE',  ( 53.59999999999998721, -1.480062982793924453, -1.184169428360741572 ) ) ;
#4001 = LINE ( 'NONE', #4647, #6180 ) ;
#4002 = ORIENTED_EDGE ( 'NONE', *, *, #274, .T. ) ;
#4003 = CARTESIAN_POINT ( 'NONE',  ( 53.59999999999998721, -0.1149187129758607318, -2.621149572694483343 ) ) ;
#4004 = AXIS2_PLACEMENT_3D ( 'NONE', #5518, #3846, #2571 ) ;
#4005 = ADVANCED_FACE ( 'NONE', ( #7784 ), #7042, .T. ) ;
#4006 = LINE ( 'NONE', #997, #5959 ) ;
#4007 = ORIENTED_EDGE ( 'NONE', *, *, #7176, .T. ) ;
#4008 = VERTEX_POINT ( 'NONE', #5846 ) ;
#4009 = ADVANCED_FACE ( 'NONE', ( #7698 ), #2234, .T. ) ;
#4010 = AXIS2_PLACEMENT_3D ( 'NONE', #4962, #7359, #2499 ) ;
#4011 = FILL_AREA_STYLE ('',( #6563 ) ) ;
#4012 = DIRECTION ( 'NONE',  ( -0.000000000000000000, 0.3420201433256636059, -0.9396926207859102043 ) ) ;
#4013 = ADVANCED_FACE ( 'NONE', ( #2512 ), #654, .T. ) ;
#4014 = VERTEX_POINT ( 'NONE', #1808 ) ;
#4015 = DIRECTION ( 'NONE',  ( -1.000000000000000000, 0.000000000000000000, 0.000000000000000000 ) ) ;
#4016 = CARTESIAN_POINT ( 'NONE',  ( 53.69999999999998863, -1.480062982793924453, -5.123848403855891576 ) ) ;
#4017 = VERTEX_POINT ( 'NONE', #691 ) ;
#4018 = CIRCLE ( 'NONE', #1889, 1.499999999999996225 ) ;
#4019 = AXIS2_PLACEMENT_3D ( 'NONE', #339, #4577, #2163 ) ;
#4020 = VERTEX_POINT ( 'NONE', #7286 ) ;
#4021 = CARTESIAN_POINT ( 'NONE',  ( 53.69999999999998863, 1.396746694267392952, -2.894592043441305051 ) ) ;
#4022 = DIRECTION ( 'NONE',  ( -1.000000000000000000, -0.000000000000000000, -0.000000000000000000 ) ) ;
#4023 = CARTESIAN_POINT ( 'NONE',  ( 6.000000000000000000, -13.42339375865886986, 7.749999999999874767 ) ) ;
#4024 = FACE_OUTER_BOUND ( 'NONE', #7075, .T. ) ;
#4025 =( LENGTH_UNIT ( ) NAMED_UNIT ( * ) SI_UNIT ( .MILLI., .METRE. ) );
#4026 = COLOUR_RGB ( '',0.7960784313725489669, 0.8235294117647058432, 0.9372549019607843146 ) ;
#4027 = DIRECTION ( 'NONE',  ( 0.000000000000000000, 1.000000000000000000, -0.000000000000000000 ) ) ;
#4028 = ORIENTED_EDGE ( 'NONE', *, *, #3751, .F. ) ;
#4029 = CARTESIAN_POINT ( 'NONE',  ( 0.000000000000000000, -14.45000000000000107, 0.2500000000000002220 ) ) ;
#4030 = AXIS2_PLACEMENT_3D ( 'NONE', #1675, #414, #2267 ) ;
#4031 = ADVANCED_FACE ( 'NONE', ( #6801 ), #4935, .T. ) ;
#4032 = LINE ( 'NONE', #7179, #6458 ) ;
#4033 = DIRECTION ( 'NONE',  ( -1.000000000000000000, -0.000000000000000000, -0.000000000000000000 ) ) ;
#4034 = CYLINDRICAL_SURFACE ( 'NONE', #5919, 12.30000000000000071 ) ;
#4035 = AXIS2_PLACEMENT_3D ( 'NONE', #4559, #834, #4594 ) ;
#4036 = VECTOR ( 'NONE', #4593, 1000.000000000000114 ) ;
#4037 = ORIENTED_EDGE ( 'NONE', *, *, #608, .F. ) ;
#4038 = VECTOR ( 'NONE', #4974, 1000.000000000000000 ) ;
#4039 =( LENGTH_UNIT ( ) NAMED_UNIT ( * ) SI_UNIT ( .MILLI., .METRE. ) );
#4040 = DIRECTION ( 'NONE',  ( -1.000000000000000000, -0.000000000000000000, -0.000000000000000000 ) ) ;
#4041 = CARTESIAN_POINT ( 'NONE',  ( 0.000000000000000000, 1.836970198721029441E-16, 13.99999999999999822 ) ) ;
#4042 = CARTESIAN_POINT ( 'NONE',  ( 53.59999999999998721, 0.3637682387785251548, -4.523683967774260850 ) ) ;
#4043 = VERTEX_POINT ( 'NONE', #1319 ) ;
#4044 = LINE ( 'NONE', #7649, #4419 ) ;
#4045 = VECTOR ( 'NONE', #2806, 1000.000000000000000 ) ;
#4046 = DIRECTION ( 'NONE',  ( 1.000000000000000000, -0.000000000000000000, -0.000000000000000000 ) ) ;
#4047 = VERTEX_POINT ( 'NONE', #3102 ) ;
#4048 = EDGE_LOOP ( 'NONE', ( #2149, #2524, #2164, #6655, #2084, #6252, #2566, #5311 ) ) ;
#4049 = EDGE_CURVE ( 'NONE', #2933, #5989, #58, .T. ) ;
#4050 = DIRECTION ( 'NONE',  ( 0.000000000000000000, 0.000000000000000000, -1.000000000000000000 ) ) ;
#4051 = LINE ( 'NONE', #3972, #6690 ) ;
#4052 = ORIENTED_EDGE ( 'NONE', *, *, #3853, .F. ) ;
#4053 = VERTEX_POINT ( 'NONE', #5531 ) ;
#4054 = SURFACE_STYLE_FILL_AREA ( #3586 ) ;
#4055 = DIRECTION ( 'NONE',  ( -1.000000000000000000, -0.000000000000000000, -0.000000000000000000 ) ) ;
#4056 = EDGE_CURVE ( 'NONE', #3859, #6420, #7737, .T. ) ;
#4057 = ORIENTED_EDGE ( 'NONE', *, *, #121, .T. ) ;
#4058 = ADVANCED_FACE ( 'NONE', ( #3142 ), #5574, .F. ) ;
#4059 = ORIENTED_EDGE ( 'NONE', *, *, #7515, .T. ) ;
#4060 = DIRECTION ( 'NONE',  ( -1.000000000000000000, -0.000000000000000000, -0.000000000000000000 ) ) ;
#4061 = LINE ( 'NONE', #2317, #2207 ) ;
#4062 = DIRECTION ( 'NONE',  ( 0.000000000000000000, 0.000000000000000000, 1.000000000000000000 ) ) ;
#4063 = CARTESIAN_POINT ( 'NONE',  ( 2.000000000000000000, 8.091506350946115589, 13.51490010960490729 ) ) ;
#4064 = ORIENTED_EDGE ( 'NONE', *, *, #3953, .F. ) ;
#4065 = FACE_OUTER_BOUND ( 'NONE', #1724, .T. ) ;
#4066 = FILL_AREA_STYLE_COLOUR ( '', #7750 ) ;
#4067 = EDGE_CURVE ( 'NONE', #32, #7797, #3858, .T. ) ;
#4068 = UNCERTAINTY_MEASURE_WITH_UNIT (LENGTH_MEASURE( 1.000000000000000082E-05 ), #3855, 'distance_accuracy_value', 'NONE');
#4069 = ORIENTED_EDGE ( 'NONE', *, *, #5103, .T. ) ;
#4070 = DIRECTION ( 'NONE',  ( 0.000000000000000000, 0.8660254037844385966, 0.5000000000000000000 ) ) ;
#4071 = DIRECTION ( 'NONE',  ( 0.000000000000000000, 0.8903484509865520202, -0.4552797335988582605 ) ) ;
#4072 = DIRECTION ( 'NONE',  ( -1.000000000000000000, -0.000000000000000000, -0.000000000000000000 ) ) ;
#4073 = CARTESIAN_POINT ( 'NONE',  ( 53.59999999999998010, 0.08647645939972915807, -3.018627819247772681 ) ) ;
#4074 = DIRECTION ( 'NONE',  ( -1.000000000000000000, 0.000000000000000000, 0.000000000000000000 ) ) ;
#4075 = ORIENTED_EDGE ( 'NONE', *, *, #2088, .F. ) ;
#4076 = DIRECTION ( 'NONE',  ( 0.000000000000000000, 0.000000000000000000, 1.000000000000000000 ) ) ;
#4077 = DIRECTION ( 'NONE',  ( -1.000000000000000000, -0.000000000000000000, -0.000000000000000000 ) ) ;
#4078 = CARTESIAN_POINT ( 'NONE',  ( 0.000000000000000000, -13.42339375865870998, -6.250000000000156319 ) ) ;
#4079 = DIRECTION ( 'NONE',  ( 0.000000000000000000, 4.818676322157796389E-16, 1.000000000000000000 ) ) ;
#4080 = ADVANCED_FACE ( 'NONE', ( #2046 ), #216, .T. ) ;
#4081 = ORIENTED_EDGE ( 'NONE', *, *, #331, .T. ) ;
#4082 = LINE ( 'NONE', #4003, #1770 ) ;
#4083 = LINE ( 'NONE', #497, #1526 ) ;
#4084 = EDGE_LOOP ( 'NONE', ( #6378, #1952 ) ) ;
#4085 = EDGE_CURVE ( 'NONE', #4965, #4408, #333, .T. ) ;
#4086 = ORIENTED_EDGE ( 'NONE', *, *, #1737, .F. ) ;
#4088 = CIRCLE ( 'NONE', #4352, 6.500000000000000888 ) ;
#4087 = SURFACE_SIDE_STYLE ('',( #7158 ) ) ;
#4089 = CARTESIAN_POINT ( 'NONE',  ( 44.50000000000000000, 7.265464028403259888, 14.73636638629530893 ) ) ;
#4090 = ORIENTED_EDGE ( 'NONE', *, *, #2376, .F. ) ;
#4091 = EDGE_LOOP ( 'NONE', ( #4582, #3660, #1366, #4256 ) ) ;
#4092 = LINE ( 'NONE', #1159, #3271 ) ;
#4093 = CARTESIAN_POINT ( 'NONE',  ( 48.69999999999999574, 0.000000000000000000, 0.000000000000000000 ) ) ;
#4094 = ORIENTED_EDGE ( 'NONE', *, *, #2418, .T. ) ;
#4095 = EDGE_CURVE ( 'NONE', #210, #2259, #7535, .T. ) ;
#4096 = VECTOR ( 'NONE', #3555, 1000.000000000000114 ) ;
#4097 = ORIENTED_EDGE ( 'NONE', *, *, #4056, .T. ) ;
#4098 = CARTESIAN_POINT ( 'NONE',  ( 53.60000000000000853, 1.158830859429100357, -3.148985120257228321 ) ) ;
#4099 = DIRECTION ( 'NONE',  ( 0.000000000000000000, 0.000000000000000000, 1.000000000000000000 ) ) ;
#4100 =( LENGTH_UNIT ( ) NAMED_UNIT ( * ) SI_UNIT ( .MILLI., .METRE. ) );
#4101 = DIRECTION ( 'NONE',  ( 0.000000000000000000, 0.000000000000000000, 1.000000000000000000 ) ) ;
#4102 = CARTESIAN_POINT ( 'NONE',  ( 53.59999999999998721, -1.480062982793924453, -1.691354341303248576 ) ) ;
#4103 = ORIENTED_EDGE ( 'NONE', *, *, #1044, .F. ) ;
#4104 = CARTESIAN_POINT ( 'NONE',  ( 0.000000000000000000, 7.658493649053887076, -13.76490010960491261 ) ) ;
#4105 = VECTOR ( 'NONE', #2436, 1000.000000000000000 ) ;
#4106 = EDGE_CURVE ( 'NONE', #5291, #5697, #2664, .T. ) ;
#4107 = CARTESIAN_POINT ( 'NONE',  ( 53.59999999999998721, -1.480062982793924453, -5.123848403855891576 ) ) ;
#4108 = VECTOR ( 'NONE', #4202, 1000.000000000000000 ) ;
#4109 = ADVANCED_FACE ( 'NONE', ( #3217 ), #6848, .T. ) ;
#4110 = EDGE_CURVE ( 'NONE', #2361, #4891, #6925, .T. ) ;
#4111 = AXIS2_PLACEMENT_3D ( 'NONE', #1357, #3214, #2661 ) ;
#4112 = ORIENTED_EDGE ( 'NONE', *, *, #2935, .T. ) ;
#4113 = DIRECTION ( 'NONE',  ( 1.000000000000000000, -0.000000000000000000, -0.000000000000000000 ) ) ;
#4114 = EDGE_CURVE ( 'NONE', #3671, #4211, #2730, .T. ) ;
#4115 = DIRECTION ( 'NONE',  ( 0.000000000000000000, 0.000000000000000000, -1.000000000000000000 ) ) ;
#4116 = LINE ( 'NONE', #5318, #4262 ) ;
#4117 = CARTESIAN_POINT ( 'NONE',  ( 53.60000000000000142, -0.1099725633294319910, -2.642026295532786229 ) ) ;
#4118 = CARTESIAN_POINT ( 'NONE',  ( -6.000000000000000000, 7.000000000000000000, 0.000000000000000000 ) ) ;
#4119 = EDGE_CURVE ( 'NONE', #3671, #4592, #3259, .T. ) ;
#4120 = ORIENTED_EDGE ( 'NONE', *, *, #2465, .F. ) ;
#4121 = LINE ( 'NONE', #4725, #1900 ) ;
#4122 = DIRECTION ( 'NONE',  ( 1.000000000000000000, -0.000000000000000000, -0.000000000000000000 ) ) ;
#4123 = CARTESIAN_POINT ( 'NONE',  ( 53.59999999999998721, -1.480062982793924453, 3.337288201804348375 ) ) ;
#4124 = CARTESIAN_POINT ( 'NONE',  ( 50.69999999999999574, 4.444536316514295038, -6.363654369243000986 ) ) ;
#4125 = ORIENTED_EDGE ( 'NONE', *, *, #7525, .F. ) ;
#4126 = FACE_OUTER_BOUND ( 'NONE', #4708, .T. ) ;
#4127 = STYLED_ITEM ( 'NONE', ( #1728 ), #943 ) ;
#4128 = CARTESIAN_POINT ( 'NONE',  ( 50.69999999999999574, 4.957566531502790141, -7.773193300421866070 ) ) ;
#4129 = EDGE_LOOP ( 'NONE', ( #106, #5417, #6360, #1850 ) ) ;
#4130 = VECTOR ( 'NONE', #233, 1000.000000000000000 ) ;
#4131 = EDGE_CURVE ( 'NONE', #3545, #2931, #6966, .T. ) ;
#4132 = ORIENTED_EDGE ( 'NONE', *, *, #905, .F. ) ;
#4133 = DIRECTION ( 'NONE',  ( 1.000000000000000000, -0.000000000000000000, -0.000000000000000000 ) ) ;
#4134 = ORIENTED_EDGE ( 'NONE', *, *, #1059, .F. ) ;
#4135 = PRESENTATION_LAYER_ASSIGNMENT (  '', '', ( #3763 ) ) ;
#4136 = ORIENTED_EDGE ( 'NONE', *, *, #5503, .F. ) ;
#4137 = FACE_OUTER_BOUND ( 'NONE', #6040, .T. ) ;
#4138 = DIRECTION ( 'NONE',  ( 0.000000000000000000, 0.000000000000000000, -1.000000000000000000 ) ) ;
#4139 = ORIENTED_EDGE ( 'NONE', *, *, #6151, .F. ) ;
#4140 = CIRCLE ( 'NONE', #91, 18.30000000000000071 ) ;
#4141 = AXIS2_PLACEMENT_3D ( 'NONE', #394, #235, #907 ) ;
#4142 = ORIENTED_EDGE ( 'NONE', *, *, #150, .F. ) ;
#4143 = CARTESIAN_POINT ( 'NONE',  ( 53.60000000000000853, 1.438086948836662327, -2.813343520132479458 ) ) ;
#4144 = CARTESIAN_POINT ( 'NONE',  ( 48.69999999999999574, 0.000000000000000000, -6.500000000000000888 ) ) ;
#4145 = CARTESIAN_POINT ( 'NONE',  ( 0.000000000000000000, 7.441506350946108128, -12.38906708468514140 ) ) ;
#4146 = CARTESIAN_POINT ( 'NONE',  ( 53.59999999999998721, -1.480062982793924453, -2.892339848516927603 ) ) ;
#4147 = CARTESIAN_POINT ( 'NONE',  ( -6.000000000000000000, 7.000000000000000000, -6.000000000000000888 ) ) ;
#4148 = ORIENTED_EDGE ( 'NONE', *, *, #2446, .F. ) ;
#4149 = CARTESIAN_POINT ( 'NONE',  ( 47.69999999999999574, 12.00000000000000000, -1.500000000000000000 ) ) ;
#4150 = AXIS2_PLACEMENT_3D ( 'NONE', #6472, #4563, #3446 ) ;
#4152 = CIRCLE ( 'NONE', #2745, 0.2000000000000000944 ) ;
#4151 = CARTESIAN_POINT ( 'NONE',  ( 0.000000000000000000, 0.000000000000000000, 0.000000000000000000 ) ) ;
#4153 = ORIENTED_EDGE ( 'NONE', *, *, #1653, .T. ) ;
#4154 = AXIS2_PLACEMENT_3D ( 'NONE', #5669, #1576, #2064 ) ;
#4155 = VERTEX_POINT ( 'NONE', #4416 ) ;
#4156 = CARTESIAN_POINT ( 'NONE',  ( 0.000000000000000000, 8.586697387972222373, 14.37259614518684181 ) ) ;
#4157 = DIRECTION ( 'NONE',  ( 0.000000000000000000, 0.5000000000000009992, 0.8660254037844380415 ) ) ;
#4158 = DIRECTION ( 'NONE',  ( 1.000000000000000000, -0.000000000000000000, -0.000000000000000000 ) ) ;
#4159 = EDGE_CURVE ( 'NONE', #5393, #3473, #5014, .T. ) ;
#4160 = LINE ( 'NONE', #6506, #7430 ) ;
#4161 = DIRECTION ( 'NONE',  ( 0.000000000000000000, -0.1591051661466641176, -0.9872616401468470304 ) ) ;
#4162 = VECTOR ( 'NONE', #1288, 1000.000000000000000 ) ;
#4163 = ADVANCED_FACE ( 'NONE', ( #175 ), #296, .T. ) ;
#4164 = VERTEX_POINT ( 'NONE', #3821 ) ;
#4165 = EDGE_CURVE ( 'NONE', #4014, #3716, #5170, .T. ) ;
#4166 = VECTOR ( 'NONE', #5445, 1000.000000000000114 ) ;
#4167 = SURFACE_SIDE_STYLE ('',( #3448 ) ) ;
#4168 = CARTESIAN_POINT ( 'NONE',  ( 44.50000000000000000, -8.216365302705670004, 14.22809906599087171 ) ) ;
#4169 = DIRECTION ( 'NONE',  ( 0.000000000000000000, 0.000000000000000000, 1.000000000000000000 ) ) ;
#4170 = ORIENTED_EDGE ( 'NONE', *, *, #3853, .T. ) ;
#4171 = CARTESIAN_POINT ( 'NONE',  ( 46.09999999999999432, 12.35554371339475743, -10.83755870952399825 ) ) ;
#4172 = EDGE_LOOP ( 'NONE', ( #57, #5691 ) ) ;
#4173 = MECHANICAL_DESIGN_GEOMETRIC_PRESENTATION_REPRESENTATION (  '', ( #1124 ), #2645 ) ;
#4174 = ORIENTED_EDGE ( 'NONE', *, *, #2656, .T. ) ;
#4175 = DIRECTION ( 'NONE',  ( 0.000000000000000000, 0.000000000000000000, 1.000000000000000000 ) ) ;
#4176 = ORIENTED_EDGE ( 'NONE', *, *, #7007, .F. ) ;
#4177 = ORIENTED_EDGE ( 'NONE', *, *, #4110, .T. ) ;
#4178 = ADVANCED_FACE ( 'NONE', ( #2694 ), #265, .F. ) ;
#4179 = CARTESIAN_POINT ( 'NONE',  ( 0.000000000000000000, -16.54999999999999716, -0.2500000000000002220 ) ) ;
#4180 = CIRCLE ( 'NONE', #3551, 0.2000000000000005107 ) ;
#4181 = ORIENTED_EDGE ( 'NONE', *, *, #6218, .T. ) ;
#4182 = CARTESIAN_POINT ( 'NONE',  ( 53.60000000000002274, 0.7424664353519704330, -2.813508901280081798 ) ) ;
#4183 = DIRECTION ( 'NONE',  ( -1.000000000000000000, -0.000000000000000000, -0.000000000000000000 ) ) ;
#4184 = DIRECTION ( 'NONE',  ( 0.000000000000000000, -1.000000000000000000, -0.000000000000000000 ) ) ;
#4185 = LINE ( 'NONE', #5854, #5932 ) ;
#4186 = DIRECTION ( 'NONE',  ( -0.000000000000000000, 0.5000000000000009992, 0.8660254037844380415 ) ) ;
#4187 = VERTEX_POINT ( 'NONE', #2118 ) ;
#4188 = DIRECTION ( 'NONE',  ( -1.000000000000000000, 0.000000000000000000, 0.000000000000000000 ) ) ;
#4189 = EDGE_CURVE ( 'NONE', #1408, #4779, #4571, .T. ) ;
#4190 = FACE_BOUND ( 'NONE', #5608, .T. ) ;
#4191 = EDGE_LOOP ( 'NONE', ( #510, #7197, #7582, #7656 ) ) ;
#4192 = EDGE_LOOP ( 'NONE', ( #4963, #4854, #4177, #705 ) ) ;
#4193 = DIRECTION ( 'NONE',  ( 1.000000000000000000, -0.000000000000000000, -0.000000000000000000 ) ) ;
#4194 = DIRECTION ( 'NONE',  ( 0.000000000000000000, -1.000000000000000000, -0.000000000000000000 ) ) ;
#4195 = DIRECTION ( 'NONE',  ( 0.000000000000000000, 0.000000000000000000, 1.000000000000000000 ) ) ;
#4196 = CARTESIAN_POINT ( 'NONE',  ( 53.70000000000000284, 0.1327374995179006756, -3.067813850220359573 ) ) ;
#4197 = CYLINDRICAL_SURFACE ( 'NONE', #6052, 1.500000000000000444 ) ;
#4198 = EDGE_CURVE ( 'NONE', #7289, #1221, #4536, .T. ) ;
#4199 = VERTEX_POINT ( 'NONE', #771 ) ;
#4200 = CARTESIAN_POINT ( 'NONE',  ( 2.000000000000000000, 7.750000000000006217, 11.92339375865880235 ) ) ;
#4201 = CARTESIAN_POINT ( 'NONE',  ( 44.49999999999998579, -14.73636638629530538, 7.265464028403262553 ) ) ;
#4202 = DIRECTION ( 'NONE',  ( 0.000000000000000000, 0.000000000000000000, -1.000000000000000000 ) ) ;
#4203 = CARTESIAN_POINT ( 'NONE',  ( 0.000000000000000000, 7.749999999999998224, -14.92339375865880235 ) ) ;
#4204 = ORIENTED_EDGE ( 'NONE', *, *, #486, .F. ) ;
#4205 = VERTEX_POINT ( 'NONE', #5610 ) ;
#4206 = DIRECTION ( 'NONE',  ( 0.000000000000000000, -1.000000000000000000, 0.000000000000000000 ) ) ;
#4207 = EDGE_CURVE ( 'NONE', #7081, #3589, #2007, .T. ) ;
#4208 = SURFACE_STYLE_USAGE ( .BOTH. , #3541 ) ;
#4209 = VERTEX_POINT ( 'NONE', #2844 ) ;
#4210 = ORIENTED_EDGE ( 'NONE', *, *, #4409, .T. ) ;
#4211 = VERTEX_POINT ( 'NONE', #5246 ) ;
#4212 = EDGE_CURVE ( 'NONE', #5471, #6373, #2926, .T. ) ;
#4213 = DIRECTION ( 'NONE',  ( 1.000000000000000000, -0.000000000000000000, -0.000000000000000000 ) ) ;
#4214 = ORIENTED_EDGE ( 'NONE', *, *, #102, .F. ) ;
#4215 = EDGE_LOOP ( 'NONE', ( #5462, #4367, #4996, #5174 ) ) ;
#4216 = CARTESIAN_POINT ( 'NONE',  ( 0.000000000000000000, 6.715673326026347034, 13.73188740771268890 ) ) ;
#4217 = ORIENTED_EDGE ( 'NONE', *, *, #1305, .T. ) ;
#4218 = VERTEX_POINT ( 'NONE', #1592 ) ;
#4219 = AXIS2_PLACEMENT_3D ( 'NONE', #2185, #5123, #4644 ) ;
#4220 = CARTESIAN_POINT ( 'NONE',  ( 53.59999999999996589, 0.9961493641397997090, -2.723248118116483152 ) ) ;
#4221 = CARTESIAN_POINT ( 'NONE',  ( 53.69999999999998863, 8.266365894244635319E-16, 6.500000000000000888 ) ) ;
#4222 = CARTESIAN_POINT ( 'NONE',  ( 53.59999999999998721, 1.587079337706400306, 0.1717819507514768695 ) ) ;
#4223 = FILL_AREA_STYLE_COLOUR ( '', #6321 ) ;
#4224 = CARTESIAN_POINT ( 'NONE',  ( 53.59999999999998721, 0.000000000000000000, 0.000000000000000000 ) ) ;
#4225 = VERTEX_POINT ( 'NONE', #1711 ) ;
#4226 = CARTESIAN_POINT ( 'NONE',  ( 53.69999999999998863, -0.2390227375047755398, 4.460790773068757709 ) ) ;
#4227 = DIRECTION ( 'NONE',  ( -1.000000000000000000, -0.000000000000000000, -0.000000000000000000 ) ) ;
#4228 = VECTOR ( 'NONE', #5422, 1000.000000000000000 ) ;
#4229 = AXIS2_PLACEMENT_3D ( 'NONE', #5272, #4194, #596 ) ;
#4230 = EDGE_LOOP ( 'NONE', ( #4374, #7432, #7253, #1237 ) ) ;
#4231 = UNCERTAINTY_MEASURE_WITH_UNIT (LENGTH_MEASURE( 1.000000000000000082E-05 ), #5305, 'distance_accuracy_value', 'NONE');
#4232 = EDGE_CURVE ( 'NONE', #5535, #1415, #5288, .T. ) ;
#4233 = ORIENTED_EDGE ( 'NONE', *, *, #5164, .T. ) ;
#4234 = DIRECTION ( 'NONE',  ( -1.000000000000000000, 0.000000000000000000, 0.000000000000000000 ) ) ;
#4235 = PRESENTATION_LAYER_ASSIGNMENT (  '', '', ( #5633 ) ) ;
#4236 = CARTESIAN_POINT ( 'NONE',  ( 53.69999999999998863, -0.1681061520596813796, -2.194993424973501916 ) ) ;
#4237 = DIRECTION ( 'NONE',  ( 1.000000000000000000, -0.000000000000000000, -0.000000000000000000 ) ) ;
#4238 = CARTESIAN_POINT ( 'NONE',  ( 53.59999999999998010, 0.006970598764362954600, -2.913944002399471156 ) ) ;
#4239 = FACE_OUTER_BOUND ( 'NONE', #2590, .T. ) ;
#4240 = PRESENTATION_LAYER_ASSIGNMENT (  '', '', ( #1456 ) ) ;
#4241 = VERTEX_POINT ( 'NONE', #2224 ) ;
#4242 = DIRECTION ( 'NONE',  ( 1.000000000000000000, 9.831266539110027891E-13, -1.750376929589737835E-14 ) ) ;
#4243 = CARTESIAN_POINT ( 'NONE',  ( 53.69999999999998863, 0.8954199787063604754, -3.244256100308041013 ) ) ;
#4244 = DIRECTION ( 'NONE',  ( 0.000000000000000000, -1.000000000000000000, -0.000000000000000000 ) ) ;
#4245 = DIRECTION ( 'NONE',  ( -1.000000000000000000, -0.000000000000000000, 0.000000000000000000 ) ) ;
#4246 = AXIS2_PLACEMENT_3D ( 'NONE', #2403, #3437, #3558 ) ;
#4247 = ORIENTED_EDGE ( 'NONE', *, *, #4165, .T. ) ;
#4248 = DIRECTION ( 'NONE',  ( 0.000000000000000000, 0.000000000000000000, 1.000000000000000000 ) ) ;
#4249 = ORIENTED_EDGE ( 'NONE', *, *, #7227, .T. ) ;
#4250 = ORIENTED_EDGE ( 'NONE', *, *, #6254, .T. ) ;
#4251 = DIRECTION ( 'NONE',  ( 0.000000000000000000, 0.8700733748761704245, 0.4929222274675700843 ) ) ;
#4252 = EDGE_CURVE ( 'NONE', #1123, #2993, #5798, .T. ) ;
#4253 = VERTEX_POINT ( 'NONE', #533 ) ;
#4254 = LINE ( 'NONE', #6765, #6088 ) ;
#4255 = VECTOR ( 'NONE', #4060, 1000.000000000000000 ) ;
#4256 = ORIENTED_EDGE ( 'NONE', *, *, #5621, .T. ) ;
#4257 = EDGE_CURVE ( 'NONE', #1575, #556, #4044, .T. ) ;
#4258 = AXIS2_PLACEMENT_3D ( 'NONE', #5772, #7628, #2748 ) ;
#4259 = ORIENTED_EDGE ( 'NONE', *, *, #2808, .T. ) ;
#4260 = AXIS2_PLACEMENT_3D ( 'NONE', #6533, #7171, #5384 ) ;
#4261 = EDGE_CURVE ( 'NONE', #1800, #7315, #4082, .T. ) ;
#4262 = VECTOR ( 'NONE', #559, 1000.000000000000000 ) ;
#4263 = CARTESIAN_POINT ( 'NONE',  ( 53.70000000000000284, -0.02715861994505599369, -2.859334624131128599 ) ) ;
#4264 = FILL_AREA_STYLE_COLOUR ( '', #4656 ) ;
#4265 = FILL_AREA_STYLE ('',( #4223 ) ) ;
#4266 = FACE_OUTER_BOUND ( 'NONE', #4503, .T. ) ;
#4267 = ORIENTED_EDGE ( 'NONE', *, *, #5910, .F. ) ;
#4268 = PLANE ( 'NONE',  #2135 ) ;
#4269 = CARTESIAN_POINT ( 'NONE',  ( 0.5000000000000000000, 7.163571428571426480, -9.998662129892933237 ) ) ;
#4270 = MECHANICAL_DESIGN_GEOMETRIC_PRESENTATION_REPRESENTATION (  '', ( #7719 ), #2989 ) ;
#4271 = AXIS2_PLACEMENT_3D ( 'NONE', #2862, #4184, #7665 ) ;
#4272 = ORIENTED_EDGE ( 'NONE', *, *, #2932, .F. ) ;
#4273 = CARTESIAN_POINT ( 'NONE',  ( 53.59999999999998721, 0.1687476288045161865, -2.233734892948135098 ) ) ;
#4274 = DIRECTION ( 'NONE',  ( -0.000000000000000000, -4.818676322157796389E-16, 1.000000000000000000 ) ) ;
#4275 = DIRECTION ( 'NONE',  ( 0.000000000000000000, -0.7685544890687830977, 0.6397843365793053350 ) ) ;
#4276 = FACE_OUTER_BOUND ( 'NONE', #459, .T. ) ;
#4277 = CARTESIAN_POINT ( 'NONE',  ( 47.69999999999999574, -12.50000000000000000, 1.500000000000000222 ) ) ;
#4278 = DIRECTION ( 'NONE',  ( 0.000000000000000000, 0.000000000000000000, 1.000000000000000000 ) ) ;
#4279 = ADVANCED_FACE ( 'NONE', ( #6445 ), #2189, .T. ) ;
#4280 = B_SPLINE_SURFACE_WITH_KNOTS ( 'NONE', 3, 1, ( 
 ( #4784, #2003 ),
 ( #7866, #7212 ),
 ( #4182, #3136 ),
 ( #6612, #3592 ),
 ( #4412, #6013 ),
 ( #584, #2981 ),
 ( #2401, #7249 ),
 ( #4220, #1314 ),
 ( #3740, #1554 ),
 ( #4605, #5166 ),
 ( #953, #1631 ),
 ( #7609, #7569 ),
 ( #2077, #2186 ),
 ( #6477, #4490 ),
 ( #3370, #888 ),
 ( #2114, #3929 ),
 ( #5090, #410 ),
 ( #293, #7646 ),
 ( #6365, #2154 ) ),
 .UNSPECIFIED., .F., .F., .F.,
 ( 4, 1, 1, 1, 1, 1, 1, 1, 1, 1, 1, 1, 1, 1, 1, 1, 4 ),
 ( 2, 2 ),
 ( 0.000000000000000000, 0.06047821727320156632, 0.1181565529829933930, 0.1734369281886405656, 0.2272464804487412671, 0.2792336592412224539, 0.3315186664469254030, 0.3837376363579385607, 0.4376152791874223791, 0.4929151570838179452, 0.5511590531555603523, 0.6132489916933757668, 0.6799311003087852301, 0.7513088371782967734, 0.8283057702667727673, 0.9113166622822386209, 1.000000000000000000 ),
 ( 0.000000000000000000, 1.000000000000000000 ),
 .UNSPECIFIED. ) ;
#4281 = VECTOR ( 'NONE', #1941, 1000.000000000000000 ) ;
#4282 = VECTOR ( 'NONE', #471, 1000.000000000000000 ) ;
#4283 = ORIENTED_EDGE ( 'NONE', *, *, #4985, .T. ) ;
#4284 = DIRECTION ( 'NONE',  ( 1.000000000000000000, -0.000000000000000000, -0.000000000000000000 ) ) ;
#4285 = DIRECTION ( 'NONE',  ( 0.000000000000000000, -0.8660254037844401509, -0.4999999999999973910 ) ) ;
#4286 = CARTESIAN_POINT ( 'NONE',  ( 50.69999999999999574, 0.6857658333706520004, -7.731734942545654299 ) ) ;
#4287 = LINE ( 'NONE', #3770, #6309 ) ;
#4288 = EDGE_LOOP ( 'NONE', ( #2326, #7781 ) ) ;
#4289 = VECTOR ( 'NONE', #701, 1000.000000000000000 ) ;
#4290 = EDGE_LOOP ( 'NONE', ( #6457, #3163, #1171, #6604 ) ) ;
#4291 = PLANE ( 'NONE',  #400 ) ;
#4292 = ORIENTED_EDGE ( 'NONE', *, *, #5335, .F. ) ;
#4293 = AXIS2_PLACEMENT_3D ( 'NONE', #1993, #4998, #7356 ) ;
#4294 = AXIS2_PLACEMENT_3D ( 'NONE', #6885, #7498, #6999 ) ;
#4295 = VERTEX_POINT ( 'NONE', #4608 ) ;
#4296 = LINE ( 'NONE', #5688, #4894 ) ;
#4297 = CARTESIAN_POINT ( 'NONE',  ( 52.89999999999999147, -8.150000000000003908, 12.20000000000000284 ) ) ;
#4298 = EDGE_LOOP ( 'NONE', ( #303, #543 ) ) ;
#4299 = CARTESIAN_POINT ( 'NONE',  ( 6.000000000000000000, 13.42339375865876505, 7.750000000000063061 ) ) ;
#4300 = CARTESIAN_POINT ( 'NONE',  ( -8.300000000000002487, 4.500000000000000888, -1.658312395177700793 ) ) ;
#4301 = ORIENTED_EDGE ( 'NONE', *, *, #3372, .T. ) ;
#4302 = EDGE_CURVE ( 'NONE', #1771, #5365, #6480, .T. ) ;
#4303 = ORIENTED_EDGE ( 'NONE', *, *, #2369, .T. ) ;
#4304 = LINE ( 'NONE', #1367, #4750 ) ;
#4305 = LINE ( 'NONE', #4978, #6562 ) ;
#4306 = SURFACE_SIDE_STYLE ('',( #5499 ) ) ;
#4307 = ORIENTED_EDGE ( 'NONE', *, *, #5763, .F. ) ;
#4308 = DIRECTION ( 'NONE',  ( 0.000000000000000000, 0.000000000000000000, -1.000000000000000000 ) ) ;
#4309 = LINE ( 'NONE', #1290, #6973 ) ;
#4310 = VECTOR ( 'NONE', #7526, 1000.000000000000227 ) ;
#4311 = ADVANCED_FACE ( 'NONE', ( #2303 ), #1032, .F. ) ;
#4312 = ORIENTED_EDGE ( 'NONE', *, *, #7636, .T. ) ;
#4313 = UNCERTAINTY_MEASURE_WITH_UNIT (LENGTH_MEASURE( 1.000000000000000082E-05 ), #3092, 'distance_accuracy_value', 'NONE');
#4314 = CARTESIAN_POINT ( 'NONE',  ( 0.000000000000000000, 7.750000000000006217, 11.42339375865879880 ) ) ;
#4315 = FACE_OUTER_BOUND ( 'NONE', #11, .T. ) ;
#4316 = CARTESIAN_POINT ( 'NONE',  ( 53.59999999999998721, 0.4524139705848930770, 4.460790773068757709 ) ) ;
#4317 = CARTESIAN_POINT ( 'NONE',  ( 0.000000000000000000, 8.784326673973657407, -13.11490010960491226 ) ) ;
#4318 = EDGE_CURVE ( 'NONE', #3746, #4821, #6841, .T. ) ;
#4319 = CARTESIAN_POINT ( 'NONE',  ( 53.59999999999998721, -0.5404182256464260536, -0.4480815368426800394 ) ) ;
#4320 = CARTESIAN_POINT ( 'NONE',  ( 47.69999999999999574, 0.000000000000000000, 0.000000000000000000 ) ) ;
#4321 = EDGE_LOOP ( 'NONE', ( #1591, #7361, #1682, #7207 ) ) ;
#4322 = CARTESIAN_POINT ( 'NONE',  ( 47.69999999999999574, -4.957566531502839879, -7.773193300421834984 ) ) ;
#4323 = CARTESIAN_POINT ( 'NONE',  ( 53.69999999999998863, 1.214767264119655854, 1.996833409881984212 ) ) ;
#4324 = CARTESIAN_POINT ( 'NONE',  ( 53.69999999999998863, -0.1681061520596813796, -2.194993424973501916 ) ) ;
#4325 = ORIENTED_EDGE ( 'NONE', *, *, #4639, .F. ) ;
#4326 = EDGE_LOOP ( 'NONE', ( #554, #3095, #7439, #6023 ) ) ;
#4327 = CARTESIAN_POINT ( 'NONE',  ( 46.09999999999999432, -4.016229177803744516E-15, 16.39749999999999730 ) ) ;
#4328 = ORIENTED_EDGE ( 'NONE', *, *, #3451, .T. ) ;
#4329 = ORIENTED_EDGE ( 'NONE', *, *, #4932, .T. ) ;
#4330 = DIRECTION ( 'NONE',  ( 1.000000000000000000, -0.000000000000000000, -0.000000000000000000 ) ) ;
#4331 = ADVANCED_FACE ( 'NONE', ( #7811 ), #6515, .F. ) ;
#4332 = CARTESIAN_POINT ( 'NONE',  ( -6.000000000000000000, 7.000000000000000888, 6.000000000000000888 ) ) ;
#4333 = VERTEX_POINT ( 'NONE', #4649 ) ;
#4334 = FILL_AREA_STYLE_COLOUR ( '', #744 ) ;
#4335 = CARTESIAN_POINT ( 'NONE',  ( 53.59999999999998721, -0.2390227375047755398, 4.460790773068757709 ) ) ;
#4336 = ADVANCED_FACE ( 'NONE', ( #4126 ), #5916, .T. ) ;
#4337 = EDGE_LOOP ( 'NONE', ( #5982, #7749, #4457, #1479 ) ) ;
#4338 = EDGE_LOOP ( 'NONE', ( #3121, #4204, #7344, #2305 ) ) ;
#4339 = CARTESIAN_POINT ( 'NONE',  ( 53.59999999999998721, -1.480062982793924453, 3.802185817499965648 ) ) ;
#4340 = SURFACE_STYLE_USAGE ( .BOTH. , #1247 ) ;
#4341 = CARTESIAN_POINT ( 'NONE',  ( 0.000000000000000000, -14.45000000000000107, 0.2500000000000002220 ) ) ;
#4342 = CARTESIAN_POINT ( 'NONE',  ( 53.59999999999999432, 1.214767264119656076, -2.117510489024231557 ) ) ;
#4343 = EDGE_LOOP ( 'NONE', ( #1838, #6720, #7502, #1080 ) ) ;
#4344 = DIRECTION ( 'NONE',  ( 0.000000000000000000, 0.000000000000000000, 1.000000000000000000 ) ) ;
#4345 = CARTESIAN_POINT ( 'NONE',  ( 53.59999999999998721, -1.480062982793924453, -3.357237464212545763 ) ) ;
#4346 = FACE_OUTER_BOUND ( 'NONE', #6847, .T. ) ;
#4347 = DIRECTION ( 'NONE',  ( 1.000000000000000000, -0.000000000000000000, -0.000000000000000000 ) ) ;
#4348 = LINE ( 'NONE', #1866, #3382 ) ;
#4349 = PLANE ( 'NONE',  #5410 ) ;
#4350 = DIRECTION ( 'NONE',  ( 0.000000000000000000, 0.000000000000000000, 1.000000000000000000 ) ) ;
#4351 = CARTESIAN_POINT ( 'NONE',  ( 0.000000000000000000, -16.74038207405221002, 0.2500000000000004996 ) ) ;
#4352 = AXIS2_PLACEMENT_3D ( 'NONE', #7392, #5001, #7434 ) ;
#4353 = ADVANCED_FACE ( 'NONE', ( #1110 ), #3454, .F. ) ;
#4354 = FILL_AREA_STYLE ('',( #4995 ) ) ;
#4355 = ADVANCED_FACE ( 'NONE', ( #570 ), #791, .T. ) ;
#4356 = ORIENTED_EDGE ( 'NONE', *, *, #2558, .T. ) ;
#4357 = AXIS2_PLACEMENT_3D ( 'NONE', #634, #6183, #4835 ) ;
#4358 = CARTESIAN_POINT ( 'NONE',  ( 53.59999999999998721, -1.480062982793924453, -1.246155777120157016 ) ) ;
#4359 = CARTESIAN_POINT ( 'NONE',  ( -6.000000000000000000, 7.000000000000000888, 6.000000000000000888 ) ) ;
#4360 = CARTESIAN_POINT ( 'NONE',  ( 20.49999999999999645, 0.000000000000000000, 0.000000000000000000 ) ) ;
#4361 = EDGE_CURVE ( 'NONE', #6669, #6402, #610, .T. ) ;
#4362 = DIRECTION ( 'NONE',  ( -0.000000000000000000, -0.6314199358297803988, -0.7754410774757267699 ) ) ;
#4363 = ORIENTED_EDGE ( 'NONE', *, *, #2662, .T. ) ;
#4364 = MECHANICAL_DESIGN_GEOMETRIC_PRESENTATION_REPRESENTATION (  '', ( #444 ), #60 ) ;
#4365 = LINE ( 'NONE', #1309, #3680 ) ;
#4366 = ORIENTED_EDGE ( 'NONE', *, *, #4964, .F. ) ;
#4367 = ORIENTED_EDGE ( 'NONE', *, *, #2369, .F. ) ;
#4368 = AXIS2_PLACEMENT_3D ( 'NONE', #5842, #6520, #3458 ) ;
#4369 = CARTESIAN_POINT ( 'NONE',  ( 53.19999999999998863, 0.000000000000000000, 0.000000000000000000 ) ) ;
#4370 = CARTESIAN_POINT ( 'NONE',  ( 6.000000000000000000, 13.42339375865881657, -6.249999999999968026 ) ) ;
#4371 = CARTESIAN_POINT ( 'NONE',  ( 50.69999999999999574, -1.198796048359210165, -9.141273873724511390 ) ) ;
#4372 = VERTEX_POINT ( 'NONE', #1759 ) ;
#4373 = CARTESIAN_POINT ( 'NONE',  ( 53.60000000000001563, 0.2406070517365442862, -3.152802133581223298 ) ) ;
#4374 = ORIENTED_EDGE ( 'NONE', *, *, #7354, .T. ) ;
#4375 = CIRCLE ( 'NONE', #6920, 2.000000000000000000 ) ;
#4376 = EDGE_CURVE ( 'NONE', #4211, #1197, #3807, .T. ) ;
#4377 = ORIENTED_EDGE ( 'NONE', *, *, #2245, .T. ) ;
#4378 = CARTESIAN_POINT ( 'NONE',  ( 0.000000000000000000, 8.534326673973657407, -12.68188740771269352 ) ) ;
#4379 = FILL_AREA_STYLE_COLOUR ( '', #361 ) ;
#4380 = CARTESIAN_POINT ( 'NONE',  ( 53.59999999999998721, 0.8779134832554581491, -0.04096780558380651999 ) ) ;
#4381 = LINE ( 'NONE', #739, #454 ) ;
#4382 = EDGE_LOOP ( 'NONE', ( #6794, #854, #3430, #6676 ) ) ;
#4383 = CARTESIAN_POINT ( 'NONE',  ( 2.000000000000000000, 7.749999999999999112, -13.42339375865880058 ) ) ;
#4384 = DIRECTION ( 'NONE',  ( -1.000000000000000000, 0.000000000000000000, 0.000000000000000000 ) ) ;
#4385 = VECTOR ( 'NONE', #2412, 1000.000000000000000 ) ;
#4386 = DIRECTION ( 'NONE',  ( 0.000000000000000000, -1.000000000000000000, 0.000000000000000000 ) ) ;
#4387 = EDGE_CURVE ( 'NONE', #7462, #3716, #5671, .T. ) ;
#4388 = DIRECTION ( 'NONE',  ( 0.000000000000000000, -0.4999999999999995004, 0.8660254037844389297 ) ) ;
#4389 = CARTESIAN_POINT ( 'NONE',  ( 0.000000000000000000, 7.408493649053887076, -13.33188740771269210 ) ) ;
#4390 = CARTESIAN_POINT ( 'NONE',  ( 0.5000000000000000000, 7.000000000000001776, 0.000000000000000000 ) ) ;
#4391 = DIRECTION ( 'NONE',  ( 0.000000000000000000, 0.000000000000000000, -1.000000000000000000 ) ) ;
#4392 = FACE_BOUND ( 'NONE', #2754, .T. ) ;
#4393 = AXIS2_PLACEMENT_3D ( 'NONE', #5064, #2769, #2187 ) ;
#4395 = VECTOR ( 'NONE', #644, 1000.000000000000000 ) ;
#4394 = LINE ( 'NONE', #6829, #4815 ) ;
#4396 = ORIENTED_EDGE ( 'NONE', *, *, #1717, .T. ) ;
#4397 = TOROIDAL_SURFACE ( 'NONE', #231, 17.30000000000000071, 1.000000000000000000 ) ;
#4398 = EDGE_CURVE ( 'NONE', #4779, #7574, #1424, .T. ) ;
#4399 = CARTESIAN_POINT ( 'NONE',  ( 51.89999999999998437, -8.150000000000003908, 10.20000000000000284 ) ) ;
#4400 = AXIS2_PLACEMENT_3D ( 'NONE', #6709, #6780, #2561 ) ;
#4401 = DIRECTION ( 'NONE',  ( 1.000000000000000000, -0.000000000000000000, -0.000000000000000000 ) ) ;
#4402 = DIRECTION ( 'NONE',  ( -1.000000000000000000, -0.000000000000000000, -0.000000000000000000 ) ) ;
#4403 = PLANE ( 'NONE',  #2372 ) ;
#4404 = ORIENTED_EDGE ( 'NONE', *, *, #6175, .T. ) ;
#4405 = VECTOR ( 'NONE', #7711, 1000.000000000000000 ) ;
#4406 = LINE ( 'NONE', #6837, #6168 ) ;
#4407 = AXIS2_PLACEMENT_3D ( 'NONE', #4902, #2437, #4826 ) ;
#4408 = VERTEX_POINT ( 'NONE', #6191 ) ;
#4409 = EDGE_CURVE ( 'NONE', #3712, #4864, #6636, .T. ) ;
#4410 = VERTEX_POINT ( 'NONE', #6270 ) ;
#4411 = CARTESIAN_POINT ( 'NONE',  ( 53.59999999999998721, 0.02691445791432760942, -4.232794640439291989 ) ) ;
#4412 = CARTESIAN_POINT ( 'NONE',  ( 53.60000000000001563, 0.8541478700930631440, -2.793221491371337795 ) ) ;
#4413 = PLANE ( 'NONE',  #3981 ) ;
#4414 = EDGE_CURVE ( 'NONE', #1773, #7278, #4812, .T. ) ;
#4415 = ORIENTED_EDGE ( 'NONE', *, *, #4987, .F. ) ;
#4416 = CARTESIAN_POINT ( 'NONE',  ( 47.69999999999999574, 4.957566531502790141, -7.773193300421866070 ) ) ;
#4417 = VECTOR ( 'NONE', #5722, 1000.000000000000114 ) ;
#4418 = ORIENTED_EDGE ( 'NONE', *, *, #6845, .T. ) ;
#4419 = VECTOR ( 'NONE', #4768, 1000.000000000000000 ) ;
#4420 = ORIENTED_EDGE ( 'NONE', *, *, #6767, .T. ) ;
#4421 = AXIS2_PLACEMENT_3D ( 'NONE', #7638, #5154, #2758 ) ;
#4422 = LINE ( 'NONE', #2089, #3735 ) ;
#4423 = DIRECTION ( 'NONE',  ( 1.000000000000000000, -0.000000000000000000, -0.000000000000000000 ) ) ;
#4424 = FACE_OUTER_BOUND ( 'NONE', #2585, .T. ) ;
#4425 = VECTOR ( 'NONE', #5650, 1000.000000000000000 ) ;
#4426 = ORIENTED_EDGE ( 'NONE', *, *, #6113, .F. ) ;
#4427 = CARTESIAN_POINT ( 'NONE',  ( 0.000000000000000000, 8.091506350946115589, 13.51490010960490729 ) ) ;
#4428 = CARTESIAN_POINT ( 'NONE',  ( 47.69999999999999574, 1.250000000000000000, -11.00000000000000000 ) ) ;
#4429 =( NAMED_UNIT ( * ) PLANE_ANGLE_UNIT ( ) SI_UNIT ( $, .RADIAN. ) );
#4430 =( NAMED_UNIT ( * ) PLANE_ANGLE_UNIT ( ) SI_UNIT ( $, .RADIAN. ) );
#4431 = PRESENTATION_STYLE_ASSIGNMENT (( #5033 ) ) ;
#4432 = CARTESIAN_POINT ( 'NONE',  ( 0.000000000000000000, 7.008493649053888497, -12.63906708468514140 ) ) ;
#4433 = ADVANCED_FACE ( 'NONE', ( #200 ), #1340, .T. ) ;
#4434 = CARTESIAN_POINT ( 'NONE',  ( 47.69999999999999574, -1.198796048359210165, -9.141273873724511390 ) ) ;
#4435 = CARTESIAN_POINT ( 'NONE',  ( 53.59999999999998721, 1.551621044983853226, 3.216861333557771374 ) ) ;
#4436 =( GEOMETRIC_REPRESENTATION_CONTEXT ( 3 ) GLOBAL_UNCERTAINTY_ASSIGNED_CONTEXT ( ( #4870 ) ) GLOBAL_UNIT_ASSIGNED_CONTEXT ( ( #902, #4544, #1006 ) ) REPRESENTATION_CONTEXT ( 'NONE', 'WORKASPACE' ) );
#4437 = DIRECTION ( 'NONE',  ( 0.000000000000000000, 0.000000000000000000, -1.000000000000000000 ) ) ;
#4438 = EDGE_CURVE ( 'NONE', #1109, #169, #3284, .T. ) ;
#4439 = EDGE_LOOP ( 'NONE', ( #4567, #2091, #6331, #4496 ) ) ;
#4440 = FACE_OUTER_BOUND ( 'NONE', #6998, .T. ) ;
#4441 = DIRECTION ( 'NONE',  ( 0.000000000000000000, -4.336808689942013792E-16, 1.000000000000000000 ) ) ;
#4442 = PLANE ( 'NONE',  #4643 ) ;
#4443 = CARTESIAN_POINT ( 'NONE',  ( 49.19999999999999574, 8.572527594031473190E-16, -7.000000000000000000 ) ) ;
#4444 = EDGE_CURVE ( 'NONE', #5333, #5471, #4394, .T. ) ;
#4445 = DIRECTION ( 'NONE',  ( 1.000000000000000000, -0.000000000000000000, -0.000000000000000000 ) ) ;
#4446 = ORIENTED_EDGE ( 'NONE', *, *, #1946, .T. ) ;
#4447 = SURFACE_STYLE_FILL_AREA ( #1432 ) ;
#4448 = VERTEX_POINT ( 'NONE', #1616 ) ;
#4449 = CARTESIAN_POINT ( 'NONE',  ( 47.69999999999999574, -8.750000000000000000, 15.70000000000000284 ) ) ;
#4450 = LINE ( 'NONE', #5606, #4228 ) ;
#4451 = CARTESIAN_POINT ( 'NONE',  ( 47.69999999999999574, 12.50000000000000000, -1.500000000000000000 ) ) ;
#4452 = EDGE_CURVE ( 'NONE', #911, #7237, #2208, .T. ) ;
#4453 = EDGE_LOOP ( 'NONE', ( #5821, #3333, #2807, #7661 ) ) ;
#4454 = CARTESIAN_POINT ( 'NONE',  ( 2.000000000000000000, -15.75000000000000000, 0.2500000000000002220 ) ) ;
#4455 = EDGE_CURVE ( 'NONE', #5419, #798, #7058, .T. ) ;
#4456 = CARTESIAN_POINT ( 'NONE',  ( 0.000000000000000000, 8.091506350946106707, -13.51490010960491261 ) ) ;
#4457 = ORIENTED_EDGE ( 'NONE', *, *, #7652, .T. ) ;
#4458 = ORIENTED_EDGE ( 'NONE', *, *, #1300, .F. ) ;
#4459 = ADVANCED_FACE ( 'NONE', ( #6423 ), #7518, .F. ) ;
#4460 = DIRECTION ( 'NONE',  ( -1.000000000000000000, -0.000000000000000000, -0.000000000000000000 ) ) ;
#4461 = LINE ( 'NONE', #2588, #4650 ) ;
#4462 = EDGE_CURVE ( 'NONE', #4592, #7817, #977, .T. ) ;
#4463 = APPLICATION_PROTOCOL_DEFINITION ( 'draft international standard', 'automotive_design', 1998, #3104 ) ;
#4464 = ORIENTED_EDGE ( 'NONE', *, *, #4522, .T. ) ;
#4465 =( LENGTH_UNIT ( ) NAMED_UNIT ( * ) SI_UNIT ( .MILLI., .METRE. ) );
#4466 = CARTESIAN_POINT ( 'NONE',  ( 21.50000000000000000, 0.000000000000000000, 0.000000000000000000 ) ) ;
#4467 = ORIENTED_EDGE ( 'NONE', *, *, #4049, .F. ) ;
#4468 = CARTESIAN_POINT ( 'NONE',  ( 53.60000000000000142, 0.1949746849492978717, -2.451190802626018961 ) ) ;
#4469 = LINE ( 'NONE', #5623, #5407 ) ;
#4470 = CARTESIAN_POINT ( 'NONE',  ( 0.000000000000000000, 7.658493649053896846, 13.76490010960490729 ) ) ;
#4471 = CARTESIAN_POINT ( 'NONE',  ( 53.59999999999999432, -0.1149187129758607456, -2.621149572694483787 ) ) ;
#4472 = DIRECTION ( 'NONE',  ( -0.000000000000000000, -1.000000000000000000, 0.000000000000000000 ) ) ;
#4473 = CARTESIAN_POINT ( 'NONE',  ( 53.59999999999998721, -1.480062982793924453, -2.892339848516927603 ) ) ;
#4474 = FACE_OUTER_BOUND ( 'NONE', #4590, .T. ) ;
#4475 = LINE ( 'NONE', #6311, #2527 ) ;
#4476 = EDGE_CURVE ( 'NONE', #5561, #3925, #5779, .T. ) ;
#4477 = UNCERTAINTY_MEASURE_WITH_UNIT (LENGTH_MEASURE( 1.000000000000000082E-05 ), #6770, 'distance_accuracy_value', 'NONE');
#4478 = B_SPLINE_CURVE_WITH_KNOTS ( 'NONE', 3,
 ( #434, #5078, #2065, #356, #283, #3952, #317, #6906, #3879, #874, #3283, #4557, #5712, #2681, #5152, #2140, #6387, #941, #2756 ),
 .UNSPECIFIED., .F., .F.,
 ( 4, 1, 1, 1, 1, 1, 1, 1, 1, 1, 1, 1, 1, 1, 1, 1, 4 ),
 ( 0.000000000000000000, 0.07330976628024156450, 0.1430293773390905188, 0.2103691138569478425, 0.2746917853724266112, 0.3363221661818323049, 0.3963404857634035272, 0.4548772034499278805, 0.5125741989417192945, 0.5692008659328432474, 0.6246314828713854794, 0.6809165101244122331, 0.7381294749657495435, 0.7981672225468479098, 0.8608397402861802661, 0.9283537686478856576, 1.000000000000000000 ),
 .UNSPECIFIED. ) ;
#4479 = CARTESIAN_POINT ( 'NONE',  ( 2.000000000000000000, -15.50000000000000000, -8.673617379884035472E-16 ) ) ;
#4480 = AXIS2_PLACEMENT_3D ( 'NONE', #1543, #440, #7139 ) ;
#4481 =( NAMED_UNIT ( * ) PLANE_ANGLE_UNIT ( ) SI_UNIT ( $, .RADIAN. ) );
#4482 = CARTESIAN_POINT ( 'NONE',  ( 2.000000000000000000, 7.750000000000006217, 11.42339375865879880 ) ) ;
#4483 =( NAMED_UNIT ( * ) SI_UNIT ( $, .STERADIAN. ) SOLID_ANGLE_UNIT ( ) );
#4484 = CARTESIAN_POINT ( 'NONE',  ( 53.59999999999998721, -1.480062982793924453, 2.442031974065075772 ) ) ;
#4485 = MECHANICAL_DESIGN_GEOMETRIC_PRESENTATION_REPRESENTATION (  '', ( #5874 ), #4867 ) ;
#4486 = ORIENTED_EDGE ( 'NONE', *, *, #5813, .F. ) ;
#4487 = PLANE ( 'NONE',  #1494 ) ;
#4488 = LINE ( 'NONE', #2800, #4677 ) ;
#4489 = PLANE ( 'NONE',  #2324 ) ;
#4490 = CARTESIAN_POINT ( 'NONE',  ( 53.70000000000064233, 1.180468634496714131, -2.433347574860236673 ) ) ;
#4492 = PRESENTATION_LAYER_ASSIGNMENT (  '', '', ( #444 ) ) ;
#4491 = DIRECTION ( 'NONE',  ( 0.000000000000000000, 0.000000000000000000, 1.000000000000000000 ) ) ;
#4493 = ORIENTED_EDGE ( 'NONE', *, *, #516, .F. ) ;
#4494 = CARTESIAN_POINT ( 'NONE',  ( 46.09999999999999432, 0.000000000000000000, 16.39499999999999957 ) ) ;
#4495 = CARTESIAN_POINT ( 'NONE',  ( 53.69999999999998153, 1.213879258146364215, -2.204305446815539860 ) ) ;
#4496 = ORIENTED_EDGE ( 'NONE', *, *, #102, .T. ) ;
#4497 = MECHANICAL_DESIGN_GEOMETRIC_PRESENTATION_REPRESENTATION (  '', ( #1456 ), #5887 ) ;
#4498 = ORIENTED_EDGE ( 'NONE', *, *, #7533, .F. ) ;
#4499 = EDGE_CURVE ( 'NONE', #6630, #5561, #4475, .T. ) ;
#4500 = FACE_OUTER_BOUND ( 'NONE', #7697, .T. ) ;
#4501 =( NAMED_UNIT ( * ) PLANE_ANGLE_UNIT ( ) SI_UNIT ( $, .RADIAN. ) );
#4502 =( NAMED_UNIT ( * ) PLANE_ANGLE_UNIT ( ) SI_UNIT ( $, .RADIAN. ) );
#4503 = EDGE_LOOP ( 'NONE', ( #131, #6279, #7410, #1265, #3832, #229, #2424, #6203 ) ) ;
#4504 = FILL_AREA_STYLE ('',( #3867 ) ) ;
#4505 = VECTOR ( 'NONE', #6711, 1000.000000000000000 ) ;
#4506 = ORIENTED_EDGE ( 'NONE', *, *, #6030, .T. ) ;
#4507 = CARTESIAN_POINT ( 'NONE',  ( 53.59999999999998721, -1.480062982793924453, 1.996833409881984212 ) ) ;
#4508 = ADVANCED_FACE ( 'NONE', ( #6353 ), #401, .T. ) ;
#4509 = EDGE_CURVE ( 'NONE', #5012, #764, #4478, .T. ) ;
#4510 = CARTESIAN_POINT ( 'NONE',  ( 53.59999999999999432, 0.4414701472501945112, -2.773011004715741468 ) ) ;
#4511 = LINE ( 'NONE', #309, #1598 ) ;
#4512 = DIRECTION ( 'NONE',  ( -1.000000000000000000, -0.000000000000000000, -0.000000000000000000 ) ) ;
#4513 = DIRECTION ( 'NONE',  ( 0.000000000000000000, 1.000000000000000000, -0.000000000000000000 ) ) ;
#4514 = DIRECTION ( 'NONE',  ( 1.000000000000000000, -0.000000000000000000, -0.000000000000000000 ) ) ;
#4515 = DIRECTION ( 'NONE',  ( 0.000000000000000000, 0.8660254037844330455, 0.5000000000000098810 ) ) ;
#4516 = AXIS2_PLACEMENT_3D ( 'NONE', #6940, #6302, #2059 ) ;
#4517 = PRESENTATION_LAYER_ASSIGNMENT (  '', '', ( #715 ) ) ;
#4518 = DIRECTION ( 'NONE',  ( 0.000000000000000000, 0.000000000000000000, -1.000000000000000000 ) ) ;
#4519 = DIRECTION ( 'NONE',  ( 0.000000000000000000, -1.000000000000000000, -0.000000000000000000 ) ) ;
#4520 = VECTOR ( 'NONE', #4922, 1000.000000000000000 ) ;
#4521 = SURFACE_SIDE_STYLE ('',( #5236 ) ) ;
#4522 = EDGE_CURVE ( 'NONE', #3589, #3677, #4831, .T. ) ;
#4523 = ADVANCED_FACE ( 'NONE', ( #1738 ), #4675, .T. ) ;
#4524 = ORIENTED_EDGE ( 'NONE', *, *, #3285, .F. ) ;
#4525 = AXIS2_PLACEMENT_3D ( 'NONE', #6242, #81, #127 ) ;
#4526 = MECHANICAL_DESIGN_GEOMETRIC_PRESENTATION_REPRESENTATION (  '', ( #2613 ), #5039 ) ;
#4527 = CARTESIAN_POINT ( 'NONE',  ( 21.50000000000000000, 2.179871302482289108E-15, 17.30000000000000071 ) ) ;
#4528 = FACE_OUTER_BOUND ( 'NONE', #3338, .T. ) ;
#4529 = CARTESIAN_POINT ( 'NONE',  ( 48.69999999999999574, 1.224646799147353207E-16, -1.000000000000000000 ) ) ;
#4530 = SURFACE_STYLE_FILL_AREA ( #6997 ) ;
#4531 = CARTESIAN_POINT ( 'NONE',  ( 2.000000000000000000, 7.749999999999999112, -15.42339375865880058 ) ) ;
#4532 = VECTOR ( 'NONE', #2147, 1000.000000000000114 ) ;
#4533 = ADVANCED_FACE ( 'NONE', ( #1208 ), #5313, .T. ) ;
#4534 = VECTOR ( 'NONE', #6291, 1000.000000000000000 ) ;
#4535 = EDGE_LOOP ( 'NONE', ( #3179, #2514, #4081, #2406 ) ) ;
#4536 = LINE ( 'NONE', #5757, #120 ) ;
#4537 = CARTESIAN_POINT ( 'NONE',  ( 53.69999999999998863, 1.214767264119656076, -2.117510489024231557 ) ) ;
#4538 = ORIENTED_EDGE ( 'NONE', *, *, #4452, .T. ) ;
#4539 = VECTOR ( 'NONE', #2715, 1000.000000000000000 ) ;
#4540 = ORIENTED_EDGE ( 'NONE', *, *, #7198, .T. ) ;
#4541 = CARTESIAN_POINT ( 'NONE',  ( 53.59999999999998721, 0.000000000000000000, 0.000000000000000000 ) ) ;
#4542 = EDGE_LOOP ( 'NONE', ( #2516, #2500, #4869, #6579, #1926, #4570, #7783, #5770, #5300, #255, #69, #455 ) ) ;
#4543 = DIRECTION ( 'NONE',  ( 1.000000000000000000, -0.000000000000000000, -0.000000000000000000 ) ) ;
#4544 =( NAMED_UNIT ( * ) PLANE_ANGLE_UNIT ( ) SI_UNIT ( $, .RADIAN. ) );
#4545 = EDGE_CURVE ( 'NONE', #6377, #661, #7796, .T. ) ;
#4546 = VECTOR ( 'NONE', #2961, 1000.000000000000000 ) ;
#4547 = VECTOR ( 'NONE', #1636, 1000.000000000000000 ) ;
#4548 = CARTESIAN_POINT ( 'NONE',  ( 53.59999999999997300, 0.1726328808465014963, -2.344819867979390349 ) ) ;
#4549 = CARTESIAN_POINT ( 'NONE',  ( 46.09999999999999432, 0.000000000000000000, 0.000000000000000000 ) ) ;
#4550 = CYLINDRICAL_SURFACE ( 'NONE', #5247, 16.39999999999999858 ) ;
#4551 = CARTESIAN_POINT ( 'NONE',  ( 50.69999999999999574, 0.000000000000000000, 0.000000000000000000 ) ) ;
#4552 = CYLINDRICAL_SURFACE ( 'NONE', #2230, 1.500000000000001332 ) ;
#4553 = DIRECTION ( 'NONE',  ( 0.000000000000000000, 0.000000000000000000, -1.000000000000000000 ) ) ;
#4554 = VERTEX_POINT ( 'NONE', #5428 ) ;
#4555 = CARTESIAN_POINT ( 'NONE',  ( 50.69999999999999574, 0.6857658333706520004, -7.731734942545654299 ) ) ;
#4556 = ADVANCED_FACE ( 'NONE', ( #5978, #5269, #1053, #5389, #6020, #5942, #1133, #5351, #1693, #7758, #4751, #4190 ), #1783, .F. ) ;
#4557 = CARTESIAN_POINT ( 'NONE',  ( 53.59999999999998721, 1.230988985818111114, -3.099285231585891864 ) ) ;
#4558 = AXIS2_PLACEMENT_3D ( 'NONE', #4345, #6179, #5586 ) ;
#4559 = CARTESIAN_POINT ( 'NONE',  ( 51.89999999999998437, -18.30000000000000071, 12.20000000000000284 ) ) ;
#4560 = LINE ( 'NONE', #2178, #5240 ) ;
#4561 = DIRECTION ( 'NONE',  ( 1.000000000000000000, -0.000000000000000000, -0.000000000000000000 ) ) ;
#4562 = AXIS2_PLACEMENT_3D ( 'NONE', #1081, #4055, #1042 ) ;
#4563 = DIRECTION ( 'NONE',  ( 1.000000000000000000, -0.000000000000000000, -0.000000000000000000 ) ) ;
#4564 = ORIENTED_EDGE ( 'NONE', *, *, #1035, .T. ) ;
#4565 = AXIS2_PLACEMENT_3D ( 'NONE', #50, #7277, #1841 ) ;
#4566 = CARTESIAN_POINT ( 'NONE',  ( 47.69999999999999574, -8.750000000000003553, 8.500000000000000000 ) ) ;
#4567 = ORIENTED_EDGE ( 'NONE', *, *, #4131, .F. ) ;
#4568 = DIRECTION ( 'NONE',  ( -1.000000000000000000, 0.000000000000000000, -0.000000000000000000 ) ) ;
#4569 = DIRECTION ( 'NONE',  ( 0.000000000000000000, 0.000000000000000000, -1.000000000000000000 ) ) ;
#4570 = ORIENTED_EDGE ( 'NONE', *, *, #3861, .T. ) ;
#4571 = LINE ( 'NONE', #3784, #4425 ) ;
#4572 = CARTESIAN_POINT ( 'NONE',  ( 53.70000000000000284, 1.214464813588315151, -2.147072431050802255 ) ) ;
#4573 = ORIENTED_EDGE ( 'NONE', *, *, #5578, .T. ) ;
#4574 = EDGE_CURVE ( 'NONE', #1409, #335, #6064, .T. ) ;
#4575 = EDGE_LOOP ( 'NONE', ( #4426, #4640, #1935, #332 ) ) ;
#4576 = DIRECTION ( 'NONE',  ( -1.000000000000000000, -0.000000000000000000, 0.000000000000000000 ) ) ;
#4577 = DIRECTION ( 'NONE',  ( -1.000000000000000000, -0.000000000000000000, -0.000000000000000000 ) ) ;
#4578 = VERTEX_POINT ( 'NONE', #7175 ) ;
#4579 = CARTESIAN_POINT ( 'NONE',  ( 53.59999999999998721, 1.214767264119655854, 1.996833409881984212 ) ) ;
#4580 = EDGE_CURVE ( 'NONE', #4967, #3700, #7713, .T. ) ;
#4581 = CARTESIAN_POINT ( 'NONE',  ( 53.59999999999998721, 1.587079337706400306, 0.1717819507514768695 ) ) ;
#4582 = ORIENTED_EDGE ( 'NONE', *, *, #6276, .F. ) ;
#4583 = ORIENTED_EDGE ( 'NONE', *, *, #1172, .T. ) ;
#4584 = CARTESIAN_POINT ( 'NONE',  ( 53.59999999999999432, 0.6828928732814492086, -3.260712111801166824 ) ) ;
#4585 = DIRECTION ( 'NONE',  ( 0.000000000000000000, 0.8684849720325527045, -0.4957154963823665050 ) ) ;
#4586 = CARTESIAN_POINT ( 'NONE',  ( 0.000000000000000000, 8.091506350946106707, -13.51490010960491261 ) ) ;
#4587 = PLANE ( 'NONE',  #7598 ) ;
#4588 = DIRECTION ( 'NONE',  ( -1.000000000000000000, -0.000000000000000000, 0.000000000000000000 ) ) ;
#4589 = CARTESIAN_POINT ( 'NONE',  ( 53.69999999999998863, -1.480062982793924453, 3.802185817499965648 ) ) ;
#4590 = EDGE_LOOP ( 'NONE', ( #4770, #7160, #6585, #6549 ) ) ;
#4591 = DIRECTION ( 'NONE',  ( 0.000000000000000000, -1.000000000000000000, 0.000000000000000000 ) ) ;
#4592 = VERTEX_POINT ( 'NONE', #7135 ) ;
#4593 = DIRECTION ( 'NONE',  ( -0.000000000000000000, -0.5000000000000002220, -0.8660254037844384856 ) ) ;
#4594 = DIRECTION ( 'NONE',  ( -1.000000000000000000, 0.000000000000000000, -0.000000000000000000 ) ) ;
#4595 = CARTESIAN_POINT ( 'NONE',  ( 50.69999999999999574, 4.957566531502790141, -7.773193300421866070 ) ) ;
#4596 = DIRECTION ( 'NONE',  ( -1.000000000000000000, -0.000000000000000000, -0.000000000000000000 ) ) ;
#4597 = ADVANCED_FACE ( 'NONE', ( #7102 ), #1662, .T. ) ;
#4598 = EDGE_CURVE ( 'NONE', #7453, #390, #4984, .T. ) ;
#4599 = VERTEX_POINT ( 'NONE', #7464 ) ;
#4600 = LINE ( 'NONE', #257, #2869 ) ;
#4601 = AXIS2_PLACEMENT_3D ( 'NONE', #2727, #4568, #2220 ) ;
#4602 = EDGE_CURVE ( 'NONE', #3703, #690, #6591, .T. ) ;
#4603 = FACE_OUTER_BOUND ( 'NONE', #1874, .T. ) ;
#4604 = CARTESIAN_POINT ( 'NONE',  ( 21.50000000000000000, 2.241103642439656682E-15, -18.30000000000000071 ) ) ;
#4605 = CARTESIAN_POINT ( 'NONE',  ( 53.60000000000001563, 1.074047988458809222, -2.650395295341452684 ) ) ;
#4606 = DIRECTION ( 'NONE',  ( 0.000000000000000000, -0.9607857596242427300, 0.2772917671032933962 ) ) ;
#4607 = ORIENTED_EDGE ( 'NONE', *, *, #4925, .T. ) ;
#4608 = CARTESIAN_POINT ( 'NONE',  ( 52.89999999999999147, 8.150000000000003908, 12.20000000000000284 ) ) ;
#4609 = PLANE ( 'NONE',  #7503 ) ;
#4610 = ORIENTED_EDGE ( 'NONE', *, *, #1897, .T. ) ;
#4611 = EDGE_LOOP ( 'NONE', ( #2799, #4971, #3617, #6812 ) ) ;
#4612 = VECTOR ( 'NONE', #2241, 1000.000000000000000 ) ;
#4613 = AXIS2_PLACEMENT_3D ( 'NONE', #5834, #1028, #2660 ) ;
#4614 =( NAMED_UNIT ( * ) PLANE_ANGLE_UNIT ( ) SI_UNIT ( $, .RADIAN. ) );
#4615 = CARTESIAN_POINT ( 'NONE',  ( 44.50000000000000000, 15.87063295520517414, -4.250937710707072270 ) ) ;
#4616 = ORIENTED_EDGE ( 'NONE', *, *, #6668, .F. ) ;
#4617 = ADVANCED_FACE ( 'NONE', ( #6700 ), #7419, .T. ) ;
#4618 = ORIENTED_EDGE ( 'NONE', *, *, #1815, .T. ) ;
#4619 = CIRCLE ( 'NONE', #6657, 16.39999999999999858 ) ;
#4620 = ORIENTED_EDGE ( 'NONE', *, *, #2376, .T. ) ;
#4621 = LINE ( 'NONE', #7166, #5534 ) ;
#4622 = FACE_OUTER_BOUND ( 'NONE', #1274, .T. ) ;
#4623 = AXIS2_PLACEMENT_3D ( 'NONE', #4746, #1733, #7709 ) ;
#4624 = LINE ( 'NONE', #547, #4096 ) ;
#4625 = DIRECTION ( 'NONE',  ( 0.000000000000000000, 1.000000000000000000, -0.000000000000000000 ) ) ;
#4626 = DIRECTION ( 'NONE',  ( -0.000000000000000000, 0.000000000000000000, 1.000000000000000000 ) ) ;
#4627 = FACE_OUTER_BOUND ( 'NONE', #6391, .T. ) ;
#4628 = ORIENTED_EDGE ( 'NONE', *, *, #4476, .F. ) ;
#4629 = PLANE ( 'NONE',  #4154 ) ;
#4630 =( LENGTH_UNIT ( ) NAMED_UNIT ( * ) SI_UNIT ( .MILLI., .METRE. ) );
#4631 = UNCERTAINTY_MEASURE_WITH_UNIT (LENGTH_MEASURE( 1.000000000000000082E-05 ), #6344, 'distance_accuracy_value', 'NONE');
#4632 = EDGE_CURVE ( 'NONE', #4218, #3209, #2400, .T. ) ;
#4633 = LINE ( 'NONE', #1621, #5444 ) ;
#4634 = LINE ( 'NONE', #7560, #3079 ) ;
#4635 = DIRECTION ( 'NONE',  ( 1.000000000000000000, 0.000000000000000000, 0.000000000000000000 ) ) ;
#4636 = CARTESIAN_POINT ( 'NONE',  ( 49.19999999999999574, 0.000000000000000000, 0.000000000000000000 ) ) ;
#4637 = CIRCLE ( 'NONE', #7186, 18.30000000000000071 ) ;
#4638 = VECTOR ( 'NONE', #5549, 1000.000000000000000 ) ;
#4639 = EDGE_CURVE ( 'NONE', #7833, #6084, #4948, .T. ) ;
#4640 = ORIENTED_EDGE ( 'NONE', *, *, #5481, .T. ) ;
#4641 = AXIS2_PLACEMENT_3D ( 'NONE', #1573, #6418, #5626 ) ;
#4642 = FILL_AREA_STYLE ('',( #2336 ) ) ;
#4643 = AXIS2_PLACEMENT_3D ( 'NONE', #5044, #3169, #4961 ) ;
#4644 = DIRECTION ( 'NONE',  ( -1.000000000000000000, 0.000000000000000000, -0.000000000000000000 ) ) ;
#4645 = CARTESIAN_POINT ( 'NONE',  ( 46.09999999999999432, 0.000000000000000000, 0.000000000000000000 ) ) ;
#4646 = ADVANCED_FACE ( 'NONE', ( #1982 ), #1514, .T. ) ;
#4647 = CARTESIAN_POINT ( 'NONE',  ( 47.69999999999999574, 8.750000000000000000, 15.70000000000000284 ) ) ;
#4648 = VERTEX_POINT ( 'NONE', #664 ) ;
#4649 = CARTESIAN_POINT ( 'NONE',  ( 49.19999999999999574, -12.00000000000000000, 1.500000000000000000 ) ) ;
#4650 = VECTOR ( 'NONE', #5655, 1000.000000000000000 ) ;
#4651 = EDGE_CURVE ( 'NONE', #5573, #1595, #4309, .T. ) ;
#4652 = CARTESIAN_POINT ( 'NONE',  ( 46.09999999999999432, 15.87547303844858959, 4.252234123549640366 ) ) ;
#4653 = ORIENTED_EDGE ( 'NONE', *, *, #555, .T. ) ;
#4654 = VERTEX_POINT ( 'NONE', #4269 ) ;
#4655 = AXIS2_PLACEMENT_3D ( 'NONE', #2070, #1546, #5717 ) ;
#4656 = COLOUR_RGB ( '',0.7960784313725489669, 0.8235294117647058432, 0.9372549019607843146 ) ;
#4657 = EDGE_CURVE ( 'NONE', #5118, #4934, #4866, .T. ) ;
#4658 = CYLINDRICAL_SURFACE ( 'NONE', #6403, 12.30000000000000071 ) ;
#4659 = CARTESIAN_POINT ( 'NONE',  ( 0.2000000000000000111, -15.50000000000000000, -8.673617379884035472E-16 ) ) ;
#4660 = VERTEX_POINT ( 'NONE', #3035 ) ;
#4661 = EDGE_LOOP ( 'NONE', ( #24, #6805 ) ) ;
#4662 = CARTESIAN_POINT ( 'NONE',  ( 0.000000000000000000, -13.42339375865870998, -7.750000000000157208 ) ) ;
#4663 = CARTESIAN_POINT ( 'NONE',  ( 53.59999999999998721, -1.480062982793924453, 5.584293344333167042 ) ) ;
#4664 = AXIS2_PLACEMENT_3D ( 'NONE', #7517, #5076, #872 ) ;
#4665 = ORIENTED_EDGE ( 'NONE', *, *, #7603, .F. ) ;
#4666 = CARTESIAN_POINT ( 'NONE',  ( 53.69999999999998863, 0.7918731480083657237, -3.258311381397733797 ) ) ;
#4667 = FACE_OUTER_BOUND ( 'NONE', #5800, .T. ) ;
#4668 = DIRECTION ( 'NONE',  ( 0.000000000000000000, 1.000000000000000000, 0.000000000000000000 ) ) ;
#4669 = LINE ( 'NONE', #1657, #3390 ) ;
#4670 = DIRECTION ( 'NONE',  ( 0.000000000000000000, 0.000000000000000000, 1.000000000000000000 ) ) ;
#4671 =( GEOMETRIC_REPRESENTATION_CONTEXT ( 3 ) GLOBAL_UNCERTAINTY_ASSIGNED_CONTEXT ( ( #2102 ) ) GLOBAL_UNIT_ASSIGNED_CONTEXT ( ( #96, #1239, #7245 ) ) REPRESENTATION_CONTEXT ( 'NONE', 'WORKASPACE' ) );
#4672 = LINE ( 'NONE', #7099, #2716 ) ;
#4673 = VERTEX_POINT ( 'NONE', #6815 ) ;
#4674 = LINE ( 'NONE', #4104, #6699 ) ;
#4675 = CYLINDRICAL_SURFACE ( 'NONE', #6849, 1.000000000000000000 ) ;
#4676 = B_SPLINE_CURVE_WITH_KNOTS ( 'NONE', 3,
 ( #5052, #170, #89, #7444, #6880, #4969, #3212, #7401, #688, #7493, #6727, #6125, #1355, #2041, #1401 ),
 .UNSPECIFIED., .F., .F.,
 ( 4, 1, 1, 1, 1, 1, 1, 1, 1, 1, 1, 1, 4 ),
 ( 0.000000000000000000, 0.1274063500926064241, 0.2496033516032768462, 0.3674404771297621886, 0.4849393270475111928, 0.5432388749012847518, 0.6010814630152404581, 0.6596836711657021457, 0.7202162960974022310, 0.7834862518731331438, 0.8505854205699905357, 0.9226157491065034577, 0.9999999999999998890 ),
 .UNSPECIFIED. ) ;
#4677 = VECTOR ( 'NONE', #5241, 1000.000000000000000 ) ;
#4678 = AXIS2_PLACEMENT_3D ( 'NONE', #4299, #6367, #2081 ) ;
#4679 = EDGE_CURVE ( 'NONE', #210, #1162, #1375, .T. ) ;
#4680 = EDGE_LOOP ( 'NONE', ( #2352, #4823, #1341, #5169 ) ) ;
#4681 = LINE ( 'NONE', #1664, #3629 ) ;
#4682 = CARTESIAN_POINT ( 'NONE',  ( 47.69999999999999574, 1.250000000000000000, -12.30004063985090568 ) ) ;
#4683 = CARTESIAN_POINT ( 'NONE',  ( 53.59999999999998010, 0.3019687361235756096, -3.186877339262691677 ) ) ;
#4684 = CARTESIAN_POINT ( 'NONE',  ( 2.000000000000000000, 7.749999999999999112, -11.42339375865880058 ) ) ;
#4685 = VECTOR ( 'NONE', #6538, 1000.000000000000000 ) ;
#4686 = ADVANCED_FACE ( 'NONE', ( #6775 ), #6740, .T. ) ;
#4687 = ORIENTED_EDGE ( 'NONE', *, *, #5813, .T. ) ;
#4688 = AXIS2_PLACEMENT_3D ( 'NONE', #655, #1809, #3062 ) ;
#4689 = DIRECTION ( 'NONE',  ( 0.000000000000000000, 0.000000000000000000, 1.000000000000000000 ) ) ;
#4690 = CARTESIAN_POINT ( 'NONE',  ( 44.50000000000002132, -4.250937710707083816, -15.87063295520517059 ) ) ;
#4691 = CARTESIAN_POINT ( 'NONE',  ( 53.59999999999998721, -1.480062982793924453, -3.477664332459120988 ) ) ;
#4692 = DIRECTION ( 'NONE',  ( 0.000000000000000000, 0.000000000000000000, -1.000000000000000000 ) ) ;
#4693 = EDGE_CURVE ( 'NONE', #4934, #6124, #1942, .T. ) ;
#4694 = VERTEX_POINT ( 'NONE', #2481 ) ;
#4695 = CARTESIAN_POINT ( 'NONE',  ( 49.19999999999999574, 12.50000000000000000, 0.000000000000000000 ) ) ;
#4696 = VECTOR ( 'NONE', #1033, 1000.000000000000000 ) ;
#4697 = CARTESIAN_POINT ( 'NONE',  ( 51.89999999999998437, -18.30000000000000071, 15.70000000000000284 ) ) ;
#4698 = EDGE_LOOP ( 'NONE', ( #7449, #1031, #2441, #1726 ) ) ;
#4699 = ORIENTED_EDGE ( 'NONE', *, *, #3614, .F. ) ;
#4700 = EDGE_CURVE ( 'NONE', #7683, #4910, #1004, .T. ) ;
#4701 = DIRECTION ( 'NONE',  ( -1.000000000000000000, -0.000000000000000000, -0.000000000000000000 ) ) ;
#4702 = CARTESIAN_POINT ( 'NONE',  ( 44.50000000000000000, -4.016229177803744516E-15, 16.39749999999999730 ) ) ;
#4703 = ADVANCED_FACE ( 'NONE', ( #7342 ), #5620, .T. ) ;
#4704 = ORIENTED_EDGE ( 'NONE', *, *, #3436, .F. ) ;
#4705 = ORIENTED_EDGE ( 'NONE', *, *, #3311, .T. ) ;
#4706 = PLANE ( 'NONE',  #6962 ) ;
#4707 = SURFACE_SIDE_STYLE ('',( #5256 ) ) ;
#4708 = EDGE_LOOP ( 'NONE', ( #2310, #7034, #7701, #3789 ) ) ;
#4709 = EDGE_CURVE ( 'NONE', #6212, #5966, #149, .T. ) ;
#4710 = DIRECTION ( 'NONE',  ( 0.000000000000000000, 1.224646799147351482E-16, 1.000000000000000000 ) ) ;
#4711 = SURFACE_STYLE_USAGE ( .BOTH. , #1688 ) ;
#4712 = DIRECTION ( 'NONE',  ( 0.000000000000000000, 0.8684849720325527045, -0.4957154963823665605 ) ) ;
#4713 = FILL_AREA_STYLE ('',( #7215 ) ) ;
#4714 = PLANE ( 'NONE',  #2592 ) ;
#4715 = ORIENTED_EDGE ( 'NONE', *, *, #1707, .T. ) ;
#4716 = PLANE ( 'NONE',  #2626 ) ;
#4717 = DIRECTION ( 'NONE',  ( -0.000000000000000000, -1.000000000000000000, -0.000000000000000000 ) ) ;
#4718 = UNCERTAINTY_MEASURE_WITH_UNIT (LENGTH_MEASURE( 1.000000000000000082E-05 ), #4465, 'distance_accuracy_value', 'NONE');
#4719 = ORIENTED_EDGE ( 'NONE', *, *, #1200, .T. ) ;
#4720 = DIRECTION ( 'NONE',  ( 0.000000000000000000, -1.000000000000000000, 0.000000000000000000 ) ) ;
#4721 = CARTESIAN_POINT ( 'NONE',  ( 48.69999999999999574, 8.266365894244635319E-16, 6.500000000000000888 ) ) ;
#4722 = CARTESIAN_POINT ( 'NONE',  ( 53.69999999999999574, 0.6828928732814492086, -3.260712111801166380 ) ) ;
#4723 = ADVANCED_FACE ( 'NONE', ( #34 ), #5028, .F. ) ;
#4724 = EDGE_LOOP ( 'NONE', ( #1398, #3498, #4761, #3809 ) ) ;
#4725 = CARTESIAN_POINT ( 'NONE',  ( 53.69999999999998863, 1.551621044983853226, 3.216861333557771374 ) ) ;
#4726 = CARTESIAN_POINT ( 'NONE',  ( 53.69999999999998863, 1.230988985818111114, -3.099285231585891864 ) ) ;
#4727 = LINE ( 'NONE', #7146, #724 ) ;
#4728 = CYLINDRICAL_SURFACE ( 'NONE', #3638, 1.500000000000000444 ) ;
#4729 = ORIENTED_EDGE ( 'NONE', *, *, #2838, .F. ) ;
#4730 = DIRECTION ( 'NONE',  ( -0.000000000000000000, 0.000000000000000000, 1.000000000000000000 ) ) ;
#4731 = SURFACE_STYLE_FILL_AREA ( #1638 ) ;
#4732 = ORIENTED_EDGE ( 'NONE', *, *, #2696, .F. ) ;
#4733 = EDGE_LOOP ( 'NONE', ( #4930, #7618, #3453, #2817 ) ) ;
#4734 = EDGE_LOOP ( 'NONE', ( #2929, #1437, #6621, #2073 ) ) ;
#4735 = AXIS2_PLACEMENT_3D ( 'NONE', #5043, #162, #3204 ) ;
#4736 = ORIENTED_EDGE ( 'NONE', *, *, #7176, .F. ) ;
#4737 = ORIENTED_EDGE ( 'NONE', *, *, #5481, .F. ) ;
#4738 = DIRECTION ( 'NONE',  ( 0.000000000000000000, 0.000000000000000000, -1.000000000000000000 ) ) ;
#4739 = VECTOR ( 'NONE', #1022, 1000.000000000000000 ) ;
#4740 = ADVANCED_FACE ( 'NONE', ( #1254 ), #3679, .T. ) ;
#4741 = EDGE_LOOP ( 'NONE', ( #5013, #2903, #1909, #3344 ) ) ;
#4742 = DIRECTION ( 'NONE',  ( -1.000000000000000000, -0.000000000000000000, -0.000000000000000000 ) ) ;
#4743 = CARTESIAN_POINT ( 'NONE',  ( 48.69999999999999574, -1.250000000000000000, -12.30004063985090568 ) ) ;
#4744 = FACE_OUTER_BOUND ( 'NONE', #3488, .T. ) ;
#4745 = PRESENTATION_STYLE_ASSIGNMENT (( #5226 ) ) ;
#4746 = CARTESIAN_POINT ( 'NONE',  ( 49.19999999999999574, -12.00000000000000000, 5.204170427930416550E-15 ) ) ;
#4747 = ORIENTED_EDGE ( 'NONE', *, *, #878, .T. ) ;
#4748 = FACE_OUTER_BOUND ( 'NONE', #1045, .T. ) ;
#4749 = EDGE_CURVE ( 'NONE', #4448, #178, #5735, .T. ) ;
#4750 = VECTOR ( 'NONE', #143, 1000.000000000000227 ) ;
#4751 = FACE_BOUND ( 'NONE', #4288, .T. ) ;
#4752 = EDGE_CURVE ( 'NONE', #4043, #1928, #7659, .T. ) ;
#4753 = ORIENTED_EDGE ( 'NONE', *, *, #3984, .F. ) ;
#4754 = VERTEX_POINT ( 'NONE', #3272 ) ;
#4755 = DIRECTION ( 'NONE',  ( 0.000000000000000000, 0.9396926207859083169, -0.3420201433256693235 ) ) ;
#4756 = CARTESIAN_POINT ( 'NONE',  ( 6.000000000000000000, 0.000000000000000000, 15.50000000000000000 ) ) ;
#4757 = CARTESIAN_POINT ( 'NONE',  ( 53.59999999999998721, 1.214767264119655854, 3.216861333557771374 ) ) ;
#4758 = CARTESIAN_POINT ( 'NONE',  ( 53.59999999999999432, -0.1149187129758607456, -2.621149572694483787 ) ) ;
#4759 = LINE ( 'NONE', #443, #1750 ) ;
#4760 = CIRCLE ( 'NONE', #585, 1.000000000000000000 ) ;
#4761 = ORIENTED_EDGE ( 'NONE', *, *, #6473, .T. ) ;
#4762 = CARTESIAN_POINT ( 'NONE',  ( 53.59999999999998721, 1.587079337706400306, 0.1717819507514768695 ) ) ;
#4763 = CARTESIAN_POINT ( 'NONE',  ( 44.50000000000000711, -12.35177677933580398, -10.83425457577109086 ) ) ;
#4764 = DIRECTION ( 'NONE',  ( 0.000000000000000000, 0.000000000000000000, 1.000000000000000000 ) ) ;
#4765 = EDGE_CURVE ( 'NONE', #1996, #2482, #7043, .T. ) ;
#4766 = CARTESIAN_POINT ( 'NONE',  ( 53.69999999999998863, 1.551621044983853226, -1.246155777120157016 ) ) ;
#4767 = EDGE_LOOP ( 'NONE', ( #4153, #927, #5767, #6602, #1441 ) ) ;
#4768 = DIRECTION ( 'NONE',  ( -0.000000000000000000, -0.000000000000000000, 1.000000000000000000 ) ) ;
#4769 = DIRECTION ( 'NONE',  ( -1.000000000000000000, 0.000000000000000000, -0.000000000000000000 ) ) ;
#4770 = ORIENTED_EDGE ( 'NONE', *, *, #2038, .F. ) ;
#4771 = VECTOR ( 'NONE', #39, 1000.000000000000227 ) ;
#4772 = EDGE_LOOP ( 'NONE', ( #1862, #7848, #653, #1968 ) ) ;
#4773 = EDGE_CURVE ( 'NONE', #5412, #5128, #132, .T. ) ;
#4774 = EDGE_LOOP ( 'NONE', ( #2108, #4064, #6858, #3788 ) ) ;
#4775 = VECTOR ( 'NONE', #4561, 1000.000000000000000 ) ;
#4776 = ORIENTED_EDGE ( 'NONE', *, *, #7488, .F. ) ;
#4777 = LINE ( 'NONE', #3463, #6836 ) ;
#4778 = DIRECTION ( 'NONE',  ( 0.000000000000000000, 0.000000000000000000, 1.000000000000000000 ) ) ;
#4779 = VERTEX_POINT ( 'NONE', #5660 ) ;
#4780 = CIRCLE ( 'NONE', #485, 6.000000000000000888 ) ;
#4781 = COLOUR_RGB ( '',0.7960784313725489669, 0.8235294117647058432, 0.9372549019607843146 ) ;
#4782 = ORIENTED_EDGE ( 'NONE', *, *, #76, .T. ) ;
#4783 = DIRECTION ( 'NONE',  ( -1.000000000000000000, -0.000000000000000000, -0.000000000000000000 ) ) ;
#4784 = CARTESIAN_POINT ( 'NONE',  ( 53.59999999999999432, 0.6828928732814492086, -2.814856912567658132 ) ) ;
#4785 = PRESENTATION_STYLE_ASSIGNMENT (( #5937 ) ) ;
#4786 = LINE ( 'NONE', #2287, #870 ) ;
#4787 = DIRECTION ( 'NONE',  ( 0.000000000000000000, -0.6314199358297803988, -0.7754410774757267699 ) ) ;
#4788 = EDGE_LOOP ( 'NONE', ( #417, #2218 ) ) ;
#4789 = CARTESIAN_POINT ( 'NONE',  ( 47.69999999999999574, 12.00000000000000000, 1.500000000000000000 ) ) ;
#4790 = EDGE_CURVE ( 'NONE', #473, #537, #763, .T. ) ;
#4791 =( NAMED_UNIT ( * ) SI_UNIT ( $, .STERADIAN. ) SOLID_ANGLE_UNIT ( ) );
#4792 = ORIENTED_EDGE ( 'NONE', *, *, #2938, .T. ) ;
#4793 = UNCERTAINTY_MEASURE_WITH_UNIT (LENGTH_MEASURE( 1.000000000000000082E-05 ), #7050, 'distance_accuracy_value', 'NONE');
#4794 = AXIS2_PLACEMENT_3D ( 'NONE', #3439, #4188, #3518 ) ;
#4795 = ORIENTED_EDGE ( 'NONE', *, *, #1035, .F. ) ;
#4796 = LINE ( 'NONE', #5354, #2029 ) ;
#4797 = CARTESIAN_POINT ( 'NONE',  ( 0.000000000000000000, 0.000000000000000000, 10.20000000000000284 ) ) ;
#4798 = CARTESIAN_POINT ( 'NONE',  ( 2.000000000000000000, -15.25000000000000000, 0.2500000000000002220 ) ) ;
#4799 = EDGE_CURVE ( 'NONE', #5487, #7118, #230, .T. ) ;
#4800 = CARTESIAN_POINT ( 'NONE',  ( 53.59999999999999432, 0.1327374995179006756, -3.067813850220359573 ) ) ;
#4801 = CARTESIAN_POINT ( 'NONE',  ( 53.69999999999998863, -1.480062982793924453, 5.584293344333167042 ) ) ;
#4802 = VECTOR ( 'NONE', #5482, 1000.000000000000000 ) ;
#4803 = PRESENTATION_LAYER_ASSIGNMENT (  '', '', ( #5562 ) ) ;
#4804 = EDGE_CURVE ( 'NONE', #5831, #5524, #2057, .T. ) ;
#4805 = ORIENTED_EDGE ( 'NONE', *, *, #5910, .T. ) ;
#4806 = AXIS2_PLACEMENT_3D ( 'NONE', #2143, #7479, #6872 ) ;
#4807 = LINE ( 'NONE', #6595, #4166 ) ;
#4808 = CARTESIAN_POINT ( 'NONE',  ( 53.70000000000000284, 0.7199317041847136389, -3.259896182059020209 ) ) ;
#4809 = DIRECTION ( 'NONE',  ( 0.000000000000000000, 0.000000000000000000, 1.000000000000000000 ) ) ;
#4810 = FILL_AREA_STYLE ('',( #4845 ) ) ;
#4811 = ORIENTED_EDGE ( 'NONE', *, *, #1370, .T. ) ;
#4812 = LINE ( 'NONE', #1188, #3274 ) ;
#4813 = CARTESIAN_POINT ( 'NONE',  ( 0.5000000000000000000, 7.000000000000002665, -10.00000000000000000 ) ) ;
#4814 = ORIENTED_EDGE ( 'NONE', *, *, #2735, .F. ) ;
#4815 = VECTOR ( 'NONE', #7556, 1000.000000000000000 ) ;
#4816 = VERTEX_POINT ( 'NONE', #7584 ) ;
#4817 = CARTESIAN_POINT ( 'NONE',  ( 53.59999999999998721, 1.551621044983853226, -3.477664332459120988 ) ) ;
#4818 = ORIENTED_EDGE ( 'NONE', *, *, #2313, .F. ) ;
#4819 = EDGE_LOOP ( 'NONE', ( #1677, #7693, #3600, #1000 ) ) ;
#4820 = DIRECTION ( 'NONE',  ( -0.000000000000000000, 1.000000000000000000, -0.000000000000000000 ) ) ;
#4821 = VERTEX_POINT ( 'NONE', #3312 ) ;
#4822 = EDGE_CURVE ( 'NONE', #4053, #295, #7509, .T. ) ;
#4823 = ORIENTED_EDGE ( 'NONE', *, *, #534, .T. ) ;
#4824 = DIRECTION ( 'NONE',  ( -1.000000000000000000, 0.000000000000000000, 0.000000000000000000 ) ) ;
#4825 = CARTESIAN_POINT ( 'NONE',  ( -19.80000000000000071, 7.000000000000000000, 0.000000000000000000 ) ) ;
#4826 = DIRECTION ( 'NONE',  ( 0.000000000000000000, 0.3420201433256697121, 0.9396926207859080948 ) ) ;
#4827 = DIRECTION ( 'NONE',  ( 0.000000000000000000, 1.000000000000000000, 0.000000000000000000 ) ) ;
#4828 = CARTESIAN_POINT ( 'NONE',  ( 47.69999999999999574, 0.000000000000000000, 0.000000000000000000 ) ) ;
#4829 = ORIENTED_EDGE ( 'NONE', *, *, #7677, .F. ) ;
#4830 = FACE_OUTER_BOUND ( 'NONE', #3696, .T. ) ;
#4831 = LINE ( 'NONE', #2988, #6082 ) ;
#4832 = ORIENTED_EDGE ( 'NONE', *, *, #5159, .F. ) ;
#4833 = ORIENTED_EDGE ( 'NONE', *, *, #1593, .T. ) ;
#4834 = FILL_AREA_STYLE ('',( #2994 ) ) ;
#4835 = DIRECTION ( 'NONE',  ( 0.000000000000000000, 1.224646799147353454E-16, 1.000000000000000000 ) ) ;
#4836 = LINE ( 'NONE', #480, #2609 ) ;
#4837 =( LENGTH_UNIT ( ) NAMED_UNIT ( * ) SI_UNIT ( .MILLI., .METRE. ) );
#4838 = CARTESIAN_POINT ( 'NONE',  ( 53.60000000000000142, -0.02715861994505599369, -2.859334624131128599 ) ) ;
#4839 = CYLINDRICAL_SURFACE ( 'NONE', #6433, 1.500000000000000000 ) ;
#4840 = EDGE_LOOP ( 'NONE', ( #6565, #6042 ) ) ;
#4841 = ADVANCED_FACE ( 'NONE', ( #343 ), #5702, .F. ) ;
#4842 = LINE ( 'NONE', #1302, #6967 ) ;
#4843 = CARTESIAN_POINT ( 'NONE',  ( 44.50000000000000711, -14.22809906599087348, -8.216365302705670004 ) ) ;
#4844 = CYLINDRICAL_SURFACE ( 'NONE', #3571, 7.000000000000000000 ) ;
#4845 = FILL_AREA_STYLE_COLOUR ( '', #345 ) ;
#4846 = ORIENTED_EDGE ( 'NONE', *, *, #4932, .F. ) ;
#4847 = ORIENTED_EDGE ( 'NONE', *, *, #6543, .T. ) ;
#4848 = DIRECTION ( 'NONE',  ( 1.000000000000000000, 0.000000000000000000, -0.000000000000000000 ) ) ;
#4849 = VERTEX_POINT ( 'NONE', #6007 ) ;
#4850 = ADVANCED_FACE ( 'NONE', ( #7747 ), #5458, .T. ) ;
#4851 = ORIENTED_EDGE ( 'NONE', *, *, #6276, .T. ) ;
#4852 = CARTESIAN_POINT ( 'NONE',  ( 0.000000000000000000, -14.45000000000000107, -0.2500000000000002220 ) ) ;
#4853 = ORIENTED_EDGE ( 'NONE', *, *, #2558, .F. ) ;
#4854 = ORIENTED_EDGE ( 'NONE', *, *, #3870, .F. ) ;
#4855 = DIRECTION ( 'NONE',  ( 0.000000000000000000, -1.000000000000000000, 0.000000000000000000 ) ) ;
#4856 = VERTEX_POINT ( 'NONE', #2311 ) ;
#4857 = VERTEX_POINT ( 'NONE', #3464 ) ;
#4858 = CIRCLE ( 'NONE', #4601, 1.500000000000001110 ) ;
#4859 = CARTESIAN_POINT ( 'NONE',  ( 53.69999999999999574, -0.08014773745609271582, -2.743682071735587868 ) ) ;
#4860 = DIRECTION ( 'NONE',  ( 0.000000000000000000, 0.6537832099641693873, 0.7566819109566098600 ) ) ;
#4861 =( NAMED_UNIT ( * ) SI_UNIT ( $, .STERADIAN. ) SOLID_ANGLE_UNIT ( ) );
#4862 = EDGE_CURVE ( 'NONE', #3367, #3671, #7785, .T. ) ;
#4863 = DIRECTION ( 'NONE',  ( 1.000000000000000000, -0.000000000000000000, -0.000000000000000000 ) ) ;
#4864 = VERTEX_POINT ( 'NONE', #7162 ) ;
#4865 = CARTESIAN_POINT ( 'NONE',  ( 0.000000000000000000, -16.54999999999999716, -0.2500000000000002220 ) ) ;
#4866 = LINE ( 'NONE', #627, #3156 ) ;
#4867 =( GEOMETRIC_REPRESENTATION_CONTEXT ( 3 ) GLOBAL_UNCERTAINTY_ASSIGNED_CONTEXT ( ( #4068 ) ) GLOBAL_UNIT_ASSIGNED_CONTEXT ( ( #3855, #6844, #2577 ) ) REPRESENTATION_CONTEXT ( 'NONE', 'WORKASPACE' ) );
#4868 = AXIS2_PLACEMENT_3D ( 'NONE', #3801, #6664, #2560 ) ;
#4869 = ORIENTED_EDGE ( 'NONE', *, *, #4398, .T. ) ;
#4870 = UNCERTAINTY_MEASURE_WITH_UNIT (LENGTH_MEASURE( 1.000000000000000082E-05 ), #902, 'distance_accuracy_value', 'NONE');
#4871 = LINE ( 'NONE', #4273, #4638 ) ;
#4872 = AXIS2_PLACEMENT_3D ( 'NONE', #4825, #7291, #7376 ) ;
#4873 = CARTESIAN_POINT ( 'NONE',  ( 21.50000000000000000, 0.000000000000000000, 0.000000000000000000 ) ) ;
#4874 = FACE_OUTER_BOUND ( 'NONE', #4840, .T. ) ;
#4875 = FACE_OUTER_BOUND ( 'NONE', #1767, .T. ) ;
#4876 = DIRECTION ( 'NONE',  ( 0.000000000000000000, 0.3420201433256632728, -0.9396926207859104263 ) ) ;
#4877 = VECTOR ( 'NONE', #3702, 1000.000000000000000 ) ;
#4878 = ORIENTED_EDGE ( 'NONE', *, *, #3780, .T. ) ;
#4879 = FACE_OUTER_BOUND ( 'NONE', #2282, .T. ) ;
#4880 = FACE_OUTER_BOUND ( 'NONE', #5632, .T. ) ;
#4881 = DIRECTION ( 'NONE',  ( 0.000000000000000000, 0.000000000000000000, 1.000000000000000000 ) ) ;
#4882 = VECTOR ( 'NONE', #4863, 1000.000000000000000 ) ;
#4883 = ORIENTED_EDGE ( 'NONE', *, *, #5067, .T. ) ;
#4884 = EDGE_CURVE ( 'NONE', #4053, #6216, #1160, .T. ) ;
#4885 = DIRECTION ( 'NONE',  ( 1.000000000000000000, -0.000000000000000000, -0.000000000000000000 ) ) ;
#4886 = ORIENTED_EDGE ( 'NONE', *, *, #2794, .T. ) ;
#4887 = ORIENTED_EDGE ( 'NONE', *, *, #6987, .F. ) ;
#4888 = LINE ( 'NONE', #4817, #4877 ) ;
#4889 = EDGE_CURVE ( 'NONE', #5945, #3265, #3428, .T. ) ;
#4890 = ORIENTED_EDGE ( 'NONE', *, *, #5621, .F. ) ;
#4891 = VERTEX_POINT ( 'NONE', #4179 ) ;
#4892 = PRESENTATION_STYLE_ASSIGNMENT (( #2974 ) ) ;
#4893 = CARTESIAN_POINT ( 'NONE',  ( 53.59999999999998721, 0.1155601897206955386, 4.247384381683057875 ) ) ;
#4894 = VECTOR ( 'NONE', #2355, 1000.000000000000000 ) ;
#4895 = ORIENTED_EDGE ( 'NONE', *, *, #4257, .F. ) ;
#4896 = CIRCLE ( 'NONE', #4258, 10.00000000000000000 ) ;
#4897 = ORIENTED_EDGE ( 'NONE', *, *, #5840, .T. ) ;
#4898 = EDGE_CURVE ( 'NONE', #5886, #729, #3162, .T. ) ;
#4899 = MECHANICAL_DESIGN_GEOMETRIC_PRESENTATION_REPRESENTATION (  '', ( #7319 ), #6679 ) ;
#4900 = VECTOR ( 'NONE', #5234, 1000.000000000000227 ) ;
#4901 = DIRECTION ( 'NONE',  ( -1.000000000000000000, 0.000000000000000000, -0.000000000000000000 ) ) ;
#4902 = CARTESIAN_POINT ( 'NONE',  ( 50.69999999999999574, -4.957566531502839879, -7.773193300421834984 ) ) ;
#4903 = LINE ( 'NONE', #4380, #2119 ) ;
#4904 = DIRECTION ( 'NONE',  ( -0.000000000000000000, -0.5000000000000000000, -0.8660254037844385966 ) ) ;
#4905 = ORIENTED_EDGE ( 'NONE', *, *, #7519, .T. ) ;
#4906 = CARTESIAN_POINT ( 'NONE',  ( 48.69999999999999574, 0.000000000000000000, 0.000000000000000000 ) ) ;
#4907 = CARTESIAN_POINT ( 'NONE',  ( 6.000000000000000000, 0.000000000000000000, -15.50000000000000000 ) ) ;
#4908 = VECTOR ( 'NONE', #2383, 1000.000000000000000 ) ;
#4909 = MECHANICAL_DESIGN_GEOMETRIC_PRESENTATION_REPRESENTATION (  '', ( #7064 ), #2238 ) ;
#4910 = VERTEX_POINT ( 'NONE', #2279 ) ;
#4911 = DIRECTION ( 'NONE',  ( -1.000000000000000000, -0.000000000000000000, -0.000000000000000000 ) ) ;
#4912 = CARTESIAN_POINT ( 'NONE',  ( 49.19999999999999574, 7.960204194457796463E-16, 6.500000000000000888 ) ) ;
#4913 = PRESENTATION_LAYER_ASSIGNMENT (  '', '', ( #976 ) ) ;
#4914 = CIRCLE ( 'NONE', #6188, 1.299999999999997380 ) ;
#4915 = CARTESIAN_POINT ( 'NONE',  ( 53.59999999999998721, 1.214767264119655854, 1.996833409881984212 ) ) ;
#4916 = CIRCLE ( 'NONE', #3522, 6.500000000000000888 ) ;
#4917 = ADVANCED_FACE ( 'NONE', ( #7246 ), #5929, .T. ) ;
#4918 = PRESENTATION_LAYER_ASSIGNMENT (  '', '', ( #7319 ) ) ;
#4919 = VERTEX_POINT ( 'NONE', #1722 ) ;
#4920 = DIRECTION ( 'NONE',  ( -1.000000000000000000, 0.000000000000000000, 0.000000000000000000 ) ) ;
#4921 = DIRECTION ( 'NONE',  ( -0.000000000000000000, 0.9396926207859103153, 0.3420201433256636614 ) ) ;
#4922 = DIRECTION ( 'NONE',  ( -1.000000000000000000, -0.000000000000000000, -0.000000000000000000 ) ) ;
#4923 = AXIS2_PLACEMENT_3D ( 'NONE', #2219, #6395, #3298 ) ;
#4924 = PLANE ( 'NONE',  #2249 ) ;
#4925 = EDGE_CURVE ( 'NONE', #3794, #2270, #7206, .T. ) ;
#4926 = VECTOR ( 'NONE', #3940, 1000.000000000000000 ) ;
#4927 = ORIENTED_EDGE ( 'NONE', *, *, #7301, .F. ) ;
#4928 = DIRECTION ( 'NONE',  ( -0.000000000000000000, 0.8660254037844385966, 0.5000000000000000000 ) ) ;
#4929 = VERTEX_POINT ( 'NONE', #6456 ) ;
#4930 = ORIENTED_EDGE ( 'NONE', *, *, #2678, .T. ) ;
#4931 = DIRECTION ( 'NONE',  ( -1.000000000000000000, -0.000000000000000000, -0.000000000000000000 ) ) ;
#4932 = EDGE_CURVE ( 'NONE', #1363, #36, #5847, .T. ) ;
#4933 = DIRECTION ( 'NONE',  ( 0.000000000000000000, -1.000000000000000000, 0.000000000000000000 ) ) ;
#4934 = VERTEX_POINT ( 'NONE', #2816 ) ;
#4935 = CYLINDRICAL_SURFACE ( 'NONE', #7476, 1.500000000000001332 ) ;
#4936 = VECTOR ( 'NONE', #4717, 1000.000000000000000 ) ;
#4937 = DIRECTION ( 'NONE',  ( -1.000000000000000000, 0.000000000000000000, 0.000000000000000000 ) ) ;
#4938 = VERTEX_POINT ( 'NONE', #7700 ) ;
#4939 = ORIENTED_EDGE ( 'NONE', *, *, #1343, .T. ) ;
#4940 = VECTOR ( 'NONE', #1649, 1000.000000000000000 ) ;
#4941 = EDGE_CURVE ( 'NONE', #1627, #1221, #2235, .T. ) ;
#4942 = CARTESIAN_POINT ( 'NONE',  ( 53.69999999999999574, -0.1001896595580316351, -2.683318004273699042 ) ) ;
#4943 = FACE_OUTER_BOUND ( 'NONE', #6755, .T. ) ;
#4944 = FILL_AREA_STYLE ('',( #7415 ) ) ;
#4945 = DIRECTION ( 'NONE',  ( -1.000000000000000000, -0.000000000000000000, 0.000000000000000000 ) ) ;
#4946 = VERTEX_POINT ( 'NONE', #6167 ) ;
#4947 = FACE_OUTER_BOUND ( 'NONE', #177, .T. ) ;
#4948 = LINE ( 'NONE', #3110, #7095 ) ;
#4949 = VECTOR ( 'NONE', #2190, 1000.000000000000000 ) ;
#4950 = EDGE_CURVE ( 'NONE', #1123, #1771, #732, .T. ) ;
#4951 = UNCERTAINTY_MEASURE_WITH_UNIT (LENGTH_MEASURE( 1.000000000000000082E-05 ), #3686, 'distance_accuracy_value', 'NONE');
#4952 = CARTESIAN_POINT ( 'NONE',  ( 6.000000000000000000, 1.836970198721030427E-16, -17.00000000000000000 ) ) ;
#4953 = FACE_OUTER_BOUND ( 'NONE', #4724, .T. ) ;
#4954 = DIRECTION ( 'NONE',  ( 1.000000000000000000, -0.000000000000000000, -0.000000000000000000 ) ) ;
#4955 = FACE_OUTER_BOUND ( 'NONE', #7156, .T. ) ;
#4956 = CARTESIAN_POINT ( 'NONE',  ( 0.2000000000000000111, 7.750000000000006217, 13.42339375865879703 ) ) ;
#4957 = DIRECTION ( 'NONE',  ( 0.000000000000000000, 0.000000000000000000, -1.000000000000000000 ) ) ;
#4958 = VERTEX_POINT ( 'NONE', #1240 ) ;
#4959 = CARTESIAN_POINT ( 'NONE',  ( 53.69999999999998863, 0.3637682387785251548, -4.523683967774260850 ) ) ;
#4960 = CARTESIAN_POINT ( 'NONE',  ( 0.000000000000000000, 7.841506350946115589, 13.08188740771268677 ) ) ;
#4961 = DIRECTION ( 'NONE',  ( 0.000000000000000000, -0.000000000000000000, -1.000000000000000000 ) ) ;
#4962 = CARTESIAN_POINT ( 'NONE',  ( 50.69999999999999574, -4.444536316514335006, -6.363654369242972564 ) ) ;
#4963 = ORIENTED_EDGE ( 'NONE', *, *, #555, .F. ) ;
#4964 = EDGE_CURVE ( 'NONE', #5868, #1936, #3027, .T. ) ;
#4965 = VERTEX_POINT ( 'NONE', #5460 ) ;
#4966 = CARTESIAN_POINT ( 'NONE',  ( 0.2000000000000000111, 7.750000000000006217, 12.12339375865879987 ) ) ;
#4967 = VERTEX_POINT ( 'NONE', #4335 ) ;
#4968 = EDGE_LOOP ( 'NONE', ( #7244, #1905, #4176, #5501, #2646, #3584, #6055, #3704 ) ) ;
#4969 = CARTESIAN_POINT ( 'NONE',  ( 53.60000000000001563, 0.2724169903177313667, -2.626734465580571776 ) ) ;
#4970 = SURFACE_SIDE_STYLE ('',( #6881 ) ) ;
#4971 = ORIENTED_EDGE ( 'NONE', *, *, #783, .F. ) ;
#4972 = ORIENTED_EDGE ( 'NONE', *, *, #6987, .T. ) ;
#4973 = FILL_AREA_STYLE ('',( #4334 ) ) ;
#4974 = DIRECTION ( 'NONE',  ( -0.000000000000000000, -1.000000000000000000, -0.000000000000000000 ) ) ;
#4975 = ORIENTED_EDGE ( 'NONE', *, *, #6741, .F. ) ;
#4976 = EDGE_LOOP ( 'NONE', ( #3580, #2226, #2819, #3093 ) ) ;
#4977 = FACE_OUTER_BOUND ( 'NONE', #4774, .T. ) ;
#4978 = CARTESIAN_POINT ( 'NONE',  ( 51.89999999999998437, 8.150000000000003908, 10.20000000000000284 ) ) ;
#4979 = CARTESIAN_POINT ( 'NONE',  ( -8.300000000000002487, 4.500000000000000888, -1.658312395177700793 ) ) ;
#4980 = B_SPLINE_SURFACE_WITH_KNOTS ( 'NONE', 3, 1, ( 
 ( #2956, #4722 ),
 ( #7183, #5397 ),
 ( #5948, #525 ),
 ( #6627, #1666 ),
 ( #6074, #7838 ),
 ( #5357, #5438 ),
 ( #4683, #598 ),
 ( #2876, #7141 ),
 ( #7801, #7228 ),
 ( #4800, #4196 ),
 ( #4073, #1062 ),
 ( #2374, #5903 ),
 ( #4238, #6589 ),
 ( #4838, #1099 ),
 ( #6666, #2331 ),
 ( #3604, #1701 ),
 ( #7108, #7 ),
 ( #4117, #1748 ),
 ( #4758, #1217 ) ),
 .UNSPECIFIED., .F., .F., .F.,
 ( 4, 1, 1, 1, 1, 1, 1, 1, 1, 1, 1, 1, 1, 1, 1, 1, 4 ),
 ( 2, 2 ),
 ( 0.000000000000000000, 0.07714447655730773123, 0.1505135097140797851, 0.2201038032256179278, 0.2865581835619339657, 0.3507030945615888795, 0.4131187727959301781, 0.4748258247368364326, 0.5361077232178106389, 0.5968817793367422464, 0.6562550976499608169, 0.7145394448420049338, 0.7718652996107705500, 0.8292364414344742807, 0.8859550136645981677, 0.9423398632940785946, 1.000000000000000000 ),
 ( 0.000000000000000000, 1.000000000000000000 ),
 .UNSPECIFIED. ) ;
#4981 = CARTESIAN_POINT ( 'NONE',  ( 2.000000000000000000, 8.534326673973666288, 12.68188740771268641 ) ) ;
#4982 = EDGE_LOOP ( 'NONE', ( #1678, #4075, #184, #5526 ) ) ;
#4983 = DIRECTION ( 'NONE',  ( 0.000000000000000000, 1.000000000000000000, -0.000000000000000000 ) ) ;
#4984 = LINE ( 'NONE', #2444, #1257 ) ;
#4985 = EDGE_CURVE ( 'NONE', #1232, #5568, #3706, .T. ) ;
#4986 = CARTESIAN_POINT ( 'NONE',  ( 2.000000000000000000, 7.749999999999998224, -13.42339375865880058 ) ) ;
#4987 = EDGE_CURVE ( 'NONE', #7165, #3249, #4254, .T. ) ;
#4988 = CARTESIAN_POINT ( 'NONE',  ( 0.000000000000000000, 7.658493649053887076, -13.76490010960491261 ) ) ;
#4989 = LINE ( 'NONE', #7386, #2496 ) ;
#4990 = CYLINDRICAL_SURFACE ( 'NONE', #5656, 1.500000000000001332 ) ;
#4991 = DIRECTION ( 'NONE',  ( -0.000000000000000000, -0.8660254037844384856, -0.5000000000000002220 ) ) ;
#4992 = CARTESIAN_POINT ( 'NONE',  ( 53.19999999999998863, 0.000000000000000000, 0.000000000000000000 ) ) ;
#4993 = VECTOR ( 'NONE', #4512, 1000.000000000000000 ) ;
#4994 = EDGE_CURVE ( 'NONE', #4014, #7365, #2513, .T. ) ;
#4995 = FILL_AREA_STYLE_COLOUR ( '', #7746 ) ;
#4996 = ORIENTED_EDGE ( 'NONE', *, *, #4318, .F. ) ;
#4997 = AXIS2_PLACEMENT_3D ( 'NONE', #6652, #1901, #103 ) ;
#4998 = DIRECTION ( 'NONE',  ( 1.000000000000000000, 0.000000000000000000, 0.000000000000000000 ) ) ;
#4999 = EDGE_CURVE ( 'NONE', #1928, #3018, #23, .T. ) ;
#5000 = AXIS2_PLACEMENT_3D ( 'NONE', #5872, #7071, #4569 ) ;
#5001 = DIRECTION ( 'NONE',  ( -1.000000000000000000, -0.000000000000000000, -0.000000000000000000 ) ) ;
#5002 = PRESENTATION_STYLE_ASSIGNMENT (( #7435 ) ) ;
#5003 = CIRCLE ( 'NONE', #3607, 6.000000000000000888 ) ;
#5004 = CARTESIAN_POINT ( 'NONE',  ( 6.000000000000000000, -13.42339375865886986, 7.749999999999874767 ) ) ;
#5005 = ORIENTED_EDGE ( 'NONE', *, *, #4598, .F. ) ;
#5006 = EDGE_CURVE ( 'NONE', #4187, #1848, #3787, .T. ) ;
#5007 = ORIENTED_EDGE ( 'NONE', *, *, #2245, .F. ) ;
#5008 =( GEOMETRIC_REPRESENTATION_CONTEXT ( 3 ) GLOBAL_UNCERTAINTY_ASSIGNED_CONTEXT ( ( #5031 ) ) GLOBAL_UNIT_ASSIGNED_CONTEXT ( ( #7740, #2348, #3423 ) ) REPRESENTATION_CONTEXT ( 'NONE', 'WORKASPACE' ) );
#5009 = LINE ( 'NONE', #1963, #7048 ) ;
#5010 = FILL_AREA_STYLE ('',( #2617 ) ) ;
#5011 = CARTESIAN_POINT ( 'NONE',  ( 21.50000000000000000, 0.000000000000000000, 16.39999999999999858 ) ) ;
#5012 = VERTEX_POINT ( 'NONE', #2583 ) ;
#5013 = ORIENTED_EDGE ( 'NONE', *, *, #7431, .F. ) ;
#5014 = LINE ( 'NONE', #4454, #7090 ) ;
#5015 = CARTESIAN_POINT ( 'NONE',  ( 53.59999999999997300, 0.5166769942313013120, -3.250286332999503092 ) ) ;
#5016 = ORIENTED_EDGE ( 'NONE', *, *, #3289, .F. ) ;
#5017 = AXIS2_PLACEMENT_3D ( 'NONE', #1088, #2288, #4787 ) ;
#5018 = EDGE_CURVE ( 'NONE', #1329, #295, #1280, .T. ) ;
#5019 = ORIENTED_EDGE ( 'NONE', *, *, #6501, .T. ) ;
#5020 = DIRECTION ( 'NONE',  ( 0.000000000000000000, -1.000000000000000000, 0.000000000000000000 ) ) ;
#5021 = DIRECTION ( 'NONE',  ( -1.000000000000000000, -0.000000000000000000, -0.000000000000000000 ) ) ;
#5022 = CARTESIAN_POINT ( 'NONE',  ( 53.49999999999999289, -8.750000000000000000, 15.70000000000000284 ) ) ;
#5023 = VECTOR ( 'NONE', #3098, 1000.000000000000000 ) ;
#5024 = CARTESIAN_POINT ( 'NONE',  ( 0.000000000000000000, 7.008493649053888497, -12.63906708468514140 ) ) ;
#5025 = ORIENTED_EDGE ( 'NONE', *, *, #7185, .F. ) ;
#5026 = FACE_OUTER_BOUND ( 'NONE', #2314, .T. ) ;
#5027 = EDGE_CURVE ( 'NONE', #764, #1800, #5521, .T. ) ;
#5028 = PLANE ( 'NONE',  #2151 ) ;
#5029 =( GEOMETRIC_REPRESENTATION_CONTEXT ( 3 ) GLOBAL_UNCERTAINTY_ASSIGNED_CONTEXT ( ( #436 ) ) GLOBAL_UNIT_ASSIGNED_CONTEXT ( ( #71, #348, #7549 ) ) REPRESENTATION_CONTEXT ( 'NONE', 'WORKASPACE' ) );
#5030 = AXIS2_PLACEMENT_3D ( 'NONE', #2105, #4519, #4195 ) ;
#5031 = UNCERTAINTY_MEASURE_WITH_UNIT (LENGTH_MEASURE( 1.000000000000000082E-05 ), #7740, 'distance_accuracy_value', 'NONE');
#5032 = LINE ( 'NONE', #3835, #7705 ) ;
#5033 = SURFACE_STYLE_USAGE ( .BOTH. , #6417 ) ;
#5034 = ADVANCED_FACE ( 'NONE', ( #176 ), #619, .T. ) ;
#5035 = DIRECTION ( 'NONE',  ( 0.000000000000000000, 0.000000000000000000, 1.000000000000000000 ) ) ;
#5036 = DIRECTION ( 'NONE',  ( 0.000000000000000000, -0.4999999999999992784, 0.8660254037844390407 ) ) ;
#5037 = VECTOR ( 'NONE', #6198, 1000.000000000000000 ) ;
#5039 =( GEOMETRIC_REPRESENTATION_CONTEXT ( 3 ) GLOBAL_UNCERTAINTY_ASSIGNED_CONTEXT ( ( #979 ) ) GLOBAL_UNIT_ASSIGNED_CONTEXT ( ( #1535, #5146, #2061 ) ) REPRESENTATION_CONTEXT ( 'NONE', 'WORKASPACE' ) );
#5038 =( NAMED_UNIT ( * ) PLANE_ANGLE_UNIT ( ) SI_UNIT ( $, .RADIAN. ) );
#5040 = VERTEX_POINT ( 'NONE', #4216 ) ;
#5041 = ADVANCED_FACE ( 'NONE', ( #6648 ), #3103, .F. ) ;
#5042 = DIRECTION ( 'NONE',  ( 0.000000000000000000, 0.000000000000000000, -1.000000000000000000 ) ) ;
#5043 = CARTESIAN_POINT ( 'NONE',  ( 53.49999999999999289, -8.750000000000003553, 8.500000000000000000 ) ) ;
#5044 = CARTESIAN_POINT ( 'NONE',  ( 0.000000000000000000, -15.25000000000000000, -1.050000000000000044 ) ) ;
#5045 = DIRECTION ( 'NONE',  ( 1.000000000000000000, -0.000000000000000000, -0.000000000000000000 ) ) ;
#5046 = CIRCLE ( 'NONE', #237, 16.39999999999999858 ) ;
#5047 = CARTESIAN_POINT ( 'NONE',  ( 50.69999999999999574, 0.6857658333706520004, -7.731734942545654299 ) ) ;
#5048 = VECTOR ( 'NONE', #899, 1000.000000000000000 ) ;
#5049 = EDGE_CURVE ( 'NONE', #5989, #1408, #6050, .T. ) ;
#5050 = EDGE_LOOP ( 'NONE', ( #2010, #1781 ) ) ;
#5051 = ORIENTED_EDGE ( 'NONE', *, *, #4261, .F. ) ;
#5052 = CARTESIAN_POINT ( 'NONE',  ( 53.59999999999998721, 0.1687476288045161865, -2.233734892948135098 ) ) ;
#5053 = STYLED_ITEM ( 'NONE', ( #1969 ), #4009 ) ;
#5054 = FACE_OUTER_BOUND ( 'NONE', #6606, .T. ) ;
#5055 = ORIENTED_EDGE ( 'NONE', *, *, #4361, .F. ) ;
#5056 = CARTESIAN_POINT ( 'NONE',  ( 0.000000000000000000, -14.45000000000000107, -0.2500000000000002220 ) ) ;
#5057 = VECTOR ( 'NONE', #6909, 1000.000000000000000 ) ;
#5058 = SURFACE_SIDE_STYLE ('',( #2623 ) ) ;
#5059 = ORIENTED_EDGE ( 'NONE', *, *, #2893, .T. ) ;
#5060 = ORIENTED_EDGE ( 'NONE', *, *, #3918, .T. ) ;
#5061 = AXIS2_PLACEMENT_3D ( 'NONE', #944, #320, #5042 ) ;
#5062 =( NAMED_UNIT ( * ) PLANE_ANGLE_UNIT ( ) SI_UNIT ( $, .RADIAN. ) );
#5063 = PLANE ( 'NONE',  #487 ) ;
#5064 = CARTESIAN_POINT ( 'NONE',  ( 53.59999999999998721, -0.5404182256464260536, -0.4480815368426800394 ) ) ;
#5065 = EDGE_LOOP ( 'NONE', ( #1206, #2814, #3326, #4312 ) ) ;
#5066 =( NAMED_UNIT ( * ) PLANE_ANGLE_UNIT ( ) SI_UNIT ( $, .RADIAN. ) );
#5067 = EDGE_CURVE ( 'NONE', #2706, #3385, #6725, .T. ) ;
#5068 = DIRECTION ( 'NONE',  ( 0.000000000000000000, 0.000000000000000000, 1.000000000000000000 ) ) ;
#5069 = VECTOR ( 'NONE', #97, 1000.000000000000000 ) ;
#5070 = LINE ( 'NONE', #820, #6932 ) ;
#5071 = PRESENTATION_STYLE_ASSIGNMENT (( #785 ) ) ;
#5072 = CARTESIAN_POINT ( 'NONE',  ( 51.89999999999998437, -18.30000000000000071, 12.20000000000000284 ) ) ;
#5073 = LINE ( 'NONE', #7012, #6047 ) ;
#5074 = CARTESIAN_POINT ( 'NONE',  ( 0.000000000000000000, 7.658493649053896846, 13.76490010960490729 ) ) ;
#5075 = CARTESIAN_POINT ( 'NONE',  ( 0.000000000000000000, 7.749999999999999112, -13.42339375865880058 ) ) ;
#5076 = DIRECTION ( 'NONE',  ( 0.000000000000000000, -0.4954458490943091653, 0.8686388263341784377 ) ) ;
#5077 =( GEOMETRIC_REPRESENTATION_CONTEXT ( 3 ) GLOBAL_UNCERTAINTY_ASSIGNED_CONTEXT ( ( #4313 ) ) GLOBAL_UNIT_ASSIGNED_CONTEXT ( ( #3092, #3697, #5523 ) ) REPRESENTATION_CONTEXT ( 'NONE', 'WORKASPACE' ) );
#5078 = CARTESIAN_POINT ( 'NONE',  ( 53.59999999999998721, 1.550946593406788754, -2.252574107063715747 ) ) ;
#5079 = ORIENTED_EDGE ( 'NONE', *, *, #3918, .F. ) ;
#5080 = DIRECTION ( 'NONE',  ( 0.000000000000000000, 0.000000000000000000, -1.000000000000000000 ) ) ;
#5081 = DIRECTION ( 'NONE',  ( -1.000000000000000000, 0.000000000000000000, 0.000000000000000000 ) ) ;
#5082 = DIRECTION ( 'NONE',  ( -1.000000000000000000, 0.000000000000000000, -0.000000000000000000 ) ) ;
#5083 = FACE_OUTER_BOUND ( 'NONE', #5433, .T. ) ;
#5084 = LINE ( 'NONE', #4484, #3111 ) ;
#5085 = ORIENTED_EDGE ( 'NONE', *, *, #3989, .T. ) ;
#5086 = EDGE_CURVE ( 'NONE', #7817, #5841, #7500, .T. ) ;
#5087 = LINE ( 'NONE', #1472, #100 ) ;
#5088 = DIRECTION ( 'NONE',  ( 0.000000000000000000, 0.000000000000000000, -1.000000000000000000 ) ) ;
#5089 = CARTESIAN_POINT ( 'NONE',  ( 53.69999999999998863, 1.550946593406788754, -2.252574107063715747 ) ) ;
#5090 = CARTESIAN_POINT ( 'NONE',  ( 53.59999999999998010, 1.213879258146364215, -2.204305446815539860 ) ) ;
#5091 = CARTESIAN_POINT ( 'NONE',  ( 53.69999999999998863, 0.000000000000000000, 0.000000000000000000 ) ) ;
#5092 = EDGE_LOOP ( 'NONE', ( #4573, #7612, #4052, #2951 ) ) ;
#5093 = DIRECTION ( 'NONE',  ( 1.000000000000000000, -0.000000000000000000, -0.000000000000000000 ) ) ;
#5094 = EDGE_CURVE ( 'NONE', #798, #7039, #957, .T. ) ;
#5095 = CARTESIAN_POINT ( 'NONE',  ( 53.70000000000001705, 1.074047988458809222, -2.650395295341452684 ) ) ;
#5096 = ORIENTED_EDGE ( 'NONE', *, *, #2058, .T. ) ;
#5097 = ORIENTED_EDGE ( 'NONE', *, *, #683, .F. ) ;
#5098 = PLANE ( 'NONE',  #571 ) ;
#5099 = DIRECTION ( 'NONE',  ( 0.000000000000000000, 0.000000000000000000, 1.000000000000000000 ) ) ;
#5100 = ORIENTED_EDGE ( 'NONE', *, *, #445, .F. ) ;
#5101 = ORIENTED_EDGE ( 'NONE', *, *, #6362, .T. ) ;
#5102 = FILL_AREA_STYLE ('',( #275 ) ) ;
#5103 = EDGE_CURVE ( 'NONE', #3830, #2394, #5693, .T. ) ;
#5104 = DIRECTION ( 'NONE',  ( -1.000000000000000000, -0.000000000000000000, -0.000000000000000000 ) ) ;
#5105 = FILL_AREA_STYLE ('',( #2674 ) ) ;
#5106 = CYLINDRICAL_SURFACE ( 'NONE', #179, 1.500000000000000000 ) ;
#5107 = DIRECTION ( 'NONE',  ( 1.000000000000000000, -0.000000000000000000, -0.000000000000000000 ) ) ;
#5108 = PLANE ( 'NONE',  #1739 ) ;
#5109 = LINE ( 'NONE', #4589, #5399 ) ;
#5110 = DIRECTION ( 'NONE',  ( 0.000000000000000000, 0.000000000000000000, 1.000000000000000000 ) ) ;
#5111 = PRESENTATION_STYLE_ASSIGNMENT (( #7637 ) ) ;
#5112 = EDGE_CURVE ( 'NONE', #1686, #3461, #6658, .T. ) ;
#5113 = UNCERTAINTY_MEASURE_WITH_UNIT (LENGTH_MEASURE( 1.000000000000000082E-05 ), #1604, 'distance_accuracy_value', 'NONE');
#5114 = DIRECTION ( 'NONE',  ( 0.000000000000000000, 0.000000000000000000, -1.000000000000000000 ) ) ;
#5115 = VECTOR ( 'NONE', #4040, 1000.000000000000000 ) ;
#5116 = CARTESIAN_POINT ( 'NONE',  ( 0.000000000000000000, -15.50000000000000000, -8.673617379884035472E-16 ) ) ;
#5117 = FILL_AREA_STYLE ('',( #6318 ) ) ;
#5118 = VERTEX_POINT ( 'NONE', #4456 ) ;
#5119 = VECTOR ( 'NONE', #3114, 1000.000000000000000 ) ;
#5120 = PRESENTATION_STYLE_ASSIGNMENT (( #3851 ) ) ;
#5121 = DIRECTION ( 'NONE',  ( 1.000000000000000000, 0.000000000000000000, 0.000000000000000000 ) ) ;
#5122 = B_SPLINE_CURVE_WITH_KNOTS ( 'NONE', 3,
 ( #1203, #1975, #623, #5423, #2519, #3747, #7413, #3633, #5498, #2552, #6056, #6173, #3148, #4263, #5539, #4859, #4942, #3028, #5582 ),
 .UNSPECIFIED., .F., .F.,
 ( 4, 1, 1, 1, 1, 1, 1, 1, 1, 1, 1, 1, 1, 1, 1, 1, 4 ),
 ( 0.000000000000000000, 0.07714447655730773123, 0.1505135097140797851, 0.2201038032256179278, 0.2865581835619339657, 0.3507030945615888795, 0.4131187727959301781, 0.4748258247368364326, 0.5361077232178106389, 0.5968817793367422464, 0.6562550976499608169, 0.7145394448420049338, 0.7718652996107705500, 0.8292364414344742807, 0.8859550136645981677, 0.9423398632940785946, 1.000000000000000000 ),
 .UNSPECIFIED. ) ;
#5123 = DIRECTION ( 'NONE',  ( 0.000000000000000000, 0.000000000000000000, -1.000000000000000000 ) ) ;
#5124 = DIRECTION ( 'NONE',  ( 0.000000000000000000, 0.000000000000000000, -1.000000000000000000 ) ) ;
#5126 = CIRCLE ( 'NONE', #5881, 1.500000000000001110 ) ;
#5125 = CARTESIAN_POINT ( 'NONE',  ( 0.2000000000000000111, -15.50000000000000000, -8.673617379884035472E-16 ) ) ;
#5127 = EDGE_CURVE ( 'NONE', #4660, #6399, #5759, .T. ) ;
#5128 = VERTEX_POINT ( 'NONE', #850 ) ;
#5129 = CARTESIAN_POINT ( 'NONE',  ( 53.59999999999998721, -1.480062982793924453, -0.7192718126651240773 ) ) ;
#5130 = FILL_AREA_STYLE_COLOUR ( '', #3922 ) ;
#5131 = B_SPLINE_CURVE_WITH_KNOTS ( 'NONE', 3,
 ( #3915, #973, #1613, #6903, #5191, #281, #7632, #7667, #352, #3985, #1574, #5227, #1460, #2137, #827, #1537, #6384, #7516, #7593, #2171, #2204, #5742, #6267, #2063, #7014, #3399, #2099, #938, #7553, #6419, #3281, #3355, #910, #3235 ),
 .UNSPECIFIED., .F., .F.,
 ( 4, 2, 2, 2, 2, 2, 2, 2, 2, 2, 2, 2, 2, 2, 2, 2, 4 ),
 ( 0.5000000000000000000, 0.5312500000000000000, 0.5625000000000000000, 0.5937500000000000000, 0.6250000000000000000, 0.6562500000000000000, 0.6875000000000000000, 0.7187500000000000000, 0.7500000000000000000, 0.7812500000000000000, 0.8125000000000000000, 0.8437500000000000000, 0.8750000000000000000, 0.9062500000000000000, 0.9375000000000000000, 0.9687500000000000000, 1.000000000000000000 ),
 .UNSPECIFIED. ) ;
#5132 = ORIENTED_EDGE ( 'NONE', *, *, #4119, .F. ) ;
#5133 = AXIS2_PLACEMENT_3D ( 'NONE', #616, #3058, #5457 ) ;
#5134 = ORIENTED_EDGE ( 'NONE', *, *, #6192, .T. ) ;
#5135 = ADVANCED_FACE ( 'NONE', ( #2159 ), #3304, .F. ) ;
#5136 = SURFACE_SIDE_STYLE ('',( #2051 ) ) ;
#5137 = LINE ( 'NONE', #2126, #7724 ) ;
#5138 = EDGE_LOOP ( 'NONE', ( #2897, #6508, #3510, #26, #2934 ) ) ;
#5139 = LINE ( 'NONE', #3345, #875 ) ;
#5140 = STYLED_ITEM ( 'NONE', ( #5807 ), #1828 ) ;
#5141 = PRESENTATION_STYLE_ASSIGNMENT (( #5181 ) ) ;
#5142 = EDGE_CURVE ( 'NONE', #3373, #4333, #298, .T. ) ;
#5143 = CARTESIAN_POINT ( 'NONE',  ( 53.70000000000066365, 0.4414701472501945112, -2.773011004715741468 ) ) ;
#5144 = DIRECTION ( 'NONE',  ( -0.000000000000000000, 1.000000000000000000, -0.000000000000000000 ) ) ;
#5145 = DIRECTION ( 'NONE',  ( 1.000000000000000000, 0.000000000000000000, 0.000000000000000000 ) ) ;
#5146 =( NAMED_UNIT ( * ) PLANE_ANGLE_UNIT ( ) SI_UNIT ( $, .RADIAN. ) );
#5147 = DIRECTION ( 'NONE',  ( -0.000000000000000000, 1.000000000000000000, -2.736828040640475774E-16 ) ) ;
#5148 = DIRECTION ( 'NONE',  ( 1.000000000000000000, -0.000000000000000000, -0.000000000000000000 ) ) ;
#5149 = EDGE_LOOP ( 'NONE', ( #6132, #544, #7417, #3776 ) ) ;
#5150 = CARTESIAN_POINT ( 'NONE',  ( 2.000000000000000000, 8.058493649053897201, 14.45772043263245621 ) ) ;
#5151 = AXIS2_PLACEMENT_3D ( 'NONE', #1258, #3684, #112 ) ;
#5152 = CARTESIAN_POINT ( 'NONE',  ( 53.60000000000001563, 0.9914286411211190586, -3.222356446741526437 ) ) ;
#5153 = AXIS2_PLACEMENT_3D ( 'NONE', #3928, #2768, #6960 ) ;
#5154 = DIRECTION ( 'NONE',  ( -1.000000000000000000, 0.000000000000000000, 0.000000000000000000 ) ) ;
#5155 = DIRECTION ( 'NONE',  ( -1.000000000000000000, -0.000000000000000000, -0.000000000000000000 ) ) ;
#5156 = PLANE ( 'NONE',  #7715 ) ;
#5157 = AXIS2_PLACEMENT_3D ( 'NONE', #2640, #7471, #2134 ) ;
#5158 = CARTESIAN_POINT ( 'NONE',  ( 49.19999999999999574, -12.00000000000000000, -5.204170427930416550E-15 ) ) ;
#5159 = EDGE_CURVE ( 'NONE', #2394, #1549, #1522, .T. ) ;
#5160 = ORIENTED_EDGE ( 'NONE', *, *, #7820, .F. ) ;
#5161 = AXIS2_PLACEMENT_3D ( 'NONE', #155, #6745, #3042 ) ;
#5162 = DIRECTION ( 'NONE',  ( -0.000000000000000000, 1.000000000000000000, 0.000000000000000000 ) ) ;
#5163 = CARTESIAN_POINT ( 'NONE',  ( 53.59999999999999432, -0.1149187129758607456, -2.621149572694483787 ) ) ;
#5164 = EDGE_CURVE ( 'NONE', #6884, #5291, #7322, .T. ) ;
#5165 = DIRECTION ( 'NONE',  ( 0.000000000000000000, -0.3011215975069926332, 0.9535857504780766991 ) ) ;
#5166 = CARTESIAN_POINT ( 'NONE',  ( 53.70000000000067786, 1.074047988458809222, -2.650395295341452684 ) ) ;
#5167 = VECTOR ( 'NONE', #984, 1000.000000000000000 ) ;
#5168 = VECTOR ( 'NONE', #6575, 1000.000000000000000 ) ;
#5169 = ORIENTED_EDGE ( 'NONE', *, *, #2938, .F. ) ;
#5170 = LINE ( 'NONE', #6250, #2021 ) ;
#5171 = CARTESIAN_POINT ( 'NONE',  ( 53.70000000000065654, 0.6828928732814492086, -2.814856912567658132 ) ) ;
#5172 = ORIENTED_EDGE ( 'NONE', *, *, #2155, .T. ) ;
#5173 = CIRCLE ( 'NONE', #364, 10.00000000000000000 ) ;
#5174 = ORIENTED_EDGE ( 'NONE', *, *, #2838, .T. ) ;
#5175 = CARTESIAN_POINT ( 'NONE',  ( 50.69999999999999574, -12.50000000000000000, 5.854691731421723944E-15 ) ) ;
#5176 =( NAMED_UNIT ( * ) SI_UNIT ( $, .STERADIAN. ) SOLID_ANGLE_UNIT ( ) );
#5177 = CLOSED_SHELL ( 'NONE', ( #3053, #1847, #2323, #204, #3410, #238, #4031, #6348, #6919, #2017, #5235, #943, #2603, #1599, #6985, #1668, #3681, #6689, #2043, #6187, #818, #3945, #3280, #4841, #6644, #1444, #5135, #4433, #6548, #1299, #4917, #6721, #2770, #2652, #259, #2292, #1723, #4556, #7734, #1642, #4740, #6237, #5525, #3819, #4009, #3942, #6702, #3106, #2920, #3628, #4459, #1098, #4353, #2990, #2340, #6397, #4058, #809, #914, #1103, #6637, #3785, #7018, #5572, #6112, #3441, #6405, #4523, #1220, #441, #5781, #4850, #7862, #2217, #4331, #5928, #6537, #2578, #6053, #3327, #6570, #7001, #3089, #5613, #5041, #1007, #2563, #297, #4109, #6119, #3242, #7699, #7409, #1803, #1992, #4723, #7231, #3034, #4178, #2647, #4005, #6896, #2485, #1243, #1020, #1988, #1794, #922, #3270, #2462, #6888, #3798, #53, #7557, #6692, #5489, #4355, #2601, #6651, #7255, #1322, #7855, #6401, #1751, #6066, #4279, #489, #7658, #6413, #3297, #5867, #2275, #5270, #629, #918, #4013, #5277, #3332, #4617, #591, #2426, #3206, #3192, #4686, #1425, #4533, #7333, #5860, #7136, #6393, #5292, #3024, #7119, #7276, #4646, #2697, #1713, #4597, #5528, #3608, #463, #2122, #7678, #5741, #2550, #6340, #1998, #6862, #5581, #4703, #5713, #776, #3690, #7774, #3146, #1873, #5696, #7326, #254, #5627, #1484, #7803, #1844, #1076, #5981, #1584, #4163, #2792, #2112, #4336, #7723, #221, #7846, #389, #6490, #2428, #4508, #3048, #3775, #3923, #1645, #3263, #3581, #1469, #4080, #4311, #3429, #1255, #6704, #396, #6, #1890, #6950, #3958, #5034, #6310, #7383, #575, #6793, #1973, #7154, #64, #6883, #7209, #3577, #6262, #5964, #5238, #5190, #494, #249, #6512 ) ) ;
#5178 = ORIENTED_EDGE ( 'NONE', *, *, #7239, .F. ) ;
#5179 = DIRECTION ( 'NONE',  ( -1.000000000000000000, -0.000000000000000000, -0.000000000000000000 ) ) ;
#5180 = MECHANICAL_DESIGN_GEOMETRIC_PRESENTATION_REPRESENTATION (  '', ( #5562 ), #5432 ) ;
#5181 = SURFACE_STYLE_USAGE ( .BOTH. , #6297 ) ;
#5182 = VECTOR ( 'NONE', #7726, 1000.000000000000000 ) ;
#5183 = EDGE_CURVE ( 'NONE', #6518, #911, #1152, .T. ) ;
#5184 = VECTOR ( 'NONE', #3540, 1000.000000000000227 ) ;
#5185 = CARTESIAN_POINT ( 'NONE',  ( 53.59999999999998721, 0.6160715024334109113, -2.813745714525698993 ) ) ;
#5186 = CARTESIAN_POINT ( 'NONE',  ( 53.69999999999998863, -1.480062982793924453, -3.357237464212545763 ) ) ;
#5187 = FILL_AREA_STYLE ('',( #6942 ) ) ;
#5188 = DIRECTION ( 'NONE',  ( 1.000000000000000000, -0.000000000000000000, -0.000000000000000000 ) ) ;
#5189 = CARTESIAN_POINT ( 'NONE',  ( 53.59999999999998721, -1.480062982793924453, 0.6754210344217291828 ) ) ;
#5190 = ADVANCED_FACE ( 'NONE', ( #3578 ), #4609, .F. ) ;
#5191 = CARTESIAN_POINT ( 'NONE',  ( 46.10000000000000142, -5.284336797139830288, 15.56238811527273924 ) ) ;
#5192 = EDGE_LOOP ( 'NONE', ( #6535, #6271, #815, #453, #4464 ) ) ;
#5193 = LINE ( 'NONE', #1423, #742 ) ;
#5194 = SURFACE_SIDE_STYLE ('',( #913 ) ) ;
#5195 = VECTOR ( 'NONE', #3919, 1000.000000000000000 ) ;
#5196 = EDGE_CURVE ( 'NONE', #1928, #4295, #4083, .T. ) ;
#5197 = DIRECTION ( 'NONE',  ( -1.000000000000000000, 0.000000000000000000, 0.000000000000000000 ) ) ;
#5198 = CYLINDRICAL_SURFACE ( 'NONE', #932, 16.39999999999999858 ) ;
#5199 = CARTESIAN_POINT ( 'NONE',  ( 2.000000000000000000, 6.965673326026347034, 14.16490010960490764 ) ) ;
#5200 = STYLED_ITEM ( 'NONE', ( #305 ), #4841 ) ;
#5201 = CARTESIAN_POINT ( 'NONE',  ( 53.69999999999998863, -1.480062982793924453, 5.584293344333167042 ) ) ;
#5202 = ORIENTED_EDGE ( 'NONE', *, *, #993, .F. ) ;
#5203 = AXIS2_PLACEMENT_3D ( 'NONE', #5564, #7850, #3772 ) ;
#5204 = DIRECTION ( 'NONE',  ( 0.000000000000000000, 0.7650104793058981612, -0.6440178309271877843 ) ) ;
#5205 = LINE ( 'NONE', #6363, #7614 ) ;
#5206 = CARTESIAN_POINT ( 'NONE',  ( 0.000000000000000000, 8.534326673973666288, 12.68188740771268641 ) ) ;
#5207 = CARTESIAN_POINT ( 'NONE',  ( 2.000000000000000000, 7.750000000000006217, 14.92339375865879347 ) ) ;
#5208 = EDGE_CURVE ( 'NONE', #6598, #829, #4006, .T. ) ;
#5209 = DIRECTION ( 'NONE',  ( 0.000000000000000000, -0.5136417375078905501, 0.8580047584307882724 ) ) ;
#5210 = ORIENTED_EDGE ( 'NONE', *, *, #7354, .F. ) ;
#5211 = CARTESIAN_POINT ( 'NONE',  ( 46.09999999999999432, 16.29428415877736214, -2.146728438579356801 ) ) ;
#5212 = EDGE_CURVE ( 'NONE', #6253, #4155, #5838, .T. ) ;
#5213 = ORIENTED_EDGE ( 'NONE', *, *, #7233, .F. ) ;
#5214 = ORIENTED_EDGE ( 'NONE', *, *, #538, .T. ) ;
#5215 = EDGE_LOOP ( 'NONE', ( #3736, #7398, #2551, #7087 ) ) ;
#5216 = SURFACE_STYLE_FILL_AREA ( #2810 ) ;
#5217 = CARTESIAN_POINT ( 'NONE',  ( 44.50000000000000000, 14.22809906599087348, 8.216365302705671780 ) ) ;
#5218 = ORIENTED_EDGE ( 'NONE', *, *, #2364, .F. ) ;
#5219 =( LENGTH_UNIT ( ) NAMED_UNIT ( * ) SI_UNIT ( .MILLI., .METRE. ) );
#5220 = ORIENTED_EDGE ( 'NONE', *, *, #582, .T. ) ;
#5221 = ORIENTED_EDGE ( 'NONE', *, *, #2313, .T. ) ;
#5222 = CARTESIAN_POINT ( 'NONE',  ( 53.59999999999999432, 1.524114065333413759, -2.537755706833384917 ) ) ;
#5223 = CARTESIAN_POINT ( 'NONE',  ( 6.000000000000000000, 13.42339375865881657, -9.249999999999969802 ) ) ;
#5224 = FILL_AREA_STYLE_COLOUR ( '', #5755 ) ;
#5225 = DIRECTION ( 'NONE',  ( 1.000000000000000000, -0.000000000000000000, -0.000000000000000000 ) ) ;
#5226 = SURFACE_STYLE_USAGE ( .BOTH. , #5347 ) ;
#5227 = CARTESIAN_POINT ( 'NONE',  ( 46.09999999999999432, -14.23243822398598724, 8.218871056076416437 ) ) ;
#5228 = ORIENTED_EDGE ( 'NONE', *, *, #1565, .T. ) ;
#5229 = LINE ( 'NONE', #7595, #108 ) ;
#5230 = EDGE_CURVE ( 'NONE', #6051, #6021, #2225, .T. ) ;
#5231 = EDGE_CURVE ( 'NONE', #2621, #4020, #641, .T. ) ;
#5232 = CARTESIAN_POINT ( 'NONE',  ( 0.000000000000000000, 6.965673326026347034, 14.16490010960490764 ) ) ;
#5233 = CARTESIAN_POINT ( 'NONE',  ( 50.69999999999999574, -12.50000000000000000, 5.421010862427517437E-15 ) ) ;
#5234 = DIRECTION ( 'NONE',  ( 0.000000000000000000, 0.9613033860425278521, 0.2754919236260306992 ) ) ;
#5235 = ADVANCED_FACE ( 'NONE', ( #2889 ), #2304, .F. ) ;
#5236 = SURFACE_STYLE_FILL_AREA ( #5117 ) ;
#5237 = ORIENTED_EDGE ( 'NONE', *, *, #2913, .T. ) ;
#5238 = ADVANCED_FACE ( 'NONE', ( #1927 ), #4291, .F. ) ;
#5239 = ORIENTED_EDGE ( 'NONE', *, *, #1881, .F. ) ;
#5240 = VECTOR ( 'NONE', #6356, 1000.000000000000000 ) ;
#5241 = DIRECTION ( 'NONE',  ( -0.000000000000000000, -0.000000000000000000, 1.000000000000000000 ) ) ;
#5242 = LINE ( 'NONE', #329, #3203 ) ;
#5243 = SURFACE_SIDE_STYLE ('',( #4530 ) ) ;
#5244 = FACE_OUTER_BOUND ( 'NONE', #733, .T. ) ;
#5245 = ORIENTED_EDGE ( 'NONE', *, *, #5647, .F. ) ;
#5246 = CARTESIAN_POINT ( 'NONE',  ( 0.000000000000000000, -14.45000000000000107, -0.2500000000000002220 ) ) ;
#5247 = AXIS2_PLACEMENT_3D ( 'NONE', #6979, #866, #3277 ) ;
#5248 = CARTESIAN_POINT ( 'NONE',  ( 46.09999999999999432, 12.35554371339475210, 10.83755870952400713 ) ) ;
#5249 = EDGE_LOOP ( 'NONE', ( #2853, #464, #6564, #5888 ) ) ;
#5250 = ORIENTED_EDGE ( 'NONE', *, *, #1055, .F. ) ;
#5251 = AXIS2_PLACEMENT_3D ( 'NONE', #1655, #3512, #1571 ) ;
#5252 = AXIS2_PLACEMENT_3D ( 'NONE', #3266, #928, #898 ) ;
#5253 = CARTESIAN_POINT ( 'NONE',  ( 44.50000000000000711, 10.83425457577107665, 12.35177677933581819 ) ) ;
#5254 = ORIENTED_EDGE ( 'NONE', *, *, #5309, .T. ) ;
#5255 = ORIENTED_EDGE ( 'NONE', *, *, #5824, .F. ) ;
#5256 = SURFACE_STYLE_FILL_AREA ( #6567 ) ;
#5257 = AXIS2_PLACEMENT_3D ( 'NONE', #5125, #7404, #6798 ) ;
#5258 = EDGE_CURVE ( 'NONE', #7863, #6669, #6677, .T. ) ;
#5259 = ORIENTED_EDGE ( 'NONE', *, *, #1853, .F. ) ;
#5260 = CARTESIAN_POINT ( 'NONE',  ( 53.59999999999998721, 1.396746694267392952, -2.894592043441305051 ) ) ;
#5261 = DIRECTION ( 'NONE',  ( 1.000000000000000000, 0.000000000000000000, 0.000000000000000000 ) ) ;
#5262 = EDGE_CURVE ( 'NONE', #3771, #3703, #4180, .T. ) ;
#5263 = CIRCLE ( 'NONE', #1983, 1.499999999999996225 ) ;
#5264 = FACE_OUTER_BOUND ( 'NONE', #2231, .T. ) ;
#5265 = LINE ( 'NONE', #5938, #4282 ) ;
#5266 = LINE ( 'NONE', #4147, #3226 ) ;
#5267 = EDGE_LOOP ( 'NONE', ( #7448, #7137, #1802, #2547 ) ) ;
#5268 = CARTESIAN_POINT ( 'NONE',  ( 53.59999999999998721, -0.3453976156724170021, -3.922862896642212771 ) ) ;
#5269 = FACE_BOUND ( 'NONE', #4172, .T. ) ;
#5270 = ADVANCED_FACE ( 'NONE', ( #6723 ), #3014, .T. ) ;
#5271 = DIRECTION ( 'NONE',  ( -0.000000000000000000, -0.4999999999999992228, 0.8660254037844390407 ) ) ;
#5272 = CARTESIAN_POINT ( 'NONE',  ( 53.59999999999998721, 1.551621044983853226, -5.027323051444513524 ) ) ;
#5273 = DIRECTION ( 'NONE',  ( -0.000000000000000000, -0.8660254037844390407, -0.4999999999999992228 ) ) ;
#5274 = LINE ( 'NONE', #7721, #3478 ) ;
#5275 = DIRECTION ( 'NONE',  ( 0.000000000000000000, -1.000000000000000000, 0.000000000000000000 ) ) ;
#5276 = AXIS2_PLACEMENT_3D ( 'NONE', #4369, #765, #134 ) ;
#5277 = ADVANCED_FACE ( 'NONE', ( #7238 ), #682, .F. ) ;
#5278 = VECTOR ( 'NONE', #3755, 1000.000000000000000 ) ;
#5279 = ORIENTED_EDGE ( 'NONE', *, *, #873, .T. ) ;
#5280 = EDGE_CURVE ( 'NONE', #6216, #5700, #7362, .T. ) ;
#5281 = STYLED_ITEM ( 'NONE', ( #4745 ), #2485 ) ;
#5282 = AXIS2_PLACEMENT_3D ( 'NONE', #3612, #3536, #3573 ) ;
#5283 = LINE ( 'NONE', #7235, #7671 ) ;
#5284 = CARTESIAN_POINT ( 'NONE',  ( 53.69999999999998863, 0.000000000000000000, 0.000000000000000000 ) ) ;
#5285 = CARTESIAN_POINT ( 'NONE',  ( 47.69999999999999574, 0.6857658333706520004, -7.731734942545654299 ) ) ;
#5286 = EDGE_CURVE ( 'NONE', #4673, #3105, #3166, .T. ) ;
#5287 = EDGE_LOOP ( 'NONE', ( #7455, #2739 ) ) ;
#5288 = LINE ( 'NONE', #2342, #5184 ) ;
#5289 = CARTESIAN_POINT ( 'NONE',  ( 46.10000000000000142, 2.146728438579397658, -16.29428415877735503 ) ) ;
#5290 = AXIS2_PLACEMENT_3D ( 'NONE', #5853, #7170, #4712 ) ;
#5291 = VERTEX_POINT ( 'NONE', #4327 ) ;
#5292 = ADVANCED_FACE ( 'NONE', ( #6757 ), #6202, .T. ) ;
#5293 = ORIENTED_EDGE ( 'NONE', *, *, #7873, .F. ) ;
#5294 = VECTOR ( 'NONE', #4423, 1000.000000000000000 ) ;
#5295 = CARTESIAN_POINT ( 'NONE',  ( 44.50000000000000711, 15.87063295520516348, 4.250937710707095363 ) ) ;
#5296 = VERTEX_POINT ( 'NONE', #3661 ) ;
#5297 = EDGE_LOOP ( 'NONE', ( #3640, #4366, #4250, #6017 ) ) ;
#5298 = DIRECTION ( 'NONE',  ( 0.000000000000000000, 0.000000000000000000, 1.000000000000000000 ) ) ;
#5299 =( NAMED_UNIT ( * ) SI_UNIT ( $, .STERADIAN. ) SOLID_ANGLE_UNIT ( ) );
#5300 = ORIENTED_EDGE ( 'NONE', *, *, #3523, .T. ) ;
#5301 = CIRCLE ( 'NONE', #2009, 1.500000000000001332 ) ;
#5302 = VECTOR ( 'NONE', #4472, 1000.000000000000000 ) ;
#5303 = VERTEX_POINT ( 'NONE', #2463 ) ;
#5304 = CARTESIAN_POINT ( 'NONE',  ( 53.59999999999998721, -1.480062982793924453, -2.892339848516927603 ) ) ;
#5305 =( LENGTH_UNIT ( ) NAMED_UNIT ( * ) SI_UNIT ( .MILLI., .METRE. ) );
#5306 = CARTESIAN_POINT ( 'NONE',  ( 49.19999999999999574, 0.000000000000000000, 7.000000000000000000 ) ) ;
#5307 = LINE ( 'NONE', #6532, #1365 ) ;
#5308 = PLANE ( 'NONE',  #5909 ) ;
#5309 = EDGE_CURVE ( 'NONE', #5751, #2123, #4365, .T. ) ;
#5310 = DIRECTION ( 'NONE',  ( 0.000000000000000000, -1.000000000000000000, -0.000000000000000000 ) ) ;
#5311 = ORIENTED_EDGE ( 'NONE', *, *, #4999, .T. ) ;
#5312 = DIRECTION ( 'NONE',  ( -0.000000000000000000, 0.8660254037844390407, 0.4999999999999992228 ) ) ;
#5313 = PLANE ( 'NONE',  #3797 ) ;
#5314 = AXIS2_PLACEMENT_3D ( 'NONE', #3167, #4920, #1391 ) ;
#5315 = ORIENTED_EDGE ( 'NONE', *, *, #4941, .F. ) ;
#5316 = FACE_OUTER_BOUND ( 'NONE', #7104, .T. ) ;
#5317 = LINE ( 'NONE', #7763, #4739 ) ;
#5318 = CARTESIAN_POINT ( 'NONE',  ( 2.000000000000000000, 8.091506350946115589, 13.51490010960490729 ) ) ;
#5319 = CARTESIAN_POINT ( 'NONE',  ( 47.69999999999999574, 0.000000000000000000, 0.000000000000000000 ) ) ;
#5320 = DIRECTION ( 'NONE',  ( 0.000000000000000000, 0.000000000000000000, 1.000000000000000000 ) ) ;
#5321 = COLOUR_RGB ( '',0.7960784313725489669, 0.8235294117647058432, 0.9372549019607843146 ) ;
#5322 = VERTEX_POINT ( 'NONE', #1350 ) ;
#5323 = VECTOR ( 'NONE', #6259, 1000.000000000000000 ) ;
#5324 =( NAMED_UNIT ( * ) SI_UNIT ( $, .STERADIAN. ) SOLID_ANGLE_UNIT ( ) );
#5325 = CARTESIAN_POINT ( 'NONE',  ( 51.89999999999998437, -8.750000000000001776, 12.20000000000000284 ) ) ;
#5326 = DIRECTION ( 'NONE',  ( 0.000000000000000000, 0.000000000000000000, -1.000000000000000000 ) ) ;
#5327 = LINE ( 'NONE', #3656, #2856 ) ;
#5328 = ORIENTED_EDGE ( 'NONE', *, *, #3231, .T. ) ;
#5329 = DIRECTION ( 'NONE',  ( 0.000000000000000000, -0.8660254037844384856, -0.5000000000000002220 ) ) ;
#5330 = VECTOR ( 'NONE', #6086, 1000.000000000000000 ) ;
#5331 = EDGE_CURVE ( 'NONE', #2482, #6650, #2967, .T. ) ;
#5332 = CARTESIAN_POINT ( 'NONE',  ( 46.10000000000000142, 1.073377489976518939, -16.39999999999999503 ) ) ;
#5333 = VERTEX_POINT ( 'NONE', #2386 ) ;
#5334 = VERTEX_POINT ( 'NONE', #4813 ) ;
#5335 = EDGE_CURVE ( 'NONE', #3153, #2466, #2281, .T. ) ;
#5336 = EDGE_CURVE ( 'NONE', #4660, #3502, #5587, .T. ) ;
#5337 = ORIENTED_EDGE ( 'NONE', *, *, #706, .F. ) ;
#5338 = ORIENTED_EDGE ( 'NONE', *, *, #2079, .T. ) ;
#5339 = CARTESIAN_POINT ( 'NONE',  ( 53.69999999999998863, 1.587079337706400306, 0.1717819507514768695 ) ) ;
#5340 = CARTESIAN_POINT ( 'NONE',  ( 53.59999999999998721, -1.480062982793924453, 1.996833409881984212 ) ) ;
#5341 = ORIENTED_EDGE ( 'NONE', *, *, #1799, .F. ) ;
#5342 = ORIENTED_EDGE ( 'NONE', *, *, #1911, .T. ) ;
#5343 = CARTESIAN_POINT ( 'NONE',  ( 53.60000000000001563, 0.9914286411211190586, -3.222356446741526437 ) ) ;
#5344 = SURFACE_STYLE_FILL_AREA ( #1084 ) ;
#5345 = CARTESIAN_POINT ( 'NONE',  ( 53.69999999999998863, 1.587079337706400306, -0.2156327289948717363 ) ) ;
#5346 = DIRECTION ( 'NONE',  ( 0.000000000000000000, -1.000000000000000000, 0.000000000000000000 ) ) ;
#5347 = SURFACE_SIDE_STYLE ('',( #2788 ) ) ;
#5348 = DIRECTION ( 'NONE',  ( 1.000000000000000000, -0.000000000000000000, -0.000000000000000000 ) ) ;
#5349 = ORIENTED_EDGE ( 'NONE', *, *, #307, .F. ) ;
#5350 = CARTESIAN_POINT ( 'NONE',  ( 53.59999999999995879, 0.7997637545296836237, -2.805155210394047582 ) ) ;
#5351 = FACE_BOUND ( 'NONE', #2167, .T. ) ;
#5352 = EDGE_CURVE ( 'NONE', #4857, #6630, #1470, .T. ) ;
#5353 = ORIENTED_EDGE ( 'NONE', *, *, #1305, .F. ) ;
#5354 = CARTESIAN_POINT ( 'NONE',  ( 50.69999999999999574, -4.957566531502839879, -7.773193300421834984 ) ) ;
#5355 = CARTESIAN_POINT ( 'NONE',  ( 0.000000000000000000, 7.408493649053896846, 13.33188740771268677 ) ) ;
#5356 = CARTESIAN_POINT ( 'NONE',  ( 53.69999999999998863, 1.551621044983853226, 1.222004050389287944 ) ) ;
#5357 = CARTESIAN_POINT ( 'NONE',  ( 53.59999999999997300, 0.3688871471342910491, -3.213250802952715368 ) ) ;
#5358 = FACE_OUTER_BOUND ( 'NONE', #4230, .T. ) ;
#5359 = EDGE_CURVE ( 'NONE', #3672, #4929, #6600, .T. ) ;
#5360 = EDGE_LOOP ( 'NONE', ( #7122, #6289, #3479, #2848 ) ) ;
#5361 = DIRECTION ( 'NONE',  ( 0.000000000000000000, 0.000000000000000000, -1.000000000000000000 ) ) ;
#5362 = CARTESIAN_POINT ( 'NONE',  ( 47.69999999999999574, 12.50000000000000000, 1.500000000000000000 ) ) ;
#5363 = DIRECTION ( 'NONE',  ( 1.000000000000000000, 0.000000000000000000, 0.000000000000000000 ) ) ;
#5364 = LINE ( 'NONE', #4766, #2000 ) ;
#5365 = VERTEX_POINT ( 'NONE', #5718 ) ;
#5366 = DIRECTION ( 'NONE',  ( -1.000000000000000000, -0.000000000000000000, -0.000000000000000000 ) ) ;
#5367 = CARTESIAN_POINT ( 'NONE',  ( 46.10000000000000142, 13.03976505953749943, -10.00383258696651723 ) ) ;
#5368 = ORIENTED_EDGE ( 'NONE', *, *, #1548, .T. ) ;
#5369 = CIRCLE ( 'NONE', #52, 2.000000000000000000 ) ;
#5370 = AXIS2_PLACEMENT_3D ( 'NONE', #7272, #5363, #5326 ) ;
#5371 = ORIENTED_EDGE ( 'NONE', *, *, #2443, .F. ) ;
#5372 = EDGE_CURVE ( 'NONE', #592, #5573, #287, .T. ) ;
#5374 = VECTOR ( 'NONE', #3330, 1000.000000000000000 ) ;
#5373 = LINE ( 'NONE', #418, #450 ) ;
#5375 = EDGE_LOOP ( 'NONE', ( #3517, #4325, #931, #5456 ) ) ;
#5376 = ORIENTED_EDGE ( 'NONE', *, *, #3834, .T. ) ;
#5377 = PRESENTATION_STYLE_ASSIGNMENT (( #5968 ) ) ;
#5378 = DIRECTION ( 'NONE',  ( 1.000000000000000000, -0.000000000000000000, -0.000000000000000000 ) ) ;
#5379 = AXIS2_PLACEMENT_3D ( 'NONE', #5355, #5900, #4157 ) ;
#5380 = EDGE_CURVE ( 'NONE', #4816, #4754, #6320, .T. ) ;
#5381 = EDGE_LOOP ( 'NONE', ( #5514, #681, #5849, #4136 ) ) ;
#5382 = CARTESIAN_POINT ( 'NONE',  ( 53.60000000000000142, 0.7199317041847136389, -3.259896182059020209 ) ) ;
#5383 = LINE ( 'NONE', #5890, #3340 ) ;
#5384 = DIRECTION ( 'NONE',  ( 0.000000000000000000, 0.7650104793058981612, -0.6440178309271878954 ) ) ;
#5385 = DIRECTION ( 'NONE',  ( 0.000000000000000000, 0.000000000000000000, -1.000000000000000000 ) ) ;
#5386 = ORIENTED_EDGE ( 'NONE', *, *, #2345, .F. ) ;
#5387 = CARTESIAN_POINT ( 'NONE',  ( 53.59999999999995879, 1.108071800941387464, -2.605956310355546979 ) ) ;
#5388 = VECTOR ( 'NONE', #1284, 1000.000000000000000 ) ;
#5389 = FACE_BOUND ( 'NONE', #4298, .T. ) ;
#5390 = EDGE_CURVE ( 'NONE', #3457, #1363, #7368, .T. ) ;
#5391 = ORIENTED_EDGE ( 'NONE', *, *, #4198, .T. ) ;
#5392 = AXIS2_PLACEMENT_3D ( 'NONE', #135, #6605, #5492 ) ;
#5393 = VERTEX_POINT ( 'NONE', #3813 ) ;
#5394 = DIRECTION ( 'NONE',  ( 0.000000000000000000, 0.9535857504780766991, -0.3011215975069926332 ) ) ;
#5395 = LINE ( 'NONE', #2830, #6139 ) ;
#5396 = DIRECTION ( 'NONE',  ( 0.000000000000000000, -0.8905640003863122267, -0.4548579571865577487 ) ) ;
#5397 = CARTESIAN_POINT ( 'NONE',  ( 53.69999999999999574, 0.6542006963442791312, -3.259991601604385725 ) ) ;
#5398 = FACE_OUTER_BOUND ( 'NONE', #4819, .T. ) ;
#5399 = VECTOR ( 'NONE', #871, 1000.000000000000114 ) ;
#5400 = ORIENTED_EDGE ( 'NONE', *, *, #5840, .F. ) ;
#5401 = CARTESIAN_POINT ( 'NONE',  ( 50.69999999999999574, -4.957566531502839879, -7.773193300421834984 ) ) ;
#5402 = LINE ( 'NONE', #1225, #3724 ) ;
#5403 = LINE ( 'NONE', #4203, #6428 ) ;
#5404 = EDGE_CURVE ( 'NONE', #264, #7462, #1430, .T. ) ;
#5405 = ORIENTED_EDGE ( 'NONE', *, *, #7082, .F. ) ;
#5406 = CARTESIAN_POINT ( 'NONE',  ( 0.000000000000000000, 7.841506350946106707, -13.08188740771269210 ) ) ;
#5407 = VECTOR ( 'NONE', #1455, 1000.000000000000000 ) ;
#5408 = CARTESIAN_POINT ( 'NONE',  ( 53.59999999999998721, 1.587079337706400306, -0.2156327289948717363 ) ) ;
#5409 = VERTEX_POINT ( 'NONE', #5639 ) ;
#5410 = AXIS2_PLACEMENT_3D ( 'NONE', #1295, #1916, #3803 ) ;
#5411 = EDGE_CURVE ( 'NONE', #1011, #5756, #7486, .T. ) ;
#5412 = VERTEX_POINT ( 'NONE', #3207 ) ;
#5413 = DIRECTION ( 'NONE',  ( 0.000000000000000000, 0.000000000000000000, 1.000000000000000000 ) ) ;
#5414 = STYLED_ITEM ( 'NONE', ( #6654 ), #2647 ) ;
#5415 = ORIENTED_EDGE ( 'NONE', *, *, #4862, .T. ) ;
#5416 = VECTOR ( 'NONE', #6990, 1000.000000000000227 ) ;
#5417 = ORIENTED_EDGE ( 'NONE', *, *, #1001, .T. ) ;
#5418 = CARTESIAN_POINT ( 'NONE',  ( 0.000000000000000000, 0.000000000000000000, -15.50000000000000000 ) ) ;
#5419 = VERTEX_POINT ( 'NONE', #2653 ) ;
#5420 = CIRCLE ( 'NONE', #3130, 16.39999999999999858 ) ;
#5421 = ORIENTED_EDGE ( 'NONE', *, *, #3824, .F. ) ;
#5422 = DIRECTION ( 'NONE',  ( -0.000000000000000000, -0.000000000000000000, 1.000000000000000000 ) ) ;
#5423 = CARTESIAN_POINT ( 'NONE',  ( 53.69999999999997442, 0.5166769942313013120, -3.250286332999503092 ) ) ;
#5424 = DIRECTION ( 'NONE',  ( 0.000000000000000000, 0.000000000000000000, -1.000000000000000000 ) ) ;
#5425 = VERTEX_POINT ( 'NONE', #5047 ) ;
#5426 = CARTESIAN_POINT ( 'NONE',  ( 53.59999999999998721, -0.1681061520596813796, -1.691354341303248576 ) ) ;
#5427 = VECTOR ( 'NONE', #626, 1000.000000000000000 ) ;
#5428 = CARTESIAN_POINT ( 'NONE',  ( 6.000000000000000000, 13.42339375865876505, 9.250000000000063949 ) ) ;
#5429 = EDGE_CURVE ( 'NONE', #6216, #384, #5084, .T. ) ;
#5430 = ORIENTED_EDGE ( 'NONE', *, *, #3083, .T. ) ;
#5431 = UNCERTAINTY_MEASURE_WITH_UNIT (LENGTH_MEASURE( 1.000000000000000082E-05 ), #5599, 'distance_accuracy_value', 'NONE');
#5432 =( GEOMETRIC_REPRESENTATION_CONTEXT ( 3 ) GLOBAL_UNCERTAINTY_ASSIGNED_CONTEXT ( ( #358 ) ) GLOBAL_UNIT_ASSIGNED_CONTEXT ( ( #2815, #1683, #6454 ) ) REPRESENTATION_CONTEXT ( 'NONE', 'WORKASPACE' ) );
#5433 = EDGE_LOOP ( 'NONE', ( #651, #3506, #7653, #4283 ) ) ;
#5434 = SURFACE_STYLE_FILL_AREA ( #4834 ) ;
#5435 = EDGE_CURVE ( 'NONE', #2427, #7173, #5780, .T. ) ;
#5436 = DIRECTION ( 'NONE',  ( 0.000000000000000000, 1.000000000000000000, 1.224646799147353207E-16 ) ) ;
#5437 = LINE ( 'NONE', #3603, #1602 ) ;
#5438 = CARTESIAN_POINT ( 'NONE',  ( 53.69999999999998153, 0.3688871471342910491, -3.213250802952715368 ) ) ;
#5439 = FILL_AREA_STYLE ('',( #599 ) ) ;
#5440 = EDGE_CURVE ( 'NONE', #939, #4295, #3172, .T. ) ;
#5441 = AXIS2_PLACEMENT_3D ( 'NONE', #4479, #5197, #5080 ) ;
#5442 = AXIS2_PLACEMENT_3D ( 'NONE', #5129, #5692, #2582 ) ;
#5443 = ORIENTED_EDGE ( 'NONE', *, *, #7180, .T. ) ;
#5444 = VECTOR ( 'NONE', #7060, 1000.000000000000000 ) ;
#5445 = DIRECTION ( 'NONE',  ( -0.000000000000000000, 0.5000000000000009992, 0.8660254037844380415 ) ) ;
#5446 = CARTESIAN_POINT ( 'NONE',  ( 44.49999999999999289, -16.39499999999999602, -1.073050240741764361 ) ) ;
#5447 = LINE ( 'NONE', #4691, #807 ) ;
#5448 = STYLED_ITEM ( 'NONE', ( #5141 ), #4740 ) ;
#5449 = PRESENTATION_STYLE_ASSIGNMENT (( #1673 ) ) ;
#5450 = VERTEX_POINT ( 'NONE', #2572 ) ;
#5451 = EDGE_LOOP ( 'NONE', ( #3941, #1817, #5178, #808 ) ) ;
#5452 = CARTESIAN_POINT ( 'NONE',  ( 2.000000000000000000, 7.749999999999999112, -13.42339375865880058 ) ) ;
#5453 = ORIENTED_EDGE ( 'NONE', *, *, #1055, .T. ) ;
#5454 = AXIS2_PLACEMENT_3D ( 'NONE', #4907, #3190, #6860 ) ;
#5455 = EDGE_CURVE ( 'NONE', #4958, #3081, #4406, .T. ) ;
#5456 = ORIENTED_EDGE ( 'NONE', *, *, #2452, .T. ) ;
#5457 = DIRECTION ( 'NONE',  ( 0.000000000000000000, 0.000000000000000000, 1.000000000000000000 ) ) ;
#5458 = TOROIDAL_SURFACE ( 'NONE', #3673, 6.500000000000000888, 0.5000000000000000000 ) ;
#5459 = ORIENTED_EDGE ( 'NONE', *, *, #5720, .T. ) ;
#5460 = CARTESIAN_POINT ( 'NONE',  ( 53.69999999999998863, 1.214767264119655854, -1.691354341303248576 ) ) ;
#5461 = EDGE_LOOP ( 'NONE', ( #1153, #1555, #1525, #657 ) ) ;
#5462 = ORIENTED_EDGE ( 'NONE', *, *, #731, .F. ) ;
#5463 = LINE ( 'NONE', #4378, #2708 ) ;
#5464 =( NAMED_UNIT ( * ) SI_UNIT ( $, .STERADIAN. ) SOLID_ANGLE_UNIT ( ) );
#5465 = FACE_BOUND ( 'NONE', #6525, .T. ) ;
#5466 = DIRECTION ( 'NONE',  ( 1.000000000000000000, 0.000000000000000000, -0.000000000000000000 ) ) ;
#5467 = VERTEX_POINT ( 'NONE', #788 ) ;
#5468 = CARTESIAN_POINT ( 'NONE',  ( 53.59999999999998721, 0.1687476288045161865, -1.691354341303248576 ) ) ;
#5469 = CARTESIAN_POINT ( 'NONE',  ( 50.69999999999999574, -4.957566531502839879, -7.773193300421834984 ) ) ;
#5470 = EDGE_LOOP ( 'NONE', ( #3588, #4303, #7527, #1882 ) ) ;
#5471 = VERTEX_POINT ( 'NONE', #1867 ) ;
#5472 = DIRECTION ( 'NONE',  ( 0.000000000000000000, -1.000000000000000000, 0.000000000000000000 ) ) ;
#5473 = SURFACE_STYLE_FILL_AREA ( #3041 ) ;
#5474 = CARTESIAN_POINT ( 'NONE',  ( 53.59999999999998721, 1.214767264119655854, 1.222004050389287944 ) ) ;
#5475 = DIRECTION ( 'NONE',  ( 0.000000000000000000, 0.000000000000000000, 1.000000000000000000 ) ) ;
#5476 = EDGE_CURVE ( 'NONE', #2914, #3698, #7265, .T. ) ;
#5477 = CARTESIAN_POINT ( 'NONE',  ( 0.5000000000000000000, 0.000000000000000000, 12.30000000000000071 ) ) ;
#5478 = CARTESIAN_POINT ( 'NONE',  ( 6.000000000000000000, 13.42339375865876505, 7.750000000000063061 ) ) ;
#5479 = EDGE_CURVE ( 'NONE', #798, #6369, #3758, .T. ) ;
#5480 = VERTEX_POINT ( 'NONE', #4317 ) ;
#5481 = EDGE_CURVE ( 'NONE', #6322, #6645, #3368, .T. ) ;
#5482 = DIRECTION ( 'NONE',  ( -0.000000000000000000, -0.000000000000000000, -1.000000000000000000 ) ) ;
#5483 = PLANE ( 'NONE',  #6769 ) ;
#5484 = LINE ( 'NONE', #2570, #7189 ) ;
#5485 = DIRECTION ( 'NONE',  ( 0.000000000000000000, -0.8660254037844362651, -0.5000000000000041078 ) ) ;
#5486 = VERTEX_POINT ( 'NONE', #711 ) ;
#5487 = VERTEX_POINT ( 'NONE', #115 ) ;
#5488 = DIRECTION ( 'NONE',  ( 0.000000000000000000, -0.4999999999999992784, 0.8660254037844390407 ) ) ;
#5489 = ADVANCED_FACE ( 'NONE', ( #4875 ), #4349, .T. ) ;
#5490 = EDGE_LOOP ( 'NONE', ( #6104, #1018, #2663, #6768, #1895, #209, #3173, #2476, #2865, #5371, #7769, #1271 ) ) ;
#5491 = ORIENTED_EDGE ( 'NONE', *, *, #7586, .T. ) ;
#5492 = DIRECTION ( 'NONE',  ( 0.000000000000000000, 0.000000000000000000, -1.000000000000000000 ) ) ;
#5493 = ORIENTED_EDGE ( 'NONE', *, *, #5950, .T. ) ;
#5494 = SURFACE_SIDE_STYLE ('',( #7371 ) ) ;
#5495 = DIRECTION ( 'NONE',  ( 0.000000000000000000, 0.000000000000000000, -1.000000000000000000 ) ) ;
#5496 = VERTEX_POINT ( 'NONE', #635 ) ;
#5497 = VECTOR ( 'NONE', #5833, 1000.000000000000000 ) ;
#5498 = CARTESIAN_POINT ( 'NONE',  ( 53.69999999999997442, 0.1837310792520605307, -3.113555360028694263 ) ) ;
#5499 = SURFACE_STYLE_FILL_AREA ( #4944 ) ;
#5500 = DIRECTION ( 'NONE',  ( -0.000000000000000000, -0.3558417043170685745, 0.9345462436223923586 ) ) ;
#5501 = ORIENTED_EDGE ( 'NONE', *, *, #152, .F. ) ;
#5502 = CARTESIAN_POINT ( 'NONE',  ( 50.69999999999999574, 1.198796048359147548, -9.141273873724520271 ) ) ;
#5503 = EDGE_CURVE ( 'NONE', #3261, #556, #3720, .T. ) ;
#5504 = DIRECTION ( 'NONE',  ( -1.000000000000000000, 0.000000000000000000, 0.000000000000000000 ) ) ;
#5505 = VECTOR ( 'NONE', #1419, 1000.000000000000114 ) ;
#5506 = VERTEX_POINT ( 'NONE', #7305 ) ;
#5507 = EDGE_CURVE ( 'NONE', #729, #1291, #7350, .T. ) ;
#5508 = CIRCLE ( 'NONE', #5251, 3.000000000000000000 ) ;
#5509 = DIRECTION ( 'NONE',  ( -0.000000000000000000, 1.000000000000000000, -0.000000000000000000 ) ) ;
#5510 = LINE ( 'NONE', #636, #6029 ) ;
#5511 = CARTESIAN_POINT ( 'NONE',  ( 0.000000000000000000, -15.25000000000000000, 0.2500000000000002220 ) ) ;
#5512 = AXIS2_PLACEMENT_3D ( 'NONE', #889, #6471, #3177 ) ;
#5513 = EDGE_CURVE ( 'NONE', #3141, #1011, #1383, .T. ) ;
#5514 = ORIENTED_EDGE ( 'NONE', *, *, #1951, .T. ) ;
#5515 = DIRECTION ( 'NONE',  ( -0.000000000000000000, 0.000000000000000000, -1.000000000000000000 ) ) ;
#5516 = SURFACE_STYLE_FILL_AREA ( #3085 ) ;
#5517 = LINE ( 'NONE', #80, #4520 ) ;
#5518 = CARTESIAN_POINT ( 'NONE',  ( 0.000000000000000000, 7.749999999999998224, -13.42339375865880058 ) ) ;
#5519 = ORIENTED_EDGE ( 'NONE', *, *, #3894, .T. ) ;
#5520 = ORIENTED_EDGE ( 'NONE', *, *, #5906, .F. ) ;
#5521 = B_SPLINE_CURVE_WITH_KNOTS ( 'NONE', 3,
 ( #1970, #2433, #7372, #5015, #6732, #6215, #2548, #4373, #3670, #2472, #772, #3023, #6093, #7288, #3181, #5611, #1849, #692, #6129 ),
 .UNSPECIFIED., .F., .F.,
 ( 4, 1, 1, 1, 1, 1, 1, 1, 1, 1, 1, 1, 1, 1, 1, 1, 4 ),
 ( 0.000000000000000000, 0.07714447655730773123, 0.1505135097140797851, 0.2201038032256179278, 0.2865581835619339657, 0.3507030945615888795, 0.4131187727959301781, 0.4748258247368364326, 0.5361077232178106389, 0.5968817793367422464, 0.6562550976499608169, 0.7145394448420049338, 0.7718652996107705500, 0.8292364414344742807, 0.8859550136645981677, 0.9423398632940785946, 1.000000000000000000 ),
 .UNSPECIFIED. ) ;
#5522 = EDGE_CURVE ( 'NONE', #140, #5480, #2531, .T. ) ;
#5523 =( NAMED_UNIT ( * ) SI_UNIT ( $, .STERADIAN. ) SOLID_ANGLE_UNIT ( ) );
#5524 = VERTEX_POINT ( 'NONE', #6146 ) ;
#5525 = ADVANCED_FACE ( 'NONE', ( #4955 ), #4990, .F. ) ;
#5526 = ORIENTED_EDGE ( 'NONE', *, *, #499, .T. ) ;
#5527 = DIRECTION ( 'NONE',  ( 0.000000000000000000, 0.000000000000000000, -1.000000000000000000 ) ) ;
#5528 = ADVANCED_FACE ( 'NONE', ( #4276 ), #2562, .T. ) ;
#5529 = ORIENTED_EDGE ( 'NONE', *, *, #228, .T. ) ;
#5530 = ORIENTED_EDGE ( 'NONE', *, *, #7782, .T. ) ;
#5531 = CARTESIAN_POINT ( 'NONE',  ( 53.59999999999998721, -1.480062982793924453, 1.996833409881984212 ) ) ;
#5532 = EDGE_CURVE ( 'NONE', #3502, #5334, #2111, .T. ) ;
#5533 = CARTESIAN_POINT ( 'NONE',  ( 48.69999999999999574, 1.250000000000000000, -11.00000000000000000 ) ) ;
#5534 = VECTOR ( 'NONE', #2939, 1000.000000000000000 ) ;
#5535 = VERTEX_POINT ( 'NONE', #6263 ) ;
#5536 = CIRCLE ( 'NONE', #3002, 1.000000000000000000 ) ;
#5537 = ORIENTED_EDGE ( 'NONE', *, *, #895, .F. ) ;
#5538 = VECTOR ( 'NONE', #163, 1000.000000000000114 ) ;
#5539 = CARTESIAN_POINT ( 'NONE',  ( 53.69999999999997442, -0.05573380801219180586, -2.802243371549374196 ) ) ;
#5540 =( LENGTH_UNIT ( ) NAMED_UNIT ( * ) SI_UNIT ( .MILLI., .METRE. ) );
#5541 = FACE_OUTER_BOUND ( 'NONE', #4337, .T. ) ;
#5542 = PLANE ( 'NONE',  #7692 ) ;
#5543 = ORIENTED_EDGE ( 'NONE', *, *, #937, .F. ) ;
#5544 = LINE ( 'NONE', #6101, #5427 ) ;
#5545 = DIRECTION ( 'NONE',  ( 0.000000000000000000, 1.000000000000000000, 0.000000000000000000 ) ) ;
#5546 = VECTOR ( 'NONE', #568, 1000.000000000000000 ) ;
#5547 = PRESENTATION_LAYER_ASSIGNMENT (  '', '', ( #7466 ) ) ;
#5548 = EDGE_CURVE ( 'NONE', #2110, #7710, #5032, .T. ) ;
#5549 = DIRECTION ( 'NONE',  ( 1.000000000000000000, -0.000000000000000000, -0.000000000000000000 ) ) ;
#5550 = LINE ( 'NONE', #1822, #2818 ) ;
#5551 = CARTESIAN_POINT ( 'NONE',  ( 53.59999999999998721, -1.480062982793924453, -1.246155777120157016 ) ) ;
#5552 = DIRECTION ( 'NONE',  ( -1.000000000000000000, -0.000000000000000000, -0.000000000000000000 ) ) ;
#5553 = DIRECTION ( 'NONE',  ( 0.000000000000000000, -0.8905640003863122267, -0.4548579571865577487 ) ) ;
#5554 = SURFACE_SIDE_STYLE ('',( #3013 ) ) ;
#5555 = TOROIDAL_SURFACE ( 'NONE', #1234, 6.500000000000000888, 0.5000000000000000000 ) ;
#5556 = ORIENTED_EDGE ( 'NONE', *, *, #1589, .F. ) ;
#5557 = FACE_OUTER_BOUND ( 'NONE', #1691, .T. ) ;
#5558 = CARTESIAN_POINT ( 'NONE',  ( 50.69999999999999574, 1.198796048359147548, -9.141273873724520271 ) ) ;
#5559 = CARTESIAN_POINT ( 'NONE',  ( 47.69999999999999574, 8.750000000000003553, 8.500000000000000000 ) ) ;
#5560 = CARTESIAN_POINT ( 'NONE',  ( 2.000000000000000000, 7.749999999999998224, -13.42339375865880058 ) ) ;
#5561 = VERTEX_POINT ( 'NONE', #3872 ) ;
#5562 = STYLED_ITEM ( 'NONE', ( #6524 ), #3945 ) ;
#5563 = ORIENTED_EDGE ( 'NONE', *, *, #5262, .F. ) ;
#5564 = CARTESIAN_POINT ( 'NONE',  ( 0.000000000000000000, 13.42339375865881657, -7.749999999999968914 ) ) ;
#5565 = VERTEX_POINT ( 'NONE', #276 ) ;
#5566 = AXIS2_PLACEMENT_3D ( 'NONE', #2688, #6995, #3961 ) ;
#5567 = STYLED_ITEM ( 'NONE', ( #119 ), #4433 ) ;
#5568 = VERTEX_POINT ( 'NONE', #7467 ) ;
#5569 = DIRECTION ( 'NONE',  ( 0.000000000000000000, 0.8830127003237534522, 0.4693490929648774790 ) ) ;
#5570 = CARTESIAN_POINT ( 'NONE',  ( 2.000000000000000000, 7.750000000000006217, 13.42339375865879880 ) ) ;
#5571 = LINE ( 'NONE', #7857, #3097 ) ;
#5572 = ADVANCED_FACE ( 'NONE', ( #2594 ), #2673, .F. ) ;
#5573 = VERTEX_POINT ( 'NONE', #190 ) ;
#5574 = CYLINDRICAL_SURFACE ( 'NONE', #4678, 1.500000000000000444 ) ;
#5575 = VECTOR ( 'NONE', #2593, 1000.000000000000000 ) ;
#5576 = CARTESIAN_POINT ( 'NONE',  ( 48.69999999999999574, -1.250000000000000000, -11.00000000000000000 ) ) ;
#5577 = ORIENTED_EDGE ( 'NONE', *, *, #2979, .T. ) ;
#5578 = EDGE_CURVE ( 'NONE', #6373, #7289, #2022, .T. ) ;
#5579 = ORIENTED_EDGE ( 'NONE', *, *, #1144, .F. ) ;
#5580 = VECTOR ( 'NONE', #6926, 1000.000000000000000 ) ;
#5581 = ADVANCED_FACE ( 'NONE', ( #6863 ), #2131, .T. ) ;
#5582 = CARTESIAN_POINT ( 'NONE',  ( 53.70000000000000284, -0.1149187129758607456, -2.621149572694483787 ) ) ;
#5583 = SURFACE_STYLE_FILL_AREA ( #3152 ) ;
#5584 = ORIENTED_EDGE ( 'NONE', *, *, #2584, .F. ) ;
#5585 = CARTESIAN_POINT ( 'NONE',  ( 53.59999999999998721, -1.480062982793924453, -3.922862896642212771 ) ) ;
#5586 = DIRECTION ( 'NONE',  ( 0.000000000000000000, 0.000000000000000000, 1.000000000000000000 ) ) ;
#5587 = CIRCLE ( 'NONE', #7765, 10.00000000000000000 ) ;
#5588 = UNCERTAINTY_MEASURE_WITH_UNIT (LENGTH_MEASURE( 1.000000000000000082E-05 ), #4837, 'distance_accuracy_value', 'NONE');
#5589 = CARTESIAN_POINT ( 'NONE',  ( 49.19999999999999574, -12.50000000000000000, -5.421010862427517437E-15 ) ) ;
#5590 = DIRECTION ( 'NONE',  ( 1.000000000000000000, -0.000000000000000000, -0.000000000000000000 ) ) ;
#5591 = SURFACE_STYLE_USAGE ( .BOTH. , #5 ) ;
#5592 = CARTESIAN_POINT ( 'NONE',  ( 0.000000000000000000, 7.750000000000006217, 13.42339375865879880 ) ) ;
#5593 = DIRECTION ( 'NONE',  ( 1.000000000000000000, -0.000000000000000000, -0.000000000000000000 ) ) ;
#5594 = DIRECTION ( 'NONE',  ( 0.000000000000000000, -0.000000000000000000, -1.000000000000000000 ) ) ;
#5595 = EDGE_CURVE ( 'NONE', #165, #2404, #6035, .T. ) ;
#5596 = ORIENTED_EDGE ( 'NONE', *, *, #769, .T. ) ;
#5597 = CARTESIAN_POINT ( 'NONE',  ( 53.49999999999999289, -8.750000000000000000, 15.70000000000000284 ) ) ;
#5598 = CARTESIAN_POINT ( 'NONE',  ( 53.59999999999998721, -1.480062982793924453, -5.627487487526145138 ) ) ;
#5599 =( LENGTH_UNIT ( ) NAMED_UNIT ( * ) SI_UNIT ( .MILLI., .METRE. ) );
#5600 =( LENGTH_UNIT ( ) NAMED_UNIT ( * ) SI_UNIT ( .MILLI., .METRE. ) );
#5601 = EDGE_CURVE ( 'NONE', #6150, #1681, #6898, .T. ) ;
#5602 = CARTESIAN_POINT ( 'NONE',  ( 0.5000000000000000000, 7.000000000000001776, 0.000000000000000000 ) ) ;
#5603 = ORIENTED_EDGE ( 'NONE', *, *, #2746, .T. ) ;
#5604 = ORIENTED_EDGE ( 'NONE', *, *, #1634, .T. ) ;
#5605 = LINE ( 'NONE', #3254, #211 ) ;
#5606 = CARTESIAN_POINT ( 'NONE',  ( 2.000000000000000000, -15.75000000000000000, 1.050000000000000044 ) ) ;
#5607 = CARTESIAN_POINT ( 'NONE',  ( -6.000000000000000000, 7.000000000000000000, 0.000000000000000000 ) ) ;
#5608 = EDGE_LOOP ( 'NONE', ( #7852, #5353, #2555, #6871, #527, #7204 ) ) ;
#5609 = ORIENTED_EDGE ( 'NONE', *, *, #4749, .T. ) ;
#5610 = CARTESIAN_POINT ( 'NONE',  ( 53.69999999999998863, -1.480062982793924453, -3.922862896642212771 ) ) ;
#5611 = CARTESIAN_POINT ( 'NONE',  ( 53.59999999999999432, -0.08014773745609271582, -2.743682071735587868 ) ) ;
#5612 = ORIENTED_EDGE ( 'NONE', *, *, #3685, .F. ) ;
#5613 = ADVANCED_FACE ( 'NONE', ( #5664 ), #1454, .T. ) ;
#5614 = ORIENTED_EDGE ( 'NONE', *, *, #4232, .F. ) ;
#5615 = FACE_OUTER_BOUND ( 'NONE', #2543, .T. ) ;
#5616 = CARTESIAN_POINT ( 'NONE',  ( 53.59999999999998721, -1.480062982793924453, -0.7192718126651240773 ) ) ;
#5617 = DIRECTION ( 'NONE',  ( 0.000000000000000000, 0.000000000000000000, -1.000000000000000000 ) ) ;
#5618 = ORIENTED_EDGE ( 'NONE', *, *, #1625, .T. ) ;
#5619 = LINE ( 'NONE', #1330, #869 ) ;
#5620 = PLANE ( 'NONE',  #4558 ) ;
#5621 = EDGE_CURVE ( 'NONE', #5040, #7199, #5070, .T. ) ;
#5622 = CARTESIAN_POINT ( 'NONE',  ( 49.19999999999999574, 0.000000000000000000, 0.000000000000000000 ) ) ;
#5623 = CARTESIAN_POINT ( 'NONE',  ( 0.000000000000000000, -15.75000000000000000, -0.2500000000000002220 ) ) ;
#5624 = CARTESIAN_POINT ( 'NONE',  ( 0.000000000000000000, 7.749999999999998224, -13.42339375865880058 ) ) ;
#5625 = LINE ( 'NONE', #2448, #357 ) ;
#5626 = DIRECTION ( 'NONE',  ( 1.000000000000000000, 0.000000000000000000, -0.000000000000000000 ) ) ;
#5627 = ADVANCED_FACE ( 'NONE', ( #3911 ), #673, .T. ) ;
#5628 = DIRECTION ( 'NONE',  ( -1.000000000000000000, 0.000000000000000000, 0.000000000000000000 ) ) ;
#5629 = LINE ( 'NONE', #6235, #3003 ) ;
#5630 = MECHANICAL_DESIGN_GEOMETRIC_PRESENTATION_REPRESENTATION (  '', ( #2948 ), #7151 ) ;
#5631 = CARTESIAN_POINT ( 'NONE',  ( 0.000000000000000000, -15.25000000000000000, -0.2500000000000002220 ) ) ;
#5632 = EDGE_LOOP ( 'NONE', ( #300, #6165, #613, #6934 ) ) ;
#5633 = STYLED_ITEM ( 'NONE', ( #1643 ), #6919 ) ;
#5634 = DIRECTION ( 'NONE',  ( 0.000000000000000000, -0.8580047584307882724, -0.5136417375078905501 ) ) ;
#5635 = CARTESIAN_POINT ( 'NONE',  ( 48.69999999999999574, 1.250000000000000000, -11.00000000000000000 ) ) ;
#5636 = LINE ( 'NONE', #2033, #6301 ) ;
#5637 = DIRECTION ( 'NONE',  ( -0.000000000000000000, -0.3558417043170685745, 0.9345462436223923586 ) ) ;
#5638 = AXIS2_PLACEMENT_3D ( 'NONE', #539, #4701, #3971 ) ;
#5639 = CARTESIAN_POINT ( 'NONE',  ( 53.59999999999998721, 1.551621044983853226, -3.477664332459120988 ) ) ;
#5640 = CIRCLE ( 'NONE', #696, 2.000000000000000000 ) ;
#5641 = EDGE_LOOP ( 'NONE', ( #2781, #4878, #54, #7395 ) ) ;
#5642 = DIRECTION ( 'NONE',  ( 0.000000000000000000, 0.000000000000000000, 1.000000000000000000 ) ) ;
#5643 = ORIENTED_EDGE ( 'NONE', *, *, #5018, .F. ) ;
#5644 = VECTOR ( 'NONE', #4904, 1000.000000000000227 ) ;
#5645 = DIRECTION ( 'NONE',  ( 1.000000000000000000, -0.000000000000000000, -0.000000000000000000 ) ) ;
#5646 = DIRECTION ( 'NONE',  ( 0.000000000000000000, 0.000000000000000000, 1.000000000000000000 ) ) ;
#5647 = EDGE_CURVE ( 'NONE', #556, #1409, #7703, .T. ) ;
#5648 = CARTESIAN_POINT ( 'NONE',  ( 53.59999999999998721, 1.551621044983853226, -5.027323051444513524 ) ) ;
#5649 = ORIENTED_EDGE ( 'NONE', *, *, #7454, .F. ) ;
#5650 = DIRECTION ( 'NONE',  ( 1.000000000000000000, -0.000000000000000000, -0.000000000000000000 ) ) ;
#5651 = ORIENTED_EDGE ( 'NONE', *, *, #2584, .T. ) ;
#5652 = VERTEX_POINT ( 'NONE', #6572 ) ;
#5653 = DIRECTION ( 'NONE',  ( 0.000000000000000000, -0.9535857504780766991, -0.3011215975069926332 ) ) ;
#5654 = CARTESIAN_POINT ( 'NONE',  ( 53.69999999999998863, 0.1155601897206955386, 4.673540529404039745 ) ) ;
#5655 = DIRECTION ( 'NONE',  ( -1.000000000000000000, -0.000000000000000000, -0.000000000000000000 ) ) ;
#5656 = AXIS2_PLACEMENT_3D ( 'NONE', #156, #1987, #5475 ) ;
#5657 = ORIENTED_EDGE ( 'NONE', *, *, #4455, .T. ) ;
#5658 =( NAMED_UNIT ( * ) SI_UNIT ( $, .STERADIAN. ) SOLID_ANGLE_UNIT ( ) );
#5659 = ORIENTED_EDGE ( 'NONE', *, *, #639, .T. ) ;
#5660 = CARTESIAN_POINT ( 'NONE',  ( 53.69999999999998863, -1.480062982793924453, 3.337288201804348375 ) ) ;
#5661 = AXIS2_PLACEMENT_3D ( 'NONE', #4986, #4234, #6743 ) ;
#5662 = AXIS2_PLACEMENT_3D ( 'NONE', #7708, #1016, #4101 ) ;
#5663 = VECTOR ( 'NONE', #7764, 1000.000000000000000 ) ;
#5664 = FACE_OUTER_BOUND ( 'NONE', #7853, .T. ) ;
#5665 = DIRECTION ( 'NONE',  ( -0.000000000000000000, 0.8660254037844381525, -0.5000000000000008882 ) ) ;
#5666 = DIRECTION ( 'NONE',  ( 1.000000000000000000, 0.000000000000000000, -0.000000000000000000 ) ) ;
#5667 = DIRECTION ( 'NONE',  ( 0.000000000000000000, 0.000000000000000000, 1.000000000000000000 ) ) ;
#5668 = DIRECTION ( 'NONE',  ( 0.000000000000000000, 0.000000000000000000, -1.000000000000000000 ) ) ;
#5669 = CARTESIAN_POINT ( 'NONE',  ( 53.49999999999999289, 8.750000000000000000, 15.70000000000000284 ) ) ;
#5670 = EDGE_CURVE ( 'NONE', #1519, #6733, #2357, .T. ) ;
#5672 = PRESENTATION_LAYER_ASSIGNMENT (  '', '', ( #2613 ) ) ;
#5671 = LINE ( 'NONE', #6599, #6970 ) ;
#5673 = EDGE_CURVE ( 'NONE', #7285, #1603, #3511, .T. ) ;
#5674 = ORIENTED_EDGE ( 'NONE', *, *, #4790, .T. ) ;
#5675 = CIRCLE ( 'NONE', #6569, 7.000000000000000000 ) ;
#5676 = CARTESIAN_POINT ( 'NONE',  ( 53.70000000000001705, 0.2724169903177313667, -2.626734465580571776 ) ) ;
#5677 = CIRCLE ( 'NONE', #863, 1.500000000000000000 ) ;
#5678 = SURFACE_SIDE_STYLE ('',( #945 ) ) ;
#5679 = CARTESIAN_POINT ( 'NONE',  ( 53.59999999999998721, 1.214767264119655854, 3.216861333557771374 ) ) ;
#5680 = EDGE_CURVE ( 'NONE', #5751, #1971, #4621, .T. ) ;
#5681 = DIRECTION ( 'NONE',  ( -0.000000000000000000, 0.5000000000000009992, 0.8660254037844380415 ) ) ;
#5682 = VECTOR ( 'NONE', #5312, 1000.000000000000227 ) ;
#5683 = DIRECTION ( 'NONE',  ( 0.000000000000000000, -1.000000000000000000, 0.000000000000000000 ) ) ;
#5684 = COLOUR_RGB ( '',0.7960784313725489669, 0.8235294117647058432, 0.9372549019607843146 ) ;
#5685 = VERTEX_POINT ( 'NONE', #6528 ) ;
#5686 = CARTESIAN_POINT ( 'NONE',  ( 0.000000000000000000, 7.750000000000006217, 13.42339375865879703 ) ) ;
#5687 = CARTESIAN_POINT ( 'NONE',  ( 0.000000000000000000, -16.74038207405221002, 0.2500000000000004996 ) ) ;
#5688 = CARTESIAN_POINT ( 'NONE',  ( 53.69999999999998863, -1.480062982793924453, -5.627487487526145138 ) ) ;
#5689 = VECTOR ( 'NONE', #618, 1000.000000000000227 ) ;
#5690 = FACE_OUTER_BOUND ( 'NONE', #1647, .T. ) ;
#5691 = ORIENTED_EDGE ( 'NONE', *, *, #3714, .F. ) ;
#5692 = DIRECTION ( 'NONE',  ( 0.000000000000000000, 0.2772917671032933962, -0.9607857596242427300 ) ) ;
#5693 = LINE ( 'NONE', #267, #2896 ) ;
#5694 = ORIENTED_EDGE ( 'NONE', *, *, #3487, .T. ) ;
#5695 = VECTOR ( 'NONE', #4957, 1000.000000000000000 ) ;
#5696 = ADVANCED_FACE ( 'NONE', ( #7096 ), #3650, .T. ) ;
#5697 = VERTEX_POINT ( 'NONE', #3979 ) ;
#5698 = FACE_OUTER_BOUND ( 'NONE', #3691, .T. ) ;
#5699 = VECTOR ( 'NONE', #5545, 1000.000000000000000 ) ;
#5700 = VERTEX_POINT ( 'NONE', #2785 ) ;
#5701 = DIRECTION ( 'NONE',  ( 0.000000000000000000, 1.000000000000000000, 0.000000000000000000 ) ) ;
#5702 = CYLINDRICAL_SURFACE ( 'NONE', #4562, 1.500000000000001332 ) ;
#5703 = AXIS2_PLACEMENT_3D ( 'NONE', #5533, #5495, #3625 ) ;
#5704 = CARTESIAN_POINT ( 'NONE',  ( 53.70000000000064233, 0.3140716925203857479, -2.681688513575895438 ) ) ;
#5705 = DIRECTION ( 'NONE',  ( 0.000000000000000000, 0.000000000000000000, -1.000000000000000000 ) ) ;
#5706 = LINE ( 'NONE', #6865, #812 ) ;
#5707 = DIRECTION ( 'NONE',  ( 0.000000000000000000, 0.000000000000000000, -1.000000000000000000 ) ) ;
#5708 = CARTESIAN_POINT ( 'NONE',  ( 0.000000000000000000, 7.749999999999998224, -14.72339375865880129 ) ) ;
#5709 = CARTESIAN_POINT ( 'NONE',  ( 53.59999999999999432, 0.6828928732814492086, -3.260712111801166824 ) ) ;
#5710 = CARTESIAN_POINT ( 'NONE',  ( 53.59999999999998721, 1.214767264119655854, 2.442031974065075772 ) ) ;
#5711 = PRESENTATION_LAYER_ASSIGNMENT (  '', '', ( #6984 ) ) ;
#5712 = CARTESIAN_POINT ( 'NONE',  ( 53.60000000000000853, 1.158830859429100357, -3.148985120257228321 ) ) ;
#5713 = ADVANCED_FACE ( 'NONE', ( #5889 ), #426, .T. ) ;
#5714 = CARTESIAN_POINT ( 'NONE',  ( 53.70000000000065654, 0.6828928732814492086, -2.814856912567658132 ) ) ;
#5715 = DIRECTION ( 'NONE',  ( -0.000000000000000000, -0.9396926207859082059, 0.3420201433256693235 ) ) ;
#5716 = CARTESIAN_POINT ( 'NONE',  ( 53.59999999999998721, 0.1687476288045161865, -1.691354341303248576 ) ) ;
#5717 = DIRECTION ( 'NONE',  ( -1.000000000000000000, 0.000000000000000000, -0.000000000000000000 ) ) ;
#5718 = CARTESIAN_POINT ( 'NONE',  ( 48.29999999999999716, -8.150000000000003908, 15.70000000000000284 ) ) ;
#5719 = ORIENTED_EDGE ( 'NONE', *, *, #6573, .F. ) ;
#5720 = EDGE_CURVE ( 'NONE', #7624, #3100, #3468, .T. ) ;
#5721 = FACE_OUTER_BOUND ( 'NONE', #5192, .T. ) ;
#5722 = DIRECTION ( 'NONE',  ( 0.000000000000000000, -0.9613033860425275190, 0.2754919236260314208 ) ) ;
#5723 = CARTESIAN_POINT ( 'NONE',  ( 53.69999999999998153, 1.501866990205194874, -2.635188004036570941 ) ) ;
#5724 = CARTESIAN_POINT ( 'NONE',  ( 2.000000000000000000, 7.750000000000006217, 13.42339375865879880 ) ) ;
#5725 = CARTESIAN_POINT ( 'NONE',  ( 53.69999999999998863, -0.3453976156724170021, -3.922862896642212771 ) ) ;
#5726 = EDGE_CURVE ( 'NONE', #335, #1959, #2616, .T. ) ;
#5727 = ORIENTED_EDGE ( 'NONE', *, *, #3754, .F. ) ;
#5728 = DIRECTION ( 'NONE',  ( -1.000000000000000000, -0.000000000000000000, -0.000000000000000000 ) ) ;
#5729 = DIRECTION ( 'NONE',  ( 0.000000000000000000, 0.000000000000000000, 1.000000000000000000 ) ) ;
#5730 = ORIENTED_EDGE ( 'NONE', *, *, #289, .F. ) ;
#5731 = VERTEX_POINT ( 'NONE', #3777 ) ;
#5732 = CARTESIAN_POINT ( 'NONE',  ( 53.59999999999998721, -0.5404182256464260536, -0.4480815368426800394 ) ) ;
#5733 = CARTESIAN_POINT ( 'NONE',  ( 53.59999999999998721, 1.551621044983853226, 5.487111356871371193 ) ) ;
#5734 = ORIENTED_EDGE ( 'NONE', *, *, #245, .F. ) ;
#5735 = LINE ( 'NONE', #7623, #12 ) ;
#5736 = CARTESIAN_POINT ( 'NONE',  ( 53.70000000000064944, 0.3938281511589292183, -2.747883041508130564 ) ) ;
#5737 = DIRECTION ( 'NONE',  ( -1.000000000000000000, -0.000000000000000000, -0.000000000000000000 ) ) ;
#5738 =( NAMED_UNIT ( * ) SI_UNIT ( $, .STERADIAN. ) SOLID_ANGLE_UNIT ( ) );
#5739 = DIRECTION ( 'NONE',  ( 1.000000000000000000, -0.000000000000000000, -0.000000000000000000 ) ) ;
#5740 = LINE ( 'NONE', #6383, #217 ) ;
#5741 = ADVANCED_FACE ( 'NONE', ( #1434 ), #2576, .T. ) ;
#5742 = CARTESIAN_POINT ( 'NONE',  ( 46.09999999999999432, -14.74086055109746596, -7.267679784435103763 ) ) ;
#5743 = ORIENTED_EDGE ( 'NONE', *, *, #7260, .T. ) ;
#5744 = CARTESIAN_POINT ( 'NONE',  ( 47.69999999999999574, 1.224646799147353207E-16, -1.000000000000000000 ) ) ;
#5745 = DIRECTION ( 'NONE',  ( 0.000000000000000000, 0.2754919236260307547, -0.9613033860425278521 ) ) ;
#5746 = CARTESIAN_POINT ( 'NONE',  ( 21.50000000000000000, 0.000000000000000000, 0.000000000000000000 ) ) ;
#5747 = PRESENTATION_LAYER_ASSIGNMENT (  '', '', ( #5869 ) ) ;
#5748 =( NAMED_UNIT ( * ) SI_UNIT ( $, .STERADIAN. ) SOLID_ANGLE_UNIT ( ) );
#5749 = CARTESIAN_POINT ( 'NONE',  ( 0.000000000000000000, 8.784326673973666288, 13.11490010960490515 ) ) ;
#5750 = PRESENTATION_STYLE_ASSIGNMENT (( #880 ) ) ;
#5751 = VERTEX_POINT ( 'NONE', #2545 ) ;
#5752 = AXIS2_PLACEMENT_3D ( 'NONE', #2954, #6625, #4115 ) ;
#5753 = LINE ( 'NONE', #2075, #6582 ) ;
#5754 = FACE_OUTER_BOUND ( 'NONE', #7775, .T. ) ;
#5755 = COLOUR_RGB ( '',1.000000000000000000, 1.000000000000000000, 1.000000000000000000 ) ;
#5756 = VERTEX_POINT ( 'NONE', #4411 ) ;
#5757 = CARTESIAN_POINT ( 'NONE',  ( 47.69999999999999574, 1.250000000000000000, -11.00000000000000000 ) ) ;
#5758 = EDGE_CURVE ( 'NONE', #5963, #4017, #6283, .T. ) ;
#5759 = LINE ( 'NONE', #1440, #5580 ) ;
#5760 = ORIENTED_EDGE ( 'NONE', *, *, #3826, .T. ) ;
#5761 = AXIS2_PLACEMENT_3D ( 'NONE', #442, #1965, #214 ) ;
#5762 = ORIENTED_EDGE ( 'NONE', *, *, #7577, .T. ) ;
#5763 = EDGE_CURVE ( 'NONE', #4938, #3473, #5009, .T. ) ;
#5764 = CARTESIAN_POINT ( 'NONE',  ( 50.69999999999999574, -12.50000000000000000, -1.500000000000000222 ) ) ;
#5765 = LINE ( 'NONE', #3905, #1617 ) ;
#5766 = EDGE_CURVE ( 'NONE', #3385, #2706, #3753, .T. ) ;
#5767 = ORIENTED_EDGE ( 'NONE', *, *, #5112, .T. ) ;
#5768 = LINE ( 'NONE', #930, #6577 ) ;
#5769 = VECTOR ( 'NONE', #74, 1000.000000000000000 ) ;
#5770 = ORIENTED_EDGE ( 'NONE', *, *, #2071, .T. ) ;
#5771 = CARTESIAN_POINT ( 'NONE',  ( 53.59999999999999432, 0.5528678638980768500, -2.804640385649720180 ) ) ;
#5772 = CARTESIAN_POINT ( 'NONE',  ( 0.000000000000000000, 7.000000000000001776, 0.000000000000000000 ) ) ;
#5773 = FACE_OUTER_BOUND ( 'NONE', #3467, .T. ) ;
#5774 = FACE_OUTER_BOUND ( 'NONE', #5065, .T. ) ;
#5775 = LINE ( 'NONE', #2320, #328 ) ;
#5776 = ORIENTED_EDGE ( 'NONE', *, *, #4598, .T. ) ;
#5777 = CARTESIAN_POINT ( 'NONE',  ( 53.69999999999998863, 1.214767264119656076, -2.117510489024231557 ) ) ;
#5778 = CIRCLE ( 'NONE', #5661, 1.500000000000001332 ) ;
#5779 = LINE ( 'NONE', #7597, #6337 ) ;
#5780 = CIRCLE ( 'NONE', #6424, 0.2000000000000005107 ) ;
#5781 = ADVANCED_FACE ( 'NONE', ( #6843 ), #1085, .T. ) ;
#5782 = CARTESIAN_POINT ( 'NONE',  ( 53.69999999999998863, 0.1687476288045161865, -2.233734892948135098 ) ) ;
#5783 = LINE ( 'NONE', #5233, #7279 ) ;
#5784 = CARTESIAN_POINT ( 'NONE',  ( 47.69999999999999574, 0.000000000000000000, 0.000000000000000000 ) ) ;
#5785 = CIRCLE ( 'NONE', #7842, 1.300000000000000711 ) ;
#5786 =( NAMED_UNIT ( * ) SI_UNIT ( $, .STERADIAN. ) SOLID_ANGLE_UNIT ( ) );
#5787 = ORIENTED_EDGE ( 'NONE', *, *, #4189, .T. ) ;
#5788 = AXIS2_PLACEMENT_3D ( 'NONE', #2332, #5866, #7839 ) ;
#5789 = VECTOR ( 'NONE', #867, 1000.000000000000000 ) ;
#5790 = DIRECTION ( 'NONE',  ( -0.000000000000000000, 0.000000000000000000, -1.000000000000000000 ) ) ;
#5791 = DIRECTION ( 'NONE',  ( 0.000000000000000000, -1.000000000000000000, 0.000000000000000000 ) ) ;
#5792 = DIRECTION ( 'NONE',  ( 0.000000000000000000, -0.000000000000000000, -1.000000000000000000 ) ) ;
#5793 = DIRECTION ( 'NONE',  ( -1.000000000000000000, 0.000000000000000000, 0.000000000000000000 ) ) ;
#5794 = PLANE ( 'NONE',  #355 ) ;
#5795 = AXIS2_PLACEMENT_3D ( 'NONE', #6075, #1263, #637 ) ;
#5796 = VECTOR ( 'NONE', #1326, 1000.000000000000114 ) ;
#5797 = ORIENTED_EDGE ( 'NONE', *, *, #1899, .T. ) ;
#5798 = LINE ( 'NONE', #7076, #4547 ) ;
#5799 = FILL_AREA_STYLE ('',( #5130 ) ) ;
#5800 = EDGE_LOOP ( 'NONE', ( #141, #2302, #1372, #7696 ) ) ;
#5801 = AXIS2_PLACEMENT_3D ( 'NONE', #3078, #3723, #41 ) ;
#5802 = ORIENTED_EDGE ( 'NONE', *, *, #6759, .F. ) ;
#5803 = EDGE_CURVE ( 'NONE', #5365, #4199, #5605, .T. ) ;
#5804 = DIRECTION ( 'NONE',  ( 0.000000000000000000, 1.000000000000000000, 0.000000000000000000 ) ) ;
#5805 = CARTESIAN_POINT ( 'NONE',  ( 44.50000000000000711, 16.28931638921675784, -2.146073948201742354 ) ) ;
#5806 = VECTOR ( 'NONE', #1832, 1000.000000000000000 ) ;
#5807 = PRESENTATION_STYLE_ASSIGNMENT (( #699 ) ) ;
#5808 = EDGE_LOOP ( 'NONE', ( #3857, #5005, #2784, #4897 ) ) ;
#5809 = DIRECTION ( 'NONE',  ( -1.000000000000000000, -0.000000000000000000, -0.000000000000000000 ) ) ;
#5810 = CARTESIAN_POINT ( 'NONE',  ( 0.5000000000000000000, 0.000000000000000000, 0.000000000000000000 ) ) ;
#5811 = EDGE_CURVE ( 'NONE', #5467, #3794, #4296, .T. ) ;
#5812 = ORIENTED_EDGE ( 'NONE', *, *, #437, .F. ) ;
#5813 = EDGE_CURVE ( 'NONE', #4919, #3049, #4637, .T. ) ;
#5814 = VECTOR ( 'NONE', #5394, 1000.000000000000000 ) ;
#5815 = ORIENTED_EDGE ( 'NONE', *, *, #1897, .F. ) ;
#5816 = VECTOR ( 'NONE', #1520, 1000.000000000000000 ) ;
#5817 = CARTESIAN_POINT ( 'NONE',  ( 53.69999999999999574, 1.540642020947813773, -2.434923741803043828 ) ) ;
#5818 = CARTESIAN_POINT ( 'NONE',  ( 2.000000000000000000, -15.50000000000000000, -8.673617379884035472E-16 ) ) ;
#5819 = DIRECTION ( 'NONE',  ( -0.000000000000000000, 1.000000000000000000, 0.000000000000000000 ) ) ;
#5820 = LINE ( 'NONE', #2641, #7438 ) ;
#5821 = ORIENTED_EDGE ( 'NONE', *, *, #826, .F. ) ;
#5822 = DIRECTION ( 'NONE',  ( 0.000000000000000000, 0.000000000000000000, -1.000000000000000000 ) ) ;
#5823 = DIRECTION ( 'NONE',  ( -0.000000000000000000, 0.8660254037844390407, 0.4999999999999992228 ) ) ;
#5824 = EDGE_CURVE ( 'NONE', #4864, #5296, #4676, .T. ) ;
#5825 = AXIS2_PLACEMENT_3D ( 'NONE', #3072, #3155, #704 ) ;
#5826 = CARTESIAN_POINT ( 'NONE',  ( 0.000000000000000000, -15.25000000000000000, 1.050000000000000044 ) ) ;
#5827 = CARTESIAN_POINT ( 'NONE',  ( -19.80000000000000071, 7.000000000000000000, 3.000000000000000000 ) ) ;
#5828 = DIRECTION ( 'NONE',  ( 0.000000000000000000, 0.000000000000000000, -1.000000000000000000 ) ) ;
#5829 = VECTOR ( 'NONE', #1934, 1000.000000000000000 ) ;
#5830 = EDGE_LOOP ( 'NONE', ( #3219, #5337 ) ) ;
#5831 = VERTEX_POINT ( 'NONE', #1930 ) ;
#5832 = DIRECTION ( 'NONE',  ( 0.000000000000000000, 0.8903484509865520202, -0.4552797335988582605 ) ) ;
#5833 = DIRECTION ( 'NONE',  ( 0.000000000000000000, 0.000000000000000000, -1.000000000000000000 ) ) ;
#5834 = CARTESIAN_POINT ( 'NONE',  ( 53.19999999999998863, 0.000000000000000000, 0.000000000000000000 ) ) ;
#5835 = CARTESIAN_POINT ( 'NONE',  ( 53.69999999999998863, 0.000000000000000000, 0.000000000000000000 ) ) ;
#5836 = EDGE_CURVE ( 'NONE', #4017, #4241, #1210, .T. ) ;
#5837 = EDGE_LOOP ( 'NONE', ( #3744, #2886, #7133, #4564 ) ) ;
#5838 = LINE ( 'NONE', #4128, #4696 ) ;
#5839 = ORIENTED_EDGE ( 'NONE', *, *, #6425, .F. ) ;
#5840 = EDGE_CURVE ( 'NONE', #2110, #2040, #3701, .T. ) ;
#5841 = VERTEX_POINT ( 'NONE', #6247 ) ;
#5842 = CARTESIAN_POINT ( 'NONE',  ( 53.59999999999998721, 0.1155601897206955386, 4.673540529404039745 ) ) ;
#5843 = CARTESIAN_POINT ( 'NONE',  ( 44.50000000000000000, 16.39499999999999602, -1.073050240741758588 ) ) ;
#5844 = ORIENTED_EDGE ( 'NONE', *, *, #7374, .T. ) ;
#5845 = ORIENTED_EDGE ( 'NONE', *, *, #5127, .F. ) ;
#5846 = CARTESIAN_POINT ( 'NONE',  ( 21.50000000000000000, 2.008420750601658954E-15, -16.39999999999999858 ) ) ;
#5847 = LINE ( 'NONE', #422, #4940 ) ;
#5848 = EDGE_CURVE ( 'NONE', #3849, #7681, #6761, .T. ) ;
#5849 = ORIENTED_EDGE ( 'NONE', *, *, #4257, .T. ) ;
#5850 = DIRECTION ( 'NONE',  ( 0.000000000000000000, 0.8830127003237534522, 0.4693490929648774790 ) ) ;
#5851 = PLANE ( 'NONE',  #1091 ) ;
#5852 = CARTESIAN_POINT ( 'NONE',  ( 53.69999999999998863, 0.000000000000000000, 0.000000000000000000 ) ) ;
#5853 = CARTESIAN_POINT ( 'NONE',  ( 53.59999999999998721, -1.480062982793924453, 5.584293344333167042 ) ) ;
#5854 = CARTESIAN_POINT ( 'NONE',  ( 0.000000000000000000, -15.75000000000000000, 1.050000000000000044 ) ) ;
#5855 = FACE_BOUND ( 'NONE', #101, .T. ) ;
#5856 = ORIENTED_EDGE ( 'NONE', *, *, #3436, .T. ) ;
#5857 = DIRECTION ( 'NONE',  ( 1.000000000000000000, 0.000000000000000000, -0.000000000000000000 ) ) ;
#5858 = EDGE_CURVE ( 'NONE', #4017, #1848, #3739, .T. ) ;
#5859 = FILL_AREA_STYLE ('',( #7670 ) ) ;
#5860 = ADVANCED_FACE ( 'NONE', ( #3299 ), #2801, .T. ) ;
#5861 = CARTESIAN_POINT ( 'NONE',  ( 53.59999999999998721, -0.5404182256464260536, -0.4480815368426800394 ) ) ;
#5862 = EDGE_CURVE ( 'NONE', #4919, #537, #6364, .T. ) ;
#5863 = DIRECTION ( 'NONE',  ( -0.000000000000000000, -4.818676322157796389E-16, 1.000000000000000000 ) ) ;
#5864 = SURFACE_SIDE_STYLE ('',( #3444 ) ) ;
#5865 = PLANE ( 'NONE',  #1069 ) ;
#5866 = DIRECTION ( 'NONE',  ( 0.000000000000000000, -0.3420201433256633838, 0.9396926207859104263 ) ) ;
#5867 = ADVANCED_FACE ( 'NONE', ( #5754 ), #1516, .T. ) ;
#5868 = VERTEX_POINT ( 'NONE', #3415 ) ;
#5869 = STYLED_ITEM ( 'NONE', ( #3125 ), #6161 ) ;
#5870 = LINE ( 'NONE', #6032, #3403 ) ;
#5871 = CARTESIAN_POINT ( 'NONE',  ( 44.50000000000000000, -16.39499999999999957, 1.073050240741759698 ) ) ;
#5872 = CARTESIAN_POINT ( 'NONE',  ( 2.000000000000000000, -15.50000000000000000, -8.673617379884035472E-16 ) ) ;
#5873 = DIRECTION ( 'NONE',  ( 1.000000000000000000, 0.000000000000000000, 0.000000000000000000 ) ) ;
#5874 = STYLED_ITEM ( 'NONE', ( #1435 ), #1020 ) ;
#5875 = ORIENTED_EDGE ( 'NONE', *, *, #7330, .F. ) ;
#5876 = CIRCLE ( 'NONE', #3082, 17.30000000000000071 ) ;
#5877 = CARTESIAN_POINT ( 'NONE',  ( 46.10000000000000142, 10.83755870952397871, 12.35554371339477875 ) ) ;
#5878 = ORIENTED_EDGE ( 'NONE', *, *, #534, .F. ) ;
#5879 = EDGE_CURVE ( 'NONE', #5334, #4929, #920, .T. ) ;
#5880 = ORIENTED_EDGE ( 'NONE', *, *, #540, .F. ) ;
#5881 = AXIS2_PLACEMENT_3D ( 'NONE', #2477, #4901, #6735 ) ;
#5882 = CARTESIAN_POINT ( 'NONE',  ( 50.69999999999999574, 1.198796048359147548, -9.141273873724520271 ) ) ;
#5883 = ORIENTED_EDGE ( 'NONE', *, *, #3229, .F. ) ;
#5884 = VERTEX_POINT ( 'NONE', #990 ) ;
#5885 = DIRECTION ( 'NONE',  ( -1.000000000000000000, 0.000000000000000000, 0.000000000000000000 ) ) ;
#5886 = VERTEX_POINT ( 'NONE', #4529 ) ;
#5887 =( GEOMETRIC_REPRESENTATION_CONTEXT ( 3 ) GLOBAL_UNCERTAINTY_ASSIGNED_CONTEXT ( ( #3683 ) ) GLOBAL_UNIT_ASSIGNED_CONTEXT ( ( #7120, #4614, #7694 ) ) REPRESENTATION_CONTEXT ( 'NONE', 'WORKASPACE' ) );
#5888 = ORIENTED_EDGE ( 'NONE', *, *, #3870, .T. ) ;
#5889 = FACE_OUTER_BOUND ( 'NONE', #1312, .T. ) ;
#5890 = CARTESIAN_POINT ( 'NONE',  ( 46.09999999999999432, 2.007808427202085562E-15, -16.39499999999999957 ) ) ;
#5891 = AXIS2_PLACEMENT_3D ( 'NONE', #430, #5310, #5385 ) ;
#5892 = SURFACE_STYLE_FILL_AREA ( #7664 ) ;
#5893 = DIRECTION ( 'NONE',  ( 0.000000000000000000, 0.000000000000000000, 1.000000000000000000 ) ) ;
#5894 = DIRECTION ( 'NONE',  ( 0.000000000000000000, 0.9535857504780766991, -0.3011215975069926332 ) ) ;
#5895 = ORIENTED_EDGE ( 'NONE', *, *, #769, .F. ) ;
#5896 = LINE ( 'NONE', #474, #5682 ) ;
#5897 = UNCERTAINTY_MEASURE_WITH_UNIT (LENGTH_MEASURE( 1.000000000000000082E-05 ), #1702, 'distance_accuracy_value', 'NONE');
#5898 = EDGE_LOOP ( 'NONE', ( #6114, #2289, #4418, #7391 ) ) ;
#5899 = CARTESIAN_POINT ( 'NONE',  ( 53.59999999999998721, -1.480062982793924453, 1.140318650117346566 ) ) ;
#5900 = DIRECTION ( 'NONE',  ( 0.000000000000000000, 0.8660254037844380415, -0.5000000000000009992 ) ) ;
#5901 = CARTESIAN_POINT ( 'NONE',  ( 53.19999999999998863, 0.000000000000000000, 7.000000000000000000 ) ) ;
#5902 = EDGE_CURVE ( 'NONE', #3712, #4408, #5242, .T. ) ;
#5903 = CARTESIAN_POINT ( 'NONE',  ( 53.69999999999999574, 0.04416600802740047738, -2.967404917819254528 ) ) ;
#5904 = SURFACE_STYLE_USAGE ( .BOTH. , #2415 ) ;
#5905 = VECTOR ( 'NONE', #4330, 1000.000000000000000 ) ;
#5906 = EDGE_CURVE ( 'NONE', #4694, #1635, #7684, .T. ) ;
#5907 = VECTOR ( 'NONE', #5144, 1000.000000000000000 ) ;
#5908 = ORIENTED_EDGE ( 'NONE', *, *, #7227, .F. ) ;
#5909 = AXIS2_PLACEMENT_3D ( 'NONE', #1779, #4626, #2863 ) ;
#5910 = EDGE_CURVE ( 'NONE', #32, #6518, #1475, .T. ) ;
#5911 = DIRECTION ( 'NONE',  ( -1.000000000000000000, -0.000000000000000000, -0.000000000000000000 ) ) ;
#5912 = AXIS2_PLACEMENT_3D ( 'NONE', #5716, #285, #7561 ) ;
#5913 = CARTESIAN_POINT ( 'NONE',  ( 44.49999999999999289, -14.22809906599087171, 8.216365302705662899 ) ) ;
#5914 = CARTESIAN_POINT ( 'NONE',  ( 47.69999999999999574, -1.250000000000000000, -11.00000000000000000 ) ) ;
#5915 = ORIENTED_EDGE ( 'NONE', *, *, #1946, .F. ) ;
#5916 = PLANE ( 'NONE',  #7876 ) ;
#5917 = VECTOR ( 'NONE', #2265, 1000.000000000000000 ) ;
#5918 = CARTESIAN_POINT ( 'NONE',  ( 46.10000000000000142, 10.83755870952398581, -12.35554371339476987 ) ) ;
#5919 = AXIS2_PLACEMENT_3D ( 'NONE', #2487, #4911, #7349 ) ;
#5920 = ORIENTED_EDGE ( 'NONE', *, *, #5902, .T. ) ;
#5921 = ORIENTED_EDGE ( 'NONE', *, *, #4438, .F. ) ;
#5922 = VECTOR ( 'NONE', #5681, 1000.000000000000114 ) ;
#5923 = VECTOR ( 'NONE', #2052, 1000.000000000000114 ) ;
#5924 = CARTESIAN_POINT ( 'NONE',  ( 44.50000000000000000, 14.73636638629530005, -7.265464028403273211 ) ) ;
#5925 = VERTEX_POINT ( 'NONE', #4000 ) ;
#5926 = VERTEX_POINT ( 'NONE', #292 ) ;
#5927 = DIRECTION ( 'NONE',  ( -0.000000000000000000, 0.5000000000000009992, 0.8660254037844380415 ) ) ;
#5928 = ADVANCED_FACE ( 'NONE', ( #6437 ), #4489, .F. ) ;
#5929 = CYLINDRICAL_SURFACE ( 'NONE', #7626, 18.30000000000000071 ) ;
#5930 = VERTEX_POINT ( 'NONE', #6476 ) ;
#5931 = VECTOR ( 'NONE', #4591, 1000.000000000000000 ) ;
#5932 = VECTOR ( 'NONE', #429, 1000.000000000000000 ) ;
#5933 = ORIENTED_EDGE ( 'NONE', *, *, #5647, .T. ) ;
#5934 = CARTESIAN_POINT ( 'NONE',  ( 53.59999999999999432, 1.549630719765286768, -2.326482213841797098 ) ) ;
#5935 = CARTESIAN_POINT ( 'NONE',  ( 0.000000000000000000, 7.841506350946106707, -13.08188740771269210 ) ) ;
#5936 = FACE_OUTER_BOUND ( 'NONE', #3862, .T. ) ;
#5937 = SURFACE_STYLE_USAGE ( .BOTH. , #3514 ) ;
#5938 = CARTESIAN_POINT ( 'NONE',  ( 53.69999999999998863, 1.551621044983853226, -3.477664332459120988 ) ) ;
#5939 = LINE ( 'NONE', #1690, #3486 ) ;
#5940 = ORIENTED_EDGE ( 'NONE', *, *, #5836, .T. ) ;
#5941 = DIRECTION ( 'NONE',  ( 0.000000000000000000, 0.000000000000000000, 1.000000000000000000 ) ) ;
#5942 = FACE_BOUND ( 'NONE', #5287, .T. ) ;
#5943 = AXIS2_PLACEMENT_3D ( 'NONE', #676, #4242, #1876 ) ;
#5944 = AXIS2_PLACEMENT_3D ( 'NONE', #2887, #3418, #5329 ) ;
#5945 = VERTEX_POINT ( 'NONE', #1027 ) ;
#5946 = LINE ( 'NONE', #3525, #1387 ) ;
#5947 = CARTESIAN_POINT ( 'NONE',  ( 53.59999999999998721, 0.8779134832554581491, -0.002226337609171659404 ) ) ;
#5948 = CARTESIAN_POINT ( 'NONE',  ( 53.59999999999999432, 0.5982205349007995165, -3.258585842911840835 ) ) ;
#5949 = DIRECTION ( 'NONE',  ( -0.000000000000000000, -0.8660254037844390407, -0.4999999999999992228 ) ) ;
#5950 = EDGE_CURVE ( 'NONE', #36, #1527, #4858, .T. ) ;
#5951 = ORIENTED_EDGE ( 'NONE', *, *, #192, .T. ) ;
#5952 = STYLED_ITEM ( 'NONE', ( #7451 ), #5135 ) ;
#5953 = LINE ( 'NONE', #5401, #1245 ) ;
#5954 = LINE ( 'NONE', #1671, #6261 ) ;
#5955 = DIRECTION ( 'NONE',  ( -1.000000000000000000, -0.000000000000000000, -0.000000000000000000 ) ) ;
#5956 = DIRECTION ( 'NONE',  ( 1.000000000000000000, 0.000000000000000000, 0.000000000000000000 ) ) ;
#5957 = ORIENTED_EDGE ( 'NONE', *, *, #3171, .F. ) ;
#5958 = DIRECTION ( 'NONE',  ( 0.000000000000000000, 1.000000000000000000, -0.000000000000000000 ) ) ;
#5959 = VECTOR ( 'NONE', #3420, 1000.000000000000000 ) ;
#5960 = EDGE_CURVE ( 'NONE', #3306, #1228, #7608, .T. ) ;
#5961 = CARTESIAN_POINT ( 'NONE',  ( 46.09999999999999432, 13.03976505953748877, 10.00383258696652078 ) ) ;
#5962 = ORIENTED_EDGE ( 'NONE', *, *, #5404, .F. ) ;
#5963 = VERTEX_POINT ( 'NONE', #6996 ) ;
#5964 = ADVANCED_FACE ( 'NONE', ( #6396 ), #3449, .F. ) ;
#5965 = LINE ( 'NONE', #3383, #7164 ) ;
#5966 = VERTEX_POINT ( 'NONE', #7070 ) ;
#5967 = VERTEX_POINT ( 'NONE', #1630 ) ;
#5968 = SURFACE_STYLE_USAGE ( .BOTH. , #7124 ) ;
#5969 = ORIENTED_EDGE ( 'NONE', *, *, #3164, .F. ) ;
#5970 = ORIENTED_EDGE ( 'NONE', *, *, #7625, .F. ) ;
#5971 = CARTESIAN_POINT ( 'NONE',  ( 53.69999999999998863, 1.294086625099815979, -3.038930628972549286 ) ) ;
#5972 = FACE_OUTER_BOUND ( 'NONE', #1135, .T. ) ;
#5973 = PRESENTATION_STYLE_ASSIGNMENT (( #2941 ) ) ;
#5974 = LINE ( 'NONE', #2823, #7720 ) ;
#5975 = FACE_BOUND ( 'NONE', #1933, .T. ) ;
#5976 = ORIENTED_EDGE ( 'NONE', *, *, #6814, .T. ) ;
#5977 = CARTESIAN_POINT ( 'NONE',  ( 53.60000000000000142, 1.214464813588315151, -2.147072431050802255 ) ) ;
#5978 = FACE_OUTER_BOUND ( 'NONE', #839, .T. ) ;
#5979 = ORIENTED_EDGE ( 'NONE', *, *, #6090, .F. ) ;
#5980 = UNCERTAINTY_MEASURE_WITH_UNIT (LENGTH_MEASURE( 1.000000000000000082E-05 ), #916, 'distance_accuracy_value', 'NONE');
#5981 = ADVANCED_FACE ( 'NONE', ( #1588 ), #952, .T. ) ;
#5982 = ORIENTED_EDGE ( 'NONE', *, *, #5879, .F. ) ;
#5983 = PLANE ( 'NONE',  #7093 ) ;
#5984 = DIRECTION ( 'NONE',  ( 0.000000000000000000, 0.8903484509865520202, -0.4552797335988582605 ) ) ;
#5985 = LINE ( 'NONE', #4, #3246 ) ;
#5986 = LINE ( 'NONE', #560, #951 ) ;
#5987 = DIRECTION ( 'NONE',  ( 0.000000000000000000, 0.5000000000000009992, 0.8660254037844380415 ) ) ;
#5988 = EDGE_CURVE ( 'NONE', #4047, #3635, #2295, .T. ) ;
#5989 = VERTEX_POINT ( 'NONE', #7190 ) ;
#5990 = FACE_OUTER_BOUND ( 'NONE', #1360, .T. ) ;
#5991 = CARTESIAN_POINT ( 'NONE',  ( 53.69999999999998863, 1.349119603733285766, -2.970352025123718764 ) ) ;
#5992 = PLANE ( 'NONE',  #1740 ) ;
#5993 = LINE ( 'NONE', #4124, #5546 ) ;
#5994 = VERTEX_POINT ( 'NONE', #1705 ) ;
#5995 = DIRECTION ( 'NONE',  ( -0.000000000000000000, -1.000000000000000000, -0.000000000000000000 ) ) ;
#5996 = CARTESIAN_POINT ( 'NONE',  ( 46.10000000000001563, 14.74086055109746773, -7.267679784435114421 ) ) ;
#5997 = ORIENTED_EDGE ( 'NONE', *, *, #5086, .T. ) ;
#5998 = CIRCLE ( 'NONE', #2082, 1.000000000000000888 ) ;
#5999 = AXIS2_PLACEMENT_3D ( 'NONE', #1672, #7772, #7236 ) ;
#6000 = EDGE_LOOP ( 'NONE', ( #4814, #4583, #551 ) ) ;
#6002 = AXIS2_PLACEMENT_3D ( 'NONE', #3315, #7011, #6345 ) ;
#6001 = CARTESIAN_POINT ( 'NONE',  ( 53.59999999999998721, 0.1155601897206955386, 4.673540529404039745 ) ) ;
#6003 = ORIENTED_EDGE ( 'NONE', *, *, #3064, .F. ) ;
#6004 = EDGE_CURVE ( 'NONE', #1761, #592, #5402, .T. ) ;
#6005 = ORIENTED_EDGE ( 'NONE', *, *, #6936, .F. ) ;
#6006 = SURFACE_STYLE_FILL_AREA ( #2470 ) ;
#6007 = CARTESIAN_POINT ( 'NONE',  ( 53.69999999999998863, 1.551621044983853226, -5.027323051444513524 ) ) ;
#6008 = ORIENTED_EDGE ( 'NONE', *, *, #4925, .F. ) ;
#6009 = EDGE_CURVE ( 'NONE', #6094, #3178, #5954, .T. ) ;
#6010 = VECTOR ( 'NONE', #301, 1000.000000000000000 ) ;
#6011 = EDGE_LOOP ( 'NONE', ( #3609, #6618, #7114, #2236 ) ) ;
#6012 = EDGE_CURVE ( 'NONE', #85, #1575, #5283, .T. ) ;
#6013 = CARTESIAN_POINT ( 'NONE',  ( 53.70000000000067786, 0.8541478700930631440, -2.793221491371337795 ) ) ;
#6014 = CARTESIAN_POINT ( 'NONE',  ( 53.59999999999998721, 1.214767264119655854, -2.117510489024231113 ) ) ;
#6015 = DIRECTION ( 'NONE',  ( -1.000000000000000000, 0.000000000000000000, 0.000000000000000000 ) ) ;
#6016 = PLANE ( 'NONE',  #5017 ) ;
#6017 = ORIENTED_EDGE ( 'NONE', *, *, #7436, .T. ) ;
#6018 = CARTESIAN_POINT ( 'NONE',  ( 2.000000000000000000, 7.008493649053896490, 12.63906708468513784 ) ) ;
#6019 = VECTOR ( 'NONE', #5804, 1000.000000000000000 ) ;
#6020 = FACE_BOUND ( 'NONE', #6140, .T. ) ;
#6021 = VERTEX_POINT ( 'NONE', #1834 ) ;
#6022 = VECTOR ( 'NONE', #1502, 1000.000000000000000 ) ;
#6023 = ORIENTED_EDGE ( 'NONE', *, *, #6674, .T. ) ;
#6024 = FACE_OUTER_BOUND ( 'NONE', #3225, .T. ) ;
#6025 = PLANE ( 'NONE',  #4229 ) ;
#6026 = LINE ( 'NONE', #4757, #1219 ) ;
#6027 = DIRECTION ( 'NONE',  ( 0.000000000000000000, 0.000000000000000000, -1.000000000000000000 ) ) ;
#6028 = PLANE ( 'NONE',  #5788 ) ;
#6029 = VECTOR ( 'NONE', #4391, 1000.000000000000000 ) ;
#6030 = EDGE_CURVE ( 'NONE', #5697, #5496, #687, .T. ) ;
#6031 = VERTEX_POINT ( 'NONE', #5325 ) ;
#6032 = CARTESIAN_POINT ( 'NONE',  ( 2.000000000000000000, 7.441506350946108128, -12.38906708468514140 ) ) ;
#6033 = CARTESIAN_POINT ( 'NONE',  ( 44.50000000000000000, -15.87063295520517769, 4.250937710707075823 ) ) ;
#6034 = FILL_AREA_STYLE ('',( #2841 ) ) ;
#6035 = CIRCLE ( 'NONE', #7312, 0.2000000000000005107 ) ;
#6036 = LINE ( 'NONE', #3613, #4908 ) ;
#6037 = ORIENTED_EDGE ( 'NONE', *, *, #4884, .T. ) ;
#6038 = VECTOR ( 'NONE', #5705, 1000.000000000000000 ) ;
#6039 = DIRECTION ( 'NONE',  ( -1.000000000000000000, 0.000000000000000000, -0.000000000000000000 ) ) ;
#6040 = EDGE_LOOP ( 'NONE', ( #1241, #5400, #3931, #6877 ) ) ;
#6041 = VECTOR ( 'NONE', #795, 1000.000000000000000 ) ;
#6042 = ORIENTED_EDGE ( 'NONE', *, *, #675, .T. ) ;
#6043 = EDGE_CURVE ( 'NONE', #7240, #3667, #529, .T. ) ;
#6044 = FACE_OUTER_BOUND ( 'NONE', #1137, .T. ) ;
#6045 = AXIS2_PLACEMENT_3D ( 'NONE', #1708, #2963, #1107 ) ;
#6046 = ORIENTED_EDGE ( 'NONE', *, *, #1281, .T. ) ;
#6047 = VECTOR ( 'NONE', #1420, 1000.000000000000227 ) ;
#6048 = ORIENTED_EDGE ( 'NONE', *, *, #2364, .T. ) ;
#6049 = DIRECTION ( 'NONE',  ( 0.000000000000000000, 0.4999999999999992784, -0.8660254037844390407 ) ) ;
#6050 = LINE ( 'NONE', #4893, #2274 ) ;
#6051 = VERTEX_POINT ( 'NONE', #6632 ) ;
#6052 = AXIS2_PLACEMENT_3D ( 'NONE', #5478, #3805, #4278 ) ;
#6053 = ADVANCED_FACE ( 'NONE', ( #2301 ), #7807, .F. ) ;
#6054 = CIRCLE ( 'NONE', #3647, 2.000000000000000000 ) ;
#6055 = ORIENTED_EDGE ( 'NONE', *, *, #2685, .F. ) ;
#6056 = CARTESIAN_POINT ( 'NONE',  ( 53.69999999999998153, 0.08647645939972915807, -3.018627819247772681 ) ) ;
#6057 = PRESENTATION_STYLE_ASSIGNMENT (( #6809 ) ) ;
#6058 = CYLINDRICAL_SURFACE ( 'NONE', #6550, 10.00000000000000000 ) ;
#6059 = PLANE ( 'NONE',  #2475 ) ;
#6060 = ORIENTED_EDGE ( 'NONE', *, *, #5503, .T. ) ;
#6061 = FACE_OUTER_BOUND ( 'NONE', #4192, .T. ) ;
#6062 = EDGE_CURVE ( 'NONE', #5419, #7237, #6752, .T. ) ;
#6063 = AXIS2_PLACEMENT_3D ( 'NONE', #282, #2791, #3282 ) ;
#6065 = STYLED_ITEM ( 'NONE', ( #1814 ), #2017 ) ;
#6064 = LINE ( 'NONE', #2828, #4936 ) ;
#6066 = ADVANCED_FACE ( 'NONE', ( #1994 ), #5483, .T. ) ;
#6067 = ORIENTED_EDGE ( 'NONE', *, *, #2879, .T. ) ;
#6068 = ORIENTED_EDGE ( 'NONE', *, *, #7820, .T. ) ;
#6069 = DIRECTION ( 'NONE',  ( 0.000000000000000000, 0.000000000000000000, -1.000000000000000000 ) ) ;
#6070 = DIRECTION ( 'NONE',  ( -1.000000000000000000, 0.000000000000000000, 0.000000000000000000 ) ) ;
#6071 = CARTESIAN_POINT ( 'NONE',  ( 53.69999999999998863, 0.1687476288045161865, -1.691354341303248576 ) ) ;
#6072 = DIRECTION ( 'NONE',  ( -1.000000000000000000, -0.000000000000000000, -0.000000000000000000 ) ) ;
#6073 = EDGE_CURVE ( 'NONE', #4919, #7332, #5998, .T. ) ;
#6074 = CARTESIAN_POINT ( 'NONE',  ( 53.60000000000000142, 0.4400609279435884758, -3.235431555326488517 ) ) ;
#6075 = CARTESIAN_POINT ( 'NONE',  ( 53.69999999999998863, 0.000000000000000000, 0.000000000000000000 ) ) ;
#6076 = VECTOR ( 'NONE', #1389, 1000.000000000000227 ) ;
#6077 = ORIENTED_EDGE ( 'NONE', *, *, #516, .T. ) ;
#6078 = VECTOR ( 'NONE', #6586, 1000.000000000000000 ) ;
#6079 = FACE_OUTER_BOUND ( 'NONE', #625, .T. ) ;
#6080 = DIRECTION ( 'NONE',  ( -0.000000000000000000, 0.5000000000000000000, 0.8660254037844385966 ) ) ;
#6081 = DIRECTION ( 'NONE',  ( 1.000000000000000000, -0.000000000000000000, -0.000000000000000000 ) ) ;
#6082 = VECTOR ( 'NONE', #1092, 1000.000000000000000 ) ;
#6083 = CARTESIAN_POINT ( 'NONE',  ( 53.59999999999998721, -0.1681061520596813796, -1.691354341303248576 ) ) ;
#6084 = VERTEX_POINT ( 'NONE', #3051 ) ;
#6085 = ORIENTED_EDGE ( 'NONE', *, *, #5390, .T. ) ;
#6086 = DIRECTION ( 'NONE',  ( 0.000000000000000000, 1.000000000000000000, 0.000000000000000000 ) ) ;
#6087 = ORIENTED_EDGE ( 'NONE', *, *, #3989, .F. ) ;
#6088 = VECTOR ( 'NONE', #6687, 1000.000000000000000 ) ;
#6089 = ORIENTED_EDGE ( 'NONE', *, *, #1951, .F. ) ;
#6090 = EDGE_CURVE ( 'NONE', #7315, #829, #6832, .T. ) ;
#6091 = CARTESIAN_POINT ( 'NONE',  ( 47.69999999999999574, 2.008420750601658954E-15, -16.39999999999999858 ) ) ;
#6092 = ORIENTED_EDGE ( 'NONE', *, *, #7027, .T. ) ;
#6093 = CARTESIAN_POINT ( 'NONE',  ( 53.59999999999998010, 0.006970598764362954600, -2.913944002399471156 ) ) ;
#6094 = VERTEX_POINT ( 'NONE', #2497 ) ;
#6095 = VERTEX_POINT ( 'NONE', #5635 ) ;
#6096 = LINE ( 'NONE', #3066, #5388 ) ;
#6097 = DIRECTION ( 'NONE',  ( 0.000000000000000000, -1.000000000000000000, 0.000000000000000000 ) ) ;
#6098 = CARTESIAN_POINT ( 'NONE',  ( 53.59999999999998721, -1.480062982793924453, 5.119395728637549325 ) ) ;
#6099 = CARTESIAN_POINT ( 'NONE',  ( 2.000000000000000000, 8.784326673973666288, 13.11490010960490515 ) ) ;
#6100 = ORIENTED_EDGE ( 'NONE', *, *, #5803, .F. ) ;
#6101 = CARTESIAN_POINT ( 'NONE',  ( 47.69999999999999574, 12.50000000000000000, -1.500000000000000000 ) ) ;
#6102 = EDGE_CURVE ( 'NONE', #3141, #5467, #1345, .T. ) ;
#6103 = FILL_AREA_STYLE_COLOUR ( '', #2271 ) ;
#6104 = ORIENTED_EDGE ( 'NONE', *, *, #819, .F. ) ;
#6105 = CARTESIAN_POINT ( 'NONE',  ( 6.000000000000000000, 13.42339375865876505, 7.750000000000063061 ) ) ;
#6106 = CARTESIAN_POINT ( 'NONE',  ( 53.49999999999999289, 8.750000000000000000, 15.70000000000000284 ) ) ;
#6107 = CARTESIAN_POINT ( 'NONE',  ( 0.000000000000000000, 13.42339375865876505, 6.250000000000063061 ) ) ;
#6108 = DIRECTION ( 'NONE',  ( 0.000000000000000000, 1.000000000000000000, -1.224646799147353207E-16 ) ) ;
#6109 = EDGE_CURVE ( 'NONE', #353, #406, #3591, .T. ) ;
#6110 = LINE ( 'NONE', #671, #7567 ) ;
#6111 = DIRECTION ( 'NONE',  ( -1.000000000000000000, -0.000000000000000000, -0.000000000000000000 ) ) ;
#6112 = ADVANCED_FACE ( 'NONE', ( #6153 ), #2569, .F. ) ;
#6113 = EDGE_CURVE ( 'NONE', #6322, #6691, #4088, .T. ) ;
#6114 = ORIENTED_EDGE ( 'NONE', *, *, #7485, .F. ) ;
#6115 = LINE ( 'NONE', #7270, #1376 ) ;
#6116 = EDGE_CURVE ( 'NONE', #6607, #1109, #7480, .T. ) ;
#6117 = DIRECTION ( 'NONE',  ( 0.000000000000000000, 0.000000000000000000, -1.000000000000000000 ) ) ;
#6118 = CARTESIAN_POINT ( 'NONE',  ( 0.5000000000000004441, 0.000000000000000000, 18.30000000000000071 ) ) ;
#6119 = ADVANCED_FACE ( 'NONE', ( #4880 ), #2607, .F. ) ;
#6120 = FACE_OUTER_BOUND ( 'NONE', #3916, .T. ) ;
#6121 = VERTEX_POINT ( 'NONE', #3693 ) ;
#6122 = CARTESIAN_POINT ( 'NONE',  ( 0.000000000000000000, 7.008493649053888497, -12.63906708468514140 ) ) ;
#6123 = VERTEX_POINT ( 'NONE', #4359 ) ;
#6124 = VERTEX_POINT ( 'NONE', #6196 ) ;
#6125 = CARTESIAN_POINT ( 'NONE',  ( 53.59999999999999432, 0.5528678638980768500, -2.804640385649720180 ) ) ;
#6126 = CARTESIAN_POINT ( 'NONE',  ( 0.000000000000000000, 7.008493649053896490, 12.63906708468513784 ) ) ;
#6127 = ORIENTED_EDGE ( 'NONE', *, *, #4574, .T. ) ;
#6128 = ORIENTED_EDGE ( 'NONE', *, *, #6603, .F. ) ;
#6129 = CARTESIAN_POINT ( 'NONE',  ( 53.59999999999999432, -0.1149187129758607456, -2.621149572694483787 ) ) ;
#6130 = ORIENTED_EDGE ( 'NONE', *, *, #7085, .T. ) ;
#6131 = EDGE_CURVE ( 'NONE', #7199, #1405, #6873, .T. ) ;
#6132 = ORIENTED_EDGE ( 'NONE', *, *, #5208, .F. ) ;
#6133 = AXIS2_PLACEMENT_3D ( 'NONE', #7030, #2689, #371 ) ;
#6134 = PLANE ( 'NONE',  #6778 ) ;
#6135 = SURFACE_STYLE_FILL_AREA ( #6694 ) ;
#6136 = SURFACE_STYLE_USAGE ( .BOTH. , #1248 ) ;
#6137 = ORIENTED_EDGE ( 'NONE', *, *, #1493, .F. ) ;
#6138 = LINE ( 'NONE', #1818, #4162 ) ;
#6139 = VECTOR ( 'NONE', #2995, 1000.000000000000227 ) ;
#6140 = EDGE_LOOP ( 'NONE', ( #1764, #2379 ) ) ;
#6141 = UNCERTAINTY_MEASURE_WITH_UNIT (LENGTH_MEASURE( 1.000000000000000082E-05 ), #2720, 'distance_accuracy_value', 'NONE');
#6142 = DIRECTION ( 'NONE',  ( -1.000000000000000000, -0.000000000000000000, -0.000000000000000000 ) ) ;
#6143 = COLOUR_RGB ( '',0.7960784313725489669, 0.8235294117647058432, 0.9372549019607843146 ) ;
#6144 = DIRECTION ( 'NONE',  ( 0.000000000000000000, 0.8660254037844389297, 0.4999999999999995004 ) ) ;
#6145 = DIRECTION ( 'NONE',  ( -1.000000000000000000, 0.000000000000000000, 0.000000000000000000 ) ) ;
#6146 = CARTESIAN_POINT ( 'NONE',  ( 49.19999999999999574, -12.50000000000000000, -1.500000000000000222 ) ) ;
#6147 = DIRECTION ( 'NONE',  ( 0.000000000000000000, 0.000000000000000000, 1.000000000000000000 ) ) ;
#6148 = DIRECTION ( 'NONE',  ( -1.000000000000000000, -0.000000000000000000, -0.000000000000000000 ) ) ;
#6149 = VECTOR ( 'NONE', #1037, 1000.000000000000114 ) ;
#6150 = VERTEX_POINT ( 'NONE', #757 ) ;
#6151 = EDGE_CURVE ( 'NONE', #4008, #7281, #6388, .T. ) ;
#6152 = CARTESIAN_POINT ( 'NONE',  ( 53.59999999999998721, -0.3453976156724170021, -3.922862896642212771 ) ) ;
#6153 = FACE_OUTER_BOUND ( 'NONE', #5360, .T. ) ;
#6154 = SURFACE_SIDE_STYLE ('',( #1923 ) ) ;
#6155 = PRESENTATION_STYLE_ASSIGNMENT (( #3170 ) ) ;
#6156 = VECTOR ( 'NONE', #4514, 1000.000000000000000 ) ;
#6157 = ORIENTED_EDGE ( 'NONE', *, *, #4950, .F. ) ;
#6158 = CARTESIAN_POINT ( 'NONE',  ( 53.59999999999998721, -1.480062982793924453, 2.442031974065075772 ) ) ;
#6159 = ORIENTED_EDGE ( 'NONE', *, *, #3780, .F. ) ;
#6160 = EDGE_CURVE ( 'NONE', #2968, #6645, #2811, .T. ) ;
#6161 = MANIFOLD_SOLID_BREP ( '圆角6', #5177 ) ;
#6162 = ORIENTED_EDGE ( 'NONE', *, *, #7636, .F. ) ;
#6163 = CARTESIAN_POINT ( 'NONE',  ( -19.80000000000000071, 4.500000000000000888, -1.658312395177700793 ) ) ;
#6164 = FACE_OUTER_BOUND ( 'NONE', #2901, .T. ) ;
#6165 = ORIENTED_EDGE ( 'NONE', *, *, #3847, .F. ) ;
#6166 = DIRECTION ( 'NONE',  ( 0.000000000000000000, 0.000000000000000000, -1.000000000000000000 ) ) ;
#6167 = CARTESIAN_POINT ( 'NONE',  ( 2.000000000000000000, -16.54999999999999716, -0.2500000000000002220 ) ) ;
#6168 = VECTOR ( 'NONE', #4445, 1000.000000000000000 ) ;
#6169 = ORIENTED_EDGE ( 'NONE', *, *, #7760, .F. ) ;
#6170 = ORIENTED_EDGE ( 'NONE', *, *, #675, .F. ) ;
#6171 = AXIS2_PLACEMENT_3D ( 'NONE', #2098, #4513, #5667 ) ;
#6172 = CIRCLE ( 'NONE', #6429, 18.30000000000000071 ) ;
#6173 = CARTESIAN_POINT ( 'NONE',  ( 53.69999999999998863, 0.04416600802740047738, -2.967404917819254528 ) ) ;
#6174 = DIRECTION ( 'NONE',  ( 1.000000000000000000, 0.000000000000000000, 0.000000000000000000 ) ) ;
#6175 = EDGE_CURVE ( 'NONE', #4241, #2621, #717, .T. ) ;
#6176 = ORIENTED_EDGE ( 'NONE', *, *, #2678, .F. ) ;
#6177 = DIRECTION ( 'NONE',  ( 1.000000000000000000, -0.000000000000000000, -0.000000000000000000 ) ) ;
#6178 = ORIENTED_EDGE ( 'NONE', *, *, #3044, .F. ) ;
#6179 = DIRECTION ( 'NONE',  ( 0.000000000000000000, 1.000000000000000000, -0.000000000000000000 ) ) ;
#6180 = VECTOR ( 'NONE', #2803, 1000.000000000000000 ) ;
#6181 = COLOUR_RGB ( '',0.7960784313725489669, 0.8235294117647058432, 0.9372549019607843146 ) ;
#6182 = CARTESIAN_POINT ( 'NONE',  ( 53.59999999999998721, -0.1681061520596813796, -2.194993424973501916 ) ) ;
#6183 = DIRECTION ( 'NONE',  ( 0.000000000000000000, 1.000000000000000000, -1.224646799147353207E-16 ) ) ;
#6184 = PLANE ( 'NONE',  #4400 ) ;
#6185 = CARTESIAN_POINT ( 'NONE',  ( 51.89999999999998437, -18.30000000000000071, 15.70000000000000284 ) ) ;
#6186 = AXIS2_PLACEMENT_3D ( 'NONE', #484, #2258, #3529 ) ;
#6187 = ADVANCED_FACE ( 'NONE', ( #3992 ), #5198, .T. ) ;
#6188 = AXIS2_PLACEMENT_3D ( 'NONE', #5686, #1550, #367 ) ;
#6189 = CARTESIAN_POINT ( 'NONE',  ( 53.59999999999998721, 0.8779134832554581491, -0.002226337609171659404 ) ) ;
#6190 = DIRECTION ( 'NONE',  ( 0.000000000000000000, 0.000000000000000000, -1.000000000000000000 ) ) ;
#6191 = CARTESIAN_POINT ( 'NONE',  ( 53.69999999999998863, 0.1687476288045161865, -1.691354341303248576 ) ) ;
#6192 = EDGE_CURVE ( 'NONE', #3698, #5994, #5369, .T. ) ;
#6193 = AXIS2_PLACEMENT_3D ( 'NONE', #5710, #2680, #5110 ) ;
#6194 = ORIENTED_EDGE ( 'NONE', *, *, #723, .T. ) ;
#6195 = DIRECTION ( 'NONE',  ( 0.000000000000000000, -1.000000000000000000, 0.000000000000000000 ) ) ;
#6196 = CARTESIAN_POINT ( 'NONE',  ( 2.000000000000000000, 8.491506350946107062, -14.20772043263246154 ) ) ;
#6197 = DIRECTION ( 'NONE',  ( 0.000000000000000000, 0.000000000000000000, 1.000000000000000000 ) ) ;
#6198 = DIRECTION ( 'NONE',  ( 0.000000000000000000, 0.000000000000000000, -1.000000000000000000 ) ) ;
#6199 = ORIENTED_EDGE ( 'NONE', *, *, #6062, .F. ) ;
#6200 = VECTOR ( 'NONE', #662, 1000.000000000000000 ) ;
#6201 = EDGE_CURVE ( 'NONE', #1681, #85, #4634, .T. ) ;
#6202 = PLANE ( 'NONE',  #4565 ) ;
#6203 = ORIENTED_EDGE ( 'NONE', *, *, #7027, .F. ) ;
#6204 = AXIS2_PLACEMENT_3D ( 'NONE', #7770, #565, #5361 ) ;
#6205 = AXIS2_PLACEMENT_3D ( 'NONE', #7776, #4730, #7115 ) ;
#6206 = ORIENTED_EDGE ( 'NONE', *, *, #324, .T. ) ;
#6207 = DIRECTION ( 'NONE',  ( 1.000000000000000000, -0.000000000000000000, -0.000000000000000000 ) ) ;
#6208 = CARTESIAN_POINT ( 'NONE',  ( 0.000000000000000000, 8.091506350946115589, 13.51490010960490729 ) ) ;
#6209 = LINE ( 'NONE', #4531, #7687 ) ;
#6210 = EDGE_CURVE ( 'NONE', #7365, #2192, #4560, .T. ) ;
#6211 = ORIENTED_EDGE ( 'NONE', *, *, #5824, .T. ) ;
#6212 = VERTEX_POINT ( 'NONE', #3845 ) ;
#6213 = CARTESIAN_POINT ( 'NONE',  ( 0.000000000000000000, -16.54999999999999716, -0.2500000000000002220 ) ) ;
#6214 = AXIS2_PLACEMENT_3D ( 'NONE', #743, #5504, #68 ) ;
#6215 = CARTESIAN_POINT ( 'NONE',  ( 53.59999999999997300, 0.3688871471342910491, -3.213250802952715368 ) ) ;
#6216 = VERTEX_POINT ( 'NONE', #2068 ) ;
#6217 = ORIENTED_EDGE ( 'NONE', *, *, #1180, .T. ) ;
#6218 = EDGE_CURVE ( 'NONE', #3716, #2192, #3243, .T. ) ;
#6219 =( GEOMETRIC_REPRESENTATION_CONTEXT ( 3 ) GLOBAL_UNCERTAINTY_ASSIGNED_CONTEXT ( ( #110 ) ) GLOBAL_UNIT_ASSIGNED_CONTEXT ( ( #5219, #6376, #2634 ) ) REPRESENTATION_CONTEXT ( 'NONE', 'WORKASPACE' ) );
#6220 = CARTESIAN_POINT ( 'NONE',  ( 44.50000000000000000, 4.015923016103957426E-15, -16.39749999999999730 ) ) ;
#6221 = CARTESIAN_POINT ( 'NONE',  ( 53.69999999999998863, -1.480062982793924453, -1.184169428360741572 ) ) ;
#6222 = DIRECTION ( 'NONE',  ( -1.000000000000000000, -0.000000000000000000, -0.000000000000000000 ) ) ;
#6223 = VERTEX_POINT ( 'NONE', #6427 ) ;
#6224 = CARTESIAN_POINT ( 'NONE',  ( 0.2000000000000000111, 7.750000000000006217, 11.92339375865880235 ) ) ;
#6225 = DIRECTION ( 'NONE',  ( 0.000000000000000000, -0.8660254037844378194, 0.5000000000000015543 ) ) ;
#6226 = VECTOR ( 'NONE', #4046, 1000.000000000000000 ) ;
#6227 = UNCERTAINTY_MEASURE_WITH_UNIT (LENGTH_MEASURE( 1.000000000000000082E-05 ), #180, 'distance_accuracy_value', 'NONE');
#6228 = CARTESIAN_POINT ( 'NONE',  ( 53.60000000000000142, 0.6600932771839908009, -2.814477769395056228 ) ) ;
#6229 = CARTESIAN_POINT ( 'NONE',  ( 0.000000000000000000, -15.50000000000000000, 1.499999999999999112 ) ) ;
#6230 = MECHANICAL_DESIGN_GEOMETRIC_PRESENTATION_REPRESENTATION (  '', ( #27 ), #7320 ) ;
#6231 = CARTESIAN_POINT ( 'NONE',  ( 53.59999999999998721, 0.8779134832554581491, -0.002226337609171659404 ) ) ;
#6232 = LINE ( 'NONE', #6071, #3767 ) ;
#6233 = DIRECTION ( 'NONE',  ( -0.000000000000000000, 1.000000000000000000, -0.000000000000000000 ) ) ;
#6234 = LINE ( 'NONE', #5477, #7300 ) ;
#6235 = CARTESIAN_POINT ( 'NONE',  ( 0.000000000000000000, 7.408493649053887076, -13.33188740771269210 ) ) ;
#6236 = DIRECTION ( 'NONE',  ( 0.000000000000000000, 0.3420201433256691570, 0.9396926207859082059 ) ) ;
#6237 = ADVANCED_FACE ( 'NONE', ( #2104, #982 ), #877, .T. ) ;
#6238 = ORIENTED_EDGE ( 'NONE', *, *, #703, .T. ) ;
#6239 = CARTESIAN_POINT ( 'NONE',  ( 6.000000000000000000, -13.42339375865870998, -9.250000000000158096 ) ) ;
#6240 = CARTESIAN_POINT ( 'NONE',  ( 6.000000000000000000, -13.42339375865870998, -7.750000000000157208 ) ) ;
#6241 = DIRECTION ( 'NONE',  ( -1.000000000000000000, 0.000000000000000000, 0.000000000000000000 ) ) ;
#6242 = CARTESIAN_POINT ( 'NONE',  ( 6.000000000000000000, -13.42339375865886986, 7.749999999999874767 ) ) ;
#6243 = EDGE_CURVE ( 'NONE', #130, #6852, #5783, .T. ) ;
#6244 = DIRECTION ( 'NONE',  ( 1.000000000000000000, -0.000000000000000000, -0.000000000000000000 ) ) ;
#6245 = EDGE_LOOP ( 'NONE', ( #5349, #4699, #1324, #3258 ) ) ;
#6246 = ORIENTED_EDGE ( 'NONE', *, *, #2913, .F. ) ;
#6247 = CARTESIAN_POINT ( 'NONE',  ( 2.000000000000000000, -15.25000000000000000, -0.2500000000000002220 ) ) ;
#6248 = DIRECTION ( 'NONE',  ( 0.000000000000000000, 0.000000000000000000, 1.000000000000000000 ) ) ;
#6249 = EDGE_LOOP ( 'NONE', ( #3294, #7732, #3903, #5920 ) ) ;
#6250 = CARTESIAN_POINT ( 'NONE',  ( 50.69999999999999574, -0.6857658333707062903, -7.731734942545648970 ) ) ;
#6251 = CARTESIAN_POINT ( 'NONE',  ( 53.70000000000001705, 1.136910639458504013, -2.554832852823936129 ) ) ;
#6252 = ORIENTED_EDGE ( 'NONE', *, *, #2047, .F. ) ;
#6253 = VERTEX_POINT ( 'NONE', #4595 ) ;
#6254 = EDGE_CURVE ( 'NONE', #5868, #4164, #7675, .T. ) ;
#6255 = DIRECTION ( 'NONE',  ( -1.000000000000000000, 0.000000000000000000, 0.000000000000000000 ) ) ;
#6256 = CYLINDRICAL_SURFACE ( 'NONE', #4019, 1.000000000000000000 ) ;
#6257 = CARTESIAN_POINT ( 'NONE',  ( 2.000000000000000000, -15.25000000000000000, -1.050000000000000044 ) ) ;
#6258 = ORIENTED_EDGE ( 'NONE', *, *, #4114, .T. ) ;
#6259 = DIRECTION ( 'NONE',  ( -0.000000000000000000, -1.000000000000000000, -4.336808689942013792E-16 ) ) ;
#6260 = EDGE_CURVE ( 'NONE', #4554, #7285, #3459, .T. ) ;
#6261 = VECTOR ( 'NONE', #4122, 1000.000000000000000 ) ;
#6262 = ADVANCED_FACE ( 'NONE', ( #1744 ), #523, .F. ) ;
#6263 = CARTESIAN_POINT ( 'NONE',  ( 53.59999999999998721, -0.2035644447822284597, -0.3508995493808845234 ) ) ;
#6264 = CARTESIAN_POINT ( 'NONE',  ( 50.69999999999999574, -12.00000000000000000, 1.500000000000000000 ) ) ;
#6265 = LINE ( 'NONE', #2133, #1224 ) ;
#6266 = CARTESIAN_POINT ( 'NONE',  ( 53.69999999999998863, -1.480062982793924453, -3.477664332459120988 ) ) ;
#6267 = CARTESIAN_POINT ( 'NONE',  ( 46.10000000000000142, -14.23243822398598901, -8.218871056076425319 ) ) ;
#6268 = DIRECTION ( 'NONE',  ( 0.000000000000000000, 1.000000000000000000, 0.000000000000000000 ) ) ;
#6269 = PRESENTATION_LAYER_ASSIGNMENT (  '', '', ( #1831 ) ) ;
#6270 = CARTESIAN_POINT ( 'NONE',  ( 53.59999999999998721, 1.214767264119655854, 1.996833409881984212 ) ) ;
#6271 = ORIENTED_EDGE ( 'NONE', *, *, #731, .T. ) ;
#6272 = PLANE ( 'NONE',  #4035 ) ;
#6273 = FILL_AREA_STYLE_COLOUR ( '', #6897 ) ;
#6274 = PLANE ( 'NONE',  #1482 ) ;
#6275 = FACE_OUTER_BOUND ( 'NONE', #222, .T. ) ;
#6276 = EDGE_CURVE ( 'NONE', #5884, #7199, #5395, .T. ) ;
#6277 = AXIS2_PLACEMENT_3D ( 'NONE', #3528, #3484, #1177 ) ;
#6278 = CARTESIAN_POINT ( 'NONE',  ( 53.59999999999998721, 1.551621044983853226, 3.898711169911344143 ) ) ;
#6279 = ORIENTED_EDGE ( 'NONE', *, *, #4765, .F. ) ;
#6280 = CARTESIAN_POINT ( 'NONE',  ( 52.89999999999999147, 8.750000000000007105, 12.20000000000000284 ) ) ;
#6281 = CIRCLE ( 'NONE', #1074, 16.39999999999999858 ) ;
#6282 = VECTOR ( 'NONE', #3722, 1000.000000000000000 ) ;
#6283 = LINE ( 'NONE', #7366, #2602 ) ;
#6284 = CARTESIAN_POINT ( 'NONE',  ( 53.59999999999998721, -1.480062982793924453, -3.477664332459120988 ) ) ;
#6285 = ORIENTED_EDGE ( 'NONE', *, *, #1132, .T. ) ;
#6286 = CARTESIAN_POINT ( 'NONE',  ( 53.69999999999998863, 1.214767264119655854, -1.691354341303248576 ) ) ;
#6287 =( NAMED_UNIT ( * ) SI_UNIT ( $, .STERADIAN. ) SOLID_ANGLE_UNIT ( ) );
#6288 = ORIENTED_EDGE ( 'NONE', *, *, #2535, .T. ) ;
#6289 = ORIENTED_EDGE ( 'NONE', *, *, #7536, .F. ) ;
#6290 = PLANE ( 'NONE',  #1703 ) ;
#6291 = DIRECTION ( 'NONE',  ( -0.000000000000000000, 1.000000000000000000, -0.000000000000000000 ) ) ;
#6292 = FACE_OUTER_BOUND ( 'NONE', #6245, .T. ) ;
#6293 = AXIS2_PLACEMENT_3D ( 'NONE', #4390, #2488, #5642 ) ;
#6294 = VERTEX_POINT ( 'NONE', #3443 ) ;
#6295 = PLANE ( 'NONE',  #985 ) ;
#6296 = VERTEX_POINT ( 'NONE', #1139 ) ;
#6297 = SURFACE_SIDE_STYLE ('',( #1566 ) ) ;
#6298 = CIRCLE ( 'NONE', #3881, 1.500000000000000000 ) ;
#6299 = EDGE_CURVE ( 'NONE', #3018, #7118, #5317, .T. ) ;
#6300 = AXIS2_PLACEMENT_3D ( 'NONE', #3983, #4588, #908 ) ;
#6301 = VECTOR ( 'NONE', #6081, 1000.000000000000000 ) ;
#6302 = DIRECTION ( 'NONE',  ( 0.000000000000000000, 1.000000000000000000, -4.818676322157796389E-16 ) ) ;
#6303 = DIRECTION ( 'NONE',  ( 0.000000000000000000, 0.000000000000000000, 1.000000000000000000 ) ) ;
#6304 = CARTESIAN_POINT ( 'NONE',  ( 2.000000000000000000, 7.841506350946106707, -13.08188740771269210 ) ) ;
#6305 = LINE ( 'NONE', #7551, #5789 ) ;
#6306 = DIRECTION ( 'NONE',  ( -1.000000000000000000, -0.000000000000000000, -0.000000000000000000 ) ) ;
#6307 = CARTESIAN_POINT ( 'NONE',  ( 0.000000000000000000, -15.75000000000000000, 0.2500000000000002220 ) ) ;
#6308 = LINE ( 'NONE', #399, #3389 ) ;
#6309 = VECTOR ( 'NONE', #5637, 1000.000000000000000 ) ;
#6310 = ADVANCED_FACE ( 'NONE', ( #1665 ), #6541, .T. ) ;
#6311 = CARTESIAN_POINT ( 'NONE',  ( 2.000000000000000000, 8.534326673973657407, -12.68188740771269352 ) ) ;
#6312 = UNCERTAINTY_MEASURE_WITH_UNIT (LENGTH_MEASURE( 1.000000000000000082E-05 ), #5600, 'distance_accuracy_value', 'NONE');
#6313 = VECTOR ( 'NONE', #1792, 1000.000000000000000 ) ;
#6314 = CARTESIAN_POINT ( 'NONE',  ( 6.000000000000000000, -13.42339375865870998, -6.250000000000156319 ) ) ;
#6315 = AXIS2_PLACEMENT_3D ( 'NONE', #3938, #4460, #181 ) ;
#6316 = EDGE_CURVE ( 'NONE', #7411, #2706, #7284, .T. ) ;
#6317 = LINE ( 'NONE', #4482, #2120 ) ;
#6318 = FILL_AREA_STYLE_COLOUR ( '', #2501 ) ;
#6319 = AXIS2_PLACEMENT_3D ( 'NONE', #2442, #7380, #3636 ) ;
#6320 = LINE ( 'NONE', #6278, #1790 ) ;
#6321 = COLOUR_RGB ( '',0.7960784313725489669, 0.8235294117647058432, 0.9372549019607843146 ) ;
#6322 = VERTEX_POINT ( 'NONE', #4721 ) ;
#6323 = DIRECTION ( 'NONE',  ( 0.000000000000000000, 0.000000000000000000, 1.000000000000000000 ) ) ;
#6324 = DIRECTION ( 'NONE',  ( -1.000000000000000000, -0.000000000000000000, 0.000000000000000000 ) ) ;
#6325 = CARTESIAN_POINT ( 'NONE',  ( 53.69999999999999574, 1.524114065333413759, -2.537755706833384917 ) ) ;
#6326 = LINE ( 'NONE', #5725, #3220 ) ;
#6327 = ORIENTED_EDGE ( 'NONE', *, *, #1961, .F. ) ;
#6328 = DIRECTION ( 'NONE',  ( 0.000000000000000000, -1.000000000000000000, 0.000000000000000000 ) ) ;
#6329 = MECHANICAL_DESIGN_GEOMETRIC_PRESENTATION_REPRESENTATION (  '', ( #3273 ), #7742 ) ;
#6330 = DIRECTION ( 'NONE',  ( -1.000000000000000000, -0.000000000000000000, -0.000000000000000000 ) ) ;
#6331 = ORIENTED_EDGE ( 'NONE', *, *, #4545, .T. ) ;
#6332 = AXIS2_PLACEMENT_3D ( 'NONE', #7849, #2565, #242 ) ;
#6333 = EDGE_CURVE ( 'NONE', #1278, #1887, #2296, .T. ) ;
#6334 = ORIENTED_EDGE ( 'NONE', *, *, #5513, .F. ) ;
#6335 = CARTESIAN_POINT ( 'NONE',  ( 48.29999999999999716, 8.150000000000003908, 10.20000000000000284 ) ) ;
#6336 = CARTESIAN_POINT ( 'NONE',  ( 53.69999999999998863, 1.551621044983853226, 5.487111356871371193 ) ) ;
#6337 = VECTOR ( 'NONE', #6986, 1000.000000000000227 ) ;
#6338 = ORIENTED_EDGE ( 'NONE', *, *, #3483, .F. ) ;
#6339 = SURFACE_STYLE_FILL_AREA ( #4504 ) ;
#6340 = ADVANCED_FACE ( 'NONE', ( #7225 ), #6025, .T. ) ;
#6341 = DIRECTION ( 'NONE',  ( -1.000000000000000000, 0.000000000000000000, 0.000000000000000000 ) ) ;
#6342 =( GEOMETRIC_REPRESENTATION_CONTEXT ( 3 ) GLOBAL_UNCERTAINTY_ASSIGNED_CONTEXT ( ( #1292 ) ) GLOBAL_UNIT_ASSIGNED_CONTEXT ( ( #6609, #2397, #5299 ) ) REPRESENTATION_CONTEXT ( 'NONE', 'WORKASPACE' ) );
#6343 = DIRECTION ( 'NONE',  ( 0.000000000000000000, -0.8801990621765310996, -0.4746046891293376202 ) ) ;
#6344 =( LENGTH_UNIT ( ) NAMED_UNIT ( * ) SI_UNIT ( .MILLI., .METRE. ) );
#6345 = DIRECTION ( 'NONE',  ( 0.000000000000000000, 0.000000000000000000, -1.000000000000000000 ) ) ;
#6346 = DIRECTION ( 'NONE',  ( -0.000000000000000000, 0.000000000000000000, -1.000000000000000000 ) ) ;
#6347 = CARTESIAN_POINT ( 'NONE',  ( 0.000000000000000000, -15.75000000000000000, 0.2500000000000002220 ) ) ;
#6348 = ADVANCED_FACE ( 'NONE', ( #558 ), #2255, .T. ) ;
#6349 = VERTEX_POINT ( 'NONE', #2329 ) ;
#6350 = PLANE ( 'NONE',  #1715 ) ;
#6351 = ORIENTED_EDGE ( 'NONE', *, *, #192, .F. ) ;
#6352 = CARTESIAN_POINT ( 'NONE',  ( 0.2000000000000000111, 7.750000000000006217, 13.42339375865879703 ) ) ;
#6353 = FACE_OUTER_BOUND ( 'NONE', #3411, .T. ) ;
#6354 = ORIENTED_EDGE ( 'NONE', *, *, #2656, .F. ) ;
#6355 = PLANE ( 'NONE',  #1628 ) ;
#6356 = DIRECTION ( 'NONE',  ( -1.000000000000000000, -0.000000000000000000, -0.000000000000000000 ) ) ;
#6357 = EDGE_CURVE ( 'NONE', #2809, #4816, #7835, .T. ) ;
#6358 = CARTESIAN_POINT ( 'NONE',  ( 0.000000000000000000, 13.42339375865881657, -6.249999999999968026 ) ) ;
#6359 = EDGE_CURVE ( 'NONE', #2085, #3677, #2370, .T. ) ;
#6360 = ORIENTED_EDGE ( 'NONE', *, *, #6160, .T. ) ;
#6361 =( NAMED_UNIT ( * ) PLANE_ANGLE_UNIT ( ) SI_UNIT ( $, .RADIAN. ) );
#6362 = EDGE_CURVE ( 'NONE', #6084, #6212, #1175, .T. ) ;
#6363 = CARTESIAN_POINT ( 'NONE',  ( 53.69999999999998863, -0.1681061520596813796, -1.691354341303248576 ) ) ;
#6364 = LINE ( 'NONE', #4604, #5115 ) ;
#6365 = CARTESIAN_POINT ( 'NONE',  ( 53.59999999999999432, 1.214767264119656076, -2.117510489024231557 ) ) ;
#6366 = ORIENTED_EDGE ( 'NONE', *, *, #3861, .F. ) ;
#6367 = DIRECTION ( 'NONE',  ( -1.000000000000000000, -0.000000000000000000, -0.000000000000000000 ) ) ;
#6368 =( LENGTH_UNIT ( ) NAMED_UNIT ( * ) SI_UNIT ( .MILLI., .METRE. ) );
#6369 = VERTEX_POINT ( 'NONE', #7061 ) ;
#6370 = ORIENTED_EDGE ( 'NONE', *, *, #365, .F. ) ;
#6371 = FILL_AREA_STYLE_COLOUR ( '', #1065 ) ;
#6372 = LINE ( 'NONE', #3343, #3004 ) ;
#6373 = VERTEX_POINT ( 'NONE', #4682 ) ;
#6374 = CARTESIAN_POINT ( 'NONE',  ( 6.000000000000000000, 13.42339375865881657, -9.249999999999969802 ) ) ;
#6375 = EDGE_CURVE ( 'NONE', #1066, #2723, #1623, .T. ) ;
#6376 =( NAMED_UNIT ( * ) PLANE_ANGLE_UNIT ( ) SI_UNIT ( $, .RADIAN. ) );
#6377 = VERTEX_POINT ( 'NONE', #7106 ) ;
#6378 = ORIENTED_EDGE ( 'NONE', *, *, #7280, .T. ) ;
#6379 = CARTESIAN_POINT ( 'NONE',  ( 53.59999999999997300, 0.3140716925203857479, -2.681688513575895438 ) ) ;
#6380 = LINE ( 'NONE', #2595, #5907 ) ;
#6381 = LINE ( 'NONE', #4586, #5505 ) ;
#6382 = CARTESIAN_POINT ( 'NONE',  ( 0.000000000000000000, -15.75000000000000000, 1.050000000000000044 ) ) ;
#6383 = CARTESIAN_POINT ( 'NONE',  ( -19.80000000000000071, 7.000000000000000000, -3.000000000000000000 ) ) ;
#6384 = CARTESIAN_POINT ( 'NONE',  ( 46.10000000000000142, -16.39999999999999503, 1.073377489976509613 ) ) ;
#6385 = ORIENTED_EDGE ( 'NONE', *, *, #978, .T. ) ;
#6386 = DIRECTION ( 'NONE',  ( 0.000000000000000000, 0.000000000000000000, 1.000000000000000000 ) ) ;
#6387 = CARTESIAN_POINT ( 'NONE',  ( 53.59999999999998721, 0.7918731480083657237, -3.258311381397733797 ) ) ;
#6388 = CIRCLE ( 'NONE', #3335, 16.39999999999999858 ) ;
#6389 = DIRECTION ( 'NONE',  ( 0.000000000000000000, 0.000000000000000000, 1.000000000000000000 ) ) ;
#6390 = SURFACE_SIDE_STYLE ('',( #7523 ) ) ;
#6391 = EDGE_LOOP ( 'NONE', ( #926, #6830, #1251, #462 ) ) ;
#6392 = STYLED_ITEM ( 'NONE', ( #3395 ), #6548 ) ;
#6393 = ADVANCED_FACE ( 'NONE', ( #1060 ), #3481, .T. ) ;
#6394 = PLANE ( 'NONE',  #2129 ) ;
#6395 = DIRECTION ( 'NONE',  ( 0.000000000000000000, 1.000000000000000000, -0.000000000000000000 ) ) ;
#6396 = FACE_OUTER_BOUND ( 'NONE', #1008, .T. ) ;
#6397 = ADVANCED_FACE ( 'NONE', ( #479 ), #1096, .T. ) ;
#6398 = AXIS2_PLACEMENT_3D ( 'NONE', #4023, #2906, #7213 ) ;
#6399 = VERTEX_POINT ( 'NONE', #6587 ) ;
#6400 = FILL_AREA_STYLE ('',( #1556 ) ) ;
#6401 = ADVANCED_FACE ( 'NONE', ( #113, #1213 ), #2529, .T. ) ;
#6402 = VERTEX_POINT ( 'NONE', #154 ) ;
#6403 = AXIS2_PLACEMENT_3D ( 'NONE', #1156, #1765, #5413 ) ;
#6404 = ORIENTED_EDGE ( 'NONE', *, *, #6450, .T. ) ;
#6405 = ADVANCED_FACE ( 'NONE', ( #4953 ), #7424, .T. ) ;
#6406 = DIRECTION ( 'NONE',  ( 0.000000000000000000, 0.000000000000000000, 1.000000000000000000 ) ) ;
#6407 = DIRECTION ( 'NONE',  ( 0.000000000000000000, 0.000000000000000000, 1.000000000000000000 ) ) ;
#6408 = EDGE_LOOP ( 'NONE', ( #5218, #4272, #5674, #3010 ) ) ;
#6409 = CARTESIAN_POINT ( 'NONE',  ( 2.000000000000000000, 8.784326673973657407, -13.11490010960491226 ) ) ;
#6410 = AXIS2_PLACEMENT_3D ( 'NONE', #789, #1262, #3759 ) ;
#6411 = FILL_AREA_STYLE ('',( #6103 ) ) ;
#6412 = ORIENTED_EDGE ( 'NONE', *, *, #6786, .F. ) ;
#6413 = ADVANCED_FACE ( 'NONE', ( #3643 ), #7385, .T. ) ;
#6414 = CARTESIAN_POINT ( 'NONE',  ( 6.000000000000000000, 13.42339375865876505, 6.250000000000063061 ) ) ;
#6415 = CARTESIAN_POINT ( 'NONE',  ( 53.69999999999998863, 8.572527594031473190E-16, -7.000000000000000000 ) ) ;
#6416 = AXIS2_PLACEMENT_3D ( 'NONE', #3349, #7627, #6343 ) ;
#6417 = SURFACE_SIDE_STYLE ('',( #2025 ) ) ;
#6418 = DIRECTION ( 'NONE',  ( 0.000000000000000000, -0.000000000000000000, 1.000000000000000000 ) ) ;
#6419 = CARTESIAN_POINT ( 'NONE',  ( 46.09999999999999432, -5.284336797139822295, -15.56238811527273747 ) ) ;
#6420 = VERTEX_POINT ( 'NONE', #709 ) ;
#6421 = DIRECTION ( 'NONE',  ( -1.000000000000000000, 0.000000000000000000, 0.000000000000000000 ) ) ;
#6422 = PRESENTATION_LAYER_ASSIGNMENT (  '', '', ( #2116 ) ) ;
#6423 = FACE_OUTER_BOUND ( 'NONE', #4772, .T. ) ;
#6424 = AXIS2_PLACEMENT_3D ( 'NONE', #208, #5683, #2035 ) ;
#6425 = EDGE_CURVE ( 'NONE', #7332, #2233, #5876, .T. ) ;
#6426 = CARTESIAN_POINT ( 'NONE',  ( 53.69999999999999574, 0.4945305678192352672, -2.792118302881366976 ) ) ;
#6427 = CARTESIAN_POINT ( 'NONE',  ( 0.000000000000000000, 7.163571428571426480, -9.998662129892933237 ) ) ;
#6428 = VECTOR ( 'NONE', #2539, 1000.000000000000000 ) ;
#6429 = AXIS2_PLACEMENT_3D ( 'NONE', #4360, #4402, #1393 ) ;
#6430 = CARTESIAN_POINT ( 'NONE',  ( 0.000000000000000000, -15.25000000000000000, 0.2500000000000002220 ) ) ;
#6431 = EDGE_CURVE ( 'NONE', #2977, #6296, #1182, .T. ) ;
#6432 = ORIENTED_EDGE ( 'NONE', *, *, #4700, .F. ) ;
#6433 = AXIS2_PLACEMENT_3D ( 'NONE', #2919, #7767, #8 ) ;
#6434 = VECTOR ( 'NONE', #5509, 1000.000000000000000 ) ;
#6435 = DIRECTION ( 'NONE',  ( 0.000000000000000000, 0.000000000000000000, -1.000000000000000000 ) ) ;
#6436 = CARTESIAN_POINT ( 'NONE',  ( 48.69999999999999574, 1.250000000000000000, -11.00000000000000000 ) ) ;
#6437 = FACE_OUTER_BOUND ( 'NONE', #6522, .T. ) ;
#6438 = DIRECTION ( 'NONE',  ( 0.000000000000000000, 0.000000000000000000, 1.000000000000000000 ) ) ;
#6439 = AXIS2_PLACEMENT_3D ( 'NONE', #7704, #2284, #2316 ) ;
#6440 = LINE ( 'NONE', #3792, #2124 ) ;
#6441 = AXIS2_PLACEMENT_3D ( 'NONE', #2451, #6712, #751 ) ;
#6442 = EDGE_CURVE ( 'NONE', #3055, #4372, #1947, .T. ) ;
#6443 =( GEOMETRIC_REPRESENTATION_CONTEXT ( 3 ) GLOBAL_UNCERTAINTY_ASSIGNED_CONTEXT ( ( #1211 ) ) GLOBAL_UNIT_ASSIGNED_CONTEXT ( ( #3149, #4501, #5176 ) ) REPRESENTATION_CONTEXT ( 'NONE', 'WORKASPACE' ) );
#6444 = EDGE_LOOP ( 'NONE', ( #3426, #680, #288, #6838 ) ) ;
#6445 = FACE_OUTER_BOUND ( 'NONE', #202, .T. ) ;
#6446 = CARTESIAN_POINT ( 'NONE',  ( 46.09999999999999432, 8.218871056076421766, -14.23243822398598368 ) ) ;
#6447 = ORIENTED_EDGE ( 'NONE', *, *, #1202, .F. ) ;
#6448 = VECTOR ( 'NONE', #861, 1000.000000000000000 ) ;
#6449 = ORIENTED_EDGE ( 'NONE', *, *, #128, .T. ) ;
#6450 = EDGE_CURVE ( 'NONE', #6402, #6630, #5550, .T. ) ;
#6451 = CARTESIAN_POINT ( 'NONE',  ( 44.50000000000000000, 12.35177677933579332, 10.83425457577110151 ) ) ;
#6452 = CIRCLE ( 'NONE', #7086, 17.30000000000000071 ) ;
#6453 = ORIENTED_EDGE ( 'NONE', *, *, #4455, .F. ) ;
#6454 =( NAMED_UNIT ( * ) SI_UNIT ( $, .STERADIAN. ) SOLID_ANGLE_UNIT ( ) );
#6455 = AXIS2_PLACEMENT_3D ( 'NONE', #1438, #3899, #2622 ) ;
#6456 = CARTESIAN_POINT ( 'NONE',  ( 0.000000000000000000, 7.000000000000002665, -10.00000000000000000 ) ) ;
#6457 = ORIENTED_EDGE ( 'NONE', *, *, #7652, .F. ) ;
#6458 = VECTOR ( 'NONE', #1743, 1000.000000000000000 ) ;
#6459 = VERTEX_POINT ( 'NONE', #1381 ) ;
#6460 = CARTESIAN_POINT ( 'NONE',  ( 53.59999999999996589, 1.078919236332067211, -3.190106278023543407 ) ) ;
#6461 = CARTESIAN_POINT ( 'NONE',  ( 53.59999999999998721, 0.02691445791432760942, -4.232794640439291989 ) ) ;
#6462 = DIRECTION ( 'NONE',  ( 0.000000000000000000, 0.000000000000000000, 1.000000000000000000 ) ) ;
#6463 = EDGE_LOOP ( 'NONE', ( #3133, #2008, #775, #4927, #3906, #5762 ) ) ;
#6464 = CARTESIAN_POINT ( 'NONE',  ( 53.60000000000002274, 0.7424664353519704330, -2.813508901280081798 ) ) ;
#6465 = CARTESIAN_POINT ( 'NONE',  ( 6.000000000000000000, -13.42339375865870998, -7.750000000000157208 ) ) ;
#6466 = MECHANICAL_DESIGN_GEOMETRIC_PRESENTATION_REPRESENTATION (  '', ( #1399 ), #6342 ) ;
#6467 = UNCERTAINTY_MEASURE_WITH_UNIT (LENGTH_MEASURE( 1.000000000000000082E-05 ), #1836, 'distance_accuracy_value', 'NONE');
#6468 = CARTESIAN_POINT ( 'NONE',  ( 0.5000000000000004441, 2.241103642439656682E-15, -18.30000000000000071 ) ) ;
#6469 = DIRECTION ( 'NONE',  ( 0.000000000000000000, -0.9613033860425275190, 0.2754919236260314208 ) ) ;
#6470 = FILL_AREA_STYLE_COLOUR ( '', #6817 ) ;
#6471 = DIRECTION ( 'NONE',  ( 1.000000000000000000, 0.000000000000000000, 0.000000000000000000 ) ) ;
#6472 = CARTESIAN_POINT ( 'NONE',  ( -19.80000000000000071, 7.000000000000000000, 0.000000000000000000 ) ) ;
#6473 = EDGE_CURVE ( 'NONE', #1162, #6150, #1865, .T. ) ;
#6474 = ORIENTED_EDGE ( 'NONE', *, *, #582, .F. ) ;
#6475 = DIRECTION ( 'NONE',  ( -1.000000000000000000, 0.000000000000000000, 0.000000000000000000 ) ) ;
#6476 = CARTESIAN_POINT ( 'NONE',  ( 0.000000000000000000, 0.000000000000000000, 17.00000000000000000 ) ) ;
#6477 = CARTESIAN_POINT ( 'NONE',  ( 53.59999999999998010, 1.180468634496714131, -2.433347574860236673 ) ) ;
#6478 = DIRECTION ( 'NONE',  ( 0.000000000000000000, -1.000000000000000000, 0.000000000000000000 ) ) ;
#6479 = ORIENTED_EDGE ( 'NONE', *, *, #445, .T. ) ;
#6480 = LINE ( 'NONE', #995, #252 ) ;
#6481 = CARTESIAN_POINT ( 'NONE',  ( 46.09999999999998721, 2.146728438579359466, 16.29428415877735503 ) ) ;
#6482 = VERTEX_POINT ( 'NONE', #6779 ) ;
#6483 = ORIENTED_EDGE ( 'NONE', *, *, #2107, .F. ) ;
#6484 = DIRECTION ( 'NONE',  ( -1.000000000000000000, 0.000000000000000000, 0.000000000000000000 ) ) ;
#6485 = ORIENTED_EDGE ( 'NONE', *, *, #5142, .T. ) ;
#6486 = ORIENTED_EDGE ( 'NONE', *, *, #1200, .F. ) ;
#6487 = DIRECTION ( 'NONE',  ( 1.000000000000000000, -0.000000000000000000, -0.000000000000000000 ) ) ;
#6488 = PRESENTATION_STYLE_ASSIGNMENT (( #1122 ) ) ;
#6489 = ORIENTED_EDGE ( 'NONE', *, *, #993, .T. ) ;
#6490 = ADVANCED_FACE ( 'NONE', ( #7348 ), #3756, .T. ) ;
#6491 = VERTEX_POINT ( 'NONE', #194 ) ;
#6492 = CARTESIAN_POINT ( 'NONE',  ( 53.70000000000000995, 1.438086948836662327, -2.813343520132479458 ) ) ;
#6493 =( NAMED_UNIT ( * ) SI_UNIT ( $, .STERADIAN. ) SOLID_ANGLE_UNIT ( ) );
#6494 = FILL_AREA_STYLE ('',( #1612 ) ) ;
#6495 = PLANE ( 'NONE',  #482 ) ;
#6496 = FACE_OUTER_BOUND ( 'NONE', #4982, .T. ) ;
#6497 = FACE_OUTER_BOUND ( 'NONE', #7261, .T. ) ;
#6498 = ORIENTED_EDGE ( 'NONE', *, *, #5411, .T. ) ;
#6499 = LINE ( 'NONE', #7101, #7073 ) ;
#6500 = SURFACE_STYLE_USAGE ( .BOTH. , #553 ) ;
#6501 = EDGE_CURVE ( 'NONE', #3049, #2233, #6643, .T. ) ;
#6502 = ORIENTED_EDGE ( 'NONE', *, *, #5479, .T. ) ;
#6503 = DIRECTION ( 'NONE',  ( -1.000000000000000000, -0.000000000000000000, -0.000000000000000000 ) ) ;
#6504 = CARTESIAN_POINT ( 'NONE',  ( 53.69999999999998863, -0.5404182256464260536, 0.4042307585992851449 ) ) ;
#6505 = PLANE ( 'NONE',  #3503 ) ;
#6506 = CARTESIAN_POINT ( 'NONE',  ( 2.000000000000000000, 7.441506350946116122, 12.38906708468513784 ) ) ;
#6507 = FACE_OUTER_BOUND ( 'NONE', #4439, .T. ) ;
#6508 = ORIENTED_EDGE ( 'NONE', *, *, #3131, .T. ) ;
#6509 =( GEOMETRIC_REPRESENTATION_CONTEXT ( 3 ) GLOBAL_UNCERTAINTY_ASSIGNED_CONTEXT ( ( #6861 ) ) GLOBAL_UNIT_ASSIGNED_CONTEXT ( ( #247, #2649, #5748 ) ) REPRESENTATION_CONTEXT ( 'NONE', 'WORKASPACE' ) );
#6510 = CARTESIAN_POINT ( 'NONE',  ( 53.69999999999998863, 0.7918731480083657237, -3.258311381397733797 ) ) ;
#6511 =( LENGTH_UNIT ( ) NAMED_UNIT ( * ) SI_UNIT ( .MILLI., .METRE. ) );
#6512 = ADVANCED_FACE ( 'NONE', ( #4315 ), #1568, .T. ) ;
#6513 = CARTESIAN_POINT ( 'NONE',  ( 0.000000000000000000, 7.658493649053887076, -13.76490010960491261 ) ) ;
#6514 = ORIENTED_EDGE ( 'NONE', *, *, #370, .F. ) ;
#6515 = PLANE ( 'NONE',  #6205 ) ;
#6516 = VECTOR ( 'NONE', #3602, 999.9999999999998863 ) ;
#6517 = CARTESIAN_POINT ( 'NONE',  ( 46.10000000000000142, 5.284336797139845388, -15.56238811527273391 ) ) ;
#6518 = VERTEX_POINT ( 'NONE', #7263 ) ;
#6519 = ORIENTED_EDGE ( 'NONE', *, *, #937, .T. ) ;
#6520 = DIRECTION ( 'NONE',  ( 0.000000000000000000, 0.4929222274675701398, -0.8700733748761705355 ) ) ;
#6521 = LINE ( 'NONE', #1038, #3773 ) ;
#6522 = EDGE_LOOP ( 'NONE', ( #656, #2036, #3549, #378, #2479 ) ) ;
#6523 = ORIENTED_EDGE ( 'NONE', *, *, #5429, .T. ) ;
#6524 = PRESENTATION_STYLE_ASSIGNMENT (( #2278 ) ) ;
#6525 = EDGE_LOOP ( 'NONE', ( #5342, #2045, #7381, #4607, #2540, #5443, #646, #4620, #7000, #3825, #6592, #4747 ) ) ;
#6526 = VECTOR ( 'NONE', #4175, 1000.000000000000000 ) ;
#6527 = ORIENTED_EDGE ( 'NONE', *, *, #844, .T. ) ;
#6528 = CARTESIAN_POINT ( 'NONE',  ( 53.59999999999998721, 1.214767264119655854, 1.222004050389287944 ) ) ;
#6529 = LINE ( 'NONE', #7010, #4612 ) ;
#6530 =( GEOMETRIC_REPRESENTATION_CONTEXT ( 3 ) GLOBAL_UNCERTAINTY_ASSIGNED_CONTEXT ( ( #7510 ) ) GLOBAL_UNIT_ASSIGNED_CONTEXT ( ( #1816, #660, #1371 ) ) REPRESENTATION_CONTEXT ( 'NONE', 'WORKASPACE' ) );
#6531 = SURFACE_SIDE_STYLE ('',( #5892 ) ) ;
#6532 = CARTESIAN_POINT ( 'NONE',  ( 0.000000000000000000, -15.25000000000000000, -1.050000000000000044 ) ) ;
#6533 = CARTESIAN_POINT ( 'NONE',  ( 53.59999999999998721, 0.2396642142496103467, -3.922862896642212771 ) ) ;
#6534 = LINE ( 'NONE', #2825, #1199 ) ;
#6535 = ORIENTED_EDGE ( 'NONE', *, *, #6359, .F. ) ;
#6536 = CARTESIAN_POINT ( 'NONE',  ( 53.19999999999998863, 0.000000000000000000, 0.000000000000000000 ) ) ;
#6537 = ADVANCED_FACE ( 'NONE', ( #5773 ), #1534, .F. ) ;
#6538 = DIRECTION ( 'NONE',  ( 1.000000000000000000, -0.000000000000000000, -0.000000000000000000 ) ) ;
#6539 = ORIENTED_EDGE ( 'NONE', *, *, #6131, .F. ) ;
#6540 = CARTESIAN_POINT ( 'NONE',  ( 2.000000000000000000, -16.54999999999999716, -0.2500000000000002220 ) ) ;
#6541 = PLANE ( 'NONE',  #564 ) ;
#6542 =( NAMED_UNIT ( * ) SI_UNIT ( $, .STERADIAN. ) SOLID_ANGLE_UNIT ( ) );
#6543 = EDGE_CURVE ( 'NONE', #6927, #6084, #5706, .T. ) ;
#6544 = DIRECTION ( 'NONE',  ( -0.000000000000000000, -0.5000000000000002220, -0.8660254037844384856 ) ) ;
#6545 = CARTESIAN_POINT ( 'NONE',  ( 0.000000000000000000, 8.586697387972222373, 14.37259614518684181 ) ) ;
#6546 = VECTOR ( 'NONE', #2611, 1000.000000000000114 ) ;
#6547 = CIRCLE ( 'NONE', #3118, 0.5000000000000004441 ) ;
#6548 = ADVANCED_FACE ( 'NONE', ( #2024 ), #3946, .T. ) ;
#6549 = ORIENTED_EDGE ( 'NONE', *, *, #1524, .T. ) ;
#6550 = AXIS2_PLACEMENT_3D ( 'NONE', #3150, #104, #2983 ) ;
#6551 = PRESENTATION_LAYER_ASSIGNMENT (  '', '', ( #2001 ) ) ;
#6552 = CARTESIAN_POINT ( 'NONE',  ( 44.49999999999999289, -10.83425457577108908, 12.35177677933580043 ) ) ;
#6553 = CARTESIAN_POINT ( 'NONE',  ( 2.000000000000000000, -15.50000000000000000, 1.999999999999999112 ) ) ;
#6554 = VERTEX_POINT ( 'NONE', #3352 ) ;
#6555 = CARTESIAN_POINT ( 'NONE',  ( 53.59999999999998721, -1.480062982793924453, 0.6754210344217291828 ) ) ;
#6556 = AXIS2_PLACEMENT_3D ( 'NONE', #3127, #5045, #6874 ) ;
#6557 = CARTESIAN_POINT ( 'NONE',  ( -6.000000000000000000, 7.000000000000000000, 0.000000000000000000 ) ) ;
#6558 = VECTOR ( 'NONE', #1336, 1000.000000000000000 ) ;
#6559 = ORIENTED_EDGE ( 'NONE', *, *, #3191, .F. ) ;
#6560 = EDGE_LOOP ( 'NONE', ( #1785, #6199, #5657, #6502 ) ) ;
#6561 =( GEOMETRIC_REPRESENTATION_CONTEXT ( 3 ) GLOBAL_UNCERTAINTY_ASSIGNED_CONTEXT ( ( #6312 ) ) GLOBAL_UNIT_ASSIGNED_CONTEXT ( ( #5600, #1394, #4483 ) ) REPRESENTATION_CONTEXT ( 'NONE', 'WORKASPACE' ) );
#6562 = VECTOR ( 'NONE', #1368, 1000.000000000000000 ) ;
#6563 = FILL_AREA_STYLE_COLOUR ( '', #6143 ) ;
#6564 = ORIENTED_EDGE ( 'NONE', *, *, #819, .T. ) ;
#6565 = ORIENTED_EDGE ( 'NONE', *, *, #1121, .T. ) ;
#6566 = CARTESIAN_POINT ( 'NONE',  ( 0.000000000000000000, 7.408493649053896846, 13.33188740771268677 ) ) ;
#6567 = FILL_AREA_STYLE ('',( #461 ) ) ;
#6568 = ORIENTED_EDGE ( 'NONE', *, *, #796, .F. ) ;
#6569 = AXIS2_PLACEMENT_3D ( 'NONE', #4992, #6111, #6190 ) ;
#6570 = ADVANCED_FACE ( 'NONE', ( #349 ), #5106, .T. ) ;
#6571 = ORIENTED_EDGE ( 'NONE', *, *, #433, .F. ) ;
#6572 = CARTESIAN_POINT ( 'NONE',  ( 53.69999999999998863, -1.480062982793924453, -1.184169428360741572 ) ) ;
#6573 = EDGE_CURVE ( 'NONE', #5480, #5118, #6381, .T. ) ;
#6574 = PLANE ( 'NONE',  #4872 ) ;
#6575 = DIRECTION ( 'NONE',  ( 1.000000000000000000, -0.000000000000000000, -0.000000000000000000 ) ) ;
#6576 = DIRECTION ( 'NONE',  ( 0.000000000000000000, 0.8660254037844330455, 0.5000000000000098810 ) ) ;
#6577 = VECTOR ( 'NONE', #2092, 1000.000000000000000 ) ;
#6578 = FACE_OUTER_BOUND ( 'NONE', #4733, .T. ) ;
#6579 = ORIENTED_EDGE ( 'NONE', *, *, #7543, .T. ) ;
#6580 = DIRECTION ( 'NONE',  ( 0.000000000000000000, 0.000000000000000000, -1.000000000000000000 ) ) ;
#6581 = DIRECTION ( 'NONE',  ( 0.000000000000000000, 0.8607846230989656400, 0.5089693828084077554 ) ) ;
#6582 = VECTOR ( 'NONE', #3927, 1000.000000000000000 ) ;
#6583 = ORIENTED_EDGE ( 'NONE', *, *, #4651, .T. ) ;
#6584 = VECTOR ( 'NONE', #7150, 1000.000000000000000 ) ;
#6585 = ORIENTED_EDGE ( 'NONE', *, *, #152, .T. ) ;
#6586 = DIRECTION ( 'NONE',  ( 1.000000000000000000, -0.000000000000000000, -0.000000000000000000 ) ) ;
#6587 = CARTESIAN_POINT ( 'NONE',  ( 0.000000000000000000, 7.163571428571429145, 9.998662129892933237 ) ) ;
#6588 = CARTESIAN_POINT ( 'NONE',  ( 53.59999999999998721, -1.480062982793924453, -1.184169428360741572 ) ) ;
#6589 = CARTESIAN_POINT ( 'NONE',  ( 53.69999999999998863, 0.006970598764362954600, -2.913944002399471156 ) ) ;
#6590 = DIRECTION ( 'NONE',  ( -0.000000000000000000, 0.3420201433256636059, -0.9396926207859102043 ) ) ;
#6591 = CIRCLE ( 'NONE', #6214, 1.299999999999997380 ) ;
#6592 = ORIENTED_EDGE ( 'NONE', *, *, #2307, .T. ) ;
#6593 = VECTOR ( 'NONE', #4778, 1000.000000000000000 ) ;
#6594 = EDGE_CURVE ( 'NONE', #3849, #32, #3232, .T. ) ;
#6595 = CARTESIAN_POINT ( 'NONE',  ( 2.000000000000000000, 8.058493649053897201, 14.45772043263245621 ) ) ;
#6596 = CARTESIAN_POINT ( 'NONE',  ( 44.50000000000000711, -14.73636638629530182, -7.265464028403267882 ) ) ;
#6597 = DIRECTION ( 'NONE',  ( -1.000000000000000000, 0.000000000000000000, 0.000000000000000000 ) ) ;
#6598 = VERTEX_POINT ( 'NONE', #234 ) ;
#6599 = CARTESIAN_POINT ( 'NONE',  ( 47.69999999999999574, -1.198796048359210165, -9.141273873724511390 ) ) ;
#6600 = CIRCLE ( 'NONE', #2902, 10.00000000000000000 ) ;
#6601 = CARTESIAN_POINT ( 'NONE',  ( 0.000000000000000000, 8.534326673973666288, 12.68188740771268641 ) ) ;
#6602 = ORIENTED_EDGE ( 'NONE', *, *, #7431, .T. ) ;
#6603 = EDGE_CURVE ( 'NONE', #5697, #7281, #2639, .T. ) ;
#6604 = ORIENTED_EDGE ( 'NONE', *, *, #3354, .T. ) ;
#6605 = DIRECTION ( 'NONE',  ( 1.000000000000000000, 0.000000000000000000, 0.000000000000000000 ) ) ;
#6606 = EDGE_LOOP ( 'NONE', ( #1158, #1442, #5221, #6965 ) ) ;
#6607 = VERTEX_POINT ( 'NONE', #1497 ) ;
#6608 = CARTESIAN_POINT ( 'NONE',  ( 53.59999999999998721, 1.551621044983853226, 5.487111356871371193 ) ) ;
#6609 =( LENGTH_UNIT ( ) NAMED_UNIT ( * ) SI_UNIT ( .MILLI., .METRE. ) );
#6610 = ORIENTED_EDGE ( 'NONE', *, *, #6073, .T. ) ;
#6611 = ORIENTED_EDGE ( 'NONE', *, *, #3336, .T. ) ;
#6612 = CARTESIAN_POINT ( 'NONE',  ( 53.59999999999995879, 0.7997637545296836237, -2.805155210394047582 ) ) ;
#6613 = DIRECTION ( 'NONE',  ( -1.000000000000000000, -0.000000000000000000, -0.000000000000000000 ) ) ;
#6614 = DIRECTION ( 'NONE',  ( 0.000000000000000000, -4.818676322157796389E-16, -1.000000000000000000 ) ) ;
#6615 = CARTESIAN_POINT ( 'NONE',  ( 53.59999999999998721, 1.587079337706400306, -0.2156327289948717363 ) ) ;
#6616 = EDGE_CURVE ( 'NONE', #939, #1575, #6899, .T. ) ;
#6617 = CARTESIAN_POINT ( 'NONE',  ( 50.69999999999999574, 4.957566531502790141, -7.773193300421866070 ) ) ;
#6618 = ORIENTED_EDGE ( 'NONE', *, *, #5862, .T. ) ;
#6619 = DIRECTION ( 'NONE',  ( 1.000000000000000000, -0.000000000000000000, -0.000000000000000000 ) ) ;
#6620 = DIRECTION ( 'NONE',  ( 1.000000000000000000, 0.000000000000000000, 0.000000000000000000 ) ) ;
#6621 = ORIENTED_EDGE ( 'NONE', *, *, #5680, .T. ) ;
#6622 = UNCERTAINTY_MEASURE_WITH_UNIT (LENGTH_MEASURE( 1.000000000000000082E-05 ), #330, 'distance_accuracy_value', 'NONE');
#6623 = ORIENTED_EDGE ( 'NONE', *, *, #1545, .F. ) ;
#6624 = CARTESIAN_POINT ( 'NONE',  ( 0.000000000000000000, 7.750000000000006217, 11.92339375865880235 ) ) ;
#6625 = DIRECTION ( 'NONE',  ( 1.000000000000000000, -0.000000000000000000, -0.000000000000000000 ) ) ;
#6626 = DIRECTION ( 'NONE',  ( 0.000000000000000000, 0.000000000000000000, -1.000000000000000000 ) ) ;
#6627 = CARTESIAN_POINT ( 'NONE',  ( 53.59999999999997300, 0.5166769942313013120, -3.250286332999503092 ) ) ;
#6628 = CARTESIAN_POINT ( 'NONE',  ( 53.69999999999998863, -1.480062982793924453, -3.477664332459120988 ) ) ;
#6629 = EDGE_CURVE ( 'NONE', #4578, #5486, #2060, .T. ) ;
#6630 = VERTEX_POINT ( 'NONE', #6304 ) ;
#6631 = CARTESIAN_POINT ( 'NONE',  ( 2.000000000000000000, 7.008493649053888497, -12.63906708468514140 ) ) ;
#6632 = CARTESIAN_POINT ( 'NONE',  ( 53.59999999999998721, -1.480062982793924453, -1.691354341303248576 ) ) ;
#6633 = CARTESIAN_POINT ( 'NONE',  ( 53.59999999999998721, -1.480062982793924453, 1.140318650117346566 ) ) ;
#6634 = CARTESIAN_POINT ( 'NONE',  ( 53.59999999999998721, 1.551621044983853226, -5.027323051444513524 ) ) ;
#6635 = ORIENTED_EDGE ( 'NONE', *, *, #5902, .F. ) ;
#6636 = LINE ( 'NONE', #7475, #5695 ) ;
#6637 = ADVANCED_FACE ( 'NONE', ( #310 ), #4550, .T. ) ;
#6638 = EDGE_LOOP ( 'NONE', ( #5727, #2188, #7110, #129 ) ) ;
#6639 =( GEOMETRIC_REPRESENTATION_CONTEXT ( 3 ) GLOBAL_UNCERTAINTY_ASSIGNED_CONTEXT ( ( #6141 ) ) GLOBAL_UNIT_ASSIGNED_CONTEXT ( ( #2720, #4481, #3323 ) ) REPRESENTATION_CONTEXT ( 'NONE', 'WORKASPACE' ) );
#6640 = ORIENTED_EDGE ( 'NONE', *, *, #6375, .F. ) ;
#6641 = EDGE_CURVE ( 'NONE', #1301, #4967, #4624, .T. ) ;
#6643 = CIRCLE ( 'NONE', #4357, 1.000000000000000888 ) ;
#6642 = CARTESIAN_POINT ( 'NONE',  ( 0.000000000000000000, 8.491506350946107062, -14.20772043263246154 ) ) ;
#6644 = ADVANCED_FACE ( 'NONE', ( #2201 ), #7169, .F. ) ;
#6645 = VERTEX_POINT ( 'NONE', #5306 ) ;
#6646 = ORIENTED_EDGE ( 'NONE', *, *, #5479, .F. ) ;
#6647 = CARTESIAN_POINT ( 'NONE',  ( -6.000000000000000000, 7.000000000000000000, 0.000000000000000000 ) ) ;
#6648 = FACE_OUTER_BOUND ( 'NONE', #7487, .T. ) ;
#6649 = ORIENTED_EDGE ( 'NONE', *, *, #2471, .F. ) ;
#6650 = VERTEX_POINT ( 'NONE', #5345 ) ;
#6651 = ADVANCED_FACE ( 'NONE', ( #7752 ), #1656, .T. ) ;
#6652 = CARTESIAN_POINT ( 'NONE',  ( 6.000000000000000000, 0.000000000000000000, 15.50000000000000000 ) ) ;
#6653 = DIRECTION ( 'NONE',  ( 1.000000000000000000, -0.000000000000000000, -0.000000000000000000 ) ) ;
#6654 = PRESENTATION_STYLE_ASSIGNMENT (( #1166 ) ) ;
#6655 = ORIENTED_EDGE ( 'NONE', *, *, #3360, .F. ) ;
#6656 = CARTESIAN_POINT ( 'NONE',  ( 50.69999999999999574, 12.50000000000000000, 0.000000000000000000 ) ) ;
#6657 = AXIS2_PLACEMENT_3D ( 'NONE', #5319, #2918, #2298 ) ;
#6658 = B_SPLINE_CURVE_WITH_KNOTS ( 'NONE', 3,
 ( #5171, #2665, #3822, #6886, #2731, #3967, #893, #925, #1557, #5095, #2774, #6251, #7615, #218, #2698, #377, #4495, #4572, #4537 ),
 .UNSPECIFIED., .F., .F.,
 ( 4, 1, 1, 1, 1, 1, 1, 1, 1, 1, 1, 1, 1, 1, 1, 1, 4 ),
 ( 0.000000000000000000, 0.06047821727320156632, 0.1181565529829933930, 0.1734369281886405656, 0.2272464804487412671, 0.2792336592412224539, 0.3315186664469254030, 0.3837376363579385607, 0.4376152791874223791, 0.4929151570838179452, 0.5511590531555603523, 0.6132489916933757668, 0.6799311003087852301, 0.7513088371782967734, 0.8283057702667727673, 0.9113166622822386209, 1.000000000000000000 ),
 .UNSPECIFIED. ) ;
#6659 = VERTEX_POINT ( 'NONE', #7049 ) ;
#6660 = COLOUR_RGB ( '',0.7960784313725489669, 0.8235294117647058432, 0.9372549019607843146 ) ;
#6661 = VECTOR ( 'NONE', #7473, 1000.000000000000000 ) ;
#6662 = ORIENTED_EDGE ( 'NONE', *, *, #7873, .T. ) ;
#6663 = CARTESIAN_POINT ( 'NONE',  ( 53.59999999999999432, 0.6828928732814492086, -3.260712111801166824 ) ) ;
#6664 = DIRECTION ( 'NONE',  ( 1.000000000000000000, -0.000000000000000000, 0.000000000000000000 ) ) ;
#6665 = PLANE ( 'NONE',  #2736 ) ;
#6666 = CARTESIAN_POINT ( 'NONE',  ( 53.59999999999997300, -0.05573380801219180586, -2.802243371549374196 ) ) ;
#6667 = CARTESIAN_POINT ( 'NONE',  ( 0.000000000000000000, 8.058493649053897201, 14.45772043263245621 ) ) ;
#6668 = EDGE_CURVE ( 'NONE', #7315, #7624, #4061, .T. ) ;
#6669 = VERTEX_POINT ( 'NONE', #1777 ) ;
#6670 = FACE_BOUND ( 'NONE', #3908, .T. ) ;
#6671 = CARTESIAN_POINT ( 'NONE',  ( 44.50000000000002132, -12.35177677933581109, 10.83425457577108730 ) ) ;
#6672 = CARTESIAN_POINT ( 'NONE',  ( 53.49999999999999289, 8.750000000000003553, 8.500000000000000000 ) ) ;
#6673 = DIRECTION ( 'NONE',  ( 0.000000000000000000, -1.000000000000000000, 0.000000000000000000 ) ) ;
#6674 = EDGE_CURVE ( 'NONE', #5333, #1531, #1014, .T. ) ;
#6675 = ORIENTED_EDGE ( 'NONE', *, *, #337, .T. ) ;
#6676 = ORIENTED_EDGE ( 'NONE', *, *, #3139, .T. ) ;
#6677 = LINE ( 'NONE', #612, #7107 ) ;
#6678 = ORIENTED_EDGE ( 'NONE', *, *, #10, .F. ) ;
#6679 =( GEOMETRIC_REPRESENTATION_CONTEXT ( 3 ) GLOBAL_UNCERTAINTY_ASSIGNED_CONTEXT ( ( #1618 ) ) GLOBAL_UNIT_ASSIGNED_CONTEXT ( ( #2109, #6361, #3328 ) ) REPRESENTATION_CONTEXT ( 'NONE', 'WORKASPACE' ) );
#6680 = VECTOR ( 'NONE', #5273, 1000.000000000000227 ) ;
#6681 = ORIENTED_EDGE ( 'NONE', *, *, #3590, .T. ) ;
#6682 = DIRECTION ( 'NONE',  ( 0.000000000000000000, 0.5000000000000001110, 0.8660254037844387076 ) ) ;
#6683 = AXIS2_PLACEMENT_3D ( 'NONE', #5835, #5873, #2053 ) ;
#6684 = TOROIDAL_SURFACE ( 'NONE', #3251, 17.80000000000000071, 0.5000000000000000000 ) ;
#6685 = ORIENTED_EDGE ( 'NONE', *, *, #2107, .T. ) ;
#6686 =( NAMED_UNIT ( * ) PLANE_ANGLE_UNIT ( ) SI_UNIT ( $, .RADIAN. ) );
#6687 = DIRECTION ( 'NONE',  ( 1.000000000000000000, -0.000000000000000000, -0.000000000000000000 ) ) ;
#6688 = EDGE_LOOP ( 'NONE', ( #4737, #2775, #2272, #2960 ) ) ;
#6689 = ADVANCED_FACE ( 'NONE', ( #1164 ), #3470, .T. ) ;
#6690 = VECTOR ( 'NONE', #6406, 1000.000000000000000 ) ;
#6691 = VERTEX_POINT ( 'NONE', #4144 ) ;
#6692 = ADVANCED_FACE ( 'NONE', ( #2242 ), #3593, .T. ) ;
#6693 = LINE ( 'NONE', #1246, #3091 ) ;
#6694 = FILL_AREA_STYLE ('',( #4264 ) ) ;
#6695 = SURFACE_STYLE_FILL_AREA ( #4265 ) ;
#6696 = LINE ( 'NONE', #1250, #7168 ) ;
#6697 = ORIENTED_EDGE ( 'NONE', *, *, #1353, .F. ) ;
#6698 = CARTESIAN_POINT ( 'NONE',  ( 53.59999999999998721, 1.551621044983853226, 3.216861333557771374 ) ) ;
#6699 = VECTOR ( 'NONE', #6619, 1000.000000000000000 ) ;
#6701 = VECTOR ( 'NONE', #2062, 1000.000000000000000 ) ;
#6700 = FACE_OUTER_BOUND ( 'NONE', #5641, .T. ) ;
#6702 = ADVANCED_FACE ( 'NONE', ( #5936 ), #6574, .T. ) ;
#6703 = ORIENTED_EDGE ( 'NONE', *, *, #2541, .T. ) ;
#6704 = ADVANCED_FACE ( 'NONE', ( #4977 ), #6134, .T. ) ;
#6705 = UNCERTAINTY_MEASURE_WITH_UNIT (LENGTH_MEASURE( 1.000000000000000082E-05 ), #906, 'distance_accuracy_value', 'NONE');
#6706 = MECHANICAL_DESIGN_GEOMETRIC_PRESENTATION_REPRESENTATION (  '', ( #2757 ), #243 ) ;
#6707 = LINE ( 'NONE', #4952, #2849 ) ;
#6708 = FILL_AREA_STYLE_COLOUR ( '', #1698 ) ;
#6709 = CARTESIAN_POINT ( 'NONE',  ( 53.59999999999998721, -1.480062982793924453, -5.627487487526145138 ) ) ;
#6710 = FILL_AREA_STYLE ('',( #3197 ) ) ;
#6711 = DIRECTION ( 'NONE',  ( 0.000000000000000000, -0.7566819109566098600, 0.6537832099641693873 ) ) ;
#6712 = DIRECTION ( 'NONE',  ( 0.000000000000000000, -1.000000000000000000, 0.000000000000000000 ) ) ;
#6713 = VECTOR ( 'NONE', #7843, 1000.000000000000000 ) ;
#6714 = VECTOR ( 'NONE', #6328, 1000.000000000000000 ) ;
#6715 = VERTEX_POINT ( 'NONE', #7334 ) ;
#6716 = FACE_OUTER_BOUND ( 'NONE', #3820, .T. ) ;
#6717 = DIRECTION ( 'NONE',  ( 1.000000000000000000, -0.000000000000000000, -0.000000000000000000 ) ) ;
#6718 = STYLED_ITEM ( 'NONE', ( #5111 ), #4459 ) ;
#6719 = CARTESIAN_POINT ( 'NONE',  ( 0.000000000000000000, 8.153684686079991195, -14.62259614518684714 ) ) ;
#6720 = ORIENTED_EDGE ( 'NONE', *, *, #1132, .F. ) ;
#6721 = ADVANCED_FACE ( 'NONE', ( #697 ), #1813, .F. ) ;
#6722 = ORIENTED_EDGE ( 'NONE', *, *, #1155, .T. ) ;
#6723 = FACE_OUTER_BOUND ( 'NONE', #563, .T. ) ;
#6724 = ORIENTED_EDGE ( 'NONE', *, *, #6875, .T. ) ;
#6725 = CIRCLE ( 'NONE', #3290, 1.300000000000000044 ) ;
#6726 = ORIENTED_EDGE ( 'NONE', *, *, #4994, .T. ) ;
#6727 = CARTESIAN_POINT ( 'NONE',  ( 53.59999999999999432, 0.4945305678192352672, -2.792118302881366976 ) ) ;
#6728 = CARTESIAN_POINT ( 'NONE',  ( 49.19999999999999574, 12.00000000000000000, 1.500000000000000000 ) ) ;
#6729 = COLOUR_RGB ( '',0.7960784313725489669, 0.8235294117647058432, 0.9372549019607843146 ) ;
#6730 = ORIENTED_EDGE ( 'NONE', *, *, #6243, .T. ) ;
#6731 = DIRECTION ( 'NONE',  ( 1.000000000000000000, -0.000000000000000000, -0.000000000000000000 ) ) ;
#6732 = CARTESIAN_POINT ( 'NONE',  ( 53.60000000000000142, 0.4400609279435884758, -3.235431555326488517 ) ) ;
#6733 = VERTEX_POINT ( 'NONE', #4221 ) ;
#6734 = ORIENTED_EDGE ( 'NONE', *, *, #1349, .T. ) ;
#6735 = DIRECTION ( 'NONE',  ( 0.000000000000000000, 0.8660254037844433705, -0.4999999999999920064 ) ) ;
#6736 = DIRECTION ( 'NONE',  ( 0.000000000000000000, 0.000000000000000000, 1.000000000000000000 ) ) ;
#6737 = PLANE ( 'NONE',  #1607 ) ;
#6738 = ORIENTED_EDGE ( 'NONE', *, *, #5159, .T. ) ;
#6739 = DIRECTION ( 'NONE',  ( 0.000000000000000000, 0.000000000000000000, 1.000000000000000000 ) ) ;
#6740 = PLANE ( 'NONE',  #3543 ) ;
#6741 = EDGE_CURVE ( 'NONE', #2431, #1979, #7558, .T. ) ;
#6742 = ORIENTED_EDGE ( 'NONE', *, *, #2879, .F. ) ;
#6743 = DIRECTION ( 'NONE',  ( 0.000000000000000000, 0.000000000000000000, -1.000000000000000000 ) ) ;
#6744 = EDGE_CURVE ( 'NONE', #780, #2837, #4304, .T. ) ;
#6745 = DIRECTION ( 'NONE',  ( 1.000000000000000000, 0.000000000000000000, 0.000000000000000000 ) ) ;
#6746 = PRESENTATION_STYLE_ASSIGNMENT (( #5591 ) ) ;
#6747 = PLANE ( 'NONE',  #1463 ) ;
#6748 = PLANE ( 'NONE',  #6441 ) ;
#6749 = EDGE_CURVE ( 'NONE', #3635, #6598, #5122, .T. ) ;
#6750 = ORIENTED_EDGE ( 'NONE', *, *, #4159, .T. ) ;
#6751 = DIRECTION ( 'NONE',  ( 0.000000000000000000, 0.000000000000000000, 1.000000000000000000 ) ) ;
#6752 = LINE ( 'NONE', #4960, #7143 ) ;
#6753 = CARTESIAN_POINT ( 'NONE',  ( 0.000000000000000000, 7.658493649053887076, -13.76490010960491261 ) ) ;
#6754 = SURFACE_STYLE_FILL_AREA ( #7437 ) ;
#6755 = EDGE_LOOP ( 'NONE', ( #5060, #174, #2624, #621 ) ) ;
#6756 = ORIENTED_EDGE ( 'NONE', *, *, #1815, .F. ) ;
#6757 = FACE_OUTER_BOUND ( 'NONE', #4091, .T. ) ;
#6758 = EDGE_LOOP ( 'NONE', ( #4851, #3183, #82, #2469, #2970, #3129, #4174, #3037, #4538, #1145, #684, #7621 ) ) ;
#6759 = EDGE_CURVE ( 'NONE', #140, #5561, #5463, .T. ) ;
#6760 = ORIENTED_EDGE ( 'NONE', *, *, #6890, .F. ) ;
#6761 = LINE ( 'NONE', #1313, #2483 ) ;
#6762 = PLANE ( 'NONE',  #7033 ) ;
#6763 = ORIENTED_EDGE ( 'NONE', *, *, #956, .T. ) ;
#6764 = DIRECTION ( 'NONE',  ( 1.000000000000000000, -0.000000000000000000, -0.000000000000000000 ) ) ;
#6765 = CARTESIAN_POINT ( 'NONE',  ( 53.59999999999998721, -1.480062982793924453, -3.477664332459120988 ) ) ;
#6766 = ORIENTED_EDGE ( 'NONE', *, *, #6850, .F. ) ;
#6767 = EDGE_CURVE ( 'NONE', #1519, #6645, #28, .T. ) ;
#6768 = ORIENTED_EDGE ( 'NONE', *, *, #4376, .F. ) ;
#6769 = AXIS2_PLACEMENT_3D ( 'NONE', #3811, #4285, #6788 ) ;
#6770 =( LENGTH_UNIT ( ) NAMED_UNIT ( * ) SI_UNIT ( .MILLI., .METRE. ) );
#6771 = DIRECTION ( 'NONE',  ( 0.000000000000000000, 0.000000000000000000, 1.000000000000000000 ) ) ;
#6772 = ORIENTED_EDGE ( 'NONE', *, *, #1343, .F. ) ;
#6773 = CARTESIAN_POINT ( 'NONE',  ( 0.000000000000000000, 6.965673326026347034, 14.16490010960490764 ) ) ;
#6774 = EDGE_CURVE ( 'NONE', #5925, #5652, #6693, .T. ) ;
#6775 = FACE_OUTER_BOUND ( 'NONE', #7399, .T. ) ;
#6776 = AXIS2_PLACEMENT_3D ( 'NONE', #6231, #1335, #786 ) ;
#6777 = CARTESIAN_POINT ( 'NONE',  ( 2.000000000000000000, -15.50000000000000000, -2.000000000000000888 ) ) ;
#6778 = AXIS2_PLACEMENT_3D ( 'NONE', #4339, #7867, #586 ) ;
#6779 = CARTESIAN_POINT ( 'NONE',  ( 53.59999999999998721, 1.214767264119655854, 3.216861333557771374 ) ) ;
#6780 = DIRECTION ( 'NONE',  ( 0.000000000000000000, 1.000000000000000000, -0.000000000000000000 ) ) ;
#6781 = EDGE_CURVE ( 'NONE', #1232, #5012, #6096, .T. ) ;
#6782 = LINE ( 'NONE', #7427, #6282 ) ;
#6783 = CARTESIAN_POINT ( 'NONE',  ( 0.000000000000000000, 7.000000000000001776, 0.000000000000000000 ) ) ;
#6784 = VECTOR ( 'NONE', #3255, 1000.000000000000114 ) ;
#6785 = ORIENTED_EDGE ( 'NONE', *, *, #878, .F. ) ;
#6786 = EDGE_CURVE ( 'NONE', #1527, #36, #5126, .T. ) ;
#6787 = LINE ( 'NONE', #1344, #4802 ) ;
#6788 = DIRECTION ( 'NONE',  ( 0.000000000000000000, 0.4999999999999973910, -0.8660254037844401509 ) ) ;
#6789 = DIRECTION ( 'NONE',  ( 0.000000000000000000, -0.3420201433256628287, 0.9396926207859105373 ) ) ;
#6790 = FACE_OUTER_BOUND ( 'NONE', #2666, .T. ) ;
#6791 = VECTOR ( 'NONE', #5148, 1000.000000000000000 ) ;
#6792 = DIRECTION ( 'NONE',  ( 0.000000000000000000, 1.000000000000000000, 1.224646799147353207E-16 ) ) ;
#6793 = ADVANCED_FACE ( 'NONE', ( #3709 ), #7619, .F. ) ;
#6794 = ORIENTED_EDGE ( 'NONE', *, *, #4651, .F. ) ;
#6795 = ORIENTED_EDGE ( 'NONE', *, *, #1276, .F. ) ;
#6796 = CARTESIAN_POINT ( 'NONE',  ( 20.49999999999999645, 0.000000000000000000, 0.000000000000000000 ) ) ;
#6797 = DIRECTION ( 'NONE',  ( 1.000000000000000000, 0.000000000000000000, 0.000000000000000000 ) ) ;
#6798 = DIRECTION ( 'NONE',  ( 0.000000000000000000, 0.000000000000000000, 1.000000000000000000 ) ) ;
#6799 = VECTOR ( 'NONE', #3912, 1000.000000000000000 ) ;
#6800 = ORIENTED_EDGE ( 'NONE', *, *, #2179, .T. ) ;
#6801 = FACE_OUTER_BOUND ( 'NONE', #4680, .T. ) ;
#6802 = CARTESIAN_POINT ( 'NONE',  ( 51.89999999999998437, -18.30000000000000071, 15.70000000000000284 ) ) ;
#6803 = VECTOR ( 'NONE', #5104, 1000.000000000000000 ) ;
#6804 = ORIENTED_EDGE ( 'NONE', *, *, #5673, .T. ) ;
#6805 = ORIENTED_EDGE ( 'NONE', *, *, #2783, .F. ) ;
#6806 = VECTOR ( 'NONE', #3865, 1000.000000000000000 ) ;
#6807 =( GEOMETRIC_REPRESENTATION_CONTEXT ( 3 ) GLOBAL_UNCERTAINTY_ASSIGNED_CONTEXT ( ( #5980 ) ) GLOBAL_UNIT_ASSIGNED_CONTEXT ( ( #916, #1544, #7641 ) ) REPRESENTATION_CONTEXT ( 'NONE', 'WORKASPACE' ) );
#6808 =( NAMED_UNIT ( * ) PLANE_ANGLE_UNIT ( ) SI_UNIT ( $, .RADIAN. ) );
#6809 = SURFACE_STYLE_USAGE ( .BOTH. , #3710 ) ;
#6810 = DIRECTION ( 'NONE',  ( 0.000000000000000000, -0.3420201433256628287, 0.9396926207859105373 ) ) ;
#6811 = FACE_OUTER_BOUND ( 'NONE', #2350, .T. ) ;
#6812 = ORIENTED_EDGE ( 'NONE', *, *, #3659, .T. ) ;
#6813 = CARTESIAN_POINT ( 'NONE',  ( 0.2000000000000000111, 7.749999999999998224, -13.42339375865880058 ) ) ;
#6814 = EDGE_CURVE ( 'NONE', #6349, #1848, #188, .T. ) ;
#6815 = CARTESIAN_POINT ( 'NONE',  ( 0.000000000000000000, 13.42339375865881657, -9.249999999999969802 ) ) ;
#6816 = AXIS2_PLACEMENT_3D ( 'NONE', #3606, #526, #1063 ) ;
#6817 = COLOUR_RGB ( '',0.7960784313725489669, 0.8235294117647058432, 0.9372549019607843146 ) ;
#6818 = B_SPLINE_CURVE_WITH_KNOTS ( 'NONE', 3,
 ( #5782, #360, #7019, #6953, #3991, #5676, #1579, #2648, #3954, #1465, #6426, #3405, #6988, #203, #5714 ),
 .UNSPECIFIED., .F., .F.,
 ( 4, 1, 1, 1, 1, 1, 1, 1, 1, 1, 1, 1, 4 ),
 ( 0.000000000000000000, 0.1274063500926064241, 0.2496033516032768462, 0.3674404771297621886, 0.4849393270475111928, 0.5432388749012847518, 0.6010814630152404581, 0.6596836711657021457, 0.7202162960974022310, 0.7834862518731331438, 0.8505854205699905357, 0.9226157491065034577, 0.9999999999999998890 ),
 .UNSPECIFIED. ) ;
#6819 = EDGE_CURVE ( 'NONE', #7375, #7833, #338, .T. ) ;
#6820 = CARTESIAN_POINT ( 'NONE',  ( 53.70000000000068496, 0.2724169903177313667, -2.626734465580571776 ) ) ;
#6821 = DIRECTION ( 'NONE',  ( 0.000000000000000000, 0.000000000000000000, 1.000000000000000000 ) ) ;
#6822 = DIRECTION ( 'NONE',  ( 1.000000000000000000, 0.000000000000000000, 0.000000000000000000 ) ) ;
#6823 = CARTESIAN_POINT ( 'NONE',  ( 53.59999999999998721, -1.480062982793924453, -3.922862896642212771 ) ) ;
#6824 = CARTESIAN_POINT ( 'NONE',  ( 0.000000000000000000, 7.441506350946116122, 12.38906708468513784 ) ) ;
#6825 = AXIS2_PLACEMENT_3D ( 'NONE', #3917, #2173, #4515 ) ;
#6826 =( GEOMETRIC_REPRESENTATION_CONTEXT ( 3 ) GLOBAL_UNCERTAINTY_ASSIGNED_CONTEXT ( ( #7259 ) ) GLOBAL_UNIT_ASSIGNED_CONTEXT ( ( #5540, #3029, #5464 ) ) REPRESENTATION_CONTEXT ( 'NONE', 'WORKASPACE' ) );
#6827 = FACE_OUTER_BOUND ( 'NONE', #1150, .T. ) ;
#6828 = CARTESIAN_POINT ( 'NONE',  ( 6.000000000000000000, 0.000000000000000000, 17.00000000000000000 ) ) ;
#6829 = CARTESIAN_POINT ( 'NONE',  ( 48.69999999999999574, 1.250000000000000000, -12.30004063985090568 ) ) ;
#6830 = ORIENTED_EDGE ( 'NONE', *, *, #3348, .F. ) ;
#6831 = LINE ( 'NONE', #2495, #1116 ) ;
#6832 = LINE ( 'NONE', #1392, #7407 ) ;
#6833 = CARTESIAN_POINT ( 'NONE',  ( 53.59999999999998721, 1.214767264119655854, 2.442031974065075772 ) ) ;
#6834 = CIRCLE ( 'NONE', #7865, 1.499999999999996225 ) ;
#6835 = ORIENTED_EDGE ( 'NONE', *, *, #6963, .F. ) ;
#6836 = VECTOR ( 'NONE', #1721, 1000.000000000000000 ) ;
#6837 = CARTESIAN_POINT ( 'NONE',  ( 53.59999999999998721, 1.551621044983853226, -5.550004551576875222 ) ) ;
#6838 = ORIENTED_EDGE ( 'NONE', *, *, #199, .T. ) ;
#6839 = AXIS2_PLACEMENT_3D ( 'NONE', #2211, #557, #4070 ) ;
#6840 = EDGE_CURVE ( 'NONE', #4187, #5963, #7815, .T. ) ;
#6841 = CIRCLE ( 'NONE', #2522, 1.500000000000000000 ) ;
#6842 = ORIENTED_EDGE ( 'NONE', *, *, #4189, .F. ) ;
#6843 = FACE_OUTER_BOUND ( 'NONE', #4343, .T. ) ;
#6844 =( NAMED_UNIT ( * ) PLANE_ANGLE_UNIT ( ) SI_UNIT ( $, .RADIAN. ) );
#6845 = EDGE_CURVE ( 'NONE', #2482, #5925, #4422, .T. ) ;
#6846 = CARTESIAN_POINT ( 'NONE',  ( 52.89999999999999147, -8.150000000000003908, 10.20000000000000284 ) ) ;
#6847 = EDGE_LOOP ( 'NONE', ( #7290, #6772, #505, #883 ) ) ;
#6848 = PLANE ( 'NONE',  #4294 ) ;
#6849 = AXIS2_PLACEMENT_3D ( 'NONE', #590, #4227, #2868 ) ;
#6850 = EDGE_CURVE ( 'NONE', #5524, #2992, #3904, .T. ) ;
#6851 = CARTESIAN_POINT ( 'NONE',  ( 0.000000000000000000, -15.50000000000000000, -8.673617379884035472E-16 ) ) ;
#6852 = VERTEX_POINT ( 'NONE', #5175 ) ;
#6853 = EDGE_LOOP ( 'NONE', ( #2843, #5659, #7309, #6726 ) ) ;
#6854 = VECTOR ( 'NONE', #862, 1000.000000000000000 ) ;
#6855 = DIRECTION ( 'NONE',  ( 0.000000000000000000, 0.000000000000000000, 1.000000000000000000 ) ) ;
#6856 = FACE_OUTER_BOUND ( 'NONE', #5375, .T. ) ;
#6857 = DIRECTION ( 'NONE',  ( 0.000000000000000000, 0.000000000000000000, 1.000000000000000000 ) ) ;
#6858 = ORIENTED_EDGE ( 'NONE', *, *, #6641, .T. ) ;
#6859 = SURFACE_STYLE_USAGE ( .BOTH. , #7463 ) ;
#6860 = DIRECTION ( 'NONE',  ( 0.000000000000000000, 0.000000000000000000, 1.000000000000000000 ) ) ;
#6861 = UNCERTAINTY_MEASURE_WITH_UNIT (LENGTH_MEASURE( 1.000000000000000082E-05 ), #247, 'distance_accuracy_value', 'NONE');
#6862 = ADVANCED_FACE ( 'NONE', ( #7504 ), #6290, .F. ) ;
#6863 = FACE_OUTER_BOUND ( 'NONE', #5149, .T. ) ;
#6864 = LINE ( 'NONE', #2023, #7576 ) ;
#6865 = CARTESIAN_POINT ( 'NONE',  ( 53.69999999999998863, -0.5404182256464260536, -0.4480815368426800394 ) ) ;
#6866 = LINE ( 'NONE', #1459, #5302 ) ;
#6867 = LINE ( 'NONE', #3119, #2969 ) ;
#6868 = DIRECTION ( 'NONE',  ( 1.000000000000000000, -0.000000000000000000, -0.000000000000000000 ) ) ;
#6869 = CARTESIAN_POINT ( 'NONE',  ( 53.69999999999998863, -1.480062982793924453, 3.337288201804348375 ) ) ;
#6870 = ORIENTED_EDGE ( 'NONE', *, *, #1064, .F. ) ;
#6871 = ORIENTED_EDGE ( 'NONE', *, *, #956, .F. ) ;
#6872 = DIRECTION ( 'NONE',  ( 0.000000000000000000, 0.5000000000000002220, -0.8660254037844384856 ) ) ;
#6873 = LINE ( 'NONE', #3654, #306 ) ;
#6874 = DIRECTION ( 'NONE',  ( 0.000000000000000000, 0.000000000000000000, 1.000000000000000000 ) ) ;
#6875 = EDGE_CURVE ( 'NONE', #4333, #7278, #7003, .T. ) ;
#6876 = CARTESIAN_POINT ( 'NONE',  ( 2.000000000000000000, 7.841506350946106707, -13.08188740771269210 ) ) ;
#6877 = ORIENTED_EDGE ( 'NONE', *, *, #3963, .T. ) ;
#6878 = SURFACE_SIDE_STYLE ('',( #4447 ) ) ;
#6879 = PLANE ( 'NONE',  #622 ) ;
#6880 = CARTESIAN_POINT ( 'NONE',  ( 53.59999999999996589, 0.2305065116366216416, -2.550582973518823682 ) ) ;
#6881 = SURFACE_STYLE_FILL_AREA ( #5010 ) ;
#6882 = DIRECTION ( 'NONE',  ( 1.000000000000000000, 0.000000000000000000, -0.000000000000000000 ) ) ;
#6883 = ADVANCED_FACE ( 'NONE', ( #4500 ), #1411, .T. ) ;
#6884 = VERTEX_POINT ( 'NONE', #224 ) ;
#6885 = CARTESIAN_POINT ( 'NONE',  ( 48.69999999999999574, 0.000000000000000000, 0.000000000000000000 ) ) ;
#6886 = CARTESIAN_POINT ( 'NONE',  ( 53.69999999999996021, 0.7997637545296836237, -2.805155210394047582 ) ) ;
#6887 = EDGE_LOOP ( 'NONE', ( #2306, #504, #4069, #6738 ) ) ;
#6888 = ADVANCED_FACE ( 'NONE', ( #2703 ), #5098, .T. ) ;
#6889 = EDGE_LOOP ( 'NONE', ( #1742, #4007, #3108 ) ) ;
#6890 = EDGE_CURVE ( 'NONE', #5334, #4654, #1577, .T. ) ;
#6891 = CARTESIAN_POINT ( 'NONE',  ( -8.300000000000002487, 7.000000000000000000, 0.000000000000000000 ) ) ;
#6892 = CARTESIAN_POINT ( 'NONE',  ( 53.59999999999998721, -1.480062982793924453, -3.477664332459120988 ) ) ;
#6893 = CARTESIAN_POINT ( 'NONE',  ( 47.69999999999999574, 4.957566531502790141, -7.773193300421866070 ) ) ;
#6894 = ORIENTED_EDGE ( 'NONE', *, *, #4889, .T. ) ;
#6895 = CARTESIAN_POINT ( 'NONE',  ( -6.000000000000000000, 7.000000000000000000, 0.000000000000000000 ) ) ;
#6896 = ADVANCED_FACE ( 'NONE', ( #5615 ), #3827, .F. ) ;
#6897 = COLOUR_RGB ( '',0.8941176470588234615, 0.9137254901960784048, 0.9294117647058823817 ) ;
#6898 = LINE ( 'NONE', #2747, #6803 ) ;
#6899 = LINE ( 'NONE', #5072, #2087 ) ;
#6900 = PLANE ( 'NONE',  #604 ) ;
#6901 = CARTESIAN_POINT ( 'NONE',  ( 2.000000000000000000, -15.50000000000000000, -1.500000000000000888 ) ) ;
#6902 = VECTOR ( 'NONE', #1402, 1000.000000000000000 ) ;
#6903 = CARTESIAN_POINT ( 'NONE',  ( 46.09999999999999432, -4.252234123549626155, 15.87547303844859670 ) ) ;
#6904 = PLANE ( 'NONE',  #6193 ) ;
#6905 = PRESENTATION_LAYER_ASSIGNMENT (  '', '', ( #2948 ) ) ;
#6906 = CARTESIAN_POINT ( 'NONE',  ( 53.60000000000000853, 1.438086948836662327, -2.813343520132479458 ) ) ;
#6907 = CIRCLE ( 'NONE', #2333, 12.30000000000000071 ) ;
#6908 = AXIS2_PLACEMENT_3D ( 'NONE', #7541, #1488, #1718 ) ;
#6909 = DIRECTION ( 'NONE',  ( 1.000000000000000000, -0.000000000000000000, -0.000000000000000000 ) ) ;
#6910 = DIRECTION ( 'NONE',  ( -1.000000000000000000, -0.000000000000000000, -0.000000000000000000 ) ) ;
#6911 = LINE ( 'NONE', #5201, #4532 ) ;
#6912 = VECTOR ( 'NONE', #576, 1000.000000000000000 ) ;
#6913 = EDGE_CURVE ( 'NONE', #1112, #5930, #1189, .T. ) ;
#6914 = CARTESIAN_POINT ( 'NONE',  ( 0.000000000000000000, 7.000000000000001776, 0.000000000000000000 ) ) ;
#6915 = ORIENTED_EDGE ( 'NONE', *, *, #5811, .F. ) ;
#6916 = DIRECTION ( 'NONE',  ( 0.000000000000000000, 0.8660254037844390407, 0.4999999999999992784 ) ) ;
#6917 = CARTESIAN_POINT ( 'NONE',  ( 50.69999999999999574, -12.00000000000000000, 5.204170427930421283E-15 ) ) ;
#6918 = VECTOR ( 'NONE', #3176, 1000.000000000000000 ) ;
#6919 = ADVANCED_FACE ( 'NONE', ( #7083 ), #7816, .F. ) ;
#6920 = AXIS2_PLACEMENT_3D ( 'NONE', #5592, #5628, #157 ) ;
#6921 = CARTESIAN_POINT ( 'NONE',  ( 53.59999999999998721, -1.480062982793924453, 0.6754210344217291828 ) ) ;
#6922 = PRESENTATION_STYLE_ASSIGNMENT (( #6961 ) ) ;
#6923 = LINE ( 'NONE', #4371, #6784 ) ;
#6924 = EDGE_LOOP ( 'NONE', ( #3950, #6623, #220, #693 ) ) ;
#6925 = LINE ( 'NONE', #6213, #2762 ) ;
#6926 = DIRECTION ( 'NONE',  ( -1.000000000000000000, -0.000000000000000000, -0.000000000000000000 ) ) ;
#6927 = VERTEX_POINT ( 'NONE', #2308 ) ;
#6928 = MECHANICAL_DESIGN_GEOMETRIC_PRESENTATION_REPRESENTATION (  '', ( #5140 ), #1854 ) ;
#6929 = ORIENTED_EDGE ( 'NONE', *, *, #468, .T. ) ;
#6930 = CARTESIAN_POINT ( 'NONE',  ( 0.000000000000000000, -15.75000000000000000, -0.2500000000000002220 ) ) ;
#6931 = CARTESIAN_POINT ( 'NONE',  ( 52.89999999999999147, -18.30000000000000071, 12.20000000000000284 ) ) ;
#6932 = VECTOR ( 'NONE', #3230, 1000.000000000000000 ) ;
#6933 =( NAMED_UNIT ( * ) SI_UNIT ( $, .STERADIAN. ) SOLID_ANGLE_UNIT ( ) );
#6934 = ORIENTED_EDGE ( 'NONE', *, *, #3507, .T. ) ;
#6935 = LINE ( 'NONE', #342, #372 ) ;
#6936 = EDGE_CURVE ( 'NONE', #3887, #4779, #1002, .T. ) ;
#6937 = EDGE_CURVE ( 'NONE', #2723, #4694, #5965, .T. ) ;
#6938 = CIRCLE ( 'NONE', #722, 16.39999999999999858 ) ;
#6939 = AXIS2_PLACEMENT_3D ( 'NONE', #3993, #6910, #322 ) ;
#6940 = CARTESIAN_POINT ( 'NONE',  ( 53.49999999999999289, -8.750000000000000000, 15.70000000000000284 ) ) ;
#6941 = SURFACE_STYLE_FILL_AREA ( #5105 ) ;
#6942 = FILL_AREA_STYLE_COLOUR ( '', #56 ) ;
#6943 = CARTESIAN_POINT ( 'NONE',  ( 6.000000000000000000, 1.836970198721029441E-16, 13.99999999999999822 ) ) ;
#6944 = EDGE_CURVE ( 'NONE', #578, #5568, #1600, .T. ) ;
#6945 = CARTESIAN_POINT ( 'NONE',  ( 0.000000000000000000, 7.658493649053896846, 13.76490010960490729 ) ) ;
#6946 = DIRECTION ( 'NONE',  ( 0.000000000000000000, -0.000000000000000000, 1.000000000000000000 ) ) ;
#6947 = VECTOR ( 'NONE', #182, 999.9999999999998863 ) ;
#6949 = AXIS2_PLACEMENT_3D ( 'NONE', #1948, #1986, #2530 ) ;
#6948 =( NAMED_UNIT ( * ) PLANE_ANGLE_UNIT ( ) SI_UNIT ( $, .RADIAN. ) );
#6950 = ADVANCED_FACE ( 'NONE', ( #1115 ), #2894, .T. ) ;
#6951 = UNCERTAINTY_MEASURE_WITH_UNIT (LENGTH_MEASURE( 1.000000000000000082E-05 ), #3624, 'distance_accuracy_value', 'NONE');
#6952 = VECTOR ( 'NONE', #946, 1000.000000000000000 ) ;
#6953 = CARTESIAN_POINT ( 'NONE',  ( 53.70000000000000284, 0.1949746849492978717, -2.451190802626018961 ) ) ;
#6954 = VECTOR ( 'NONE', #6323, 1000.000000000000000 ) ;
#6955 = DIRECTION ( 'NONE',  ( 0.000000000000000000, 0.8660254037844381525, -0.5000000000000008882 ) ) ;
#6956 = VECTOR ( 'NONE', #2525, 1000.000000000000227 ) ;
#6957 = ORIENTED_EDGE ( 'NONE', *, *, #5988, .F. ) ;
#6958 = PLANE ( 'NONE',  #3521 ) ;
#6959 = LINE ( 'NONE', #5163, #3532 ) ;
#6960 = DIRECTION ( 'NONE',  ( 0.000000000000000000, -0.5000000000000002220, -0.8660254037844384856 ) ) ;
#6961 = SURFACE_STYLE_USAGE ( .BOTH. , #5243 ) ;
#6962 = AXIS2_PLACEMENT_3D ( 'NONE', #6608, #3427, #1769 ) ;
#6963 = EDGE_CURVE ( 'NONE', #2259, #1278, #5373, .T. ) ;
#6964 = LINE ( 'NONE', #7446, #193 ) ;
#6965 = ORIENTED_EDGE ( 'NONE', *, *, #5067, .F. ) ;
#6966 = LINE ( 'NONE', #891, #881 ) ;
#6967 = VECTOR ( 'NONE', #1953, 1000.000000000000227 ) ;
#6968 = DIRECTION ( 'NONE',  ( -0.000000000000000000, 1.000000000000000000, -4.336808689942013792E-16 ) ) ;
#6969 = ORIENTED_EDGE ( 'NONE', *, *, #2692, .F. ) ;
#6970 = VECTOR ( 'NONE', #6236, 1000.000000000000114 ) ;
#6971 = ORIENTED_EDGE ( 'NONE', *, *, #5578, .F. ) ;
#6972 = LINE ( 'NONE', #3308, #5294 ) ;
#6973 = VECTOR ( 'NONE', #2557, 1000.000000000000000 ) ;
#6974 = ORIENTED_EDGE ( 'NONE', *, *, #3139, .F. ) ;
#6975 = LINE ( 'NONE', #6374, #2515 ) ;
#6976 = ORIENTED_EDGE ( 'NONE', *, *, #7577, .F. ) ;
#6977 = VECTOR ( 'NONE', #4820, 1000.000000000000000 ) ;
#6978 = DIRECTION ( 'NONE',  ( 0.000000000000000000, 1.000000000000000000, 1.224646799147353207E-16 ) ) ;
#6979 = CARTESIAN_POINT ( 'NONE',  ( 47.69999999999999574, 0.000000000000000000, 0.000000000000000000 ) ) ;
#6980 = CARTESIAN_POINT ( 'NONE',  ( 53.59999999999998721, 1.551621044983853226, 1.222004050389287944 ) ) ;
#6981 = DIRECTION ( 'NONE',  ( -0.000000000000000000, -0.6314199358297803988, -0.7754410774757267699 ) ) ;
#6982 = ORIENTED_EDGE ( 'NONE', *, *, #4822, .F. ) ;
#6983 = DIRECTION ( 'NONE',  ( 0.000000000000000000, -0.8700733748761705355, 0.4929222274675698623 ) ) ;
#6984 = STYLED_ITEM ( 'NONE', ( #1230 ), #5235 ) ;
#6985 = ADVANCED_FACE ( 'NONE', ( #381 ), #4658, .F. ) ;
#6986 = DIRECTION ( 'NONE',  ( -0.000000000000000000, 0.4999999999999973910, -0.8660254037844401509 ) ) ;
#6987 = EDGE_CURVE ( 'NONE', #4648, #890, #7283, .T. ) ;
#6988 = CARTESIAN_POINT ( 'NONE',  ( 53.69999999999998863, 0.6160715024334109113, -2.813745714525698993 ) ) ;
#6989 = DIRECTION ( 'NONE',  ( 0.000000000000000000, 0.000000000000000000, -1.000000000000000000 ) ) ;
#6990 = DIRECTION ( 'NONE',  ( 0.000000000000000000, 0.9396926207859103153, 0.3420201433256632728 ) ) ;
#6991 = EDGE_CURVE ( 'NONE', #2466, #6733, #1578, .T. ) ;
#6992 = DIRECTION ( 'NONE',  ( 1.000000000000000000, 0.000000000000000000, 0.000000000000000000 ) ) ;
#6993 = EDGE_LOOP ( 'NONE', ( #5812, #5097, #6211, #1929 ) ) ;
#6994 = LINE ( 'NONE', #7028, #6954 ) ;
#6995 = DIRECTION ( 'NONE',  ( -1.000000000000000000, 0.000000000000000000, 0.000000000000000000 ) ) ;
#6996 = CARTESIAN_POINT ( 'NONE',  ( -8.300000000000002487, 4.500000000000000888, 1.658312395177700349 ) ) ;
#6997 = FILL_AREA_STYLE ('',( #2221 ) ) ;
#6998 = EDGE_LOOP ( 'NONE', ( #4120, #2138, #2393, #7008 ) ) ;
#6999 = DIRECTION ( 'NONE',  ( 0.000000000000000000, 0.000000000000000000, -1.000000000000000000 ) ) ;
#7000 = ORIENTED_EDGE ( 'NONE', *, *, #2510, .T. ) ;
#7001 = ADVANCED_FACE ( 'NONE', ( #2508 ), #7242, .T. ) ;
#7002 = EDGE_LOOP ( 'NONE', ( #5612, #1719, #725, #2341 ) ) ;
#7003 = LINE ( 'NONE', #813, #6010 ) ;
#7004 = DIRECTION ( 'NONE',  ( 0.000000000000000000, 0.000000000000000000, -1.000000000000000000 ) ) ;
#7005 = VERTEX_POINT ( 'NONE', #6642 ) ;
#7006 = DIRECTION ( 'NONE',  ( 0.000000000000000000, 0.000000000000000000, 1.000000000000000000 ) ) ;
#7007 = EDGE_CURVE ( 'NONE', #6482, #3830, #5571, .T. ) ;
#7008 = ORIENTED_EDGE ( 'NONE', *, *, #4987, .T. ) ;
#7009 = CARTESIAN_POINT ( 'NONE',  ( 53.69999999999998863, 1.349119603733285766, -2.970352025123718764 ) ) ;
#7010 = CARTESIAN_POINT ( 'NONE',  ( 49.19999999999999574, 12.50000000000000000, 1.500000000000000000 ) ) ;
#7011 = DIRECTION ( 'NONE',  ( 1.000000000000000000, -0.000000000000000000, -0.000000000000000000 ) ) ;
#7012 = CARTESIAN_POINT ( 'NONE',  ( 2.000000000000000000, 7.658493649053896846, 13.76490010960490729 ) ) ;
#7013 = DIRECTION ( 'NONE',  ( -0.000000000000000000, -0.8660254037844378194, 0.5000000000000013323 ) ) ;
#7014 = CARTESIAN_POINT ( 'NONE',  ( 46.10000000000000142, -12.35554371339476454, -10.83755870952399469 ) ) ;
#7015 = ORIENTED_EDGE ( 'NONE', *, *, #3935, .T. ) ;
#7016 = CARTESIAN_POINT ( 'NONE',  ( 47.69999999999999574, -12.00000000000000000, -1.500000000000000000 ) ) ;
#7017 = VECTOR ( 'NONE', #3962, 1000.000000000000227 ) ;
#7018 = ADVANCED_FACE ( 'NONE', ( #3622 ), #7367, .F. ) ;
#7019 = CARTESIAN_POINT ( 'NONE',  ( 53.69999999999997442, 0.1726328808465014963, -2.344819867979390349 ) ) ;
#7020 = AXIS2_PLACEMENT_3D ( 'NONE', #823, #5145, #3836 ) ;
#7021 = PRESENTATION_STYLE_ASSIGNMENT (( #3287 ) ) ;
#7022 = CYLINDRICAL_SURFACE ( 'NONE', #6939, 1.500000000000000444 ) ;
#7023 = CIRCLE ( 'NONE', #2949, 1.500000000000000000 ) ;
#7024 = CARTESIAN_POINT ( 'NONE',  ( 53.59999999999998721, -0.1681061520596813796, -2.194993424973501916 ) ) ;
#7025 = ORIENTED_EDGE ( 'NONE', *, *, #1908, .F. ) ;
#7026 = AXIS2_PLACEMENT_3D ( 'NONE', #7791, #3433, #7097 ) ;
#7027 = EDGE_CURVE ( 'NONE', #5925, #2050, #7202, .T. ) ;
#7028 = CARTESIAN_POINT ( 'NONE',  ( 53.69999999999998863, -1.480062982793924453, -3.357237464212545763 ) ) ;
#7029 = CARTESIAN_POINT ( 'NONE',  ( 48.29999999999999716, -8.150000000000003908, 10.20000000000000284 ) ) ;
#7030 = CARTESIAN_POINT ( 'NONE',  ( 0.000000000000000000, 6.715673326026336376, -13.73188740771269245 ) ) ;
#7031 =( NAMED_UNIT ( * ) SI_UNIT ( $, .STERADIAN. ) SOLID_ANGLE_UNIT ( ) );
#7032 = LINE ( 'NONE', #6257, #7596 ) ;
#7033 = AXIS2_PLACEMENT_3D ( 'NONE', #3741, #6682, #1236 ) ;
#7034 = ORIENTED_EDGE ( 'NONE', *, *, #2452, .F. ) ;
#7035 =( LENGTH_UNIT ( ) NAMED_UNIT ( * ) SI_UNIT ( .MILLI., .METRE. ) );
#7036 = CARTESIAN_POINT ( 'NONE',  ( 46.10000000000000142, 16.29428415877735858, 2.146728438579383003 ) ) ;
#7037 = ORIENTED_EDGE ( 'NONE', *, *, #7429, .F. ) ;
#7038 = AXIS2_PLACEMENT_3D ( 'NONE', #4828, #7252, #5424 ) ;
#7039 = VERTEX_POINT ( 'NONE', #6126 ) ;
#7040 = CARTESIAN_POINT ( 'NONE',  ( 44.50000000000000711, 13.03578952140958869, 10.00078263800708989 ) ) ;
#7041 = EDGE_LOOP ( 'NONE', ( #5007, #609, #4705, #521, #6835 ) ) ;
#7042 = PLANE ( 'NONE',  #1378 ) ;
#7043 = LINE ( 'NONE', #4581, #6854 ) ;
#7044 = ORIENTED_EDGE ( 'NONE', *, *, #6937, .F. ) ;
#7045 = ORIENTED_EDGE ( 'NONE', *, *, #4765, .T. ) ;
#7046 = CARTESIAN_POINT ( 'NONE',  ( 53.69999999999998153, 1.473931488854964389, -2.727271493675962333 ) ) ;
#7047 = DIRECTION ( 'NONE',  ( 0.000000000000000000, 0.000000000000000000, 1.000000000000000000 ) ) ;
#7048 = VECTOR ( 'NONE', #6207, 1000.000000000000000 ) ;
#7049 = CARTESIAN_POINT ( 'NONE',  ( 2.000000000000000000, 8.153684686079991195, -14.62259614518684714 ) ) ;
#7050 =( LENGTH_UNIT ( ) NAMED_UNIT ( * ) SI_UNIT ( .MILLI., .METRE. ) );
#7051 = DIRECTION ( 'NONE',  ( -1.000000000000000000, -0.000000000000000000, -0.000000000000000000 ) ) ;
#7052 = EDGE_CURVE ( 'NONE', #6051, #7813, #3665, .T. ) ;
#7053 = DIRECTION ( 'NONE',  ( 0.000000000000000000, 1.000000000000000000, -2.736828040640475774E-16 ) ) ;
#7054 = ORIENTED_EDGE ( 'NONE', *, *, #2093, .F. ) ;
#7055 = CARTESIAN_POINT ( 'NONE',  ( 0.000000000000000000, -15.50000000000000000, 1.999999999999999112 ) ) ;
#7056 = AXIS2_PLACEMENT_3D ( 'NONE', #904, #5737, #466 ) ;
#7057 = ORIENTED_EDGE ( 'NONE', *, *, #5006, .T. ) ;
#7058 = LINE ( 'NONE', #2101, #4036 ) ;
#7059 = AXIS2_PLACEMENT_3D ( 'NONE', #7528, #2074, #884 ) ;
#7060 = DIRECTION ( 'NONE',  ( 0.000000000000000000, -4.818676322157796389E-16, -1.000000000000000000 ) ) ;
#7061 = CARTESIAN_POINT ( 'NONE',  ( 2.000000000000000000, 7.441506350946116122, 12.38906708468513784 ) ) ;
#7062 = DIRECTION ( 'NONE',  ( 0.000000000000000000, 0.000000000000000000, -1.000000000000000000 ) ) ;
#7063 = CIRCLE ( 'NONE', #481, 6.000000000000000888 ) ;
#7064 = STYLED_ITEM ( 'NONE', ( #4785 ), #1847 ) ;
#7065 = CARTESIAN_POINT ( 'NONE',  ( 53.59999999999998721, 1.551621044983853226, 1.222004050389287944 ) ) ;
#7066 = VECTOR ( 'NONE', #4362, 999.9999999999998863 ) ;
#7067 = VECTOR ( 'NONE', #7579, 1000.000000000000000 ) ;
#7068 = ORIENTED_EDGE ( 'NONE', *, *, #4376, .T. ) ;
#7069 = SURFACE_STYLE_USAGE ( .BOTH. , #4167 ) ;
#7070 = CARTESIAN_POINT ( 'NONE',  ( 53.69999999999998863, -1.480062982793924453, 1.140318650117346566 ) ) ;
#7071 = DIRECTION ( 'NONE',  ( -1.000000000000000000, 0.000000000000000000, 0.000000000000000000 ) ) ;
#7072 = CARTESIAN_POINT ( 'NONE',  ( 53.59999999999998721, -0.3453976156724170021, -3.922862896642212771 ) ) ;
#7073 = VECTOR ( 'NONE', #432, 1000.000000000000000 ) ;
#7074 = AXIS2_PLACEMENT_3D ( 'NONE', #4341, #3748, #6015 ) ;
#7075 = EDGE_LOOP ( 'NONE', ( #6003, #7187, #5279, #5776 ) ) ;
#7076 = CARTESIAN_POINT ( 'NONE',  ( 53.49999999999999289, -8.750000000000000000, 15.70000000000000284 ) ) ;
#7077 = EDGE_CURVE ( 'NONE', #890, #1209, #2391, .T. ) ;
#7078 = FILL_AREA_STYLE_COLOUR ( '', #6729 ) ;
#7079 = ORIENTED_EDGE ( 'NONE', *, *, #337, .F. ) ;
#7080 = MECHANICAL_DESIGN_GEOMETRIC_PRESENTATION_REPRESENTATION (  '', ( #2016 ), #3658 ) ;
#7081 = VERTEX_POINT ( 'NONE', #6728 ) ;
#7082 = EDGE_CURVE ( 'NONE', #7453, #2110, #1931, .T. ) ;
#7083 = FACE_OUTER_BOUND ( 'NONE', #1639, .T. ) ;
#7084 = CARTESIAN_POINT ( 'NONE',  ( 44.50000000000000000, 16.28931638921676139, 2.146073948201767667 ) ) ;
#7085 = EDGE_CURVE ( 'NONE', #4211, #7817, #1892, .T. ) ;
#7086 = AXIS2_PLACEMENT_3D ( 'NONE', #5746, #981, #5114 ) ;
#7087 = ORIENTED_EDGE ( 'NONE', *, *, #1349, .F. ) ;
#7088 = ORIENTED_EDGE ( 'NONE', *, *, #7788, .F. ) ;
#7089 = DIRECTION ( 'NONE',  ( -1.000000000000000000, -0.000000000000000000, -0.000000000000000000 ) ) ;
#7090 = VECTOR ( 'NONE', #3932, 1000.000000000000000 ) ;
#7091 = CARTESIAN_POINT ( 'NONE',  ( 49.19999999999999574, 0.000000000000000000, 0.000000000000000000 ) ) ;
#7092 = VERTEX_POINT ( 'NONE', #1805 ) ;
#7093 = AXIS2_PLACEMENT_3D ( 'NONE', #2294, #1174, #2327 ) ;
#7094 = EDGE_LOOP ( 'NONE', ( #3015, #2325, #2385, #5694 ) ) ;
#7095 = VECTOR ( 'NONE', #3715, 1000.000000000000000 ) ;
#7096 = FACE_OUTER_BOUND ( 'NONE', #1714, .T. ) ;
#7097 = DIRECTION ( 'NONE',  ( 0.000000000000000000, -0.000000000000000000, -1.000000000000000000 ) ) ;
#7098 = FACE_OUTER_BOUND ( 'NONE', #4326, .T. ) ;
#7099 = CARTESIAN_POINT ( 'NONE',  ( 53.59999999999998721, 0.02691445791432760942, -4.232794640439291989 ) ) ;
#7100 = ORIENTED_EDGE ( 'NONE', *, *, #6333, .T. ) ;
#7101 = CARTESIAN_POINT ( 'NONE',  ( 53.59999999999998721, 0.3637682387785251548, -4.523683967774260850 ) ) ;
#7102 = FACE_OUTER_BOUND ( 'NONE', #1025, .T. ) ;
#7103 = EDGE_CURVE ( 'NONE', #7155, #6884, #3099, .T. ) ;
#7104 = EDGE_LOOP ( 'NONE', ( #6338, #3253, #7127, #1483 ) ) ;
#7105 = LINE ( 'NONE', #403, #3407 ) ;
#7106 = CARTESIAN_POINT ( 'NONE',  ( 0.000000000000000000, 8.058493649053897201, 14.45772043263245621 ) ) ;
#7107 = VECTOR ( 'NONE', #4928, 1000.000000000000227 ) ;
#7108 = CARTESIAN_POINT ( 'NONE',  ( 53.59999999999999432, -0.1001896595580316351, -2.683318004273699042 ) ) ;
#7109 = CARTESIAN_POINT ( 'NONE',  ( 0.000000000000000000, 7.841506350946115589, 13.08188740771268677 ) ) ;
#7110 = ORIENTED_EDGE ( 'NONE', *, *, #2794, .F. ) ;
#7111 = CARTESIAN_POINT ( 'NONE',  ( 53.59999999999998721, 0.8779134832554581491, -0.04096780558380651999 ) ) ;
#7112 = CARTESIAN_POINT ( 'NONE',  ( 44.50000000000000000, -4.016229177803744516E-15, 16.39749999999999730 ) ) ;
#7113 = DIRECTION ( 'NONE',  ( -1.000000000000000000, -0.000000000000000000, -0.000000000000000000 ) ) ;
#7114 = ORIENTED_EDGE ( 'NONE', *, *, #7739, .T. ) ;
#7115 = DIRECTION ( 'NONE',  ( 1.000000000000000000, 0.000000000000000000, 0.000000000000000000 ) ) ;
#7116 = DIRECTION ( 'NONE',  ( -0.000000000000000000, 0.000000000000000000, 1.000000000000000000 ) ) ;
#7117 = VERTEX_POINT ( 'NONE', #2971 ) ;
#7118 = VERTEX_POINT ( 'NONE', #4297 ) ;
#7119 = ADVANCED_FACE ( 'NONE', ( #6044 ), #67, .T. ) ;
#7120 =( LENGTH_UNIT ( ) NAMED_UNIT ( * ) SI_UNIT ( .MILLI., .METRE. ) );
#7121 = CARTESIAN_POINT ( 'NONE',  ( 44.50000000000000711, 14.22809906599087526, -8.216365302705662899 ) ) ;
#7122 = ORIENTED_EDGE ( 'NONE', *, *, #6963, .T. ) ;
#7123 = ORIENTED_EDGE ( 'NONE', *, *, #4462, .F. ) ;
#7124 = SURFACE_SIDE_STYLE ('',( #4054 ) ) ;
#7125 = ORIENTED_EDGE ( 'NONE', *, *, #6594, .F. ) ;
#7126 = EDGE_CURVE ( 'NONE', #6123, #4209, #90, .T. ) ;
#7127 = ORIENTED_EDGE ( 'NONE', *, *, #4049, .T. ) ;
#7128 = CARTESIAN_POINT ( 'NONE',  ( 53.59999999999998721, 1.294086625099815979, -3.038930628972549286 ) ) ;
#7129 = DIRECTION ( 'NONE',  ( 0.000000000000000000, 0.4999999999999992784, -0.8660254037844390407 ) ) ;
#7130 = CARTESIAN_POINT ( 'NONE',  ( 53.59999999999998721, 1.214767264119655854, -1.691354341303248576 ) ) ;
#7131 = FACE_OUTER_BOUND ( 'NONE', #4290, .T. ) ;
#7132 = LINE ( 'NONE', #1049, #1851 ) ;
#7133 = ORIENTED_EDGE ( 'NONE', *, *, #6603, .T. ) ;
#7134 = DIRECTION ( 'NONE',  ( -0.000000000000000000, -0.8660254037844385966, 0.5000000000000000000 ) ) ;
#7135 = CARTESIAN_POINT ( 'NONE',  ( 2.000000000000000000, -14.45000000000000107, 0.2500000000000002220 ) ) ;
#7136 = ADVANCED_FACE ( 'NONE', ( #1846 ), #6762, .T. ) ;
#7137 = ORIENTED_EDGE ( 'NONE', *, *, #2888, .F. ) ;
#7138 = CARTESIAN_POINT ( 'NONE',  ( 53.59999999999998721, 1.551621044983853226, -5.027323051444513524 ) ) ;
#7139 = DIRECTION ( 'NONE',  ( 0.000000000000000000, -0.8660254037844362651, -0.5000000000000041078 ) ) ;
#7140 = LINE ( 'NONE', #3527, #3632 ) ;
#7141 = CARTESIAN_POINT ( 'NONE',  ( 53.70000000000002416, 0.2406070517365442862, -3.152802133581223298 ) ) ;
#7142 = ORIENTED_EDGE ( 'NONE', *, *, #2692, .T. ) ;
#7143 = VECTOR ( 'NONE', #4401, 1000.000000000000000 ) ;
#7144 = LINE ( 'NONE', #7234, #3910 ) ;
#7145 = CARTESIAN_POINT ( 'NONE',  ( 53.69999999999998863, 1.396746694267392952, -2.894592043441305051 ) ) ;
#7146 = CARTESIAN_POINT ( 'NONE',  ( 50.69999999999999574, -12.00000000000000000, -1.500000000000000000 ) ) ;
#7147 = CARTESIAN_POINT ( 'NONE',  ( 2.000000000000000000, 8.586697387972222373, 14.37259614518684181 ) ) ;
#7148 = EDGE_CURVE ( 'NONE', #5409, #49, #4888, .T. ) ;
#7149 = ORIENTED_EDGE ( 'NONE', *, *, #5049, .F. ) ;
#7150 = DIRECTION ( 'NONE',  ( -1.000000000000000000, -0.000000000000000000, -0.000000000000000000 ) ) ;
#7151 =( GEOMETRIC_REPRESENTATION_CONTEXT ( 3 ) GLOBAL_UNCERTAINTY_ASSIGNED_CONTEXT ( ( #4951 ) ) GLOBAL_UNIT_ASSIGNED_CONTEXT ( ( #3686, #667, #72 ) ) REPRESENTATION_CONTEXT ( 'NONE', 'WORKASPACE' ) );
#7152 = CARTESIAN_POINT ( 'NONE',  ( 46.09999999999998010, 15.56238811527273391, -5.284336797139832953 ) ) ;
#7153 = ORIENTED_EDGE ( 'NONE', *, *, #6357, .T. ) ;
#7154 = ADVANCED_FACE ( 'NONE', ( #6164 ), #5865, .T. ) ;
#7155 = VERTEX_POINT ( 'NONE', #1024 ) ;
#7156 = EDGE_LOOP ( 'NONE', ( #1898, #5957, #6527, #1920 ) ) ;
#7157 =( GEOMETRIC_REPRESENTATION_CONTEXT ( 3 ) GLOBAL_UNCERTAINTY_ASSIGNED_CONTEXT ( ( #1944 ) ) GLOBAL_UNIT_ASSIGNED_CONTEXT ( ( #3513, #2861, #7706 ) ) REPRESENTATION_CONTEXT ( 'NONE', 'WORKASPACE' ) );
#7158 = SURFACE_STYLE_FILL_AREA ( #4011 ) ;
#7159 = ORIENTED_EDGE ( 'NONE', *, *, #4700, .T. ) ;
#7160 = ORIENTED_EDGE ( 'NONE', *, *, #1296, .F. ) ;
#7161 = DIRECTION ( 'NONE',  ( 0.000000000000000000, 0.000000000000000000, 1.000000000000000000 ) ) ;
#7162 = CARTESIAN_POINT ( 'NONE',  ( 53.59999999999998721, 0.1687476288045161865, -2.233734892948135098 ) ) ;
#7163 = EDGE_LOOP ( 'NONE', ( #7660, #2980 ) ) ;
#7164 = VECTOR ( 'NONE', #4133, 1000.000000000000000 ) ;
#7165 = VERTEX_POINT ( 'NONE', #6284 ) ;
#7166 = CARTESIAN_POINT ( 'NONE',  ( 0.000000000000000000, -15.75000000000000000, -1.050000000000000044 ) ) ;
#7167 = CARTESIAN_POINT ( 'NONE',  ( 48.69999999999999574, 0.000000000000000000, 0.000000000000000000 ) ) ;
#7168 = VECTOR ( 'NONE', #5500, 1000.000000000000000 ) ;
#7169 = CYLINDRICAL_SURFACE ( 'NONE', #6398, 1.500000000000001332 ) ;
#7170 = DIRECTION ( 'NONE',  ( 0.000000000000000000, -0.4957154963823666161, -0.8684849720325528155 ) ) ;
#7171 = DIRECTION ( 'NONE',  ( 0.000000000000000000, -0.6440178309271878954, -0.7650104793058981612 ) ) ;
#7172 = FACE_BOUND ( 'NONE', #3616, .T. ) ;
#7173 = VERTEX_POINT ( 'NONE', #7570 ) ;
#7174 = CARTESIAN_POINT ( 'NONE',  ( 53.60000000000001563, 1.074047988458809222, -2.650395295341452684 ) ) ;
#7175 = CARTESIAN_POINT ( 'NONE',  ( 0.000000000000000000, 6.965673326026347034, 14.16490010960490764 ) ) ;
#7176 = EDGE_CURVE ( 'NONE', #335, #5303, #3738, .T. ) ;
#7177 = ORIENTED_EDGE ( 'NONE', *, *, #2088, .T. ) ;
#7178 = VERTEX_POINT ( 'NONE', #1436 ) ;
#7179 = CARTESIAN_POINT ( 'NONE',  ( 50.69999999999999574, -4.957566531502839879, -7.773193300421834984 ) ) ;
#7180 = EDGE_CURVE ( 'NONE', #446, #4205, #6326, .T. ) ;
#7181 = DIRECTION ( 'NONE',  ( 0.000000000000000000, -0.4552797335988582605, -0.8903484509865520202 ) ) ;
#7182 = FACE_OUTER_BOUND ( 'NONE', #3957, .T. ) ;
#7183 = CARTESIAN_POINT ( 'NONE',  ( 53.59999999999998721, 0.6542006963442791312, -3.259991601604385725 ) ) ;
#7184 = CARTESIAN_POINT ( 'NONE',  ( 47.69999999999999574, 12.50000000000000000, 1.500000000000000000 ) ) ;
#7185 = EDGE_CURVE ( 'NONE', #5128, #4660, #822, .T. ) ;
#7186 = AXIS2_PLACEMENT_3D ( 'NONE', #6796, #4783, #5527 ) ;
#7187 = ORIENTED_EDGE ( 'NONE', *, *, #4889, .F. ) ;
#7188 = VECTOR ( 'NONE', #1536, 1000.000000000000000 ) ;
#7189 = VECTOR ( 'NONE', #6789, 1000.000000000000114 ) ;
#7190 = CARTESIAN_POINT ( 'NONE',  ( 53.59999999999998721, 0.1155601897206955386, 4.247384381683057875 ) ) ;
#7191 = PRESENTATION_STYLE_ASSIGNMENT (( #606 ) ) ;
#7192 = DIRECTION ( 'NONE',  ( 0.000000000000000000, 0.000000000000000000, -1.000000000000000000 ) ) ;
#7193 = ORIENTED_EDGE ( 'NONE', *, *, #3360, .T. ) ;
#7194 =( NAMED_UNIT ( * ) SI_UNIT ( $, .STERADIAN. ) SOLID_ANGLE_UNIT ( ) );
#7195 = AXIS2_PLACEMENT_3D ( 'NONE', #814, #3186, #5617 ) ;
#7196 = CARTESIAN_POINT ( 'NONE',  ( 46.09999999999999432, 4.252234123549654576, -15.87547303844858959 ) ) ;
#7197 = ORIENTED_EDGE ( 'NONE', *, *, #3876, .T. ) ;
#7198 = EDGE_CURVE ( 'NONE', #77, #1209, #845, .T. ) ;
#7199 = VERTEX_POINT ( 'NONE', #1477 ) ;
#7200 = VECTOR ( 'NONE', #5275, 1000.000000000000000 ) ;
#7201 = VECTOR ( 'NONE', #6097, 1000.000000000000000 ) ;
#7202 = LINE ( 'NONE', #689, #6526 ) ;
#7203 = ORIENTED_EDGE ( 'NONE', *, *, #2517, .T. ) ;
#7204 = ORIENTED_EDGE ( 'NONE', *, *, #5359, .F. ) ;
#7205 =( NAMED_UNIT ( * ) PLANE_ANGLE_UNIT ( ) SI_UNIT ( $, .RADIAN. ) );
#7206 = LINE ( 'NONE', #4016, #2773 ) ;
#7207 = ORIENTED_EDGE ( 'NONE', *, *, #6937, .T. ) ;
#7208 = VECTOR ( 'NONE', #5553, 1000.000000000000000 ) ;
#7209 = ADVANCED_FACE ( 'NONE', ( #7532 ), #4413, .T. ) ;
#7210 = ORIENTED_EDGE ( 'NONE', *, *, #5522, .F. ) ;
#7211 = CARTESIAN_POINT ( 'NONE',  ( -19.80000000000000071, 7.000000000000000000, 0.000000000000000000 ) ) ;
#7212 = CARTESIAN_POINT ( 'NONE',  ( 53.70000000000066365, 0.7030619748817273917, -2.814400532662336030 ) ) ;
#7213 = DIRECTION ( 'NONE',  ( 0.000000000000000000, 0.000000000000000000, 1.000000000000000000 ) ) ;
#7214 = CARTESIAN_POINT ( 'NONE',  ( 0.5000000000000004441, 0.000000000000000000, 0.000000000000000000 ) ) ;
#7215 = FILL_AREA_STYLE_COLOUR ( '', #5684 ) ;
#7216 = COLOUR_RGB ( '',1.000000000000000000, 1.000000000000000000, 1.000000000000000000 ) ;
#7217 = PLANE ( 'NONE',  #5891 ) ;
#7218 = ORIENTED_EDGE ( 'NONE', *, *, #2608, .T. ) ;
#7219 = DIRECTION ( 'NONE',  ( 0.000000000000000000, 0.000000000000000000, 1.000000000000000000 ) ) ;
#7220 = VECTOR ( 'NONE', #6751, 1000.000000000000000 ) ;
#7221 = ORIENTED_EDGE ( 'NONE', *, *, #7496, .F. ) ;
#7222 = STYLED_ITEM ( 'NONE', ( #2772 ), #4353 ) ;
#7223 = ORIENTED_EDGE ( 'NONE', *, *, #2130, .T. ) ;
#7224 = DIRECTION ( 'NONE',  ( 1.000000000000000000, -0.000000000000000000, -0.000000000000000000 ) ) ;
#7225 = FACE_OUTER_BOUND ( 'NONE', #2667, .T. ) ;
#7226 = CARTESIAN_POINT ( 'NONE',  ( 0.000000000000000000, 6.965673326026335488, -14.16490010960491119 ) ) ;
#7227 = EDGE_CURVE ( 'NONE', #7571, #6123, #5003, .T. ) ;
#7228 = CARTESIAN_POINT ( 'NONE',  ( 53.69999999999998153, 0.1837310792520605307, -3.113555360028694263 ) ) ;
#7229 = DIRECTION ( 'NONE',  ( 0.000000000000000000, 0.000000000000000000, 1.000000000000000000 ) ) ;
#7230 = MECHANICAL_DESIGN_GEOMETRIC_PRESENTATION_REPRESENTATION (  '', ( #6718 ), #1910 ) ;
#7231 = ADVANCED_FACE ( 'NONE', ( #172 ), #3445, .F. ) ;
#7232 = VERTEX_POINT ( 'NONE', #2044 ) ;
#7233 = EDGE_CURVE ( 'NONE', #5450, #6715, #6964, .T. ) ;
#7234 = CARTESIAN_POINT ( 'NONE',  ( 53.59999999999998721, 1.214767264119655854, 2.442031974065075772 ) ) ;
#7235 = CARTESIAN_POINT ( 'NONE',  ( 51.89999999999998437, 8.750000000000007105, 12.20000000000000284 ) ) ;
#7236 = DIRECTION ( 'NONE',  ( 0.000000000000000000, 0.000000000000000000, -1.000000000000000000 ) ) ;
#7237 = VERTEX_POINT ( 'NONE', #294 ) ;
#7238 = FACE_OUTER_BOUND ( 'NONE', #1, .T. ) ;
#7239 = EDGE_CURVE ( 'NONE', #7780, #4014, #6923, .T. ) ;
#7240 = VERTEX_POINT ( 'NONE', #4451 ) ;
#7241 = VERTEX_POINT ( 'NONE', #3930 ) ;
#7242 = CYLINDRICAL_SURFACE ( 'NONE', #7297, 1.500000000000000000 ) ;
#7243 = EDGE_LOOP ( 'NONE', ( #6969, #7859, #5844, #61 ) ) ;
#7244 = ORIENTED_EDGE ( 'NONE', *, *, #3083, .F. ) ;
#7245 =( NAMED_UNIT ( * ) SI_UNIT ( $, .STERADIAN. ) SOLID_ANGLE_UNIT ( ) );
#7246 = FACE_OUTER_BOUND ( 'NONE', #6011, .T. ) ;
#7247 = ORIENTED_EDGE ( 'NONE', *, *, #1840, .T. ) ;
#7248 = ORIENTED_EDGE ( 'NONE', *, *, #6749, .F. ) ;
#7249 = CARTESIAN_POINT ( 'NONE',  ( 53.70000000000067786, 0.9519963180656279000, -2.751293961081878958 ) ) ;
#7250 = CARTESIAN_POINT ( 'NONE',  ( 53.59999999999998721, 1.551621044983853226, -5.550004551576875222 ) ) ;
#7251 = DIRECTION ( 'NONE',  ( 0.000000000000000000, -0.000000000000000000, 1.000000000000000000 ) ) ;
#7252 = DIRECTION ( 'NONE',  ( 1.000000000000000000, 0.000000000000000000, 0.000000000000000000 ) ) ;
#7253 = ORIENTED_EDGE ( 'NONE', *, *, #1404, .F. ) ;
#7254 = DIRECTION ( 'NONE',  ( -1.000000000000000000, 0.000000000000000000, 0.000000000000000000 ) ) ;
#7255 = ADVANCED_FACE ( 'NONE', ( #5690 ), #2579, .T. ) ;
#7256 = DIRECTION ( 'NONE',  ( 0.000000000000000000, -0.5000000000000000000, -0.8660254037844385966 ) ) ;
#7257 = ORIENTED_EDGE ( 'NONE', *, *, #633, .F. ) ;
#7258 = COLOUR_RGB ( '',0.7960784313725489669, 0.8235294117647058432, 0.9372549019607843146 ) ;
#7259 = UNCERTAINTY_MEASURE_WITH_UNIT (LENGTH_MEASURE( 1.000000000000000082E-05 ), #5540, 'distance_accuracy_value', 'NONE');
#7260 = EDGE_CURVE ( 'NONE', #4218, #6296, #6209, .T. ) ;
#7261 = EDGE_LOOP ( 'NONE', ( #3239, #2733, #1807, #5856 ) ) ;
#7262 = PLANE ( 'NONE',  #3996 ) ;
#7263 = CARTESIAN_POINT ( 'NONE',  ( 0.000000000000000000, 8.534326673973666288, 12.68188740771268641 ) ) ;
#7264 = CARTESIAN_POINT ( 'NONE',  ( 53.69999999999998863, 1.551621044983853226, -3.922862896642212771 ) ) ;
#7265 = LINE ( 'NONE', #1337, #841 ) ;
#7266 = CARTESIAN_POINT ( 'NONE',  ( 47.69999999999999574, 1.250000000000000000, -11.00000000000000000 ) ) ;
#7267 = FACE_OUTER_BOUND ( 'NONE', #314, .T. ) ;
#7268 = PRODUCT_RELATED_PRODUCT_CATEGORY ( 'part', '', ( #7337 ) ) ;
#7269 = ORIENTED_EDGE ( 'NONE', *, *, #1404, .T. ) ;
#7270 = CARTESIAN_POINT ( 'NONE',  ( 53.59999999999998721, 1.587079337706400306, 0.1717819507514768695 ) ) ;
#7271 = CARTESIAN_POINT ( 'NONE',  ( 44.50000000000000000, -4.250937710707079376, 15.87063295520516348 ) ) ;
#7272 = CARTESIAN_POINT ( 'NONE',  ( 47.69999999999999574, 0.000000000000000000, 0.000000000000000000 ) ) ;
#7273 = LINE ( 'NONE', #47, #967 ) ;
#7274 = ORIENTED_EDGE ( 'NONE', *, *, #4964, .T. ) ;
#7275 = ORIENTED_EDGE ( 'NONE', *, *, #4452, .F. ) ;
#7276 = ADVANCED_FACE ( 'NONE', ( #5054 ), #1981, .T. ) ;
#7277 = DIRECTION ( 'NONE',  ( 0.000000000000000000, 0.5000000000000013323, 0.8660254037844379305 ) ) ;
#7278 = VERTEX_POINT ( 'NONE', #2691 ) ;
#7279 = VECTOR ( 'NONE', #3362, 1000.000000000000000 ) ;
#7280 = EDGE_CURVE ( 'NONE', #1979, #2431, #3860, .T. ) ;
#7281 = VERTEX_POINT ( 'NONE', #5011 ) ;
#7282 = EDGE_CURVE ( 'NONE', #2837, #4958, #767, .T. ) ;
#7284 = CIRCLE ( 'NONE', #7412, 0.2000000000000000944 ) ;
#7283 = LINE ( 'NONE', #3138, #947 ) ;
#7285 = VERTEX_POINT ( 'NONE', #1825 ) ;
#7286 = CARTESIAN_POINT ( 'NONE',  ( -6.000000000000000000, 7.000000000000000000, -3.000000000000000000 ) ) ;
#7287 = EDGE_CURVE ( 'NONE', #7237, #6369, #4160, .T. ) ;
#7288 = CARTESIAN_POINT ( 'NONE',  ( 53.60000000000000142, -0.02715861994505599369, -2.859334624131128599 ) ) ;
#7289 = VERTEX_POINT ( 'NONE', #7266 ) ;
#7290 = ORIENTED_EDGE ( 'NONE', *, *, #6442, .F. ) ;
#7291 = DIRECTION ( 'NONE',  ( -1.000000000000000000, 0.000000000000000000, 0.000000000000000000 ) ) ;
#7292 = CYLINDRICAL_SURFACE ( 'NONE', #6315, 2.000000000000000000 ) ;
#7293 = FACE_BOUND ( 'NONE', #2006, .T. ) ;
#7294 = CARTESIAN_POINT ( 'NONE',  ( 2.000000000000000000, -15.50000000000000000, -8.673617379884035472E-16 ) ) ;
#7295 = ORIENTED_EDGE ( 'NONE', *, *, #1548, .F. ) ;
#7296 = DIRECTION ( 'NONE',  ( 1.000000000000000000, 0.000000000000000000, -0.000000000000000000 ) ) ;
#7297 = AXIS2_PLACEMENT_3D ( 'NONE', #20, #4933, #1315 ) ;
#7298 = DIRECTION ( 'NONE',  ( -0.000000000000000000, 0.3420201433256692125, 0.9396926207859082059 ) ) ;
#7299 = EDGE_LOOP ( 'NONE', ( #2581, #2399, #6611, #6929 ) ) ;
#7300 = VECTOR ( 'NONE', #5552, 1000.000000000000000 ) ;
#7301 = EDGE_CURVE ( 'NONE', #5303, #1959, #4619, .T. ) ;
#7302 = PLANE ( 'NONE',  #7447 ) ;
#7303 = CARTESIAN_POINT ( 'NONE',  ( 0.000000000000000000, 7.749999999999999112, -13.42339375865880058 ) ) ;
#7304 = CARTESIAN_POINT ( 'NONE',  ( 48.69999999999999574, -1.250000000000000000, -11.00000000000000000 ) ) ;
#7305 = CARTESIAN_POINT ( 'NONE',  ( 0.000000000000000000, 2.210487472460972895E-15, 17.80000000000000071 ) ) ;
#7306 = CARTESIAN_POINT ( 'NONE',  ( 53.59999999999998721, 1.551621044983853226, -5.550004551576875222 ) ) ;
#7307 = DIRECTION ( 'NONE',  ( 0.000000000000000000, 0.000000000000000000, -1.000000000000000000 ) ) ;
#7308 = PRODUCT_DEFINITION_FORMATION_WITH_SPECIFIED_SOURCE ( '任何', '', #7337, .NOT_KNOWN. ) ;
#7309 = ORIENTED_EDGE ( 'NONE', *, *, #7239, .T. ) ;
#7310 = CARTESIAN_POINT ( 'NONE',  ( 53.69999999999998863, 0.1155601897206955386, 4.673540529404039745 ) ) ;
#7311 = DIRECTION ( 'NONE',  ( 0.000000000000000000, 0.8660254037844330455, 0.5000000000000098810 ) ) ;
#7312 = AXIS2_PLACEMENT_3D ( 'NONE', #1495, #6978, #1417 ) ;
#7313 = CARTESIAN_POINT ( 'NONE',  ( 20.49999999999999645, 0.000000000000000000, 18.30000000000000071 ) ) ;
#7314 = ORIENTED_EDGE ( 'NONE', *, *, #4773, .T. ) ;
#7315 = VERTEX_POINT ( 'NONE', #7766 ) ;
#7316 = VECTOR ( 'NONE', #4386, 1000.000000000000000 ) ;
#7317 = DIRECTION ( 'NONE',  ( 0.000000000000000000, -1.000000000000000000, 0.000000000000000000 ) ) ;
#7318 = ORIENTED_EDGE ( 'NONE', *, *, #2535, .F. ) ;
#7319 = STYLED_ITEM ( 'NONE', ( #5120 ), #2340 ) ;
#7320 =( GEOMETRIC_REPRESENTATION_CONTEXT ( 3 ) GLOBAL_UNCERTAINTY_ASSIGNED_CONTEXT ( ( #1136 ) ) GLOBAL_UNIT_ASSIGNED_CONTEXT ( ( #6511, #2382, #2884 ) ) REPRESENTATION_CONTEXT ( 'NONE', 'WORKASPACE' ) );
#7321 = ORIENTED_EDGE ( 'NONE', *, *, #5231, .T. ) ;
#7322 = B_SPLINE_CURVE_WITH_KNOTS ( 'NONE', 3,
 ( #7690, #5332, #5289, #7196, #6517, #3495, #6446, #2845, #5918, #4171, #5367, #1676, #5996, #7152, #572, #5211, #2927, #3455, #7036, #4652, #535, #452, #7650, #5961, #5248, #5877, #7812, #1760, #2269, #7735, #2343, #6481, #1072, #1594 ),
 .UNSPECIFIED., .F., .F.,
 ( 4, 2, 2, 2, 2, 2, 2, 2, 2, 2, 2, 2, 2, 2, 2, 2, 4 ),
 ( 0.000000000000000000, 0.03124999999999999306, 0.06249999999999998612, 0.09374999999999997224, 0.1249999999999999722, 0.1562499999999999722, 0.1874999999999999445, 0.2187499999999999722, 0.2500000000000000000, 0.2812500000000000000, 0.3125000000000000000, 0.3437500000000000000, 0.3749999999999999445, 0.4062499999999999445, 0.4374999999999999445, 0.4687500000000000000, 0.5000000000000000000 ),
 .UNSPECIFIED. ) ;
#7323 = DIRECTION ( 'NONE',  ( 0.000000000000000000, 0.000000000000000000, -1.000000000000000000 ) ) ;
#7324 = PRESENTATION_LAYER_ASSIGNMENT (  '', '', ( #7719 ) ) ;
#7325 = ORIENTED_EDGE ( 'NONE', *, *, #7126, .T. ) ;
#7326 = ADVANCED_FACE ( 'NONE', ( #3648 ), #4980, .T. ) ;
#7327 = AXIS2_PLACEMENT_3D ( 'NONE', #428, #5346, #7792 ) ;
#7328 = ORIENTED_EDGE ( 'NONE', *, *, #7603, .T. ) ;
#7329 = DIRECTION ( 'NONE',  ( 0.000000000000000000, -0.8686388263341784377, -0.4954458490943091653 ) ) ;
#7330 = EDGE_CURVE ( 'NONE', #7118, #847, #2414, .T. ) ;
#7331 = AXIS2_PLACEMENT_3D ( 'NONE', #2402, #6174, #1976 ) ;
#7332 = VERTEX_POINT ( 'NONE', #2257 ) ;
#7333 = ADVANCED_FACE ( 'NONE', ( #1791 ), #2833, .T. ) ;
#7334 = CARTESIAN_POINT ( 'NONE',  ( 53.69999999999998863, 0.8779134832554581491, -0.002226337609171659404 ) ) ;
#7335 = FACE_OUTER_BOUND ( 'NONE', #88, .T. ) ;
#7336 =( NAMED_UNIT ( * ) PLANE_ANGLE_UNIT ( ) SI_UNIT ( $, .RADIAN. ) );
#7337 = PRODUCT ( 'MC520\X2\7f16780156687535673a6a21578b\X0\-\X2\7ecf51786b3e\X0\', 'MC520\X2\7f16780156687535673a6a21578b\X0\-\X2\7ecf51786b3e\X0\', '', ( #7581 ) ) ;
#7338 = FACE_OUTER_BOUND ( 'NONE', #6249, .T. ) ;
#7339 = ORIENTED_EDGE ( 'NONE', *, *, #3047, .F. ) ;
#7340 = DIRECTION ( 'NONE',  ( -1.000000000000000000, -0.000000000000000000, -0.000000000000000000 ) ) ;
#7341 = CIRCLE ( 'NONE', #4794, 1.500000000000001110 ) ;
#7343 = STYLED_ITEM ( 'NONE', ( #1327 ), #2603 ) ;
#7342 = FACE_OUTER_BOUND ( 'NONE', #2615, .T. ) ;
#7344 = ORIENTED_EDGE ( 'NONE', *, *, #1030, .T. ) ;
#7345 = UNCERTAINTY_MEASURE_WITH_UNIT (LENGTH_MEASURE( 1.000000000000000082E-05 ), #7830, 'distance_accuracy_value', 'NONE');
#7346 = COLOUR_RGB ( '',0.8000000000000000444, 0.8078431372549019773, 0.8000000000000000444 ) ;
#7347 = LINE ( 'NONE', #7384, #960 ) ;
#7348 = FACE_OUTER_BOUND ( 'NONE', #4321, .T. ) ;
#7349 = DIRECTION ( 'NONE',  ( 0.000000000000000000, 0.000000000000000000, 1.000000000000000000 ) ) ;
#7350 = LINE ( 'NONE', #3159, #7840 ) ;
#7351 = DIRECTION ( 'NONE',  ( 1.000000000000000000, -0.000000000000000000, -0.000000000000000000 ) ) ;
#7352 = CARTESIAN_POINT ( 'NONE',  ( 0.000000000000000000, 6.965673326026335488, -14.16490010960491119 ) ) ;
#7353 = AXIS2_PLACEMENT_3D ( 'NONE', #2882, #6475, #4076 ) ;
#7354 = EDGE_CURVE ( 'NONE', #2672, #4155, #5274, .T. ) ;
#7355 = ORIENTED_EDGE ( 'NONE', *, *, #5906, .T. ) ;
#7356 = DIRECTION ( 'NONE',  ( 0.000000000000000000, 0.000000000000000000, -1.000000000000000000 ) ) ;
#7357 = CARTESIAN_POINT ( 'NONE',  ( 50.69999999999999574, -12.00000000000000000, -1.500000000000000000 ) ) ;
#7358 = LINE ( 'NONE', #6753, #5538 ) ;
#7359 = DIRECTION ( 'NONE',  ( 0.000000000000000000, -0.3420201433256692680, -0.9396926207859082059 ) ) ;
#7360 = EDGE_LOOP ( 'NONE', ( #398, #1741, #4233, #380, #4736, #3379 ) ) ;
#7361 = ORIENTED_EDGE ( 'NONE', *, *, #7387, .F. ) ;
#7362 = LINE ( 'NONE', #6158, #5330 ) ;
#7363 = ORIENTED_EDGE ( 'NONE', *, *, #1410, .T. ) ;
#7364 = AXIS2_PLACEMENT_3D ( 'NONE', #4466, #816, #3387 ) ;
#7365 = VERTEX_POINT ( 'NONE', #3567 ) ;
#7366 = CARTESIAN_POINT ( 'NONE',  ( -8.300000000000002487, 4.500000000000000888, 1.658312395177700349 ) ) ;
#7367 = PLANE ( 'NONE',  #1331 ) ;
#7368 = CIRCLE ( 'NONE', #3926, 1.500000000000001110 ) ;
#7369 = EDGE_LOOP ( 'NONE', ( #1485, #3065, #1005, #2191 ) ) ;
#7370 = ORIENTED_EDGE ( 'NONE', *, *, #7488, .T. ) ;
#7371 = SURFACE_STYLE_FILL_AREA ( #4973 ) ;
#7372 = CARTESIAN_POINT ( 'NONE',  ( 53.59999999999999432, 0.5982205349007995165, -3.258585842911840835 ) ) ;
#7373 = ORIENTED_EDGE ( 'NONE', *, *, #5006, .F. ) ;
#7374 = EDGE_CURVE ( 'NONE', #2050, #7375, #5986, .T. ) ;
#7375 = VERTEX_POINT ( 'NONE', #4319 ) ;
#7376 = DIRECTION ( 'NONE',  ( 0.000000000000000000, 0.000000000000000000, 1.000000000000000000 ) ) ;
#7377 = DIRECTION ( 'NONE',  ( 0.000000000000000000, -0.7566819109566098600, 0.6537832099641693873 ) ) ;
#7378 = DIRECTION ( 'NONE',  ( 1.000000000000000000, 0.000000000000000000, -0.000000000000000000 ) ) ;
#7379 = EDGE_LOOP ( 'NONE', ( #7221, #7079, #7045, #3866 ) ) ;
#7380 = DIRECTION ( 'NONE',  ( 1.000000000000000000, -0.000000000000000000, 0.000000000000000000 ) ) ;
#7381 = ORIENTED_EDGE ( 'NONE', *, *, #5811, .T. ) ;
#7382 = DIRECTION ( 'NONE',  ( -0.000000000000000000, 0.5000000000000002220, -0.8660254037844384856 ) ) ;
#7383 = ADVANCED_FACE ( 'NONE', ( #6827 ), #2450, .T. ) ;
#7384 = CARTESIAN_POINT ( 'NONE',  ( 53.59999999999998721, -1.480062982793924453, 3.337288201804348375 ) ) ;
#7385 = PLANE ( 'NONE',  #1443 ) ;
#7386 = CARTESIAN_POINT ( 'NONE',  ( 53.59999999999998721, -1.480062982793924453, -5.123848403855891576 ) ) ;
#7387 = EDGE_CURVE ( 'NONE', #1066, #6715, #2599, .T. ) ;
#7388 = CARTESIAN_POINT ( 'NONE',  ( 53.69999999999998863, 1.214767264119655854, -2.117510489024231113 ) ) ;
#7389 = PLANE ( 'NONE',  #5801 ) ;
#7390 = SURFACE_STYLE_USAGE ( .BOTH. , #5554 ) ;
#7391 = ORIENTED_EDGE ( 'NONE', *, *, #6774, .T. ) ;
#7392 = CARTESIAN_POINT ( 'NONE',  ( 48.69999999999999574, 0.000000000000000000, 0.000000000000000000 ) ) ;
#7393 =( NAMED_UNIT ( * ) PLANE_ANGLE_UNIT ( ) SI_UNIT ( $, .RADIAN. ) );
#7394 = LINE ( 'NONE', #6719, #7066 ) ;
#7395 = ORIENTED_EDGE ( 'NONE', *, *, #402, .T. ) ;
#7396 = ORIENTED_EDGE ( 'NONE', *, *, #1925, .T. ) ;
#7397 = DIRECTION ( 'NONE',  ( 0.000000000000000000, 0.8660254037844390407, 0.4999999999999992784 ) ) ;
#7398 = ORIENTED_EDGE ( 'NONE', *, *, #895, .T. ) ;
#7399 = EDGE_LOOP ( 'NONE', ( #5556, #4214, #5453, #2117 ) ) ;
#7400 =( GEOMETRIC_REPRESENTATION_CONTEXT ( 3 ) GLOBAL_UNCERTAINTY_ASSIGNED_CONTEXT ( ( #6622 ) ) GLOBAL_UNIT_ASSIGNED_CONTEXT ( ( #330, #2728, #7031 ) ) REPRESENTATION_CONTEXT ( 'NONE', 'WORKASPACE' ) );
#7401 = CARTESIAN_POINT ( 'NONE',  ( 53.60000000000000142, 0.3513410224017283201, -2.717459552906876130 ) ) ;
#7402 = DIRECTION ( 'NONE',  ( -1.000000000000000000, -0.000000000000000000, -0.000000000000000000 ) ) ;
#7403 = EDGE_CURVE ( 'NONE', #4253, #4043, #6782, .T. ) ;
#7404 = DIRECTION ( 'NONE',  ( -1.000000000000000000, 0.000000000000000000, 0.000000000000000000 ) ) ;
#7405 = ORIENTED_EDGE ( 'NONE', *, *, #5027, .T. ) ;
#7406 = ORIENTED_EDGE ( 'NONE', *, *, #963, .T. ) ;
#7407 = VECTOR ( 'NONE', #6717, 1000.000000000000000 ) ;
#7408 = CARTESIAN_POINT ( 'NONE',  ( 2.000000000000000000, 7.750000000000006217, 13.42339375865879880 ) ) ;
#7409 = ADVANCED_FACE ( 'NONE', ( #750 ), #6747, .F. ) ;
#7410 = ORIENTED_EDGE ( 'NONE', *, *, #538, .F. ) ;
#7411 = VERTEX_POINT ( 'NONE', #1297 ) ;
#7412 = AXIS2_PLACEMENT_3D ( 'NONE', #1788, #5436, #7717 ) ;
#7413 = CARTESIAN_POINT ( 'NONE',  ( 53.69999999999998153, 0.3019687361235756096, -3.186877339262691677 ) ) ;
#7414 = PLANE ( 'NONE',  #7331 ) ;
#7415 = FILL_AREA_STYLE_COLOUR ( '', #2494 ) ;
#7416 = FILL_AREA_STYLE_COLOUR ( '', #707 ) ;
#7417 = ORIENTED_EDGE ( 'NONE', *, *, #4261, .T. ) ;
#7418 = DIRECTION ( 'NONE',  ( 0.000000000000000000, -0.000000000000000000, 1.000000000000000000 ) ) ;
#7419 = CYLINDRICAL_SURFACE ( 'NONE', #5825, 1.499999999999996225 ) ;
#7420 = VECTOR ( 'NONE', #2737, 1000.000000000000000 ) ;
#7421 = PRODUCT_DEFINITION_CONTEXT ( 'detailed design', #3104, 'design' ) ;
#7422 = CARTESIAN_POINT ( 'NONE',  ( 53.59999999999998721, 0.2396642142496103467, -3.922862896642212771 ) ) ;
#7423 = AXIS2_PLACEMENT_3D ( 'NONE', #393, #4668, #1730 ) ;
#7424 = PLANE ( 'NONE',  #4868 ) ;
#7425 = PLANE ( 'NONE',  #6949 ) ;
#7426 = DIRECTION ( 'NONE',  ( 0.000000000000000000, -0.7685544890687829866, 0.6397843365793053350 ) ) ;
#7427 = CARTESIAN_POINT ( 'NONE',  ( 48.29999999999999716, -8.150000000000003908, 10.20000000000000284 ) ) ;
#7428 =( NAMED_UNIT ( * ) PLANE_ANGLE_UNIT ( ) SI_UNIT ( $, .RADIAN. ) );
#7429 = EDGE_CURVE ( 'NONE', #3771, #6607, #5263, .T. ) ;
#7430 = VECTOR ( 'NONE', #6544, 1000.000000000000114 ) ;
#7431 = EDGE_CURVE ( 'NONE', #3461, #4965, #2564, .T. ) ;
#7432 = ORIENTED_EDGE ( 'NONE', *, *, #5212, .F. ) ;
#7433 = DIRECTION ( 'NONE',  ( -0.000000000000000000, -0.4999999999999995559, 0.8660254037844389297 ) ) ;
#7434 = DIRECTION ( 'NONE',  ( 0.000000000000000000, 0.000000000000000000, -1.000000000000000000 ) ) ;
#7435 = SURFACE_STYLE_USAGE ( .BOTH. , #6154 ) ;
#7436 = EDGE_CURVE ( 'NONE', #4164, #719, #4375, .T. ) ;
#7437 = FILL_AREA_STYLE ('',( #1348 ) ) ;
#7438 = VECTOR ( 'NONE', #5668, 1000.000000000000000 ) ;
#7439 = ORIENTED_EDGE ( 'NONE', *, *, #4444, .F. ) ;
#7440 = DIRECTION ( 'NONE',  ( 0.000000000000000000, 0.000000000000000000, 1.000000000000000000 ) ) ;
#7441 = ORIENTED_EDGE ( 'NONE', *, *, #2705, .F. ) ;
#7442 = ORIENTED_EDGE ( 'NONE', *, *, #5476, .T. ) ;
#7443 = AXIS2_PLACEMENT_3D ( 'NONE', #7662, #2198, #5850 ) ;
#7444 = CARTESIAN_POINT ( 'NONE',  ( 53.60000000000000142, 0.1949746849492978717, -2.451190802626018961 ) ) ;
#7445 = DIRECTION ( 'NONE',  ( 0.000000000000000000, 0.000000000000000000, -1.000000000000000000 ) ) ;
#7446 = CARTESIAN_POINT ( 'NONE',  ( 53.69999999999998863, 0.8779134832554581491, -0.04096780558380651999 ) ) ;
#7447 = AXIS2_PLACEMENT_3D ( 'NONE', #6182, #746, #3157 ) ;
#7448 = ORIENTED_EDGE ( 'NONE', *, *, #25, .F. ) ;
#7449 = ORIENTED_EDGE ( 'NONE', *, *, #228, .F. ) ;
#7450 = DIRECTION ( 'NONE',  ( -1.000000000000000000, -0.000000000000000000, -0.000000000000000000 ) ) ;
#7451 = PRESENTATION_STYLE_ASSIGNMENT (( #1481 ) ) ;
#7452 = CIRCLE ( 'NONE', #3999, 1.500000000000000000 ) ;
#7453 = VERTEX_POINT ( 'NONE', #40 ) ;
#7454 = EDGE_CURVE ( 'NONE', #3100, #7092, #3688, .T. ) ;
#7455 = ORIENTED_EDGE ( 'NONE', *, *, #468, .F. ) ;
#7456 = CIRCLE ( 'NONE', #4004, 1.300000000000000711 ) ;
#7457 = CIRCLE ( 'NONE', #968, 1.000000000000000000 ) ;
#7458 = DIRECTION ( 'NONE',  ( 0.000000000000000000, 1.000000000000000000, 0.000000000000000000 ) ) ;
#7459 = CARTESIAN_POINT ( 'NONE',  ( 48.69999999999999574, 1.250000000000000000, -11.00000000000000000 ) ) ;
#7460 = CARTESIAN_POINT ( 'NONE',  ( 0.000000000000000000, -13.42339375865870998, -9.250000000000158096 ) ) ;
#7461 = SHAPE_DEFINITION_REPRESENTATION ( #2439, #1828 ) ;
#7462 = VERTEX_POINT ( 'NONE', #4434 ) ;
#7463 = SURFACE_SIDE_STYLE ('',( #6339 ) ) ;
#7464 = CARTESIAN_POINT ( 'NONE',  ( 2.000000000000000000, 7.658493649053896846, 13.76490010960490729 ) ) ;
#7465 = CIRCLE ( 'NONE', #6186, 1.500000000000001332 ) ;
#7466 = STYLED_ITEM ( 'NONE', ( #2256 ), #1599 ) ;
#7467 = CARTESIAN_POINT ( 'NONE',  ( 53.69999999999998863, 1.551621044983853226, -1.246155777120157016 ) ) ;
#7468 = CARTESIAN_POINT ( 'NONE',  ( 6.000000000000000000, 0.000000000000000000, -13.99999999999999822 ) ) ;
#7469 = SURFACE_SIDE_STYLE ('',( #2675 ) ) ;
#7470 = CARTESIAN_POINT ( 'NONE',  ( 2.000000000000000000, -15.50000000000000000, -8.673617379884035472E-16 ) ) ;
#7471 = DIRECTION ( 'NONE',  ( 0.000000000000000000, 1.000000000000000000, -1.224646799147353207E-16 ) ) ;
#7472 = VECTOR ( 'NONE', #241, 1000.000000000000000 ) ;
#7473 = DIRECTION ( 'NONE',  ( 1.000000000000000000, -0.000000000000000000, -0.000000000000000000 ) ) ;
#7474 = CARTESIAN_POINT ( 'NONE',  ( 52.89999999999999147, -8.150000000000003908, 15.70000000000000284 ) ) ;
#7475 = CARTESIAN_POINT ( 'NONE',  ( 53.59999999999998721, 0.1687476288045161865, -1.691354341303248576 ) ) ;
#7476 = AXIS2_PLACEMENT_3D ( 'NONE', #1361, #6764, #6166 ) ;
#7477 = VERTEX_POINT ( 'NONE', #4277 ) ;
#7478 = EDGE_CURVE ( 'NONE', #7178, #3141, #1338, .T. ) ;
#7479 = DIRECTION ( 'NONE',  ( 0.000000000000000000, -0.8660254037844385966, -0.5000000000000003331 ) ) ;
#7480 = LINE ( 'NONE', #1878, #435 ) ;
#7481 = LINE ( 'NONE', #678, #6041 ) ;
#7482 = AXIS2_PLACEMENT_3D ( 'NONE', #1506, #2682, #284 ) ;
#7483 = CARTESIAN_POINT ( 'NONE',  ( 52.89999999999999147, -8.150000000000003908, 10.20000000000000284 ) ) ;
#7484 = STYLED_ITEM ( 'NONE', ( #4892 ), #4058 ) ;
#7485 = EDGE_CURVE ( 'NONE', #6650, #5652, #6867, .T. ) ;
#7486 = LINE ( 'NONE', #253, #6546 ) ;
#7487 = EDGE_LOOP ( 'NONE', ( #5391, #5315, #7054, #929 ) ) ;
#7488 = EDGE_CURVE ( 'NONE', #3925, #4934, #1385, .T. ) ;
#7489 = VECTOR ( 'NONE', #7224, 1000.000000000000000 ) ;
#7490 = CARTESIAN_POINT ( 'NONE',  ( 47.69999999999999574, -8.750000000000000000, 15.70000000000000284 ) ) ;
#7491 = AXIS2_PLACEMENT_3D ( 'NONE', #3762, #753, #4437 ) ;
#7492 = ORIENTED_EDGE ( 'NONE', *, *, #5027, .F. ) ;
#7493 = CARTESIAN_POINT ( 'NONE',  ( 53.59999999999999432, 0.4414701472501945112, -2.773011004715741468 ) ) ;
#7494 = CARTESIAN_POINT ( 'NONE',  ( 53.59999999999998721, 0.8779134832554581491, -0.002226337609171659404 ) ) ;
#7495 = DIRECTION ( 'NONE',  ( 0.000000000000000000, 0.000000000000000000, -1.000000000000000000 ) ) ;
#7496 = EDGE_CURVE ( 'NONE', #3969, #6650, #5510, .T. ) ;
#7497 = EDGE_LOOP ( 'NONE', ( #900, #5259, #5214, #6675 ) ) ;
#7498 = DIRECTION ( 'NONE',  ( 1.000000000000000000, 0.000000000000000000, 0.000000000000000000 ) ) ;
#7499 = MECHANICAL_DESIGN_GEOMETRIC_PRESENTATION_REPRESENTATION (  '', ( #5200 ), #4436 ) ;
#7500 = LINE ( 'NONE', #3260, #7759 ) ;
#7501 = ORIENTED_EDGE ( 'NONE', *, *, #1010, .F. ) ;
#7502 = ORIENTED_EDGE ( 'NONE', *, *, #5335, .T. ) ;
#7503 = AXIS2_PLACEMENT_3D ( 'NONE', #4697, #4769, #7116 ) ;
#7504 = FACE_OUTER_BOUND ( 'NONE', #532, .T. ) ;
#7505 = CARTESIAN_POINT ( 'NONE',  ( 6.000000000000000000, -13.42339375865886986, 9.249999999999875655 ) ) ;
#7506 = LINE ( 'NONE', #449, #6947 ) ;
#7507 =( LENGTH_UNIT ( ) NAMED_UNIT ( * ) SI_UNIT ( .MILLI., .METRE. ) );
#7508 = ORIENTED_EDGE ( 'NONE', *, *, #5258, .F. ) ;
#7509 = LINE ( 'NONE', #4507, #1264 ) ;
#7510 = UNCERTAINTY_MEASURE_WITH_UNIT (LENGTH_MEASURE( 1.000000000000000082E-05 ), #1816, 'distance_accuracy_value', 'NONE');
#7511 = CARTESIAN_POINT ( 'NONE',  ( 53.70000000000064233, 0.1726328808465014963, -2.344819867979390349 ) ) ;
#7512 = DIRECTION ( 'NONE',  ( -0.000000000000000000, 1.000000000000000000, -0.000000000000000000 ) ) ;
#7513 = DIRECTION ( 'NONE',  ( -1.000000000000000000, -0.000000000000000000, -0.000000000000000000 ) ) ;
#7514 = CARTESIAN_POINT ( 'NONE',  ( 53.69999999999998863, -1.480062982793924453, -3.922862896642212771 ) ) ;
#7515 = EDGE_CURVE ( 'NONE', #1291, #3559, #4760, .T. ) ;
#7516 = CARTESIAN_POINT ( 'NONE',  ( 46.09999999999999432, -16.39999999999999858, -1.073377489976515164 ) ) ;
#7517 = CARTESIAN_POINT ( 'NONE',  ( 53.59999999999998721, 0.1155601897206955386, 4.247384381683057875 ) ) ;
#7518 = CYLINDRICAL_SURFACE ( 'NONE', #2891, 1.500000000000000444 ) ;
#7519 = EDGE_CURVE ( 'NONE', #4958, #7178, #3077, .T. ) ;
#7520 = ORIENTED_EDGE ( 'NONE', *, *, #7786, .T. ) ;
#7521 = CARTESIAN_POINT ( 'NONE',  ( 53.69999999999998863, -0.3453976156724170021, -3.922862896642212771 ) ) ;
#7522 = DIRECTION ( 'NONE',  ( 0.000000000000000000, 0.000000000000000000, 1.000000000000000000 ) ) ;
#7523 = SURFACE_STYLE_FILL_AREA ( #1508 ) ;
#7524 = PLANE ( 'NONE',  #4655 ) ;
#7525 = EDGE_CURVE ( 'NONE', #5128, #151, #6234, .T. ) ;
#7526 = DIRECTION ( 'NONE',  ( -0.000000000000000000, 0.4999999999999992228, -0.8660254037844390407 ) ) ;
#7527 = ORIENTED_EDGE ( 'NONE', *, *, #6359, .T. ) ;
#7528 = CARTESIAN_POINT ( 'NONE',  ( 0.2000000000000000111, 7.749999999999998224, -13.42339375865880058 ) ) ;
#7529 = DIRECTION ( 'NONE',  ( 0.000000000000000000, 1.000000000000000000, 0.000000000000000000 ) ) ;
#7530 = CARTESIAN_POINT ( 'NONE',  ( 53.69999999999999574, 1.549630719765286768, -2.326482213841797098 ) ) ;
#7531 = LINE ( 'NONE', #1476, #2959 ) ;
#7532 = FACE_OUTER_BOUND ( 'NONE', #4048, .T. ) ;
#7533 = EDGE_CURVE ( 'NONE', #1720, #2080, #6110, .T. ) ;
#7534 = EDGE_LOOP ( 'NONE', ( #4886, #5577 ) ) ;
#7535 = LINE ( 'NONE', #924, #1120 ) ;
#7536 = EDGE_CURVE ( 'NONE', #1162, #1278, #2532, .T. ) ;
#7537 =( NAMED_UNIT ( * ) PLANE_ANGLE_UNIT ( ) SI_UNIT ( $, .RADIAN. ) );
#7538 = EDGE_LOOP ( 'NONE', ( #4498, #4704, #6077, #7177 ) ) ;
#7539 = ORIENTED_EDGE ( 'NONE', *, *, #2413, .T. ) ;
#7540 = EDGE_CURVE ( 'NONE', #4410, #1329, #2490, .T. ) ;
#7541 = CARTESIAN_POINT ( 'NONE',  ( 0.5000000000000000000, 0.000000000000000000, 0.000000000000000000 ) ) ;
#7542 = LINE ( 'NONE', #5654, #1622 ) ;
#7543 = EDGE_CURVE ( 'NONE', #7574, #3700, #5109, .T. ) ;
#7544 = ORIENTED_EDGE ( 'NONE', *, *, #25, .T. ) ;
#7545 = DIRECTION ( 'NONE',  ( 1.000000000000000000, 0.000000000000000000, -0.000000000000000000 ) ) ;
#7546 = SURFACE_STYLE_FILL_AREA ( #5102 ) ;
#7547 = MECHANICAL_DESIGN_GEOMETRIC_PRESENTATION_REPRESENTATION (  '', ( #5869 ), #6509 ) ;
#7548 = CARTESIAN_POINT ( 'NONE',  ( 53.59999999999996589, 0.2305065116366216416, -2.550582973518823682 ) ) ;
#7549 =( NAMED_UNIT ( * ) SI_UNIT ( $, .STERADIAN. ) SOLID_ANGLE_UNIT ( ) );
#7550 = DIRECTION ( 'NONE',  ( 0.000000000000000000, 0.000000000000000000, 1.000000000000000000 ) ) ;
#7551 = CARTESIAN_POINT ( 'NONE',  ( 51.89999999999998437, -18.30000000000000071, 12.20000000000000284 ) ) ;
#7552 = DIRECTION ( 'NONE',  ( 1.000000000000000000, -0.000000000000000000, -0.000000000000000000 ) ) ;
#7553 = CARTESIAN_POINT ( 'NONE',  ( 46.10000000000000142, -7.267679784435101098, -14.74086055109746596 ) ) ;
#7554 = CARTESIAN_POINT ( 'NONE',  ( 53.59999999999999432, 0.6828928732814492086, -2.814856912567658132 ) ) ;
#7555 = VECTOR ( 'NONE', #3873, 1000.000000000000227 ) ;
#7556 = DIRECTION ( 'NONE',  ( -0.000000000000000000, 1.000000000000000000, -0.000000000000000000 ) ) ;
#7557 = ADVANCED_FACE ( 'NONE', ( #4627 ), #6350, .T. ) ;
#7558 = CIRCLE ( 'NONE', #4997, 1.500000000000001332 ) ;
#7559 = LINE ( 'NONE', #3361, #2019 ) ;
#7560 = CARTESIAN_POINT ( 'NONE',  ( 52.89999999999999147, 8.750000000000007105, 15.70000000000000284 ) ) ;
#7561 = DIRECTION ( 'NONE',  ( 0.000000000000000000, 0.000000000000000000, -1.000000000000000000 ) ) ;
#7562 = DIRECTION ( 'NONE',  ( -0.000000000000000000, 1.000000000000000000, -0.000000000000000000 ) ) ;
#7563 = VECTOR ( 'NONE', #1277, 1000.000000000000000 ) ;
#7564 = EDGE_LOOP ( 'NONE', ( #3562, #6842, #6238, #1070 ) ) ;
#7565 = CARTESIAN_POINT ( 'NONE',  ( 53.69999999999998863, 0.02691445791432760942, -4.232794640439291989 ) ) ;
#7566 = DIRECTION ( 'NONE',  ( 0.000000000000000000, -0.8660254037844362651, -0.5000000000000041078 ) ) ;
#7567 = VECTOR ( 'NONE', #116, 1000.000000000000000 ) ;
#7568 = CARTESIAN_POINT ( 'NONE',  ( 53.69999999999998153, 1.473931488854964389, -2.727271493675962333 ) ) ;
#7569 = CARTESIAN_POINT ( 'NONE',  ( 53.70000000000067786, 1.136910639458504013, -2.554832852823936129 ) ) ;
#7570 = CARTESIAN_POINT ( 'NONE',  ( 0.000000000000000000, 7.749999999999998224, -12.12339375865879987 ) ) ;
#7571 = VERTEX_POINT ( 'NONE', #2789 ) ;
#7572 = DIRECTION ( 'NONE',  ( 0.000000000000000000, 0.000000000000000000, 1.000000000000000000 ) ) ;
#7573 = CARTESIAN_POINT ( 'NONE',  ( 49.19999999999999574, -12.00000000000000000, 1.500000000000000000 ) ) ;
#7574 = VERTEX_POINT ( 'NONE', #2753 ) ;
#7575 = ORIENTED_EDGE ( 'NONE', *, *, #6442, .T. ) ;
#7576 = VECTOR ( 'NONE', #865, 1000.000000000000000 ) ;
#7577 = EDGE_CURVE ( 'NONE', #5291, #6884, #5131, .T. ) ;
#7578 = SURFACE_STYLE_USAGE ( .BOTH. , #5136 ) ;
#7579 = DIRECTION ( 'NONE',  ( 0.000000000000000000, -1.000000000000000000, 0.000000000000000000 ) ) ;
#7580 = VECTOR ( 'NONE', #6233, 1000.000000000000000 ) ;
#7581 = PRODUCT_CONTEXT ( 'NONE', #1912, 'mechanical' ) ;
#7582 = ORIENTED_EDGE ( 'NONE', *, *, #5286, .T. ) ;
#7583 = FACE_OUTER_BOUND ( 'NONE', #458, .T. ) ;
#7584 = CARTESIAN_POINT ( 'NONE',  ( 53.59999999999998721, 1.551621044983853226, 3.898711169911344143 ) ) ;
#7585 = CIRCLE ( 'NONE', #6300, 1.500000000000001332 ) ;
#7586 = EDGE_CURVE ( 'NONE', #4816, #2933, #5820, .T. ) ;
#7587 = COLOUR_RGB ( '',0.7960784313725489669, 0.8235294117647058432, 0.9372549019607843146 ) ;
#7588 = CARTESIAN_POINT ( 'NONE',  ( 53.70000000000066365, 0.4945305678192352672, -2.792118302881366976 ) ) ;
#7589 = SURFACE_SIDE_STYLE ('',( #6941 ) ) ;
#7590 = CARTESIAN_POINT ( 'NONE',  ( 44.50000000000000000, 0.000000000000000000, 16.39999999999999858 ) ) ;
#7591 = DIRECTION ( 'NONE',  ( -1.000000000000000000, -0.000000000000000000, -0.000000000000000000 ) ) ;
#7592 = DIRECTION ( 'NONE',  ( 1.000000000000000000, -0.000000000000000000, -0.000000000000000000 ) ) ;
#7593 = CARTESIAN_POINT ( 'NONE',  ( 46.10000000000000142, -16.29428415877735858, -2.146728438579366127 ) ) ;
#7594 = ORIENTED_EDGE ( 'NONE', *, *, #499, .F. ) ;
#7595 = CARTESIAN_POINT ( 'NONE',  ( 53.59999999999998721, 1.551621044983853226, 3.433813554215726871 ) ) ;
#7596 = VECTOR ( 'NONE', #1369, 1000.000000000000000 ) ;
#7598 = AXIS2_PLACEMENT_3D ( 'NONE', #5818, #5666, #6346 ) ;
#7597 = CARTESIAN_POINT ( 'NONE',  ( 2.000000000000000000, 8.784326673973657407, -13.11490010960491226 ) ) ;
#7599 = AXIS2_PLACEMENT_3D ( 'NONE', #4636, #1468, #2761 ) ;
#7600 = FACE_OUTER_BOUND ( 'NONE', #5461, .T. ) ;
#7601 = AXIS2_PLACEMENT_3D ( 'NONE', #7868, #29, #6736 ) ;
#7602 = CARTESIAN_POINT ( 'NONE',  ( 53.59999999999998721, 0.8779134832554581491, -0.04096780558380654774 ) ) ;
#7603 = EDGE_CURVE ( 'NONE', #6296, #2977, #2346, .T. ) ;
#7604 = AXIS2_PLACEMENT_3D ( 'NONE', #4383, #1373, #4308 ) ;
#7605 = ORIENTED_EDGE ( 'NONE', *, *, #6641, .F. ) ;
#7606 = FACE_BOUND ( 'NONE', #5830, .T. ) ;
#7607 = CARTESIAN_POINT ( 'NONE',  ( 53.69999999999998863, 0.8779134832554581491, -0.002226337609171659404 ) ) ;
#7608 = LINE ( 'NONE', #6921, #1439 ) ;
#7609 = CARTESIAN_POINT ( 'NONE',  ( 53.60000000000001563, 1.136910639458504013, -2.554832852823936129 ) ) ;
#7610 = VECTOR ( 'NONE', #5927, 1000.000000000000114 ) ;
#7611 = EDGE_CURVE ( 'NONE', #6124, #6659, #3949, .T. ) ;
#7612 = ORIENTED_EDGE ( 'NONE', *, *, #92, .F. ) ;
#7613 = CARTESIAN_POINT ( 'NONE',  ( 0.000000000000000000, 8.784326673973666288, 13.11490010960490515 ) ) ;
#7614 = VECTOR ( 'NONE', #5791, 1000.000000000000000 ) ;
#7615 = CARTESIAN_POINT ( 'NONE',  ( 53.69999999999999574, 1.161218745737827573, -2.497302951033008256 ) ) ;
#7616 = EDGE_LOOP ( 'NONE', ( #227, #6385, #5338, #3934 ) ) ;
#7617 = VECTOR ( 'NONE', #3494, 1000.000000000000000 ) ;
#7618 = ORIENTED_EDGE ( 'NONE', *, *, #2832, .F. ) ;
#7619 = PLANE ( 'NONE',  #1972 ) ;
#7620 = PRESENTATION_LAYER_ASSIGNMENT (  '', '', ( #5448 ) ) ;
#7621 = ORIENTED_EDGE ( 'NONE', *, *, #7677, .T. ) ;
#7622 = DIRECTION ( 'NONE',  ( -1.000000000000000000, -0.000000000000000000, -0.000000000000000000 ) ) ;
#7623 = CARTESIAN_POINT ( 'NONE',  ( 2.000000000000000000, 7.008493649053888497, -12.63906708468514140 ) ) ;
#7624 = VERTEX_POINT ( 'NONE', #4473 ) ;
#7625 = EDGE_CURVE ( 'NONE', #764, #3635, #3877, .T. ) ;
#7626 = AXIS2_PLACEMENT_3D ( 'NONE', #508, #2900, #2351 ) ;
#7627 = DIRECTION ( 'NONE',  ( 0.000000000000000000, -0.4746046891293376202, 0.8801990621765310996 ) ) ;
#7628 = DIRECTION ( 'NONE',  ( 1.000000000000000000, -0.000000000000000000, -0.000000000000000000 ) ) ;
#7629 = SURFACE_STYLE_USAGE ( .BOTH. , #7469 ) ;
#7630 = FACE_OUTER_BOUND ( 'NONE', #1118, .T. ) ;
#7631 = DIRECTION ( 'NONE',  ( 0.000000000000000000, -0.5000000000000013323, -0.8660254037844379305 ) ) ;
#7632 = CARTESIAN_POINT ( 'NONE',  ( 46.10000000000000142, -8.218871056076425319, 14.23243822398599079 ) ) ;
#7633 = ORIENTED_EDGE ( 'NONE', *, *, #4822, .T. ) ;
#7634 = LINE ( 'NONE', #4555, #7472 ) ;
#7635 = VECTOR ( 'NONE', #6968, 1000.000000000000000 ) ;
#7636 = EDGE_CURVE ( 'NONE', #5486, #4599, #2679, .T. ) ;
#7637 = SURFACE_STYLE_USAGE ( .BOTH. , #5194 ) ;
#7638 = CARTESIAN_POINT ( 'NONE',  ( 6.000000000000000000, 13.42339375865881657, -7.749999999999968914 ) ) ;
#7639 = EDGE_CURVE ( 'NONE', #6377, #3545, #3318, .T. ) ;
#7640 = CARTESIAN_POINT ( 'NONE',  ( 47.69999999999999574, 0.000000000000000000, 0.000000000000000000 ) ) ;
#7641 =( NAMED_UNIT ( * ) SI_UNIT ( $, .STERADIAN. ) SOLID_ANGLE_UNIT ( ) );
#7642 = ORIENTED_EDGE ( 'NONE', *, *, #7639, .T. ) ;
#7643 = CARTESIAN_POINT ( 'NONE',  ( 0.2000000000000000111, -15.50000000000000000, 1.299999999999999156 ) ) ;
#7644 = CARTESIAN_POINT ( 'NONE',  ( 0.000000000000000000, 8.784326673973666288, 13.11490010960490515 ) ) ;
#7645 = DIRECTION ( 'NONE',  ( 0.000000000000000000, 0.000000000000000000, 1.000000000000000000 ) ) ;
#7646 = CARTESIAN_POINT ( 'NONE',  ( 53.70000000000066365, 1.214464813588315151, -2.147072431050802255 ) ) ;
#7647 = CARTESIAN_POINT ( 'NONE',  ( 53.59999999999998721, -0.2035644447822284597, 0.3077054061879072044 ) ) ;
#7648 = ORIENTED_EDGE ( 'NONE', *, *, #5372, .T. ) ;
#7649 = CARTESIAN_POINT ( 'NONE',  ( 51.89999999999998437, 8.750000000000007105, 15.70000000000000284 ) ) ;
#7650 = CARTESIAN_POINT ( 'NONE',  ( 46.10000000000000142, 14.23243822398598901, 8.218871056076427095 ) ) ;
#7651 = ORIENTED_EDGE ( 'NONE', *, *, #5231, .F. ) ;
#7652 = EDGE_CURVE ( 'NONE', #3502, #3672, #5775, .T. ) ;
#7653 = ORIENTED_EDGE ( 'NONE', *, *, #289, .T. ) ;
#7654 = SURFACE_STYLE_USAGE ( .BOTH. , #456 ) ;
#7655 = CARTESIAN_POINT ( 'NONE',  ( 44.50000000000000000, 1.073050240741759920, 16.39499999999999602 ) ) ;
#7656 = ORIENTED_EDGE ( 'NONE', *, *, #1030, .F. ) ;
#7657 = LINE ( 'NONE', #6566, #7610 ) ;
#7658 = ADVANCED_FACE ( 'NONE', ( #2944 ), #6016, .T. ) ;
#7659 = LINE ( 'NONE', #2166, #1134 ) ;
#7660 = ORIENTED_EDGE ( 'NONE', *, *, #2196, .T. ) ;
#7661 = ORIENTED_EDGE ( 'NONE', *, *, #3487, .F. ) ;
#7662 = CARTESIAN_POINT ( 'NONE',  ( 53.59999999999998721, -1.480062982793924453, -2.892339848516927603 ) ) ;
#7663 = LINE ( 'NONE', #6461, #811 ) ;
#7664 = FILL_AREA_STYLE ('',( #5224 ) ) ;
#7665 = DIRECTION ( 'NONE',  ( 0.000000000000000000, 0.000000000000000000, -1.000000000000000000 ) ) ;
#7666 = CARTESIAN_POINT ( 'NONE',  ( 0.5000000000000000000, 7.000000000000001776, 0.000000000000000000 ) ) ;
#7667 = CARTESIAN_POINT ( 'NONE',  ( 46.09999999999999432, -10.00383258696652256, 13.03976505953749587 ) ) ;
#7668 = EDGE_LOOP ( 'NONE', ( #7248, #5970, #7405, #4782 ) ) ;
#7669 = DIRECTION ( 'NONE',  ( 1.000000000000000000, -0.000000000000000000, -0.000000000000000000 ) ) ;
#7670 = FILL_AREA_STYLE_COLOUR ( '', #5321 ) ;
#7671 = VECTOR ( 'NONE', #4077, 1000.000000000000000 ) ;
#7672 = PLANE ( 'NONE',  #6839 ) ;
#7673 = VECTOR ( 'NONE', #727, 1000.000000000000000 ) ;
#7674 = COLOUR_RGB ( '',0.7960784313725489669, 0.8235294117647058432, 0.9372549019607843146 ) ;
#7675 = LINE ( 'NONE', #1580, #3844 ) ;
#7676 = CARTESIAN_POINT ( 'NONE',  ( 2.000000000000000000, -15.75000000000000000, 1.050000000000000044 ) ) ;
#7677 = EDGE_CURVE ( 'NONE', #7864, #5884, #7132, .T. ) ;
#7678 = ADVANCED_FACE ( 'NONE', ( #6497 ), #7217, .T. ) ;
#7679 = ORIENTED_EDGE ( 'NONE', *, *, #3714, .T. ) ;
#7680 = AXIS2_PLACEMENT_3D ( 'NONE', #6335, #5020, #2668 ) ;
#7681 = VERTEX_POINT ( 'NONE', #4063 ) ;
#7682 = EDGE_CURVE ( 'NONE', #7571, #601, #5266, .T. ) ;
#7683 = VERTEX_POINT ( 'NONE', #7870 ) ;
#7684 = LINE ( 'NONE', #1553, #5497 ) ;
#7685 = FACE_OUTER_BOUND ( 'NONE', #2121, .T. ) ;
#7686 = DIRECTION ( 'NONE',  ( 0.000000000000000000, 0.000000000000000000, -1.000000000000000000 ) ) ;
#7687 = VECTOR ( 'NONE', #3781, 1000.000000000000000 ) ;
#7688 = ORIENTED_EDGE ( 'NONE', *, *, #2141, .F. ) ;
#7689 = DIRECTION ( 'NONE',  ( 0.000000000000000000, 0.000000000000000000, 1.000000000000000000 ) ) ;
#7690 = CARTESIAN_POINT ( 'NONE',  ( 46.09999999999999432, 4.016535339503530818E-15, -16.39749999999999730 ) ) ;
#7691 = ORIENTED_EDGE ( 'NONE', *, *, #6102, .F. ) ;
#7692 = AXIS2_PLACEMENT_3D ( 'NONE', #4224, #4945, #6771 ) ;
#7693 = ORIENTED_EDGE ( 'NONE', *, *, #5429, .F. ) ;
#7694 =( NAMED_UNIT ( * ) SI_UNIT ( $, .STERADIAN. ) SOLID_ANGLE_UNIT ( ) );
#7695 = CARTESIAN_POINT ( 'NONE',  ( 44.50000000000000711, 5.282725718848010565, 15.55764348474979641 ) ) ;
#7696 = ORIENTED_EDGE ( 'NONE', *, *, #4941, .T. ) ;
#7697 = EDGE_LOOP ( 'NONE', ( #6089, #4103, #7688, #2181, #1082, #1201 ) ) ;
#7698 = FACE_OUTER_BOUND ( 'NONE', #994, .T. ) ;
#7699 = ADVANCED_FACE ( 'NONE', ( #6578 ), #4714, .F. ) ;
#7700 = CARTESIAN_POINT ( 'NONE',  ( 0.000000000000000000, -15.75000000000000000, 0.2500000000000002220 ) ) ;
#7701 = ORIENTED_EDGE ( 'NONE', *, *, #5960, .T. ) ;
#7702 = ORIENTED_EDGE ( 'NONE', *, *, #7429, .T. ) ;
#7703 = LINE ( 'NONE', #1610, #3238 ) ;
#7704 = CARTESIAN_POINT ( 'NONE',  ( 0.000000000000000000, -15.50000000000000000, -8.673617379884035472E-16 ) ) ;
#7705 = VECTOR ( 'NONE', #3194, 1000.000000000000000 ) ;
#7706 =( NAMED_UNIT ( * ) SI_UNIT ( $, .STERADIAN. ) SOLID_ANGLE_UNIT ( ) );
#7707 = LINE ( 'NONE', #1127, #2378 ) ;
#7708 = CARTESIAN_POINT ( 'NONE',  ( -6.000000000000000000, 7.000000000000000000, 0.000000000000000000 ) ) ;
#7709 = DIRECTION ( 'NONE',  ( 0.000000000000000000, 0.000000000000000000, -1.000000000000000000 ) ) ;
#7710 = VERTEX_POINT ( 'NONE', #3472 ) ;
#7711 = DIRECTION ( 'NONE',  ( -0.000000000000000000, -0.000000000000000000, -1.000000000000000000 ) ) ;
#7712 = VECTOR ( 'NONE', #2253, 1000.000000000000000 ) ;
#7713 = LINE ( 'NONE', #2250, #4685 ) ;
#7714 = VECTOR ( 'NONE', #2244, 1000.000000000000000 ) ;
#7715 = AXIS2_PLACEMENT_3D ( 'NONE', #5749, #2145, #6955 ) ;
#7716 = DIRECTION ( 'NONE',  ( 0.000000000000000000, 0.8660254037844387076, -0.5000000000000001110 ) ) ;
#7717 = DIRECTION ( 'NONE',  ( 0.000000000000000000, 0.000000000000000000, 1.000000000000000000 ) ) ;
#7718 =( LENGTH_UNIT ( ) NAMED_UNIT ( * ) SI_UNIT ( .MILLI., .METRE. ) );
#7719 = STYLED_ITEM ( 'NONE', ( #5449 ), #2920 ) ;
#7720 = VECTOR ( 'NONE', #5225, 1000.000000000000000 ) ;
#7721 = CARTESIAN_POINT ( 'NONE',  ( 47.69999999999999574, 1.198796048359147548, -9.141273873724520271 ) ) ;
#7722 = LINE ( 'NONE', #7109, #6313 ) ;
#7723 = ADVANCED_FACE ( 'NONE', ( #587 ), #7755, .T. ) ;
#7724 = VECTOR ( 'NONE', #1446, 1000.000000000000000 ) ;
#7725 = EDGE_LOOP ( 'NONE', ( #215, #5421, #3268, #173 ) ) ;
#7726 = DIRECTION ( 'NONE',  ( -1.000000000000000000, -0.000000000000000000, -0.000000000000000000 ) ) ;
#7727 = CARTESIAN_POINT ( 'NONE',  ( 44.50000000000000711, -8.216365302705671780, -14.22809906599086816 ) ) ;
#7728 = SURFACE_SIDE_STYLE ('',( #2263 ) ) ;
#7729 = CARTESIAN_POINT ( 'NONE',  ( 2.000000000000000000, 8.784326673973666288, 13.11490010960490515 ) ) ;
#7730 = VECTOR ( 'NONE', #6868, 1000.000000000000000 ) ;
#7731 =( GEOMETRIC_REPRESENTATION_CONTEXT ( 3 ) GLOBAL_UNCERTAINTY_ASSIGNED_CONTEXT ( ( #3038 ) ) GLOBAL_UNIT_ASSIGNED_CONTEXT ( ( #4025, #395, #2319 ) ) REPRESENTATION_CONTEXT ( 'NONE', 'WORKASPACE' ) );
#7732 = ORIENTED_EDGE ( 'NONE', *, *, #1943, .F. ) ;
#7733 = CARTESIAN_POINT ( 'NONE',  ( 48.69999999999999574, 1.250000000000000000, -12.30004063985090568 ) ) ;
#7734 = ADVANCED_FACE ( 'NONE', ( #472, #7793, #3595, #7826, #5975, #5855, #7172 ), #550, .T. ) ;
#7735 = CARTESIAN_POINT ( 'NONE',  ( 46.09999999999998721, 5.284336797139818742, 15.56238811527275168 ) ) ;
#7736 = ORIENTED_EDGE ( 'NONE', *, *, #1289, .T. ) ;
#7737 = CIRCLE ( 'NONE', #1505, 1.500000000000001332 ) ;
#7738 = ORIENTED_EDGE ( 'NONE', *, *, #4580, .F. ) ;
#7739 = EDGE_CURVE ( 'NONE', #537, #1273, #3868, .T. ) ;
#7740 =( LENGTH_UNIT ( ) NAMED_UNIT ( * ) SI_UNIT ( .MILLI., .METRE. ) );
#7741 = CARTESIAN_POINT ( 'NONE',  ( 44.50000000000000000, 15.55764348474979109, 5.282725718848019447 ) ) ;
#7742 =( GEOMETRIC_REPRESENTATION_CONTEXT ( 3 ) GLOBAL_UNCERTAINTY_ASSIGNED_CONTEXT ( ( #2718 ) ) GLOBAL_UNIT_ASSIGNED_CONTEXT ( ( #4039, #1670, #5324 ) ) REPRESENTATION_CONTEXT ( 'NONE', 'WORKASPACE' ) );
#7743 = ORIENTED_EDGE ( 'NONE', *, *, #6991, .F. ) ;
#7744 = ORIENTED_EDGE ( 'NONE', *, *, #6316, .T. ) ;
#7745 = SURFACE_STYLE_FILL_AREA ( #3907 ) ;
#7746 = COLOUR_RGB ( '',1.000000000000000000, 1.000000000000000000, 1.000000000000000000 ) ;
#7747 = FACE_OUTER_BOUND ( 'NONE', #6688, .T. ) ;
#7748 = ORIENTED_EDGE ( 'NONE', *, *, #7739, .F. ) ;
#7749 = ORIENTED_EDGE ( 'NONE', *, *, #5532, .F. ) ;
#7750 = COLOUR_RGB ( '',0.8941176470588234615, 0.9137254901960784048, 0.9294117647058823817 ) ;
#7751 = CARTESIAN_POINT ( 'NONE',  ( 53.69999999999999574, 1.524114065333413759, -2.537755706833384917 ) ) ;
#7752 = FACE_OUTER_BOUND ( 'NONE', #2604, .T. ) ;
#7753 = CARTESIAN_POINT ( 'NONE',  ( 2.000000000000000000, 7.750000000000006217, 11.42339375865879880 ) ) ;
#7754 = DIRECTION ( 'NONE',  ( 0.000000000000000000, -0.000000000000000000, 1.000000000000000000 ) ) ;
#7755 = PLANE ( 'NONE',  #3615 ) ;
#7756 = ORIENTED_EDGE ( 'NONE', *, *, #663, .F. ) ;
#7757 = PLANE ( 'NONE',  #1374 ) ;
#7758 = FACE_BOUND ( 'NONE', #4661, .T. ) ;
#7759 = VECTOR ( 'NONE', #3376, 1000.000000000000000 ) ;
#7760 = EDGE_CURVE ( 'NONE', #4333, #130, #201, .T. ) ;
#7761 = ORIENTED_EDGE ( 'NONE', *, *, #4657, .T. ) ;
#7762 = CARTESIAN_POINT ( 'NONE',  ( 0.000000000000000000, 7.008493649053896490, 12.63906708468513784 ) ) ;
#7763 = CARTESIAN_POINT ( 'NONE',  ( 52.89999999999999147, -8.150000000000003908, 10.20000000000000284 ) ) ;
#7764 = DIRECTION ( 'NONE',  ( 0.000000000000000000, 0.000000000000000000, 1.000000000000000000 ) ) ;
#7765 = AXIS2_PLACEMENT_3D ( 'NONE', #5602, #1397, #2072 ) ;
#7766 = CARTESIAN_POINT ( 'NONE',  ( 53.59999999999998721, -1.480062982793924453, -3.357237464212545763 ) ) ;
#7767 = DIRECTION ( 'NONE',  ( 1.000000000000000000, -0.000000000000000000, -0.000000000000000000 ) ) ;
#7768 = EDGE_CURVE ( 'NONE', #3049, #1273, #5939, .T. ) ;
#7769 = ORIENTED_EDGE ( 'NONE', *, *, #2987, .F. ) ;
#7770 = CARTESIAN_POINT ( 'NONE',  ( 0.000000000000000000, 7.750000000000006217, 13.42339375865879703 ) ) ;
#7771 = CARTESIAN_POINT ( 'NONE',  ( 53.69999999999999574, 0.6828928732814492086, -3.260712111801166824 ) ) ;
#7772 = DIRECTION ( 'NONE',  ( 1.000000000000000000, 0.000000000000000000, 0.000000000000000000 ) ) ;
#7773 = DIRECTION ( 'NONE',  ( 0.000000000000000000, -1.000000000000000000, 0.000000000000000000 ) ) ;
#7774 = ADVANCED_FACE ( 'NONE', ( #1129 ), #2360, .T. ) ;
#7775 = EDGE_LOOP ( 'NONE', ( #2972, #4887, #5237, #4540 ) ) ;
#7776 = CARTESIAN_POINT ( 'NONE',  ( 50.69999999999999574, 12.50000000000000000, -1.500000000000000000 ) ) ;
#7777 = DIRECTION ( 'NONE',  ( 0.000000000000000000, 0.000000000000000000, 1.000000000000000000 ) ) ;
#7778 = EDGE_LOOP ( 'NONE', ( #1758, #1991, #3182, #1195, #5255 ) ) ;
#7779 = PRESENTATION_LAYER_ASSIGNMENT (  '', '', ( #27 ) ) ;
#7780 = VERTEX_POINT ( 'NONE', #1017 ) ;
#7781 = ORIENTED_EDGE ( 'NONE', *, *, #4056, .F. ) ;
#7782 = EDGE_CURVE ( 'NONE', #2431, #1112, #6534, .T. ) ;
#7783 = ORIENTED_EDGE ( 'NONE', *, *, #3064, .T. ) ;
#7784 = FACE_OUTER_BOUND ( 'NONE', #3088, .T. ) ;
#7785 = LINE ( 'NONE', #580, #6977 ) ;
#7786 = EDGE_CURVE ( 'NONE', #5756, #2270, #4672, .T. ) ;
#7787 = ORIENTED_EDGE ( 'NONE', *, *, #3699, .T. ) ;
#7788 = EDGE_CURVE ( 'NONE', #7797, #911, #2909, .T. ) ;
#7789 = CARTESIAN_POINT ( 'NONE',  ( 53.59999999999998721, 1.550946593406788754, -2.252574107063715747 ) ) ;
#7790 = DIRECTION ( 'NONE',  ( 0.000000000000000000, 0.000000000000000000, -1.000000000000000000 ) ) ;
#7791 = CARTESIAN_POINT ( 'NONE',  ( 0.000000000000000000, -14.45000000000000107, -0.2500000000000002220 ) ) ;
#7792 = DIRECTION ( 'NONE',  ( 0.000000000000000000, 0.000000000000000000, -1.000000000000000000 ) ) ;
#7793 = FACE_OUTER_BOUND ( 'NONE', #7041, .T. ) ;
#7794 = ORIENTED_EDGE ( 'NONE', *, *, #6890, .T. ) ;
#7795 = CARTESIAN_POINT ( 'NONE',  ( 53.59999999999996589, 0.9961493641397997090, -2.723248118116483152 ) ) ;
#7796 = LINE ( 'NONE', #3477, #126 ) ;
#7797 = VERTEX_POINT ( 'NONE', #6099 ) ;
#7798 = LINE ( 'NONE', #6540, #2643 ) ;
#7799 = DIRECTION ( 'NONE',  ( 0.000000000000000000, 0.000000000000000000, -1.000000000000000000 ) ) ;
#7800 = CARTESIAN_POINT ( 'NONE',  ( 50.69999999999999574, 1.198796048359147548, -9.141273873724520271 ) ) ;
#7801 = CARTESIAN_POINT ( 'NONE',  ( 53.59999999999997300, 0.1837310792520605307, -3.113555360028694263 ) ) ;
#7802 = CARTESIAN_POINT ( 'NONE',  ( 53.69999999999998863, -1.480062982793924453, 5.119395728637549325 ) ) ;
#7803 = ADVANCED_FACE ( 'NONE', ( #7338 ), #1205, .T. ) ;
#7804 = EDGE_LOOP ( 'NONE', ( #640, #341, #6697, #498 ) ) ;
#7805 = FACE_OUTER_BOUND ( 'NONE', #6408, .T. ) ;
#7806 = VECTOR ( 'NONE', #1185, 1000.000000000000000 ) ;
#7807 = PLANE ( 'NONE',  #2695 ) ;
#7808 = LINE ( 'NONE', #1068, #7806 ) ;
#7809 = DIRECTION ( 'NONE',  ( 1.000000000000000000, -0.000000000000000000, -0.000000000000000000 ) ) ;
#7810 = VERTEX_POINT ( 'NONE', #105 ) ;
#7811 = FACE_OUTER_BOUND ( 'NONE', #5470, .T. ) ;
#7812 = CARTESIAN_POINT ( 'NONE',  ( 46.10000000000000142, 10.00383258696651900, 13.03976505953749943 ) ) ;
#7813 = VERTEX_POINT ( 'NONE', #3187 ) ;
#7814 = ORIENTED_EDGE ( 'NONE', *, *, #423, .T. ) ;
#7815 = CIRCLE ( 'NONE', #694, 3.000000000000000000 ) ;
#7816 = CYLINDRICAL_SURFACE ( 'NONE', #5638, 2.000000000000000000 ) ;
#7817 = VERTEX_POINT ( 'NONE', #2440 ) ;
#7818 = ORIENTED_EDGE ( 'NONE', *, *, #3236, .F. ) ;
#7819 = ORIENTED_EDGE ( 'NONE', *, *, #6009, .T. ) ;
#7820 = EDGE_CURVE ( 'NONE', #773, #5994, #1939, .T. ) ;
#7821 = ORIENTED_EDGE ( 'NONE', *, *, #331, .F. ) ;
#7822 = CARTESIAN_POINT ( 'NONE',  ( 53.59999999999999432, 1.540642020947813773, -2.434923741803043828 ) ) ;
#7823 = FACE_OUTER_BOUND ( 'NONE', #2312, .T. ) ;
#7824 = AXIS2_PLACEMENT_3D ( 'NONE', #2523, #31, #5466 ) ;
#7825 = PLANE ( 'NONE',  #4260 ) ;
#7826 = FACE_BOUND ( 'NONE', #4453, .T. ) ;
#7827 = ORIENTED_EDGE ( 'NONE', *, *, #5720, .F. ) ;
#7828 = CARTESIAN_POINT ( 'NONE',  ( 53.60000000000014353, 1.214767264119656076, -2.117510489024231557 ) ) ;
#7829 = EDGE_CURVE ( 'NONE', #2846, #2729, #4381, .T. ) ;
#7830 =( LENGTH_UNIT ( ) NAMED_UNIT ( * ) SI_UNIT ( .MILLI., .METRE. ) );
#7831 = EDGE_CURVE ( 'NONE', #2846, #3461, #2554, .T. ) ;
#7832 = EDGE_LOOP ( 'NONE', ( #620, #6640, #501, #5614 ) ) ;
#7833 = VERTEX_POINT ( 'NONE', #3107 ) ;
#7834 = LINE ( 'NONE', #5899, #5814 ) ;
#7835 = LINE ( 'NONE', #3565, #2702 ) ;
#7836 = CARTESIAN_POINT ( 'NONE',  ( 47.69999999999999574, -1.250000000000000000, -12.30004063985090568 ) ) ;
#7837 =( GEOMETRIC_REPRESENTATION_CONTEXT ( 3 ) GLOBAL_UNCERTAINTY_ASSIGNED_CONTEXT ( ( #4231 ) ) GLOBAL_UNIT_ASSIGNED_CONTEXT ( ( #5305, #546, #6493 ) ) REPRESENTATION_CONTEXT ( 'NONE', 'WORKASPACE' ) );
#7838 = CARTESIAN_POINT ( 'NONE',  ( 53.70000000000000995, 0.4400609279435884758, -3.235431555326488517 ) ) ;
#7839 = DIRECTION ( 'NONE',  ( 0.000000000000000000, -0.9396926207859103153, -0.3420201433256633283 ) ) ;
#7840 = VECTOR ( 'NONE', #3076, 1000.000000000000000 ) ;
#7841 = ORIENTED_EDGE ( 'NONE', *, *, #1620, .T. ) ;
#7842 = AXIS2_PLACEMENT_3D ( 'NONE', #992, #6597, #645 ) ;
#7843 = DIRECTION ( 'NONE',  ( -1.000000000000000000, -0.000000000000000000, -0.000000000000000000 ) ) ;
#7844 = COLOUR_RGB ( '',0.7960784313725489669, 0.8235294117647058432, 0.9372549019607843146 ) ;
#7845 = CARTESIAN_POINT ( 'NONE',  ( 44.50000000000000000, -2.146073948201751236, 16.28931638921675784 ) ) ;
#7846 = ADVANCED_FACE ( 'NONE', ( #779, #4266 ), #5542, .F. ) ;
#7847 = CARTESIAN_POINT ( 'NONE',  ( 6.000000000000000000, 13.42339375865881657, -7.749999999999968914 ) ) ;
#7848 = ORIENTED_EDGE ( 'NONE', *, *, #3451, .F. ) ;
#7849 = CARTESIAN_POINT ( 'NONE',  ( 6.000000000000000000, -13.42339375865886986, 7.749999999999874767 ) ) ;
#7850 = DIRECTION ( 'NONE',  ( -1.000000000000000000, 0.000000000000000000, 0.000000000000000000 ) ) ;
#7851 = AXIS2_PLACEMENT_3D ( 'NONE', #3947, #7513, #5707 ) ;
#7852 = ORIENTED_EDGE ( 'NONE', *, *, #3354, .F. ) ;
#7853 = EDGE_LOOP ( 'NONE', ( #5895, #1057, #3579, #6730 ) ) ;
#7854 = AXIS2_PLACEMENT_3D ( 'NONE', #3320, #6268, #6946 ) ;
#7855 = ADVANCED_FACE ( 'NONE', ( #6811 ), #1978, .F. ) ;
#7856 = PRESENTATION_LAYER_ASSIGNMENT (  '', '', ( #6065 ) ) ;
#7857 = CARTESIAN_POINT ( 'NONE',  ( 53.59999999999998721, 1.214767264119655854, 3.216861333557771374 ) ) ;
#7858 = EDGE_LOOP ( 'NONE', ( #4829, #4037, #5085, #7736 ) ) ;
#7859 = ORIENTED_EDGE ( 'NONE', *, *, #1410, .F. ) ;
#7860 = DIRECTION ( 'NONE',  ( -1.000000000000000000, 0.000000000000000000, 0.000000000000000000 ) ) ;
#7861 = DIRECTION ( 'NONE',  ( 1.000000000000000000, 0.000000000000000000, 0.000000000000000000 ) ) ;
#7862 = ADVANCED_FACE ( 'NONE', ( #1328 ), #6059, .F. ) ;
#7863 = VERTEX_POINT ( 'NONE', #5024 ) ;
#7864 = VERTEX_POINT ( 'NONE', #3031 ) ;
#7865 = AXIS2_PLACEMENT_3D ( 'NONE', #876, #2031, #4518 ) ;
#7866 = CARTESIAN_POINT ( 'NONE',  ( 53.60000000000000142, 0.7030619748817273917, -2.814400532662336030 ) ) ;
#7867 = DIRECTION ( 'NONE',  ( 0.000000000000000000, 0.4687679043850280780, -0.8833213751622164267 ) ) ;
#7868 = CARTESIAN_POINT ( 'NONE',  ( 2.000000000000000000, 7.749999999999999112, -13.42339375865880058 ) ) ;
#7869 = MECHANICAL_DESIGN_GEOMETRIC_PRESENTATION_REPRESENTATION (  '', ( #7222 ), #1511 ) ;
#7870 = CARTESIAN_POINT ( 'NONE',  ( 6.000000000000000000, 1.836970198721029441E-16, -17.00000000000000000 ) ) ;
#7871 = ORIENTED_EDGE ( 'NONE', *, *, #3231, .F. ) ;
#7872 = CARTESIAN_POINT ( 'NONE',  ( 53.60000000000000142, 0.7030619748817273917, -2.814400532662336030 ) ) ;
#7873 = EDGE_CURVE ( 'NONE', #4946, #5393, #6696, .T. ) ;
#7874 = FILL_AREA_STYLE ('',( #4066 ) ) ;
#7875 = ORIENTED_EDGE ( 'NONE', *, *, #5803, .T. ) ;
#7876 = AXIS2_PLACEMENT_3D ( 'NONE', #6555, #5958, #7689 ) ;
ENDSEC;
END-ISO-10303-21;
