ISO-10303-21;
HEADER;
FILE_DESCRIPTION (( 'STEP AP214' ),
    '1' );
FILE_NAME ('MC520编码器电机模型-升级款.STEP',
    '2026-03-21T12:40:34',
    ( '' ),
    ( '' ),
    'SwSTEP 2.0',
    'SolidWorks 2022',
    '' );
FILE_SCHEMA (( 'AUTOMOTIVE_DESIGN' ));
ENDSEC;

DATA;
#1 = DIRECTION ( 'NONE',  ( 1.000000000000000000, -0.000000000000000000, -0.000000000000000000 ) ) ;
#2 = ORIENTED_EDGE ( 'NONE', *, *, #3998, .T. ) ;
#3 = CARTESIAN_POINT ( 'NONE',  ( 56.20000000000000284, 0.000000000000000000, 0.000000000000000000 ) ) ;
#4 = DIRECTION ( 'NONE',  ( -1.000000000000000000, -0.000000000000000000, -0.000000000000000000 ) ) ;
#5 = DIRECTION ( 'NONE',  ( 0.000000000000000000, 1.000000000000000000, 0.000000000000000000 ) ) ;
#6 = CARTESIAN_POINT ( 'NONE',  ( 0.000000000000000000, 8.153684686079991195, -14.62259614518684714 ) ) ;
#7 = ADVANCED_FACE ( 'NONE', ( #581 ), #3776, .T. ) ;
#8 = DIRECTION ( 'NONE',  ( 0.000000000000000000, 0.5000000000000009992, 0.8660254037844380415 ) ) ;
#9 = DIRECTION ( 'NONE',  ( -1.000000000000000000, -0.000000000000000000, -0.000000000000000000 ) ) ;
#10 = FACE_OUTER_BOUND ( 'NONE', #3436, .T. ) ;
#11 = ORIENTED_EDGE ( 'NONE', *, *, #3694, .F. ) ;
#12 = EDGE_LOOP ( 'NONE', ( #2569, #298, #502 ) ) ;
#13 = DIRECTION ( 'NONE',  ( 1.000000000000000000, 0.000000000000000000, 0.000000000000000000 ) ) ;
#14 = FACE_OUTER_BOUND ( 'NONE', #3039, .T. ) ;
#15 = VERTEX_POINT ( 'NONE', #2860 ) ;
#16 = ORIENTED_EDGE ( 'NONE', *, *, #4019, .F. ) ;
#17 = AXIS2_PLACEMENT_3D ( 'NONE', #387, #1503, #1836 ) ;
#18 = PLANE ( 'NONE',  #4638 ) ;
#19 = CARTESIAN_POINT ( 'NONE',  ( 0.000000000000000000, 7.008493649053896490, 12.63906708468513784 ) ) ;
#20 =( LENGTH_UNIT ( ) NAMED_UNIT ( * ) SI_UNIT ( .MILLI., .METRE. ) );
#21 = ORIENTED_EDGE ( 'NONE', *, *, #1513, .F. ) ;
#22 = CARTESIAN_POINT ( 'NONE',  ( 0.000000000000000000, -15.75000000000000000, -0.2500000000000002220 ) ) ;
#24 = VECTOR ( 'NONE', #1618, 1000.000000000000000 ) ;
#23 = SURFACE_SIDE_STYLE ('',( #1833 ) ) ;
#25 = VERTEX_POINT ( 'NONE', #3420 ) ;
#26 = DIRECTION ( 'NONE',  ( 1.000000000000000000, -0.000000000000000000, -0.000000000000000000 ) ) ;
#27 = DIRECTION ( 'NONE',  ( 1.000000000000000000, -0.000000000000000000, -0.000000000000000000 ) ) ;
#28 = SURFACE_SIDE_STYLE ('',( #3248 ) ) ;
#29 = CARTESIAN_POINT ( 'NONE',  ( 51.69999999999999574, 7.950000000000000178, 10.90000000000000391 ) ) ;
#30 = UNCERTAINTY_MEASURE_WITH_UNIT (LENGTH_MEASURE( 1.000000000000000082E-05 ), #1456, 'distance_accuracy_value', 'NONE');
#31 = CYLINDRICAL_SURFACE ( 'NONE', #3567, 2.000000000000000000 ) ;
#32 = VECTOR ( 'NONE', #2990, 1000.000000000000000 ) ;
#33 = AXIS2_PLACEMENT_3D ( 'NONE', #76, #2936, #2553 ) ;
#34 = AXIS2_PLACEMENT_3D ( 'NONE', #3543, #2033, #677 ) ;
#35 = CARTESIAN_POINT ( 'NONE',  ( 52.50000000000000000, 9.300000000000000711, 8.500000000000000000 ) ) ;
#36 = ORIENTED_EDGE ( 'NONE', *, *, #2116, .F. ) ;
#37 = ORIENTED_EDGE ( 'NONE', *, *, #4497, .F. ) ;
#38 = PRODUCT_RELATED_PRODUCT_CATEGORY ( 'part', '', ( #3227 ) ) ;
#39 = VECTOR ( 'NONE', #1797, 1000.000000000000114 ) ;
#40 = SURFACE_STYLE_USAGE ( .BOTH. , #420 ) ;
#41 = CARTESIAN_POINT ( 'NONE',  ( 0.000000000000000000, -15.50000000000000000, -8.673617379884035472E-16 ) ) ;
#42 = CARTESIAN_POINT ( 'NONE',  ( 2.000000000000000000, 7.749999999999999112, -11.42339375865880058 ) ) ;
#43 = FACE_OUTER_BOUND ( 'NONE', #284, .T. ) ;
#44 = VERTEX_POINT ( 'NONE', #3464 ) ;
#45 = SURFACE_STYLE_USAGE ( .BOTH. , #1442 ) ;
#46 = DIRECTION ( 'NONE',  ( 1.000000000000000000, -0.000000000000000000, -0.000000000000000000 ) ) ;
#47 = VERTEX_POINT ( 'NONE', #1982 ) ;
#48 = CIRCLE ( 'NONE', #652, 1.500000000000001332 ) ;
#49 = AXIS2_PLACEMENT_3D ( 'NONE', #2044, #2638, #2304 ) ;
#50 = DIRECTION ( 'NONE',  ( 0.000000000000000000, 0.000000000000000000, 1.000000000000000000 ) ) ;
#51 = EDGE_CURVE ( 'NONE', #1678, #2484, #1990, .T. ) ;
#52 = VECTOR ( 'NONE', #126, 1000.000000000000000 ) ;
#53 =( NAMED_UNIT ( * ) PLANE_ANGLE_UNIT ( ) SI_UNIT ( $, .RADIAN. ) );
#54 = EDGE_CURVE ( 'NONE', #4353, #1184, #1291, .T. ) ;
#55 = CARTESIAN_POINT ( 'NONE',  ( 50.89999999999999147, 8.750000000000000000, 12.20000000000000284 ) ) ;
#56 = CARTESIAN_POINT ( 'NONE',  ( 0.000000000000000000, 7.749999999999999112, -13.42339375865880058 ) ) ;
#57 = AXIS2_PLACEMENT_3D ( 'NONE', #3038, #4476, #1241 ) ;
#58 = EDGE_CURVE ( 'NONE', #2401, #543, #3354, .T. ) ;
#59 = EDGE_CURVE ( 'NONE', #1753, #1349, #2067, .T. ) ;
#60 = MECHANICAL_DESIGN_GEOMETRIC_PRESENTATION_REPRESENTATION (  '', ( #2926 ), #3515 ) ;
#61 =( LENGTH_UNIT ( ) NAMED_UNIT ( * ) SI_UNIT ( .MILLI., .METRE. ) );
#62 = VERTEX_POINT ( 'NONE', #950 ) ;
#63 = ORIENTED_EDGE ( 'NONE', *, *, #1018, .F. ) ;
#64 = AXIS2_PLACEMENT_3D ( 'NONE', #35, #1766, #4664 ) ;
#65 = CARTESIAN_POINT ( 'NONE',  ( 0.000000000000000000, -15.75000000000000000, -1.050000000000000044 ) ) ;
#66 = FACE_OUTER_BOUND ( 'NONE', #705, .T. ) ;
#67 = CIRCLE ( 'NONE', #2855, 1.499999999999996225 ) ;
#68 = LINE ( 'NONE', #3235, #2245 ) ;
#69 = ORIENTED_EDGE ( 'NONE', *, *, #666, .F. ) ;
#70 = ORIENTED_EDGE ( 'NONE', *, *, #4030, .T. ) ;
#71 = DIRECTION ( 'NONE',  ( 0.000000000000000000, -0.8660254037844381525, 0.5000000000000008882 ) ) ;
#72 = ORIENTED_EDGE ( 'NONE', *, *, #4271, .T. ) ;
#73 = CARTESIAN_POINT ( 'NONE',  ( 2.000000000000000000, 8.153684686079991195, -14.62259614518684714 ) ) ;
#74 = LINE ( 'NONE', #3301, #1453 ) ;
#75 = DIRECTION ( 'NONE',  ( 1.000000000000000000, 0.000000000000000000, 0.000000000000000000 ) ) ;
#76 = CARTESIAN_POINT ( 'NONE',  ( 6.000000000000000000, 13.42339375865881657, -7.749999999999968914 ) ) ;
#77 = CARTESIAN_POINT ( 'NONE',  ( 0.000000000000000000, -16.54999999999999716, -0.2500000000000002220 ) ) ;
#78 = ORIENTED_EDGE ( 'NONE', *, *, #3394, .T. ) ;
#79 = CARTESIAN_POINT ( 'NONE',  ( 21.50000000000000000, 0.000000000000000000, 0.000000000000000000 ) ) ;
#80 = CARTESIAN_POINT ( 'NONE',  ( 44.50000000000000000, 9.300000000000000711, 13.50814569065643234 ) ) ;
#81 = VERTEX_POINT ( 'NONE', #2703 ) ;
#82 = VERTEX_POINT ( 'NONE', #3401 ) ;
#83 = DIRECTION ( 'NONE',  ( 0.000000000000000000, 0.000000000000000000, 1.000000000000000000 ) ) ;
#84 = FILL_AREA_STYLE_COLOUR ( '', #3637 ) ;
#85 = DIRECTION ( 'NONE',  ( 0.000000000000000000, 0.000000000000000000, -1.000000000000000000 ) ) ;
#86 = CARTESIAN_POINT ( 'NONE',  ( 2.000000000000000000, 6.715673326026336376, -13.73188740771269245 ) ) ;
#87 = VERTEX_POINT ( 'NONE', #205 ) ;
#88 = ORIENTED_EDGE ( 'NONE', *, *, #4084, .T. ) ;
#89 = DIRECTION ( 'NONE',  ( 1.000000000000000000, 0.000000000000000000, 0.000000000000000000 ) ) ;
#90 = DIRECTION ( 'NONE',  ( 0.000000000000000000, -0.4999999999999987232, 0.8660254037844393737 ) ) ;
#91 = EDGE_LOOP ( 'NONE', ( #635, #1769, #3339, #2283 ) ) ;
#92 = ORIENTED_EDGE ( 'NONE', *, *, #2491, .F. ) ;
#93 = EDGE_CURVE ( 'NONE', #2685, #587, #3199, .T. ) ;
#94 = DIRECTION ( 'NONE',  ( 0.000000000000000000, -0.8660254037844379305, 0.5000000000000013323 ) ) ;
#95 = LINE ( 'NONE', #1809, #1988 ) ;
#96 = DIRECTION ( 'NONE',  ( 0.000000000000000000, 0.000000000000000000, 1.000000000000000000 ) ) ;
#97 = FACE_OUTER_BOUND ( 'NONE', #2358, .T. ) ;
#98 =( NAMED_UNIT ( * ) SI_UNIT ( $, .STERADIAN. ) SOLID_ANGLE_UNIT ( ) );
#99 = CARTESIAN_POINT ( 'NONE',  ( 2.000000000000000000, -16.74038207405221002, 0.2500000000000004996 ) ) ;
#100 = VECTOR ( 'NONE', #2801, 1000.000000000000000 ) ;
#101 = PLANE ( 'NONE',  #222 ) ;
#102 = VERTEX_POINT ( 'NONE', #4139 ) ;
#103 = EDGE_CURVE ( 'NONE', #456, #305, #2115, .T. ) ;
#104 = EDGE_CURVE ( 'NONE', #1349, #1753, #1844, .T. ) ;
#105 =( GEOMETRIC_REPRESENTATION_CONTEXT ( 3 ) GLOBAL_UNCERTAINTY_ASSIGNED_CONTEXT ( ( #30 ) ) GLOBAL_UNIT_ASSIGNED_CONTEXT ( ( #1456, #2249, #98 ) ) REPRESENTATION_CONTEXT ( 'NONE', 'WORKASPACE' ) );
#106 = DIRECTION ( 'NONE',  ( 1.000000000000000000, -0.000000000000000000, -0.000000000000000000 ) ) ;
#107 = LINE ( 'NONE', #3016, #2810 ) ;
#108 = DIRECTION ( 'NONE',  ( 0.000000000000000000, 0.000000000000000000, -1.000000000000000000 ) ) ;
#109 = SURFACE_STYLE_USAGE ( .BOTH. , #2187 ) ;
#110 = EDGE_CURVE ( 'NONE', #848, #3185, #1173, .T. ) ;
#111 = ORIENTED_EDGE ( 'NONE', *, *, #1784, .T. ) ;
#112 = CIRCLE ( 'NONE', #4249, 1.500000000000000000 ) ;
#113 = VECTOR ( 'NONE', #9, 1000.000000000000000 ) ;
#114 =( GEOMETRIC_REPRESENTATION_CONTEXT ( 3 ) GLOBAL_UNCERTAINTY_ASSIGNED_CONTEXT ( ( #1430 ) ) GLOBAL_UNIT_ASSIGNED_CONTEXT ( ( #20, #4339, #1928 ) ) REPRESENTATION_CONTEXT ( 'NONE', 'WORKASPACE' ) );
#115 = ORIENTED_EDGE ( 'NONE', *, *, #1487, .T. ) ;
#116 = ADVANCED_FACE ( 'NONE', ( #3808 ), #3916, .T. ) ;
#117 = VECTOR ( 'NONE', #1637, 1000.000000000000227 ) ;
#118 = FILL_AREA_STYLE_COLOUR ( '', #3124 ) ;
#119 =( LENGTH_UNIT ( ) NAMED_UNIT ( * ) SI_UNIT ( .MILLI., .METRE. ) );
#120 = VERTEX_POINT ( 'NONE', #926 ) ;
#121 = EDGE_LOOP ( 'NONE', ( #3586, #3838, #323, #3855 ) ) ;
#122 =( NAMED_UNIT ( * ) SI_UNIT ( $, .STERADIAN. ) SOLID_ANGLE_UNIT ( ) );
#123 = VECTOR ( 'NONE', #3548, 1000.000000000000000 ) ;
#124 = CARTESIAN_POINT ( 'NONE',  ( 50.89999999999999147, 8.750000000000000000, 15.70000000000000284 ) ) ;
#125 = VECTOR ( 'NONE', #909, 1000.000000000000000 ) ;
#126 = DIRECTION ( 'NONE',  ( -0.000000000000000000, -1.000000000000000000, -0.000000000000000000 ) ) ;
#127 = LINE ( 'NONE', #4442, #638 ) ;
#128 = LINE ( 'NONE', #3046, #3633 ) ;
#129 = EDGE_CURVE ( 'NONE', #1351, #3013, #3115, .T. ) ;
#130 = UNCERTAINTY_MEASURE_WITH_UNIT (LENGTH_MEASURE( 1.000000000000000082E-05 ), #1141, 'distance_accuracy_value', 'NONE');
#131 = DIRECTION ( 'NONE',  ( 0.000000000000000000, -0.4999999999999992784, 0.8660254037844390407 ) ) ;
#132 = VECTOR ( 'NONE', #2178, 1000.000000000000000 ) ;
#133 = CARTESIAN_POINT ( 'NONE',  ( 6.000000000000000000, 13.42339375865876505, 6.250000000000063061 ) ) ;
#134 = EDGE_LOOP ( 'NONE', ( #4213, #4386, #1106, #393 ) ) ;
#135 = STYLED_ITEM ( 'NONE', ( #2489 ), #4135 ) ;
#136 = CARTESIAN_POINT ( 'NONE',  ( 52.50000000000000000, -4.740253157796518124, 15.70000000000000284 ) ) ;
#137 = FILL_AREA_STYLE ('',( #84 ) ) ;
#138 = SURFACE_STYLE_USAGE ( .BOTH. , #3365 ) ;
#139 = DIRECTION ( 'NONE',  ( 1.000000000000000000, -0.000000000000000000, -0.000000000000000000 ) ) ;
#140 = FILL_AREA_STYLE_COLOUR ( '', #596 ) ;
#141 = EDGE_LOOP ( 'NONE', ( #2871, #2728, #962, #354 ) ) ;
#142 = ADVANCED_FACE ( 'NONE', ( #1376 ), #2831, .F. ) ;
#143 = VECTOR ( 'NONE', #2754, 1000.000000000000000 ) ;
#144 = ORIENTED_EDGE ( 'NONE', *, *, #1762, .T. ) ;
#145 = PRESENTATION_LAYER_ASSIGNMENT (  '', '', ( #963 ) ) ;
#146 = LINE ( 'NONE', #2644, #1917 ) ;
#147 = DIRECTION ( 'NONE',  ( -1.000000000000000000, 0.000000000000000000, 0.000000000000000000 ) ) ;
#148 = ORIENTED_EDGE ( 'NONE', *, *, #309, .F. ) ;
#149 = FILL_AREA_STYLE_COLOUR ( '', #2519 ) ;
#150 = EDGE_LOOP ( 'NONE', ( #2089, #3511, #3318, #693 ) ) ;
#151 = DIRECTION ( 'NONE',  ( 1.000000000000000000, -0.000000000000000000, -0.000000000000000000 ) ) ;
#152 = DIRECTION ( 'NONE',  ( 0.000000000000000000, 0.000000000000000000, 1.000000000000000000 ) ) ;
#153 = CARTESIAN_POINT ( 'NONE',  ( 21.50000000000000000, 0.000000000000000000, 0.000000000000000000 ) ) ;
#154 = FILL_AREA_STYLE_COLOUR ( '', #2098 ) ;
#155 = DIRECTION ( 'NONE',  ( 1.000000000000000000, 0.000000000000000000, -0.000000000000000000 ) ) ;
#156 = ORIENTED_EDGE ( 'NONE', *, *, #1762, .F. ) ;
#157 = EDGE_CURVE ( 'NONE', #1130, #2874, #1033, .T. ) ;
#158 = CARTESIAN_POINT ( 'NONE',  ( 0.000000000000000000, 8.491506350946107062, -14.20772043263246154 ) ) ;
#159 = CARTESIAN_POINT ( 'NONE',  ( 0.000000000000000000, 7.658493649053887076, -13.76490010960491261 ) ) ;
#160 = CARTESIAN_POINT ( 'NONE',  ( 6.000000000000000000, 1.836970198721030427E-16, 13.99999999999999822 ) ) ;
#161 = VERTEX_POINT ( 'NONE', #2932 ) ;
#162 = EDGE_LOOP ( 'NONE', ( #3546, #63, #973, #2851 ) ) ;
#163 = CARTESIAN_POINT ( 'NONE',  ( 0.000000000000000000, 0.000000000000000000, -17.80000000000000071 ) ) ;
#164 = VERTEX_POINT ( 'NONE', #2879 ) ;
#165 = SURFACE_SIDE_STYLE ('',( #827 ) ) ;
#166 = EDGE_CURVE ( 'NONE', #262, #2841, #2220, .T. ) ;
#167 = FILL_AREA_STYLE_COLOUR ( '', #2747 ) ;
#168 = DIRECTION ( 'NONE',  ( -0.000000000000000000, 1.000000000000000000, -0.000000000000000000 ) ) ;
#169 = EDGE_CURVE ( 'NONE', #2359, #770, #2902, .T. ) ;
#170 = DIRECTION ( 'NONE',  ( -0.000000000000000000, 1.000000000000000000, -0.000000000000000000 ) ) ;
#171 = EDGE_CURVE ( 'NONE', #3906, #1184, #3583, .T. ) ;
#172 = FILL_AREA_STYLE_COLOUR ( '', #1163 ) ;
#173 = VERTEX_POINT ( 'NONE', #3931 ) ;
#174 = AXIS2_PLACEMENT_3D ( 'NONE', #3936, #2152, #3225 ) ;
#175 = DIRECTION ( 'NONE',  ( 0.000000000000000000, 0.000000000000000000, 1.000000000000000000 ) ) ;
#176 = FACE_BOUND ( 'NONE', #600, .T. ) ;
#177 = DIRECTION ( 'NONE',  ( 0.000000000000000000, 0.000000000000000000, 1.000000000000000000 ) ) ;
#178 = PLANE ( 'NONE',  #2897 ) ;
#179 = DIRECTION ( 'NONE',  ( 0.000000000000000000, 0.000000000000000000, -1.000000000000000000 ) ) ;
#180 = AXIS2_PLACEMENT_3D ( 'NONE', #370, #1630, #1283 ) ;
#181 = FACE_OUTER_BOUND ( 'NONE', #2870, .T. ) ;
#182 = PLANE ( 'NONE',  #3573 ) ;
#183 = ORIENTED_EDGE ( 'NONE', *, *, #4519, .F. ) ;
#184 = ORIENTED_EDGE ( 'NONE', *, *, #3694, .T. ) ;
#185 = AXIS2_PLACEMENT_3D ( 'NONE', #2826, #4200, #2386 ) ;
#186 = DIRECTION ( 'NONE',  ( 0.000000000000000000, 0.000000000000000000, 1.000000000000000000 ) ) ;
#187 = PRESENTATION_LAYER_ASSIGNMENT (  '', '', ( #2221 ) ) ;
#188 = TOROIDAL_SURFACE ( 'NONE', #1984, 1.300000000000000711, 0.2000000000000000111 ) ;
#189 = DIRECTION ( 'NONE',  ( 0.000000000000000000, -0.8660254037844378194, 0.5000000000000015543 ) ) ;
#190 = ORIENTED_EDGE ( 'NONE', *, *, #4123, .T. ) ;
#191 = EDGE_CURVE ( 'NONE', #1586, #1026, #4365, .T. ) ;
#192 = VECTOR ( 'NONE', #3417, 1000.000000000000000 ) ;
#193 = CARTESIAN_POINT ( 'NONE',  ( 0.000000000000000000, -15.25000000000000000, 1.050000000000000044 ) ) ;
#194 = CARTESIAN_POINT ( 'NONE',  ( 0.000000000000000000, 8.534326673973666288, 12.68188740771268641 ) ) ;
#195 = EDGE_CURVE ( 'NONE', #626, #62, #4008, .T. ) ;
#196 = DIRECTION ( 'NONE',  ( -1.000000000000000000, 0.000000000000000000, 0.000000000000000000 ) ) ;
#197 = CIRCLE ( 'NONE', #2825, 12.30000000000000071 ) ;
#198 = CARTESIAN_POINT ( 'NONE',  ( 0.000000000000000000, 8.153684686079991195, -14.62259614518684714 ) ) ;
#199 = EDGE_CURVE ( 'NONE', #1695, #2018, #2525, .T. ) ;
#200 = VECTOR ( 'NONE', #2432, 1000.000000000000227 ) ;
#201 = ADVANCED_FACE ( 'NONE', ( #2571 ), #3626, .F. ) ;
#202 = SURFACE_SIDE_STYLE ('',( #2771 ) ) ;
#203 = FILL_AREA_STYLE ('',( #154 ) ) ;
#204 = EDGE_CURVE ( 'NONE', #684, #535, #1098, .T. ) ;
#205 = CARTESIAN_POINT ( 'NONE',  ( 0.000000000000000000, 8.784326673973657407, -13.11490010960491226 ) ) ;
#206 = CARTESIAN_POINT ( 'NONE',  ( 51.69999999999999574, -8.750000000000000000, 15.70000000000000284 ) ) ;
#207 = COLOUR_RGB ( '',0.7960784313725489669, 0.8235294117647058432, 0.9372549019607843146 ) ;
#208 = LINE ( 'NONE', #520, #1838 ) ;
#209 = DIRECTION ( 'NONE',  ( 0.000000000000000000, 0.000000000000000000, -1.000000000000000000 ) ) ;
#210 = ORIENTED_EDGE ( 'NONE', *, *, #1276, .T. ) ;
#211 = ORIENTED_EDGE ( 'NONE', *, *, #3241, .F. ) ;
#212 = VECTOR ( 'NONE', #824, 1000.000000000000000 ) ;
#213 = DIRECTION ( 'NONE',  ( 0.000000000000000000, 0.000000000000000000, 1.000000000000000000 ) ) ;
#214 = DIRECTION ( 'NONE',  ( 0.000000000000000000, 0.5000000000000002220, -0.8660254037844384856 ) ) ;
#215 = EDGE_LOOP ( 'NONE', ( #4652, #656 ) ) ;
#216 = ORIENTED_EDGE ( 'NONE', *, *, #1087, .T. ) ;
#217 = ADVANCED_FACE ( 'NONE', ( #1044 ), #4258, .T. ) ;
#218 = LINE ( 'NONE', #3374, #2588 ) ;
#219 = LINE ( 'NONE', #1572, #117 ) ;
#220 = VECTOR ( 'NONE', #604, 1000.000000000000227 ) ;
#221 = PLANE ( 'NONE',  #4121 ) ;
#222 = AXIS2_PLACEMENT_3D ( 'NONE', #1533, #2992, #4421 ) ;
#223 = ORIENTED_EDGE ( 'NONE', *, *, #2155, .F. ) ;
#224 = DIRECTION ( 'NONE',  ( -1.000000000000000000, 0.000000000000000000, 0.000000000000000000 ) ) ;
#225 = LINE ( 'NONE', #2479, #811 ) ;
#226 = DIRECTION ( 'NONE',  ( -1.000000000000000000, -0.000000000000000000, -0.000000000000000000 ) ) ;
#227 = DIRECTION ( 'NONE',  ( 0.000000000000000000, 0.000000000000000000, -1.000000000000000000 ) ) ;
#228 = DIRECTION ( 'NONE',  ( -1.000000000000000000, 0.000000000000000000, 0.000000000000000000 ) ) ;
#229 = ORIENTED_EDGE ( 'NONE', *, *, #1570, .T. ) ;
#230 = CIRCLE ( 'NONE', #536, 1.499999999999996225 ) ;
#231 = VERTEX_POINT ( 'NONE', #1740 ) ;
#232 = DIRECTION ( 'NONE',  ( 1.000000000000000000, 0.000000000000000000, -0.000000000000000000 ) ) ;
#233 = DIRECTION ( 'NONE',  ( -0.000000000000000000, -0.000000000000000000, 1.000000000000000000 ) ) ;
#234 = ORIENTED_EDGE ( 'NONE', *, *, #4167, .F. ) ;
#235 = ORIENTED_EDGE ( 'NONE', *, *, #1662, .T. ) ;
#236 = DIRECTION ( 'NONE',  ( 0.000000000000000000, 0.000000000000000000, -1.000000000000000000 ) ) ;
#237 = ORIENTED_EDGE ( 'NONE', *, *, #2466, .F. ) ;
#238 = CARTESIAN_POINT ( 'NONE',  ( 44.50000000000000000, 0.000000000000000000, 0.000000000000000000 ) ) ;
#239 = DIRECTION ( 'NONE',  ( -0.000000000000000000, 0.5000000000000000000, 0.8660254037844385966 ) ) ;
#240 = FACE_OUTER_BOUND ( 'NONE', #3864, .T. ) ;
#241 = CYLINDRICAL_SURFACE ( 'NONE', #529, 16.39999999999999858 ) ;
#242 = DIRECTION ( 'NONE',  ( -1.000000000000000000, 0.000000000000000000, 0.000000000000000000 ) ) ;
#243 = AXIS2_PLACEMENT_3D ( 'NONE', #1153, #3303, #409 ) ;
#244 = FACE_OUTER_BOUND ( 'NONE', #3221, .T. ) ;
#245 = SURFACE_SIDE_STYLE ('',( #3467 ) ) ;
#246 =( LENGTH_UNIT ( ) NAMED_UNIT ( * ) SI_UNIT ( .MILLI., .METRE. ) );
#247 = ORIENTED_EDGE ( 'NONE', *, *, #2791, .F. ) ;
#248 = EDGE_LOOP ( 'NONE', ( #4453, #454 ) ) ;
#249 = EDGE_CURVE ( 'NONE', #3093, #450, #3125, .T. ) ;
#250 = UNCERTAINTY_MEASURE_WITH_UNIT (LENGTH_MEASURE( 1.000000000000000082E-05 ), #4359, 'distance_accuracy_value', 'NONE');
#251 = AXIS2_PLACEMENT_3D ( 'NONE', #2583, #4397, #1097 ) ;
#252 = EDGE_CURVE ( 'NONE', #535, #452, #253, .T. ) ;
#253 = LINE ( 'NONE', #3190, #721 ) ;
#254 = DIRECTION ( 'NONE',  ( -1.000000000000000000, -0.000000000000000000, -0.000000000000000000 ) ) ;
#255 = ORIENTED_EDGE ( 'NONE', *, *, #1856, .F. ) ;
#256 = AXIS2_PLACEMENT_3D ( 'NONE', #3458, #979, #3477 ) ;
#257 = EDGE_CURVE ( 'NONE', #3649, #1420, #701, .T. ) ;
#258 = ADVANCED_FACE ( 'NONE', ( #4568 ), #1325, .T. ) ;
#259 = ORIENTED_EDGE ( 'NONE', *, *, #2012, .F. ) ;
#261 = DIRECTION ( 'NONE',  ( 1.000000000000000000, -0.000000000000000000, -0.000000000000000000 ) ) ;
#260 = AXIS2_PLACEMENT_3D ( 'NONE', #1360, #1339, #2504 ) ;
#262 = VERTEX_POINT ( 'NONE', #2849 ) ;
#263 = AXIS2_PLACEMENT_3D ( 'NONE', #361, #2877, #730 ) ;
#264 = DIRECTION ( 'NONE',  ( -1.000000000000000000, -0.000000000000000000, -0.000000000000000000 ) ) ;
#265 = ORIENTED_EDGE ( 'NONE', *, *, #2271, .F. ) ;
#266 = PRESENTATION_LAYER_ASSIGNMENT (  '', '', ( #2438 ) ) ;
#267 = VECTOR ( 'NONE', #1195, 1000.000000000000000 ) ;
#268 =( NAMED_UNIT ( * ) PLANE_ANGLE_UNIT ( ) SI_UNIT ( $, .RADIAN. ) );
#269 =( GEOMETRIC_REPRESENTATION_CONTEXT ( 3 ) GLOBAL_UNCERTAINTY_ASSIGNED_CONTEXT ( ( #511 ) ) GLOBAL_UNIT_ASSIGNED_CONTEXT ( ( #3968, #53, #407 ) ) REPRESENTATION_CONTEXT ( 'NONE', 'WORKASPACE' ) );
#270 =( NAMED_UNIT ( * ) PLANE_ANGLE_UNIT ( ) SI_UNIT ( $, .RADIAN. ) );
#271 = CARTESIAN_POINT ( 'NONE',  ( 2.000000000000000000, 8.784326673973657407, -13.11490010960491226 ) ) ;
#272 = CIRCLE ( 'NONE', #650, 16.39999999999999858 ) ;
#273 = CARTESIAN_POINT ( 'NONE',  ( 0.000000000000000000, -15.25000000000000000, 0.2500000000000002220 ) ) ;
#274 = CIRCLE ( 'NONE', #2912, 2.000000000000000000 ) ;
#275 = MECHANICAL_DESIGN_GEOMETRIC_PRESENTATION_REPRESENTATION (  '', ( #2071 ), #2832 ) ;
#276 = EDGE_LOOP ( 'NONE', ( #1870, #4563, #2090, #616 ) ) ;
#277 = ORIENTED_EDGE ( 'NONE', *, *, #300, .T. ) ;
#278 = AXIS2_PLACEMENT_3D ( 'NONE', #2478, #332, #1110 ) ;
#279 = DIRECTION ( 'NONE',  ( 0.000000000000000000, 0.000000000000000000, 1.000000000000000000 ) ) ;
#280 = DIRECTION ( 'NONE',  ( 1.000000000000000000, 0.000000000000000000, -0.000000000000000000 ) ) ;
#281 = DIRECTION ( 'NONE',  ( 1.000000000000000000, 0.000000000000000000, -0.000000000000000000 ) ) ;
#282 = ORIENTED_EDGE ( 'NONE', *, *, #4634, .T. ) ;
#283 = AXIS2_PLACEMENT_3D ( 'NONE', #2472, #1401, #90 ) ;
#284 = EDGE_LOOP ( 'NONE', ( #1257, #4404, #21, #3786 ) ) ;
#285 = VECTOR ( 'NONE', #2435, 1000.000000000000000 ) ;
#286 = DIRECTION ( 'NONE',  ( 0.000000000000000000, 0.000000000000000000, -1.000000000000000000 ) ) ;
#287 = LINE ( 'NONE', #2112, #2439 ) ;
#288 = FACE_OUTER_BOUND ( 'NONE', #3172, .T. ) ;
#289 = COLOUR_RGB ( '',0.8000000000000000444, 0.8078431372549019773, 0.8000000000000000444 ) ;
#290 = PRESENTATION_LAYER_ASSIGNMENT (  '', '', ( #1193 ) ) ;
#291 = ORIENTED_EDGE ( 'NONE', *, *, #2378, .T. ) ;
#292 = CARTESIAN_POINT ( 'NONE',  ( 56.20000000000000284, 0.000000000000000000, 0.000000000000000000 ) ) ;
#293 = AXIS2_PLACEMENT_3D ( 'NONE', #1210, #2605, #3358 ) ;
#294 = CARTESIAN_POINT ( 'NONE',  ( 2.000000000000000000, -15.75000000000000000, 0.2500000000000002220 ) ) ;
#295 = DIRECTION ( 'NONE',  ( -1.000000000000000000, -0.000000000000000000, -0.000000000000000000 ) ) ;
#296 = PRESENTATION_STYLE_ASSIGNMENT (( #988 ) ) ;
#297 = FACE_OUTER_BOUND ( 'NONE', #2161, .T. ) ;
#298 = ORIENTED_EDGE ( 'NONE', *, *, #2062, .F. ) ;
#299 = ORIENTED_EDGE ( 'NONE', *, *, #2408, .F. ) ;
#300 = EDGE_CURVE ( 'NONE', #2176, #982, #2130, .T. ) ;
#301 = SURFACE_STYLE_USAGE ( .BOTH. , #3524 ) ;
#302 = CARTESIAN_POINT ( 'NONE',  ( 44.50000000000000000, -9.300000000000000711, 0.000000000000000000 ) ) ;
#303 = FACE_OUTER_BOUND ( 'NONE', #1102, .T. ) ;
#304 = ORIENTED_EDGE ( 'NONE', *, *, #3734, .F. ) ;
#305 = VERTEX_POINT ( 'NONE', #1700 ) ;
#306 = CARTESIAN_POINT ( 'NONE',  ( 56.20000000000000284, 9.300000000000000711, 13.50814569065643234 ) ) ;
#307 = CARTESIAN_POINT ( 'NONE',  ( 20.49999999999999645, 0.000000000000000000, -17.30000000000000071 ) ) ;
#308 = DIRECTION ( 'NONE',  ( -0.000000000000000000, -1.000000000000000000, -0.000000000000000000 ) ) ;
#309 = EDGE_CURVE ( 'NONE', #1461, #4609, #3926, .T. ) ;
#310 = ORIENTED_EDGE ( 'NONE', *, *, #2516, .F. ) ;
#311 = FILL_AREA_STYLE_COLOUR ( '', #1908 ) ;
#312 = EDGE_CURVE ( 'NONE', #1494, #3978, #4302, .T. ) ;
#313 = CARTESIAN_POINT ( 'NONE',  ( 46.69999999999999574, 8.750000000000000000, 8.500000000000001776 ) ) ;
#314 = EDGE_CURVE ( 'NONE', #1891, #3663, #3502, .T. ) ;
#315 = DIRECTION ( 'NONE',  ( 0.000000000000000000, -0.000000000000000000, -1.000000000000000000 ) ) ;
#316 = FILL_AREA_STYLE_COLOUR ( '', #4182 ) ;
#317 = ORIENTED_EDGE ( 'NONE', *, *, #4123, .F. ) ;
#318 = ORIENTED_EDGE ( 'NONE', *, *, #104, .F. ) ;
#319 = DIRECTION ( 'NONE',  ( 0.000000000000000000, 0.000000000000000000, -1.000000000000000000 ) ) ;
#320 = CARTESIAN_POINT ( 'NONE',  ( 50.89999999999999147, -8.750000000000000000, 15.70000000000000284 ) ) ;
#321 = SURFACE_STYLE_USAGE ( .BOTH. , #1045 ) ;
#322 = ORIENTED_EDGE ( 'NONE', *, *, #1223, .T. ) ;
#323 = ORIENTED_EDGE ( 'NONE', *, *, #4024, .T. ) ;
#324 = CARTESIAN_POINT ( 'NONE',  ( 2.000000000000000000, 8.534326673973657407, -12.68188740771269352 ) ) ;
#325 = LINE ( 'NONE', #4648, #4410 ) ;
#326 = AXIS2_PLACEMENT_3D ( 'NONE', #3778, #908, #179 ) ;
#327 = PRESENTATION_STYLE_ASSIGNMENT (( #2143 ) ) ;
#328 = CARTESIAN_POINT ( 'NONE',  ( 0.000000000000000000, -15.50000000000000000, -8.673617379884035472E-16 ) ) ;
#329 = ORIENTED_EDGE ( 'NONE', *, *, #1230, .T. ) ;
#330 = VECTOR ( 'NONE', #1884, 1000.000000000000227 ) ;
#331 = ORIENTED_EDGE ( 'NONE', *, *, #2839, .T. ) ;
#332 = DIRECTION ( 'NONE',  ( -0.000000000000000000, 0.000000000000000000, -1.000000000000000000 ) ) ;
#333 = ADVANCED_FACE ( 'NONE', ( #2058 ), #4215, .T. ) ;
#334 =( GEOMETRIC_REPRESENTATION_CONTEXT ( 3 ) GLOBAL_UNCERTAINTY_ASSIGNED_CONTEXT ( ( #834 ) ) GLOBAL_UNIT_ASSIGNED_CONTEXT ( ( #2158, #1411, #2505 ) ) REPRESENTATION_CONTEXT ( 'NONE', 'WORKASPACE' ) );
#335 = VECTOR ( 'NONE', #2600, 1000.000000000000000 ) ;
#336 = EDGE_CURVE ( 'NONE', #3104, #1468, #3359, .T. ) ;
#337 = CARTESIAN_POINT ( 'NONE',  ( 0.2000000000000000111, -15.50000000000000000, 1.299999999999999156 ) ) ;
#338 = FACE_OUTER_BOUND ( 'NONE', #2020, .T. ) ;
#339 = EDGE_CURVE ( 'NONE', #1239, #164, #4607, .T. ) ;
#340 = VECTOR ( 'NONE', #4406, 1000.000000000000000 ) ;
#341 = EDGE_CURVE ( 'NONE', #1642, #1679, #1022, .T. ) ;
#342 = EDGE_CURVE ( 'NONE', #2998, #1302, #1721, .T. ) ;
#343 = CARTESIAN_POINT ( 'NONE',  ( 20.49999999999999645, 0.000000000000000000, 18.30000000000000071 ) ) ;
#344 = FILL_AREA_STYLE ('',( #1817 ) ) ;
#345 = EDGE_LOOP ( 'NONE', ( #3897, #3426 ) ) ;
#346 = CIRCLE ( 'NONE', #2988, 15.89999999999999680 ) ;
#347 = COLOUR_RGB ( '',0.8941176470588234615, 0.9137254901960784048, 0.9294117647058823817 ) ;
#348 = ORIENTED_EDGE ( 'NONE', *, *, #4227, .T. ) ;
#349 = AXIS2_PLACEMENT_3D ( 'NONE', #1830, #3270, #50 ) ;
#350 = AXIS2_PLACEMENT_3D ( 'NONE', #473, #526, #213 ) ;
#351 = PRESENTATION_STYLE_ASSIGNMENT (( #2085 ) ) ;
#352 = CARTESIAN_POINT ( 'NONE',  ( 46.69999999999999574, 8.750000000000000000, 15.70000000000000284 ) ) ;
#353 = CARTESIAN_POINT ( 'NONE',  ( 47.50000000000000000, -7.950000000000000178, 10.90000000000000391 ) ) ;
#354 = ORIENTED_EDGE ( 'NONE', *, *, #746, .T. ) ;
#355 = ORIENTED_EDGE ( 'NONE', *, *, #3601, .F. ) ;
#356 = MECHANICAL_DESIGN_GEOMETRIC_PRESENTATION_REPRESENTATION (  '', ( #4185 ), #3062 ) ;
#357 = ORIENTED_EDGE ( 'NONE', *, *, #1496, .F. ) ;
#358 = FILL_AREA_STYLE ('',( #1422 ) ) ;
#359 = AXIS2_PLACEMENT_3D ( 'NONE', #4037, #408, #4368 ) ;
#360 = CARTESIAN_POINT ( 'NONE',  ( 0.000000000000000000, 7.658493649053896846, 13.76490010960490729 ) ) ;
#361 = CARTESIAN_POINT ( 'NONE',  ( 44.00000000000000000, 0.000000000000000000, 0.000000000000000000 ) ) ;
#362 = ORIENTED_EDGE ( 'NONE', *, *, #204, .F. ) ;
#363 = EDGE_CURVE ( 'NONE', #4587, #3344, #2822, .T. ) ;
#364 = AXIS2_PLACEMENT_3D ( 'NONE', #2216, #1828, #3242 ) ;
#365 = FILL_AREA_STYLE_COLOUR ( '', #3753 ) ;
#366 = VERTEX_POINT ( 'NONE', #320 ) ;
#367 = CARTESIAN_POINT ( 'NONE',  ( 0.000000000000000000, 7.408493649053896846, 13.33188740771268677 ) ) ;
#368 = DIRECTION ( 'NONE',  ( 0.000000000000000000, 1.000000000000000000, 1.224646799147353207E-16 ) ) ;
#369 = DIRECTION ( 'NONE',  ( -1.000000000000000000, 0.000000000000000000, 0.000000000000000000 ) ) ;
#370 = CARTESIAN_POINT ( 'NONE',  ( 0.000000000000000000, 7.441506350946108128, -12.38906708468514140 ) ) ;
#371 = UNCERTAINTY_MEASURE_WITH_UNIT (LENGTH_MEASURE( 1.000000000000000082E-05 ), #3282, 'distance_accuracy_value', 'NONE');
#372 =( GEOMETRIC_REPRESENTATION_CONTEXT ( 3 ) GLOBAL_UNCERTAINTY_ASSIGNED_CONTEXT ( ( #412 ) ) GLOBAL_UNIT_ASSIGNED_CONTEXT ( ( #246, #3494, #1341 ) ) REPRESENTATION_CONTEXT ( 'NONE', 'WORKASPACE' ) );
#373 = DIRECTION ( 'NONE',  ( 0.000000000000000000, 0.8660254037844380415, -0.5000000000000009992 ) ) ;
#374 = ORIENTED_EDGE ( 'NONE', *, *, #342, .F. ) ;
#375 = ORIENTED_EDGE ( 'NONE', *, *, #603, .F. ) ;
#376 = SURFACE_STYLE_USAGE ( .BOTH. , #3951 ) ;
#377 = VERTEX_POINT ( 'NONE', #1773 ) ;
#378 = ORIENTED_EDGE ( 'NONE', *, *, #3485, .F. ) ;
#379 = CARTESIAN_POINT ( 'NONE',  ( 2.000000000000000000, -15.50000000000000000, -1.500000000000000888 ) ) ;
#380 = FACE_OUTER_BOUND ( 'NONE', #4055, .T. ) ;
#381 = DIRECTION ( 'NONE',  ( -1.000000000000000000, -0.000000000000000000, -0.000000000000000000 ) ) ;
#382 = ORIENTED_EDGE ( 'NONE', *, *, #2626, .F. ) ;
#383 = FILL_AREA_STYLE ('',( #1426 ) ) ;
#384 = ORIENTED_EDGE ( 'NONE', *, *, #3790, .F. ) ;
#385 = DIRECTION ( 'NONE',  ( 0.000000000000000000, 0.000000000000000000, -1.000000000000000000 ) ) ;
#386 = SURFACE_SIDE_STYLE ('',( #2908 ) ) ;
#387 = CARTESIAN_POINT ( 'NONE',  ( 6.000000000000000000, 13.42339375865881657, -7.749999999999968914 ) ) ;
#388 = DIRECTION ( 'NONE',  ( 0.000000000000000000, 0.000000000000000000, -1.000000000000000000 ) ) ;
#389 = DIRECTION ( 'NONE',  ( 0.000000000000000000, 0.000000000000000000, 1.000000000000000000 ) ) ;
#390 = SURFACE_SIDE_STYLE ('',( #1457 ) ) ;
#391 = CARTESIAN_POINT ( 'NONE',  ( -6.000000000000000000, 7.000000000000000000, 0.000000000000000000 ) ) ;
#392 = VERTEX_POINT ( 'NONE', #4671 ) ;
#393 = ORIENTED_EDGE ( 'NONE', *, *, #4003, .F. ) ;
#394 = CARTESIAN_POINT ( 'NONE',  ( 0.000000000000000000, 7.008493649053896490, 12.63906708468513784 ) ) ;
#395 = CARTESIAN_POINT ( 'NONE',  ( 2.000000000000000000, 7.658493649053887076, -13.76490010960491261 ) ) ;
#396 = ORIENTED_EDGE ( 'NONE', *, *, #3652, .F. ) ;
#397 = EDGE_CURVE ( 'NONE', #1370, #2736, #1416, .T. ) ;
#398 = EDGE_CURVE ( 'NONE', #1262, #2874, #2310, .T. ) ;
#399 = ORIENTED_EDGE ( 'NONE', *, *, #195, .T. ) ;
#400 = EDGE_CURVE ( 'NONE', #456, #1823, #274, .T. ) ;
#401 = AXIS2_PLACEMENT_3D ( 'NONE', #2452, #4208, #2407 ) ;
#402 = CARTESIAN_POINT ( 'NONE',  ( 0.000000000000000000, -15.25000000000000000, 1.050000000000000044 ) ) ;
#403 = EDGE_CURVE ( 'NONE', #1184, #3707, #4426, .T. ) ;
#404 = LINE ( 'NONE', #3960, #3510 ) ;
#405 = ADVANCED_FACE ( 'NONE', ( #14 ), #1492, .T. ) ;
#406 = VECTOR ( 'NONE', #4140, 1000.000000000000000 ) ;
#407 =( NAMED_UNIT ( * ) SI_UNIT ( $, .STERADIAN. ) SOLID_ANGLE_UNIT ( ) );
#408 = DIRECTION ( 'NONE',  ( 0.000000000000000000, 0.8660254037844380415, -0.5000000000000009992 ) ) ;
#409 = DIRECTION ( 'NONE',  ( 0.000000000000000000, 0.000000000000000000, -1.000000000000000000 ) ) ;
#410 = CARTESIAN_POINT ( 'NONE',  ( 52.50000000000000000, 8.750000000000000000, 15.70000000000000284 ) ) ;
#411 = STYLED_ITEM ( 'NONE', ( #1398 ), #1978 ) ;
#412 = UNCERTAINTY_MEASURE_WITH_UNIT (LENGTH_MEASURE( 1.000000000000000082E-05 ), #246, 'distance_accuracy_value', 'NONE');
#413 = CARTESIAN_POINT ( 'NONE',  ( 0.000000000000000000, 13.42339375865876505, 9.250000000000063949 ) ) ;
#414 = AXIS2_PLACEMENT_3D ( 'NONE', #3492, #1410, #695 ) ;
#415 = AXIS2_PLACEMENT_3D ( 'NONE', #4387, #3675, #3749 ) ;
#416 = FACE_OUTER_BOUND ( 'NONE', #2437, .T. ) ;
#417 = ORIENTED_EDGE ( 'NONE', *, *, #342, .T. ) ;
#418 = ORIENTED_EDGE ( 'NONE', *, *, #2471, .T. ) ;
#419 = AXIS2_PLACEMENT_3D ( 'NONE', #2295, #3802, #2030 ) ;
#420 = SURFACE_SIDE_STYLE ('',( #3798 ) ) ;
#421 = LINE ( 'NONE', #65, #2510 ) ;
#422 = COLOUR_RGB ( '',0.2039215686274509776, 0.2039215686274509776, 0.2039215686274509776 ) ;
#423 = PRESENTATION_LAYER_ASSIGNMENT (  '', '', ( #1607 ) ) ;
#424 = CARTESIAN_POINT ( 'NONE',  ( 2.000000000000000000, 6.715673326026347034, 13.73188740771268712 ) ) ;
#425 = ORIENTED_EDGE ( 'NONE', *, *, #1175, .T. ) ;
#426 = ORIENTED_EDGE ( 'NONE', *, *, #4084, .F. ) ;
#427 = PRESENTATION_LAYER_ASSIGNMENT (  '', '', ( #1095 ) ) ;
#428 = VECTOR ( 'NONE', #2229, 1000.000000000000000 ) ;
#429 = DIRECTION ( 'NONE',  ( 0.000000000000000000, 0.000000000000000000, -1.000000000000000000 ) ) ;
#430 = PRESENTATION_STYLE_ASSIGNMENT (( #2950 ) ) ;
#431 = ORIENTED_EDGE ( 'NONE', *, *, #3932, .F. ) ;
#432 = AXIS2_PLACEMENT_3D ( 'NONE', #1474, #2433, #3473 ) ;
#433 = AXIS2_PLACEMENT_3D ( 'NONE', #4246, #4224, #711 ) ;
#434 = ORIENTED_EDGE ( 'NONE', *, *, #1864, .F. ) ;
#435 = SURFACE_STYLE_USAGE ( .BOTH. , #3964 ) ;
#436 = VECTOR ( 'NONE', #1451, 1000.000000000000000 ) ;
#437 = SURFACE_STYLE_USAGE ( .BOTH. , #2881 ) ;
#438 = ADVANCED_FACE ( 'NONE', ( #3234 ), #1889, .T. ) ;
#439 = FACE_OUTER_BOUND ( 'NONE', #3995, .T. ) ;
#440 = DIRECTION ( 'NONE',  ( 0.000000000000000000, 0.000000000000000000, -1.000000000000000000 ) ) ;
#441 = VECTOR ( 'NONE', #2108, 1000.000000000000000 ) ;
#442 = DIRECTION ( 'NONE',  ( 0.000000000000000000, 1.000000000000000000, -1.224646799147353207E-16 ) ) ;
#443 =( NAMED_UNIT ( * ) PLANE_ANGLE_UNIT ( ) SI_UNIT ( $, .RADIAN. ) );
#444 = ORIENTED_EDGE ( 'NONE', *, *, #2866, .T. ) ;
#445 = VERTEX_POINT ( 'NONE', #2206 ) ;
#446 = STYLED_ITEM ( 'NONE', ( #2701 ), #4565 ) ;
#447 = CARTESIAN_POINT ( 'NONE',  ( 0.000000000000000000, -13.42339375865886986, 9.249999999999875655 ) ) ;
#448 = CARTESIAN_POINT ( 'NONE',  ( 0.5000000000000000000, 7.000000000000001776, 0.000000000000000000 ) ) ;
#449 = SURFACE_STYLE_USAGE ( .BOTH. , #795 ) ;
#450 = VERTEX_POINT ( 'NONE', #2256 ) ;
#451 = EDGE_CURVE ( 'NONE', #161, #1061, #48, .T. ) ;
#452 = VERTEX_POINT ( 'NONE', #4330 ) ;
#453 = CYLINDRICAL_SURFACE ( 'NONE', #1854, 2.000000000000000000 ) ;
#454 = ORIENTED_EDGE ( 'NONE', *, *, #2409, .T. ) ;
#455 = CARTESIAN_POINT ( 'NONE',  ( 0.2000000000000000111, 7.749999999999998224, -12.12339375865879987 ) ) ;
#456 = VERTEX_POINT ( 'NONE', #42 ) ;
#457 = LINE ( 'NONE', #2572, #3143 ) ;
#458 = CARTESIAN_POINT ( 'NONE',  ( 6.000000000000000000, 0.000000000000000000, 15.50000000000000000 ) ) ;
#459 = DIRECTION ( 'NONE',  ( -1.000000000000000000, 0.000000000000000000, 0.000000000000000000 ) ) ;
#460 = SURFACE_STYLE_USAGE ( .BOTH. , #3679 ) ;
#461 = LINE ( 'NONE', #3630, #1531 ) ;
#462 = ADVANCED_FACE ( 'NONE', ( #4381 ), #2584, .T. ) ;
#463 = UNCERTAINTY_MEASURE_WITH_UNIT (LENGTH_MEASURE( 1.000000000000000082E-05 ), #1584, 'distance_accuracy_value', 'NONE');
#464 = ADVANCED_FACE ( 'NONE', ( #3316 ), #2238, .T. ) ;
#465 = LINE ( 'NONE', #787, #428 ) ;
#466 = PLANE ( 'NONE',  #3443 ) ;
#467 = EDGE_CURVE ( 'NONE', #173, #2895, #1547, .T. ) ;
#468 = ORIENTED_EDGE ( 'NONE', *, *, #1419, .T. ) ;
#469 =( NAMED_UNIT ( * ) PLANE_ANGLE_UNIT ( ) SI_UNIT ( $, .RADIAN. ) );
#470 = PLANE ( 'NONE',  #49 ) ;
#471 = ORIENTED_EDGE ( 'NONE', *, *, #4668, .T. ) ;
#472 = ORIENTED_EDGE ( 'NONE', *, *, #2769, .F. ) ;
#473 = CARTESIAN_POINT ( 'NONE',  ( 50.89999999999999147, 8.750000000000000000, 15.70000000000000284 ) ) ;
#474 = LINE ( 'NONE', #3624, #1249 ) ;
#475 = ORIENTED_EDGE ( 'NONE', *, *, #51, .F. ) ;
#476 = ORIENTED_EDGE ( 'NONE', *, *, #4515, .T. ) ;
#477 = LINE ( 'NONE', #3083, #2972 ) ;
#478 = FACE_OUTER_BOUND ( 'NONE', #703, .T. ) ;
#479 = CARTESIAN_POINT ( 'NONE',  ( 0.000000000000000000, -15.50000000000000000, -2.000000000000000888 ) ) ;
#480 =( LENGTH_UNIT ( ) NAMED_UNIT ( * ) SI_UNIT ( .MILLI., .METRE. ) );
#481 = EDGE_CURVE ( 'NONE', #4501, #982, #1539, .T. ) ;
#482 = SURFACE_STYLE_FILL_AREA ( #4418 ) ;
#483 =( LENGTH_UNIT ( ) NAMED_UNIT ( * ) SI_UNIT ( .MILLI., .METRE. ) );
#484 = VECTOR ( 'NONE', #1317, 1000.000000000000000 ) ;
#485 = EDGE_CURVE ( 'NONE', #4642, #4254, #1089, .T. ) ;
#486 = ORIENTED_EDGE ( 'NONE', *, *, #3306, .F. ) ;
#487 = AXIS2_PLACEMENT_3D ( 'NONE', #273, #2809, #315 ) ;
#488 = DIRECTION ( 'NONE',  ( 0.000000000000000000, 0.000000000000000000, 1.000000000000000000 ) ) ;
#489 = STYLED_ITEM ( 'NONE', ( #1031 ), #1132 ) ;
#490 = CARTESIAN_POINT ( 'NONE',  ( 44.50000000000000000, 0.000000000000000000, 0.000000000000000000 ) ) ;
#491 = CARTESIAN_POINT ( 'NONE',  ( -6.000000000000000000, 7.000000000000000000, 0.000000000000000000 ) ) ;
#492 = FILL_AREA_STYLE_COLOUR ( '', #2015 ) ;
#493 = ORIENTED_EDGE ( 'NONE', *, *, #4493, .F. ) ;
#494 = AXIS2_PLACEMENT_3D ( 'NONE', #2675, #3755, #534 ) ;
#495 = AXIS2_PLACEMENT_3D ( 'NONE', #3519, #1318, #3853 ) ;
#496 = VERTEX_POINT ( 'NONE', #584 ) ;
#497 = AXIS2_PLACEMENT_3D ( 'NONE', #3667, #1167, #4052 ) ;
#498 = DIRECTION ( 'NONE',  ( 1.000000000000000000, 0.000000000000000000, 0.000000000000000000 ) ) ;
#499 = AXIS2_PLACEMENT_3D ( 'NONE', #1999, #4529, #1551 ) ;
#500 = PLANE ( 'NONE',  #2243 ) ;
#501 = ORIENTED_EDGE ( 'NONE', *, *, #2319, .F. ) ;
#502 = ORIENTED_EDGE ( 'NONE', *, *, #1814, .F. ) ;
#503 = VECTOR ( 'NONE', #1199, 1000.000000000000000 ) ;
#504 = DIRECTION ( 'NONE',  ( -0.000000000000000000, 1.000000000000000000, -0.000000000000000000 ) ) ;
#505 = FILL_AREA_STYLE ('',( #167 ) ) ;
#506 = CIRCLE ( 'NONE', #1925, 15.89999999999999680 ) ;
#507 = FACE_OUTER_BOUND ( 'NONE', #4244, .T. ) ;
#508 = EDGE_CURVE ( 'NONE', #4300, #1951, #3811, .T. ) ;
#509 = LINE ( 'NONE', #3008, #3722 ) ;
#510 = VECTOR ( 'NONE', #779, 1000.000000000000000 ) ;
#511 = UNCERTAINTY_MEASURE_WITH_UNIT (LENGTH_MEASURE( 1.000000000000000082E-05 ), #3968, 'distance_accuracy_value', 'NONE');
#512 = PRESENTATION_STYLE_ASSIGNMENT (( #3378 ) ) ;
#513 = STYLED_ITEM ( 'NONE', ( #430 ), #3888 ) ;
#514 = LINE ( 'NONE', #4066, #3224 ) ;
#515 = CARTESIAN_POINT ( 'NONE',  ( 50.89999999999999147, 8.750000000000000000, 12.20000000000000284 ) ) ;
#516 = ORIENTED_EDGE ( 'NONE', *, *, #2025, .T. ) ;
#517 = DIRECTION ( 'NONE',  ( -0.000000000000000000, 0.000000000000000000, -1.000000000000000000 ) ) ;
#518 = FILL_AREA_STYLE ('',( #3638 ) ) ;
#519 = VECTOR ( 'NONE', #649, 1000.000000000000000 ) ;
#520 = CARTESIAN_POINT ( 'NONE',  ( 0.000000000000000000, 7.658493649053896846, 13.76490010960490729 ) ) ;
#521 = CARTESIAN_POINT ( 'NONE',  ( 44.50000000000000000, -9.300000000000000711, 8.500000000000000000 ) ) ;
#522 = ORIENTED_EDGE ( 'NONE', *, *, #2941, .F. ) ;
#523 = CIRCLE ( 'NONE', #1111, 16.39999999999999858 ) ;
#524 = ORIENTED_EDGE ( 'NONE', *, *, #3532, .F. ) ;
#525 = AXIS2_PLACEMENT_3D ( 'NONE', #1150, #4411, #94 ) ;
#526 = DIRECTION ( 'NONE',  ( -1.000000000000000000, 0.000000000000000000, 0.000000000000000000 ) ) ;
#527 = DIRECTION ( 'NONE',  ( -1.000000000000000000, 0.000000000000000000, 0.000000000000000000 ) ) ;
#528 = ORIENTED_EDGE ( 'NONE', *, *, #2702, .F. ) ;
#529 = AXIS2_PLACEMENT_3D ( 'NONE', #2045, #1641, #1337 ) ;
#530 = ADVANCED_FACE ( 'NONE', ( #4070 ), #3779, .T. ) ;
#531 = CARTESIAN_POINT ( 'NONE',  ( 0.000000000000000000, -14.45000000000000107, -0.2500000000000002220 ) ) ;
#532 =( NAMED_UNIT ( * ) PLANE_ANGLE_UNIT ( ) SI_UNIT ( $, .RADIAN. ) );
#533 = PRESENTATION_STYLE_ASSIGNMENT (( #1810 ) ) ;
#534 = DIRECTION ( 'NONE',  ( 0.000000000000000000, 0.000000000000000000, 1.000000000000000000 ) ) ;
#535 = VERTEX_POINT ( 'NONE', #3739 ) ;
#536 = AXIS2_PLACEMENT_3D ( 'NONE', #3357, #3011, #3806 ) ;
#537 =( LENGTH_UNIT ( ) NAMED_UNIT ( * ) SI_UNIT ( .MILLI., .METRE. ) );
#538 = CARTESIAN_POINT ( 'NONE',  ( 2.000000000000000000, 6.965673326026335488, -14.16490010960491119 ) ) ;
#539 = CARTESIAN_POINT ( 'NONE',  ( 2.000000000000000000, -15.25000000000000000, 0.2500000000000002220 ) ) ;
#540 = FILL_AREA_STYLE_COLOUR ( '', #2899 ) ;
#541 = CARTESIAN_POINT ( 'NONE',  ( 6.000000000000000000, -13.42339375865870998, -7.750000000000157208 ) ) ;
#542 = ORIENTED_EDGE ( 'NONE', *, *, #704, .F. ) ;
#543 = VERTEX_POINT ( 'NONE', #559 ) ;
#544 = EDGE_CURVE ( 'NONE', #3321, #44, #2726, .T. ) ;
#545 = EDGE_CURVE ( 'NONE', #612, #916, #208, .T. ) ;
#546 = PLANE ( 'NONE',  #2305 ) ;
#547 = DIRECTION ( 'NONE',  ( 0.000000000000000000, 0.000000000000000000, 1.000000000000000000 ) ) ;
#548 = ORIENTED_EDGE ( 'NONE', *, *, #3050, .T. ) ;
#549 = EDGE_LOOP ( 'NONE', ( #501, #4526, #2126, #3253 ) ) ;
#550 = ADVANCED_FACE ( 'NONE', ( #1215 ), #182, .T. ) ;
#551 = EDGE_CURVE ( 'NONE', #2546, #2429, #1305, .T. ) ;
#552 = DIRECTION ( 'NONE',  ( -1.000000000000000000, 0.000000000000000000, 0.000000000000000000 ) ) ;
#553 = DIRECTION ( 'NONE',  ( 0.000000000000000000, 0.000000000000000000, -1.000000000000000000 ) ) ;
#554 = CARTESIAN_POINT ( 'NONE',  ( 20.49999999999999645, 2.118638962524921140E-15, 17.30000000000000071 ) ) ;
#555 = VECTOR ( 'NONE', #580, 1000.000000000000000 ) ;
#556 = DIRECTION ( 'NONE',  ( -0.000000000000000000, -0.3558417043170685745, 0.9345462436223923586 ) ) ;
#557 = DIRECTION ( 'NONE',  ( 0.000000000000000000, 0.000000000000000000, 1.000000000000000000 ) ) ;
#558 = FILL_AREA_STYLE ('',( #3118 ) ) ;
#559 = CARTESIAN_POINT ( 'NONE',  ( 0.000000000000000000, 7.000000000000001776, 10.00000000000000000 ) ) ;
#560 = SURFACE_STYLE_USAGE ( .BOTH. , #3386 ) ;
#561 = EDGE_LOOP ( 'NONE', ( #2824, #4277, #2474, #2746 ) ) ;
#562 = ORIENTED_EDGE ( 'NONE', *, *, #1121, .F. ) ;
#563 = VECTOR ( 'NONE', #3835, 1000.000000000000114 ) ;
#564 = VECTOR ( 'NONE', #3229, 1000.000000000000000 ) ;
#565 = AXIS2_PLACEMENT_3D ( 'NONE', #2288, #3373, #3955 ) ;
#566 = CARTESIAN_POINT ( 'NONE',  ( 51.69999999999999574, 8.750000000000000000, 15.70000000000000284 ) ) ;
#567 = ORIENTED_EDGE ( 'NONE', *, *, #1571, .T. ) ;
#568 = ORIENTED_EDGE ( 'NONE', *, *, #1691, .F. ) ;
#569 = STYLED_ITEM ( 'NONE', ( #512 ), #2275 ) ;
#570 = CARTESIAN_POINT ( 'NONE',  ( 2.000000000000000000, 7.749999999999999112, -13.42339375865880058 ) ) ;
#571 = DIRECTION ( 'NONE',  ( -1.000000000000000000, -0.000000000000000000, -0.000000000000000000 ) ) ;
#572 = DIRECTION ( 'NONE',  ( 0.000000000000000000, 0.000000000000000000, -1.000000000000000000 ) ) ;
#573 = VECTOR ( 'NONE', #2032, 1000.000000000000000 ) ;
#574 = AXIS2_PLACEMENT_3D ( 'NONE', #4155, #2721, #3795 ) ;
#575 = AXIS2_PLACEMENT_3D ( 'NONE', #3904, #1340, #4230 ) ;
#576 = DIRECTION ( 'NONE',  ( 0.000000000000000000, 1.000000000000000000, -1.224646799147353207E-16 ) ) ;
#577 = VECTOR ( 'NONE', #775, 1000.000000000000000 ) ;
#578 = VECTOR ( 'NONE', #2380, 1000.000000000000000 ) ;
#579 = LINE ( 'NONE', #3029, #3645 ) ;
#580 = DIRECTION ( 'NONE',  ( -1.000000000000000000, -0.000000000000000000, -0.000000000000000000 ) ) ;
#581 = FACE_OUTER_BOUND ( 'NONE', #3481, .T. ) ;
#582 =( NAMED_UNIT ( * ) SI_UNIT ( $, .STERADIAN. ) SOLID_ANGLE_UNIT ( ) );
#583 = STYLED_ITEM ( 'NONE', ( #327 ), #3770 ) ;
#584 = CARTESIAN_POINT ( 'NONE',  ( 0.000000000000000000, 7.441506350946116122, 12.38906708468513784 ) ) ;
#585 = SURFACE_SIDE_STYLE ('',( #3520 ) ) ;
#586 = EDGE_LOOP ( 'NONE', ( #190, #4261, #3674, #2660, #1920, #4332, #2729, #1726, #3956, #2518, #2492, #4543 ) ) ;
#587 = VERTEX_POINT ( 'NONE', #3092 ) ;
#588 = AXIS2_PLACEMENT_3D ( 'NONE', #2357, #3747, #1585 ) ;
#589 = APPLICATION_CONTEXT ( 'automotive_design' ) ;
#590 = UNCERTAINTY_MEASURE_WITH_UNIT (LENGTH_MEASURE( 1.000000000000000082E-05 ), #4020, 'distance_accuracy_value', 'NONE');
#591 = ADVANCED_FACE ( 'NONE', ( #4561 ), #2457, .T. ) ;
#592 =( NAMED_UNIT ( * ) PLANE_ANGLE_UNIT ( ) SI_UNIT ( $, .RADIAN. ) );
#593 = AXIS2_PLACEMENT_3D ( 'NONE', #702, #2823, #3842 ) ;
#594 = CARTESIAN_POINT ( 'NONE',  ( 0.000000000000000000, 7.008493649053896490, 12.63906708468513784 ) ) ;
#595 = EDGE_LOOP ( 'NONE', ( #2875, #2314, #1211, #3254 ) ) ;
#596 = COLOUR_RGB ( '',0.7960784313725489669, 0.8235294117647058432, 0.9372549019607843146 ) ;
#597 = FACE_OUTER_BOUND ( 'NONE', #248, .T. ) ;
#598 = CARTESIAN_POINT ( 'NONE',  ( 2.000000000000000000, -15.25000000000000000, 1.050000000000000044 ) ) ;
#599 = LINE ( 'NONE', #2028, #2077 ) ;
#600 = EDGE_LOOP ( 'NONE', ( #3184, #2436, #522, #2930, #1927, #2815, #804, #4234, #4237, #92, #3173, #725 ) ) ;
#601 = UNCERTAINTY_MEASURE_WITH_UNIT (LENGTH_MEASURE( 1.000000000000000082E-05 ), #61, 'distance_accuracy_value', 'NONE');
#602 = CARTESIAN_POINT ( 'NONE',  ( 6.000000000000000000, 13.42339375865881657, -9.249999999999969802 ) ) ;
#603 = EDGE_CURVE ( 'NONE', #1851, #1314, #3493, .T. ) ;
#604 = DIRECTION ( 'NONE',  ( -0.000000000000000000, -0.8660254037844390407, -0.4999999999999992228 ) ) ;
#605 = ORIENTED_EDGE ( 'NONE', *, *, #1277, .T. ) ;
#606 = ADVANCED_FACE ( 'NONE', ( #654 ), #971, .T. ) ;
#607 = PRESENTATION_LAYER_ASSIGNMENT (  '', '', ( #1203 ) ) ;
#608 = FILL_AREA_STYLE_COLOUR ( '', #4243 ) ;
#609 = EDGE_CURVE ( 'NONE', #2748, #2104, #3119, .T. ) ;
#610 = FILL_AREA_STYLE ('',( #3836 ) ) ;
#611 = ORIENTED_EDGE ( 'NONE', *, *, #3883, .F. ) ;
#612 = VERTEX_POINT ( 'NONE', #4602 ) ;
#613 = DIRECTION ( 'NONE',  ( -0.000000000000000000, -0.000000000000000000, 1.000000000000000000 ) ) ;
#614 = DIRECTION ( 'NONE',  ( 1.000000000000000000, -0.000000000000000000, -0.000000000000000000 ) ) ;
#615 = ORIENTED_EDGE ( 'NONE', *, *, #2409, .F. ) ;
#616 = ORIENTED_EDGE ( 'NONE', *, *, #1496, .T. ) ;
#617 = LINE ( 'NONE', #637, #100 ) ;
#618 =( NAMED_UNIT ( * ) PLANE_ANGLE_UNIT ( ) SI_UNIT ( $, .RADIAN. ) );
#619 = CARTESIAN_POINT ( 'NONE',  ( 0.000000000000000000, 7.408493649053887076, -13.33188740771269210 ) ) ;
#620 =( NAMED_UNIT ( * ) SI_UNIT ( $, .STERADIAN. ) SOLID_ANGLE_UNIT ( ) );
#621 = CARTESIAN_POINT ( 'NONE',  ( 6.000000000000000000, 13.42339375865876505, 9.250000000000063949 ) ) ;
#622 = TOROIDAL_SURFACE ( 'NONE', #174, 1.300000000000000044, 0.2000000000000000111 ) ;
#623 =( LENGTH_UNIT ( ) NAMED_UNIT ( * ) SI_UNIT ( .MILLI., .METRE. ) );
#624 = CARTESIAN_POINT ( 'NONE',  ( 2.000000000000000000, 7.008493649053896490, 12.63906708468513784 ) ) ;
#625 = CYLINDRICAL_SURFACE ( 'NONE', #3072, 12.30000000000000071 ) ;
#626 = VERTEX_POINT ( 'NONE', #3876 ) ;
#627 = ORIENTED_EDGE ( 'NONE', *, *, #1691, .T. ) ;
#628 = STYLED_ITEM ( 'NONE', ( #1267 ), #1436 ) ;
#629 = CARTESIAN_POINT ( 'NONE',  ( 44.50000000000000000, -9.300000000000000711, 18.50000000000000355 ) ) ;
#630 = DIRECTION ( 'NONE',  ( 0.000000000000000000, 0.000000000000000000, 1.000000000000000000 ) ) ;
#631 = DIRECTION ( 'NONE',  ( 0.000000000000000000, 0.000000000000000000, -1.000000000000000000 ) ) ;
#632 = ORIENTED_EDGE ( 'NONE', *, *, #1140, .F. ) ;
#633 = AXIS2_PLACEMENT_3D ( 'NONE', #1213, #2656, #4286 ) ;
#634 = CIRCLE ( 'NONE', #2602, 10.00000000000000000 ) ;
#635 = ORIENTED_EDGE ( 'NONE', *, *, #1143, .F. ) ;
#637 = CARTESIAN_POINT ( 'NONE',  ( 2.000000000000000000, 7.750000000000006217, 15.42339375865879880 ) ) ;
#636 = AXIS2_PLACEMENT_3D ( 'NONE', #1790, #1092, #2099 ) ;
#638 = VECTOR ( 'NONE', #168, 1000.000000000000000 ) ;
#639 = CARTESIAN_POINT ( 'NONE',  ( 0.000000000000000000, 8.091506350946106707, -13.51490010960491261 ) ) ;
#640 = CIRCLE ( 'NONE', #2599, 16.39999999999999858 ) ;
#641 = VECTOR ( 'NONE', #2542, 1000.000000000000000 ) ;
#642 = ORIENTED_EDGE ( 'NONE', *, *, #1194, .T. ) ;
#643 = AXIS2_PLACEMENT_3D ( 'NONE', #448, #2513, #4021 ) ;
#644 = FACE_OUTER_BOUND ( 'NONE', #3121, .T. ) ;
#645 = ORIENTED_EDGE ( 'NONE', *, *, #2623, .F. ) ;
#646 = VECTOR ( 'NONE', #2762, 1000.000000000000227 ) ;
#647 = DIRECTION ( 'NONE',  ( -0.000000000000000000, 1.000000000000000000, -0.000000000000000000 ) ) ;
#648 = ADVANCED_FACE ( 'NONE', ( #2048 ), #4398, .T. ) ;
#649 = DIRECTION ( 'NONE',  ( -0.000000000000000000, 1.000000000000000000, -0.000000000000000000 ) ) ;
#650 = AXIS2_PLACEMENT_3D ( 'NONE', #2312, #1966, #3784 ) ;
#651 = FACE_OUTER_BOUND ( 'NONE', #595, .T. ) ;
#652 = AXIS2_PLACEMENT_3D ( 'NONE', #2892, #794, #3257 ) ;
#653 = TOROIDAL_SURFACE ( 'NONE', #2687, 15.89999999999999680, 0.5000000000000000000 ) ;
#654 = FACE_OUTER_BOUND ( 'NONE', #2160, .T. ) ;
#655 = SURFACE_SIDE_STYLE ('',( #2776 ) ) ;
#656 = ORIENTED_EDGE ( 'NONE', *, *, #485, .F. ) ;
#657 = ORIENTED_EDGE ( 'NONE', *, *, #2338, .F. ) ;
#658 = CIRCLE ( 'NONE', #3281, 0.2000000000000005107 ) ;
#659 = LINE ( 'NONE', #3884, #3423 ) ;
#660 = DIRECTION ( 'NONE',  ( -0.000000000000000000, -1.000000000000000000, -0.000000000000000000 ) ) ;
#661 = DIRECTION ( 'NONE',  ( 0.000000000000000000, 0.000000000000000000, 1.000000000000000000 ) ) ;
#662 = ORIENTED_EDGE ( 'NONE', *, *, #467, .F. ) ;
#663 = ADVANCED_FACE ( 'NONE', ( #696 ), #2840, .T. ) ;
#664 = VECTOR ( 'NONE', #2665, 1000.000000000000000 ) ;
#665 = CARTESIAN_POINT ( 'NONE',  ( 0.000000000000000000, 1.506315562951244413E-15, -12.30000000000000071 ) ) ;
#666 = EDGE_CURVE ( 'NONE', #120, #1494, #634, .T. ) ;
#667 = STYLED_ITEM ( 'NONE', ( #1564 ), #4379 ) ;
#668 = DIRECTION ( 'NONE',  ( -0.000000000000000000, 0.8660254037844381525, -0.5000000000000008882 ) ) ;
#669 = ADVANCED_FACE ( 'NONE', ( #1735 ), #3183, .T. ) ;
#670 = DIRECTION ( 'NONE',  ( 0.000000000000000000, 0.000000000000000000, 1.000000000000000000 ) ) ;
#671 = ORIENTED_EDGE ( 'NONE', *, *, #2866, .F. ) ;
#672 = VERTEX_POINT ( 'NONE', #3564 ) ;
#673 = CARTESIAN_POINT ( 'NONE',  ( 0.000000000000000000, 7.749999999999998224, -13.42339375865880058 ) ) ;
#674 = CARTESIAN_POINT ( 'NONE',  ( 0.000000000000000000, 6.965673326026335488, -14.16490010960491119 ) ) ;
#675 = CARTESIAN_POINT ( 'NONE',  ( 56.20000000000000284, -9.300000000000000711, 13.50814569065643234 ) ) ;
#676 = FACE_OUTER_BOUND ( 'NONE', #1793, .T. ) ;
#677 = DIRECTION ( 'NONE',  ( 0.000000000000000000, 0.000000000000000000, 1.000000000000000000 ) ) ;
#678 = FILL_AREA_STYLE_COLOUR ( '', #1782 ) ;
#679 = ORIENTED_EDGE ( 'NONE', *, *, #4372, .T. ) ;
#680 = ORIENTED_EDGE ( 'NONE', *, *, #1761, .T. ) ;
#681 = LINE ( 'NONE', #2753, #2829 ) ;
#682 = CARTESIAN_POINT ( 'NONE',  ( 0.000000000000000000, 7.750000000000006217, 13.42339375865879703 ) ) ;
#683 = DIRECTION ( 'NONE',  ( -1.000000000000000000, -0.000000000000000000, -0.000000000000000000 ) ) ;
#684 = VERTEX_POINT ( 'NONE', #343 ) ;
#685 = ADVANCED_FACE ( 'NONE', ( #1765, #4189 ), #952, .T. ) ;
#686 = DIRECTION ( 'NONE',  ( -0.000000000000000000, 0.5000000000000002220, -0.8660254037844384856 ) ) ;
#687 = PLANE ( 'NONE',  #1392 ) ;
#688 = EDGE_CURVE ( 'NONE', #3566, #1560, #2579, .T. ) ;
#689 = ORIENTED_EDGE ( 'NONE', *, *, #2626, .T. ) ;
#690 = CARTESIAN_POINT ( 'NONE',  ( 0.000000000000000000, -15.75000000000000000, 0.2500000000000002220 ) ) ;
#691 = EDGE_CURVE ( 'NONE', #445, #3023, #3814, .T. ) ;
#692 = EDGE_CURVE ( 'NONE', #672, #4447, #1059, .T. ) ;
#693 = ORIENTED_EDGE ( 'NONE', *, *, #3397, .T. ) ;
#694 = FACE_OUTER_BOUND ( 'NONE', #984, .T. ) ;
#695 = DIRECTION ( 'NONE',  ( 0.000000000000000000, 0.000000000000000000, -1.000000000000000000 ) ) ;
#696 = FACE_OUTER_BOUND ( 'NONE', #2147, .T. ) ;
#697 = ORIENTED_EDGE ( 'NONE', *, *, #3047, .T. ) ;
#698 = ORIENTED_EDGE ( 'NONE', *, *, #3114, .T. ) ;
#699 = VECTOR ( 'NONE', #4533, 1000.000000000000000 ) ;
#700 = DIRECTION ( 'NONE',  ( 0.000000000000000000, 0.000000000000000000, -1.000000000000000000 ) ) ;
#701 = LINE ( 'NONE', #4640, #3731 ) ;
#702 = CARTESIAN_POINT ( 'NONE',  ( 6.000000000000000000, 13.42339375865881657, -7.749999999999968914 ) ) ;
#703 = EDGE_LOOP ( 'NONE', ( #1921, #689 ) ) ;
#704 = EDGE_CURVE ( 'NONE', #3719, #25, #4373, .T. ) ;
#705 = EDGE_LOOP ( 'NONE', ( #1895, #562, #680, #1062, #472 ) ) ;
#706 = DIRECTION ( 'NONE',  ( -1.000000000000000000, 0.000000000000000000, 0.000000000000000000 ) ) ;
#707 = VECTOR ( 'NONE', #668, 1000.000000000000000 ) ;
#708 = ORIENTED_EDGE ( 'NONE', *, *, #2619, .T. ) ;
#709 = DIRECTION ( 'NONE',  ( 1.000000000000000000, -0.000000000000000000, -0.000000000000000000 ) ) ;
#710 = EDGE_LOOP ( 'NONE', ( #2719, #1742, #872, #2110 ) ) ;
#711 = DIRECTION ( 'NONE',  ( 0.000000000000000000, 0.000000000000000000, -1.000000000000000000 ) ) ;
#712 = AXIS2_PLACEMENT_3D ( 'NONE', #4158, #224, #3399 ) ;
#713 =( GEOMETRIC_REPRESENTATION_CONTEXT ( 3 ) GLOBAL_UNCERTAINTY_ASSIGNED_CONTEXT ( ( #3941 ) ) GLOBAL_UNIT_ASSIGNED_CONTEXT ( ( #1478, #2576, #1862 ) ) REPRESENTATION_CONTEXT ( 'NONE', 'WORKASPACE' ) );
#714 = DIRECTION ( 'NONE',  ( 0.000000000000000000, 0.000000000000000000, -1.000000000000000000 ) ) ;
#715 = PRODUCT_DEFINITION_SHAPE ( 'NONE', 'NONE',  #4073 ) ;
#716 = AXIS2_PLACEMENT_3D ( 'NONE', #4367, #1859, #2982 ) ;
#717 = CARTESIAN_POINT ( 'NONE',  ( 2.000000000000000000, -15.50000000000000000, -2.000000000000000888 ) ) ;
#718 = ORIENTED_EDGE ( 'NONE', *, *, #59, .F. ) ;
#719 = VECTOR ( 'NONE', #772, 1000.000000000000000 ) ;
#720 = ORIENTED_EDGE ( 'NONE', *, *, #204, .T. ) ;
#721 = VECTOR ( 'NONE', #3166, 1000.000000000000000 ) ;
#722 =( GEOMETRIC_REPRESENTATION_CONTEXT ( 3 ) GLOBAL_UNCERTAINTY_ASSIGNED_CONTEXT ( ( #590 ) ) GLOBAL_UNIT_ASSIGNED_CONTEXT ( ( #4020, #3233, #1437 ) ) REPRESENTATION_CONTEXT ( 'NONE', 'WORKASPACE' ) );
#723 = CARTESIAN_POINT ( 'NONE',  ( 0.000000000000000000, -15.75000000000000000, 1.050000000000000044 ) ) ;
#724 = CARTESIAN_POINT ( 'NONE',  ( -6.000000000000000000, 7.000000000000000000, 0.000000000000000000 ) ) ;
#725 = ORIENTED_EDGE ( 'NONE', *, *, #4030, .F. ) ;
#726 = VECTOR ( 'NONE', #4414, 1000.000000000000000 ) ;
#727 = EDGE_CURVE ( 'NONE', #450, #3996, #1791, .T. ) ;
#728 = CARTESIAN_POINT ( 'NONE',  ( 6.000000000000000000, -13.42339375865870998, -6.250000000000156319 ) ) ;
#729 = DIRECTION ( 'NONE',  ( -0.000000000000000000, -0.5000000000000002220, -0.8660254037844384856 ) ) ;
#730 = DIRECTION ( 'NONE',  ( 0.000000000000000000, 0.000000000000000000, -1.000000000000000000 ) ) ;
#731 = ORIENTED_EDGE ( 'NONE', *, *, #4522, .T. ) ;
#732 = MECHANICAL_DESIGN_GEOMETRIC_PRESENTATION_REPRESENTATION (  '', ( #135 ), #4574 ) ;
#733 = PRODUCT_DEFINITION_CONTEXT ( 'detailed design', #2361, 'design' ) ;
#734 = DIRECTION ( 'NONE',  ( 1.000000000000000000, -0.000000000000000000, -0.000000000000000000 ) ) ;
#735 = ORIENTED_EDGE ( 'NONE', *, *, #2619, .F. ) ;
#736 = PRESENTATION_STYLE_ASSIGNMENT (( #437 ) ) ;
#737 = PRESENTATION_LAYER_ASSIGNMENT (  '', '', ( #4051 ) ) ;
#738 = CARTESIAN_POINT ( 'NONE',  ( 2.000000000000000000, -15.75000000000000000, -1.050000000000000044 ) ) ;
#739 =( NAMED_UNIT ( * ) SI_UNIT ( $, .STERADIAN. ) SOLID_ANGLE_UNIT ( ) );
#740 = DIRECTION ( 'NONE',  ( 0.000000000000000000, 0.9345462436223923586, 0.3558417043170685745 ) ) ;
#741 = EDGE_CURVE ( 'NONE', #2117, #3641, #3993, .T. ) ;
#742 = LINE ( 'NONE', #1385, #1448 ) ;
#743 = FILL_AREA_STYLE_COLOUR ( '', #2385 ) ;
#744 = CARTESIAN_POINT ( 'NONE',  ( -6.000000000000000000, 7.000000000000000000, 0.000000000000000000 ) ) ;
#745 = ORIENTED_EDGE ( 'NONE', *, *, #2766, .T. ) ;
#746 = EDGE_CURVE ( 'NONE', #2082, #102, #465, .T. ) ;
#747 = ORIENTED_EDGE ( 'NONE', *, *, #339, .F. ) ;
#748 = EDGE_CURVE ( 'NONE', #3503, #62, #4351, .T. ) ;
#749 = CARTESIAN_POINT ( 'NONE',  ( 0.5000000000000004441, 0.000000000000000000, 0.000000000000000000 ) ) ;
#750 = DIRECTION ( 'NONE',  ( 0.000000000000000000, -0.5000000000000000000, -0.8660254037844385966 ) ) ;
#751 = LINE ( 'NONE', #2188, #2321 ) ;
#752 = ORIENTED_EDGE ( 'NONE', *, *, #1255, .T. ) ;
#753 = VERTEX_POINT ( 'NONE', #3207 ) ;
#754 = FACE_OUTER_BOUND ( 'NONE', #1488, .T. ) ;
#755 = CARTESIAN_POINT ( 'NONE',  ( 2.000000000000000000, -15.50000000000000000, -8.673617379884035472E-16 ) ) ;
#756 = CARTESIAN_POINT ( 'NONE',  ( 2.000000000000000000, 7.441506350946108128, -12.38906708468514140 ) ) ;
#757 =( NAMED_UNIT ( * ) PLANE_ANGLE_UNIT ( ) SI_UNIT ( $, .RADIAN. ) );
#758 = FILL_AREA_STYLE ('',( #2627 ) ) ;
#759 = PLANE ( 'NONE',  #1690 ) ;
#760 = PRESENTATION_STYLE_ASSIGNMENT (( #3990 ) ) ;
#761 = CARTESIAN_POINT ( 'NONE',  ( 0.000000000000000000, 0.000000000000000000, 15.50000000000000000 ) ) ;
#762 = CARTESIAN_POINT ( 'NONE',  ( 52.50000000000000000, 9.300000000000000711, 13.50814569065643234 ) ) ;
#763 = FACE_OUTER_BOUND ( 'NONE', #4151, .T. ) ;
#764 = ORIENTED_EDGE ( 'NONE', *, *, #3114, .F. ) ;
#765 = ORIENTED_EDGE ( 'NONE', *, *, #1719, .F. ) ;
#766 = DIRECTION ( 'NONE',  ( -1.000000000000000000, -0.000000000000000000, -0.000000000000000000 ) ) ;
#767 = FILL_AREA_STYLE_COLOUR ( '', #2447 ) ;
#768 = CARTESIAN_POINT ( 'NONE',  ( 2.000000000000000000, -15.50000000000000000, -8.673617379884035472E-16 ) ) ;
#769 = ORIENTED_EDGE ( 'NONE', *, *, #545, .F. ) ;
#770 = VERTEX_POINT ( 'NONE', #3945 ) ;
#771 = CIRCLE ( 'NONE', #3330, 10.00000000000000000 ) ;
#772 = DIRECTION ( 'NONE',  ( 1.000000000000000000, -0.000000000000000000, -0.000000000000000000 ) ) ;
#773 = DIRECTION ( 'NONE',  ( 0.000000000000000000, 0.000000000000000000, -1.000000000000000000 ) ) ;
#774 = VERTEX_POINT ( 'NONE', #3308 ) ;
#775 = DIRECTION ( 'NONE',  ( 1.000000000000000000, -0.000000000000000000, -0.000000000000000000 ) ) ;
#777 =( GEOMETRIC_REPRESENTATION_CONTEXT ( 3 ) GLOBAL_UNCERTAINTY_ASSIGNED_CONTEXT ( ( #1813 ) ) GLOBAL_UNIT_ASSIGNED_CONTEXT ( ( #2561, #469, #2943 ) ) REPRESENTATION_CONTEXT ( 'NONE', 'WORKASPACE' ) );
#776 = LINE ( 'NONE', #3627, #896 ) ;
#778 = CARTESIAN_POINT ( 'NONE',  ( 46.69999999999999574, 8.750000000000000000, 8.500000000000001776 ) ) ;
#779 = DIRECTION ( 'NONE',  ( -0.000000000000000000, -0.8660254037844381525, 0.5000000000000008882 ) ) ;
#780 = SURFACE_SIDE_STYLE ('',( #4660 ) ) ;
#781 = CARTESIAN_POINT ( 'NONE',  ( -19.80000000000000071, 7.000000000000000000, -3.000000000000000000 ) ) ;
#782 = CIRCLE ( 'NONE', #1900, 1.500000000000000000 ) ;
#783 = UNCERTAINTY_MEASURE_WITH_UNIT (LENGTH_MEASURE( 1.000000000000000082E-05 ), #623, 'distance_accuracy_value', 'NONE');
#784 = EDGE_CURVE ( 'NONE', #2802, #1702, #4663, .T. ) ;
#785 = MECHANICAL_DESIGN_GEOMETRIC_PRESENTATION_REPRESENTATION (  '', ( #2221 ), #105 ) ;
#786 = COLOUR_RGB ( '',0.7960784313725489669, 0.8235294117647058432, 0.9372549019607843146 ) ;
#787 = CARTESIAN_POINT ( 'NONE',  ( 0.000000000000000000, 8.091506350946106707, -13.51490010960491261 ) ) ;
#788 = EDGE_LOOP ( 'NONE', ( #486, #1427, #4429, #2593 ) ) ;
#789 = ORIENTED_EDGE ( 'NONE', *, *, #2997, .F. ) ;
#790 = VECTOR ( 'NONE', #3831, 1000.000000000000000 ) ;
#791 = LINE ( 'NONE', #1871, #2212 ) ;
#792 = SURFACE_SIDE_STYLE ('',( #4424 ) ) ;
#793 = VECTOR ( 'NONE', #4595, 1000.000000000000000 ) ;
#794 = DIRECTION ( 'NONE',  ( -1.000000000000000000, 0.000000000000000000, 0.000000000000000000 ) ) ;
#795 = SURFACE_SIDE_STYLE ('',( #2924 ) ) ;
#796 = ORIENTED_EDGE ( 'NONE', *, *, #2209, .T. ) ;
#797 = ORIENTED_EDGE ( 'NONE', *, *, #3239, .T. ) ;
#798 = CIRCLE ( 'NONE', #3577, 16.39999999999999858 ) ;
#799 = ADVANCED_FACE ( 'NONE', ( #2557 ), #1093, .F. ) ;
#800 = DIRECTION ( 'NONE',  ( -1.000000000000000000, 0.000000000000000000, 0.000000000000000000 ) ) ;
#801 = ORIENTED_EDGE ( 'NONE', *, *, #169, .T. ) ;
#802 = VECTOR ( 'NONE', #2194, 1000.000000000000000 ) ;
#803 = AXIS2_PLACEMENT_3D ( 'NONE', #4069, #840, #1888 ) ;
#804 = ORIENTED_EDGE ( 'NONE', *, *, #2715, .F. ) ;
#805 = ADVANCED_FACE ( 'NONE', ( #763 ), #2182, .T. ) ;
#806 = AXIS2_PLACEMENT_3D ( 'NONE', #1286, #196, #4134 ) ;
#807 = EDGE_CURVE ( 'NONE', #3036, #4341, #514, .T. ) ;
#808 = LINE ( 'NONE', #2293, #2763 ) ;
#809 = CARTESIAN_POINT ( 'NONE',  ( 0.000000000000000000, 0.000000000000000000, 0.000000000000000000 ) ) ;
#810 = VECTOR ( 'NONE', #46, 1000.000000000000000 ) ;
#811 = VECTOR ( 'NONE', #3463, 1000.000000000000000 ) ;
#812 = CARTESIAN_POINT ( 'NONE',  ( 0.000000000000000000, 7.008493649053888497, -12.63906708468514140 ) ) ;
#813 = CARTESIAN_POINT ( 'NONE',  ( 2.000000000000000000, 6.965673326026347034, 14.16490010960490764 ) ) ;
#814 = ORIENTED_EDGE ( 'NONE', *, *, #1527, .T. ) ;
#815 = EDGE_CURVE ( 'NONE', #2041, #1560, #3729, .T. ) ;
#816 = DIRECTION ( 'NONE',  ( -0.000000000000000000, 1.000000000000000000, -0.000000000000000000 ) ) ;
#817 = FACE_OUTER_BOUND ( 'NONE', #3232, .T. ) ;
#818 = PRESENTATION_STYLE_ASSIGNMENT (( #138 ) ) ;
#819 =( GEOMETRIC_REPRESENTATION_CONTEXT ( 3 ) GLOBAL_UNCERTAINTY_ASSIGNED_CONTEXT ( ( #3220 ) ) GLOBAL_UNIT_ASSIGNED_CONTEXT ( ( #3585, #757, #2625 ) ) REPRESENTATION_CONTEXT ( 'NONE', 'WORKASPACE' ) );
#820 = DIRECTION ( 'NONE',  ( 0.000000000000000000, 0.000000000000000000, -1.000000000000000000 ) ) ;
#821 = ORIENTED_EDGE ( 'NONE', *, *, #2759, .F. ) ;
#822 = ORIENTED_EDGE ( 'NONE', *, *, #1570, .F. ) ;
#823 = FACE_OUTER_BOUND ( 'NONE', #3671, .T. ) ;
#824 = DIRECTION ( 'NONE',  ( 1.000000000000000000, -0.000000000000000000, -0.000000000000000000 ) ) ;
#825 = EDGE_LOOP ( 'NONE', ( #4170, #1295 ) ) ;
#826 = EDGE_CURVE ( 'NONE', #4620, #3733, #230, .T. ) ;
#827 = SURFACE_STYLE_FILL_AREA ( #4108 ) ;
#828 = SURFACE_STYLE_FILL_AREA ( #758 ) ;
#829 = EDGE_CURVE ( 'NONE', #4587, #3497, #2863, .T. ) ;
#830 = CYLINDRICAL_SURFACE ( 'NONE', #1316, 10.00000000000000000 ) ;
#831 = DIRECTION ( 'NONE',  ( -1.000000000000000000, 0.000000000000000000, 0.000000000000000000 ) ) ;
#832 = DIRECTION ( 'NONE',  ( 0.000000000000000000, 0.000000000000000000, 1.000000000000000000 ) ) ;
#833 = EDGE_CURVE ( 'NONE', #1851, #1351, #2642, .T. ) ;
#834 = UNCERTAINTY_MEASURE_WITH_UNIT (LENGTH_MEASURE( 1.000000000000000082E-05 ), #2158, 'distance_accuracy_value', 'NONE');
#835 = CARTESIAN_POINT ( 'NONE',  ( 0.5000000000000000000, 3.500000000000000888, 0.000000000000000000 ) ) ;
#836 = DIRECTION ( 'NONE',  ( 1.000000000000000000, -0.000000000000000000, -0.000000000000000000 ) ) ;
#837 = VERTEX_POINT ( 'NONE', #2991 ) ;
#838 = FACE_OUTER_BOUND ( 'NONE', #1198, .T. ) ;
#839 = CARTESIAN_POINT ( 'NONE',  ( 52.50000000000000000, 9.300000000000000711, 8.500000000000000000 ) ) ;
#840 = DIRECTION ( 'NONE',  ( -1.000000000000000000, 0.000000000000000000, 0.000000000000000000 ) ) ;
#841 = SURFACE_STYLE_FILL_AREA ( #3018 ) ;
#842 = VERTEX_POINT ( 'NONE', #2369 ) ;
#843 = ORIENTED_EDGE ( 'NONE', *, *, #4417, .F. ) ;
#844 = SHAPE_DEFINITION_REPRESENTATION ( #715, #2441 ) ;
#845 = EDGE_CURVE ( 'NONE', #1818, #1704, #3419, .T. ) ;
#846 = DIRECTION ( 'NONE',  ( 0.000000000000000000, 0.000000000000000000, 1.000000000000000000 ) ) ;
#847 = DIRECTION ( 'NONE',  ( -0.000000000000000000, -0.8660254037844378194, 0.5000000000000013323 ) ) ;
#848 = VERTEX_POINT ( 'NONE', #3073 ) ;
#849 = CARTESIAN_POINT ( 'NONE',  ( 0.000000000000000000, 8.534326673973666288, 12.68188740771268641 ) ) ;
#850 = LINE ( 'NONE', #3398, #4633 ) ;
#851 = CARTESIAN_POINT ( 'NONE',  ( 50.89999999999999147, -8.750000000000000000, 12.20000000000000284 ) ) ;
#852 =( NAMED_UNIT ( * ) SI_UNIT ( $, .STERADIAN. ) SOLID_ANGLE_UNIT ( ) );
#853 = AXIS2_PLACEMENT_3D ( 'NONE', #1489, #106, #2278 ) ;
#854 = DIRECTION ( 'NONE',  ( -0.000000000000000000, 1.000000000000000000, -2.736828040640475774E-16 ) ) ;
#855 =( NAMED_UNIT ( * ) PLANE_ANGLE_UNIT ( ) SI_UNIT ( $, .RADIAN. ) );
#856 = PRESENTATION_LAYER_ASSIGNMENT (  '', '', ( #411 ) ) ;
#857 = SURFACE_STYLE_USAGE ( .BOTH. , #2326 ) ;
#858 = EDGE_LOOP ( 'NONE', ( #697, #568, #382, #3106 ) ) ;
#859 = AXIS2_PLACEMENT_3D ( 'NONE', #888, #1292, #3422 ) ;
#860 = DIRECTION ( 'NONE',  ( 0.000000000000000000, 1.000000000000000000, 1.224646799147353207E-16 ) ) ;
#861 =( NAMED_UNIT ( * ) SI_UNIT ( $, .STERADIAN. ) SOLID_ANGLE_UNIT ( ) );
#862 = CARTESIAN_POINT ( 'NONE',  ( 2.000000000000000000, 7.408493649053896846, 13.33188740771268677 ) ) ;
#863 = CARTESIAN_POINT ( 'NONE',  ( 6.000000000000000000, -13.42339375865886986, 6.249999999999874767 ) ) ;
#864 = ORIENTED_EDGE ( 'NONE', *, *, #1761, .F. ) ;
#865 =( GEOMETRIC_REPRESENTATION_CONTEXT ( 3 ) GLOBAL_UNCERTAINTY_ASSIGNED_CONTEXT ( ( #3326 ) ) GLOBAL_UNIT_ASSIGNED_CONTEXT ( ( #3222, #268, #2500 ) ) REPRESENTATION_CONTEXT ( 'NONE', 'WORKASPACE' ) );
#866 = CIRCLE ( 'NONE', #1664, 18.30000000000000071 ) ;
#867 = ORIENTED_EDGE ( 'NONE', *, *, #4519, .T. ) ;
#868 = VECTOR ( 'NONE', #1727, 1000.000000000000000 ) ;
#869 = CARTESIAN_POINT ( 'NONE',  ( 52.50000000000000000, 8.750000000000000000, 13.87074259007065180 ) ) ;
#870 = CARTESIAN_POINT ( 'NONE',  ( 47.50000000000000000, -7.950000000000000178, 10.90000000000000391 ) ) ;
#871 = VERTEX_POINT ( 'NONE', #2678 ) ;
#872 = ORIENTED_EDGE ( 'NONE', *, *, #257, .T. ) ;
#873 = ADVANCED_FACE ( 'NONE', ( #1269 ), #1250, .F. ) ;
#874 = VECTOR ( 'NONE', #2995, 1000.000000000000000 ) ;
#875 = DIRECTION ( 'NONE',  ( -1.000000000000000000, 0.000000000000000000, 0.000000000000000000 ) ) ;
#876 = AXIS2_PLACEMENT_3D ( 'NONE', #1945, #2255, #3688 ) ;
#877 = CARTESIAN_POINT ( 'NONE',  ( 47.50000000000000000, 7.950000000000000178, 15.70000000000000284 ) ) ;
#878 = CARTESIAN_POINT ( 'NONE',  ( 44.50000000000000000, 2.008420750601658954E-15, -16.39999999999999858 ) ) ;
#879 = CIRCLE ( 'NONE', #3737, 3.000000000000000000 ) ;
#880 = CARTESIAN_POINT ( 'NONE',  ( 56.20000000000000284, 2.008420750601658954E-15, -16.39999999999999858 ) ) ;
#881 = AXIS2_PLACEMENT_3D ( 'NONE', #3391, #527, #4455 ) ;
#882 = DIRECTION ( 'NONE',  ( 0.000000000000000000, 0.000000000000000000, 1.000000000000000000 ) ) ;
#883 = DIRECTION ( 'NONE',  ( 1.000000000000000000, -0.000000000000000000, -0.000000000000000000 ) ) ;
#884 = CARTESIAN_POINT ( 'NONE',  ( 6.000000000000000000, 13.42339375865876505, 7.750000000000063061 ) ) ;
#885 = EDGE_CURVE ( 'NONE', #4282, #4002, #1877, .T. ) ;
#886 = PRESENTATION_LAYER_ASSIGNMENT (  '', '', ( #2926 ) ) ;
#887 = FACE_OUTER_BOUND ( 'NONE', #3843, .T. ) ;
#888 = CARTESIAN_POINT ( 'NONE',  ( -8.300000000000002487, 4.500000000000000888, -1.658312395177700793 ) ) ;
#889 = CARTESIAN_POINT ( 'NONE',  ( 0.000000000000000000, -15.75000000000000000, 1.050000000000000044 ) ) ;
#890 = EDGE_CURVE ( 'NONE', #3699, #2041, #1939, .T. ) ;
#891 =( NAMED_UNIT ( * ) PLANE_ANGLE_UNIT ( ) SI_UNIT ( $, .RADIAN. ) );
#892 = ORIENTED_EDGE ( 'NONE', *, *, #4231, .T. ) ;
#893 = STYLED_ITEM ( 'NONE', ( #3468 ), #4437 ) ;
#894 = VERTEX_POINT ( 'NONE', #4489 ) ;
#895 = EDGE_CURVE ( 'NONE', #1886, #1994, #2700, .T. ) ;
#896 = VECTOR ( 'NONE', #734, 1000.000000000000000 ) ;
#897 = SURFACE_STYLE_FILL_AREA ( #4128 ) ;
#898 = CARTESIAN_POINT ( 'NONE',  ( 52.50000000000000000, 9.300000000000000711, 18.50000000000000355 ) ) ;
#899 = ORIENTED_EDGE ( 'NONE', *, *, #398, .F. ) ;
#900 = DIRECTION ( 'NONE',  ( -0.000000000000000000, 1.000000000000000000, -2.736828040640475774E-16 ) ) ;
#901 = FACE_OUTER_BOUND ( 'NONE', #2558, .T. ) ;
#902 = FILL_AREA_STYLE_COLOUR ( '', #1238 ) ;
#903 = ADVANCED_FACE ( 'NONE', ( #2790 ), #3090, .T. ) ;
#904 = VECTOR ( 'NONE', #1209, 1000.000000000000227 ) ;
#905 =( NAMED_UNIT ( * ) PLANE_ANGLE_UNIT ( ) SI_UNIT ( $, .RADIAN. ) );
#906 = CARTESIAN_POINT ( 'NONE',  ( 0.000000000000000000, 13.42339375865881657, -7.749999999999968914 ) ) ;
#907 = LINE ( 'NONE', #3759, #993 ) ;
#908 = DIRECTION ( 'NONE',  ( 1.000000000000000000, 0.000000000000000000, 0.000000000000000000 ) ) ;
#909 = DIRECTION ( 'NONE',  ( 1.000000000000000000, -0.000000000000000000, -0.000000000000000000 ) ) ;
#910 = FILL_AREA_STYLE_COLOUR ( '', #422 ) ;
#911 = DIRECTION ( 'NONE',  ( -1.000000000000000000, -0.000000000000000000, -0.000000000000000000 ) ) ;
#912 = ORIENTED_EDGE ( 'NONE', *, *, #467, .T. ) ;
#913 = VERTEX_POINT ( 'NONE', #1289 ) ;
#914 = PLANE ( 'NONE',  #1538 ) ;
#915 = CARTESIAN_POINT ( 'NONE',  ( 0.5000000000000000000, 7.000000000000001776, 0.000000000000000000 ) ) ;
#916 = VERTEX_POINT ( 'NONE', #3516 ) ;
#917 = ORIENTED_EDGE ( 'NONE', *, *, #2398, .F. ) ;
#918 = EDGE_CURVE ( 'NONE', #4192, #2138, #225, .T. ) ;
#919 = DIRECTION ( 'NONE',  ( 0.000000000000000000, 0.000000000000000000, 1.000000000000000000 ) ) ;
#920 = CARTESIAN_POINT ( 'NONE',  ( 0.000000000000000000, 13.42339375865876505, 7.750000000000063061 ) ) ;
#921 = DIRECTION ( 'NONE',  ( 1.000000000000000000, 0.000000000000000000, -0.000000000000000000 ) ) ;
#922 = FILL_AREA_STYLE ('',( #2629 ) ) ;
#923 = LINE ( 'NONE', #880, #2975 ) ;
#924 = ORIENTED_EDGE ( 'NONE', *, *, #3535, .F. ) ;
#925 = DIRECTION ( 'NONE',  ( 0.000000000000000000, 0.000000000000000000, -1.000000000000000000 ) ) ;
#926 = CARTESIAN_POINT ( 'NONE',  ( 0.5000000000000000000, 7.000000000000001776, 10.00000000000000000 ) ) ;
#927 = EDGE_CURVE ( 'NONE', #3497, #2211, #1689, .T. ) ;
#928 = STYLED_ITEM ( 'NONE', ( #1271 ), #2006 ) ;
#929 = DIRECTION ( 'NONE',  ( -1.000000000000000000, 0.000000000000000000, 0.000000000000000000 ) ) ;
#930 = VERTEX_POINT ( 'NONE', #2391 ) ;
#931 = ORIENTED_EDGE ( 'NONE', *, *, #741, .F. ) ;
#932 = MECHANICAL_DESIGN_GEOMETRIC_PRESENTATION_REPRESENTATION (  '', ( #1831 ), #3048 ) ;
#933 = CARTESIAN_POINT ( 'NONE',  ( 0.000000000000000000, 8.534326673973666288, 12.68188740771268641 ) ) ;
#934 = COLOUR_RGB ( '',1.000000000000000000, 1.000000000000000000, 1.000000000000000000 ) ;
#935 = DIRECTION ( 'NONE',  ( 0.000000000000000000, -1.000000000000000000, -0.000000000000000000 ) ) ;
#936 = ORIENTED_EDGE ( 'NONE', *, *, #312, .F. ) ;
#937 = VERTEX_POINT ( 'NONE', #271 ) ;
#938 = VECTOR ( 'NONE', #2387, 1000.000000000000114 ) ;
#939 = ADVANCED_FACE ( 'NONE', ( #2031 ), #241, .T. ) ;
#940 = CARTESIAN_POINT ( 'NONE',  ( 52.50000000000000000, 0.000000000000000000, 0.000000000000000000 ) ) ;
#941 = CARTESIAN_POINT ( 'NONE',  ( 0.000000000000000000, 0.000000000000000000, 0.000000000000000000 ) ) ;
#942 = CARTESIAN_POINT ( 'NONE',  ( 0.000000000000000000, -15.25000000000000000, -0.2500000000000002220 ) ) ;
#943 =( GEOMETRIC_REPRESENTATION_CONTEXT ( 3 ) GLOBAL_UNCERTAINTY_ASSIGNED_CONTEXT ( ( #463 ) ) GLOBAL_UNIT_ASSIGNED_CONTEXT ( ( #1584, #3695, #4432 ) ) REPRESENTATION_CONTEXT ( 'NONE', 'WORKASPACE' ) );
#944 = EDGE_CURVE ( 'NONE', #1499, #3906, #3177, .T. ) ;
#945 = ORIENTED_EDGE ( 'NONE', *, *, #1147, .F. ) ;
#946 = EDGE_CURVE ( 'NONE', #445, #2429, #3833, .T. ) ;
#947 = AXIS2_PLACEMENT_3D ( 'NONE', #4236, #2087, #280 ) ;
#948 = EDGE_CURVE ( 'NONE', #3906, #2977, #986, .T. ) ;
#949 = LINE ( 'NONE', #2390, #790 ) ;
#950 = CARTESIAN_POINT ( 'NONE',  ( 2.000000000000000000, 7.441506350946108128, -12.38906708468514140 ) ) ;
#951 = VECTOR ( 'NONE', #75, 1000.000000000000000 ) ;
#952 = PLANE ( 'NONE',  #3187 ) ;
#953 = VERTEX_POINT ( 'NONE', #4183 ) ;
#954 = ORIENTED_EDGE ( 'NONE', *, *, #2451, .T. ) ;
#955 = COLOUR_RGB ( '',0.7960784313725489669, 0.8235294117647058432, 0.9372549019607843146 ) ;
#956 = EDGE_CURVE ( 'NONE', #1125, #1546, #3112, .T. ) ;
#957 = UNCERTAINTY_MEASURE_WITH_UNIT (LENGTH_MEASURE( 1.000000000000000082E-05 ), #1222, 'distance_accuracy_value', 'NONE');
#958 = DIRECTION ( 'NONE',  ( -1.000000000000000000, -0.000000000000000000, -0.000000000000000000 ) ) ;
#959 = PRESENTATION_LAYER_ASSIGNMENT (  '', '', ( #3004 ) ) ;
#960 = CARTESIAN_POINT ( 'NONE',  ( 52.50000000000000000, 0.000000000000000000, 0.000000000000000000 ) ) ;
#961 = ORIENTED_EDGE ( 'NONE', *, *, #4376, .T. ) ;
#962 = ORIENTED_EDGE ( 'NONE', *, *, #3777, .T. ) ;
#963 = STYLED_ITEM ( 'NONE', ( #3544 ), #4488 ) ;
#964 = DIRECTION ( 'NONE',  ( 1.000000000000000000, 0.000000000000000000, 0.000000000000000000 ) ) ;
#965 =( LENGTH_UNIT ( ) NAMED_UNIT ( * ) SI_UNIT ( .MILLI., .METRE. ) );
#966 = DIRECTION ( 'NONE',  ( -1.000000000000000000, 0.000000000000000000, -0.000000000000000000 ) ) ;
#967 = ORIENTED_EDGE ( 'NONE', *, *, #2119, .T. ) ;
#968 = EDGE_CURVE ( 'NONE', #543, #3978, #771, .T. ) ;
#969 = DIRECTION ( 'NONE',  ( 0.000000000000000000, 0.000000000000000000, 1.000000000000000000 ) ) ;
#970 = CARTESIAN_POINT ( 'NONE',  ( 44.50000000000000000, 9.300000000000000711, 12.89651115612280208 ) ) ;
#971 = CYLINDRICAL_SURFACE ( 'NONE', #3793, 16.39999999999999858 ) ;
#972 = CARTESIAN_POINT ( 'NONE',  ( 6.000000000000000000, -13.42339375865886986, 7.749999999999874767 ) ) ;
#973 = ORIENTED_EDGE ( 'NONE', *, *, #2702, .T. ) ;
#974 = ORIENTED_EDGE ( 'NONE', *, *, #3532, .T. ) ;
#975 = LINE ( 'NONE', #1367, #1996 ) ;
#976 = DIRECTION ( 'NONE',  ( 0.000000000000000000, -1.000000000000000000, 0.000000000000000000 ) ) ;
#977 = ORIENTED_EDGE ( 'NONE', *, *, #4669, .F. ) ;
#978 = ADVANCED_FACE ( 'NONE', ( #1358 ), #2773, .T. ) ;
#979 = DIRECTION ( 'NONE',  ( -1.000000000000000000, 0.000000000000000000, 0.000000000000000000 ) ) ;
#980 = SURFACE_STYLE_FILL_AREA ( #1002 ) ;
#981 = DIRECTION ( 'NONE',  ( 0.000000000000000000, 0.000000000000000000, 1.000000000000000000 ) ) ;
#982 = VERTEX_POINT ( 'NONE', #970 ) ;
#983 = ORIENTED_EDGE ( 'NONE', *, *, #157, .T. ) ;
#984 = EDGE_LOOP ( 'NONE', ( #3692, #796 ) ) ;
#985 = DIRECTION ( 'NONE',  ( -1.000000000000000000, 0.000000000000000000, 0.000000000000000000 ) ) ;
#986 = LINE ( 'NONE', #2010, #2661 ) ;
#987 = PRESENTATION_LAYER_ASSIGNMENT (  '', '', ( #3475 ) ) ;
#988 = SURFACE_STYLE_USAGE ( .BOTH. , #2792 ) ;
#989 =( NAMED_UNIT ( * ) PLANE_ANGLE_UNIT ( ) SI_UNIT ( $, .RADIAN. ) );
#990 = ORIENTED_EDGE ( 'NONE', *, *, #3390, .T. ) ;
#991 = ADVANCED_FACE ( 'NONE', ( #3901 ), #3486, .F. ) ;
#992 = EDGE_LOOP ( 'NONE', ( #3284, #1968, #3457, #4355 ) ) ;
#993 = VECTOR ( 'NONE', #1943, 1000.000000000000000 ) ;
#994 = EDGE_CURVE ( 'NONE', #1578, #1951, #2864, .T. ) ;
#995 = DIRECTION ( 'NONE',  ( 0.000000000000000000, -0.000000000000000000, -1.000000000000000000 ) ) ;
#996 = CARTESIAN_POINT ( 'NONE',  ( 46.69999999999999574, 8.750000000000000000, 15.70000000000000284 ) ) ;
#997 = EDGE_LOOP ( 'NONE', ( #1413, #2208, #3259, #1446 ) ) ;
#998 = DIRECTION ( 'NONE',  ( 1.000000000000000000, 0.000000000000000000, 0.000000000000000000 ) ) ;
#999 = ORIENTED_EDGE ( 'NONE', *, *, #956, .T. ) ;
#1000 = DIRECTION ( 'NONE',  ( 1.000000000000000000, 0.000000000000000000, 0.000000000000000000 ) ) ;
#1001 = VECTOR ( 'NONE', #1804, 1000.000000000000000 ) ;
#1002 = FILL_AREA_STYLE ('',( #4576 ) ) ;
#1003 = CARTESIAN_POINT ( 'NONE',  ( 2.000000000000000000, -15.75000000000000000, -0.2500000000000002220 ) ) ;
#1004 = AXIS2_PLACEMENT_3D ( 'NONE', #2573, #3655, #4344 ) ;
#1005 = STYLED_ITEM ( 'NONE', ( #2080 ), #606 ) ;
#1006 = ORIENTED_EDGE ( 'NONE', *, *, #1705, .T. ) ;
#1007 = SURFACE_SIDE_STYLE ('',( #1355 ) ) ;
#1008 = STYLED_ITEM ( 'NONE', ( #1933 ), #2647 ) ;
#1009 = DIRECTION ( 'NONE',  ( 0.000000000000000000, -0.8660254037844390407, -0.4999999999999992784 ) ) ;
#1010 = PRESENTATION_LAYER_ASSIGNMENT (  '', '', ( #4557 ) ) ;
#1011 = DIRECTION ( 'NONE',  ( -0.000000000000000000, -0.000000000000000000, 1.000000000000000000 ) ) ;
#1012 = AXIS2_PLACEMENT_3D ( 'NONE', #3772, #552, #3982 ) ;
#1013 = CIRCLE ( 'NONE', #4340, 1.300000000000000044 ) ;
#1014 = PLANE ( 'NONE',  #3517 ) ;
#1015 = VERTEX_POINT ( 'NONE', #1083 ) ;
#1016 = EDGE_CURVE ( 'NONE', #262, #1684, #4307, .T. ) ;
#1017 = ORIENTED_EDGE ( 'NONE', *, *, #3305, .F. ) ;
#1018 = EDGE_CURVE ( 'NONE', #535, #684, #2204, .T. ) ;
#1019 = AXIS2_PLACEMENT_3D ( 'NONE', #3376, #2343, #553 ) ;
#1020 = ADVANCED_FACE ( 'NONE', ( #1408 ), #622, .T. ) ;
#1021 = CARTESIAN_POINT ( 'NONE',  ( 2.000000000000000000, -15.50000000000000000, -8.673617379884035472E-16 ) ) ;
#1022 = LINE ( 'NONE', #302, #4187 ) ;
#1023 = CARTESIAN_POINT ( 'NONE',  ( 6.000000000000000000, 1.836970198721030427E-16, -17.00000000000000000 ) ) ;
#1024 = ORIENTED_EDGE ( 'NONE', *, *, #1733, .T. ) ;
#1025 = ADVANCED_FACE ( 'NONE', ( #2502 ), #3589, .T. ) ;
#1026 = VERTEX_POINT ( 'NONE', #3919 ) ;
#1027 = VECTOR ( 'NONE', #2131, 1000.000000000000000 ) ;
#1028 = CARTESIAN_POINT ( 'NONE',  ( 0.000000000000000000, 8.784326673973657407, -13.11490010960491226 ) ) ;
#1029 = DIRECTION ( 'NONE',  ( -1.000000000000000000, -0.000000000000000000, -0.000000000000000000 ) ) ;
#1030 = PLANE ( 'NONE',  #283 ) ;
#1031 = PRESENTATION_STYLE_ASSIGNMENT (( #2522 ) ) ;
#1032 = PRESENTATION_LAYER_ASSIGNMENT (  '', '', ( #893 ) ) ;
#1033 = LINE ( 'NONE', #1131, #1685 ) ;
#1034 = VERTEX_POINT ( 'NONE', #1452 ) ;
#1035 = VECTOR ( 'NONE', #1, 1000.000000000000000 ) ;
#1036 = LINE ( 'NONE', #313, #2999 ) ;
#1037 = EDGE_CURVE ( 'NONE', #3978, #4287, #2122, .T. ) ;
#1038 = CARTESIAN_POINT ( 'NONE',  ( 0.000000000000000000, -15.75000000000000000, -0.2500000000000002220 ) ) ;
#1039 = LINE ( 'NONE', #1736, #2086 ) ;
#1040 = ORIENTED_EDGE ( 'NONE', *, *, #4333, .F. ) ;
#1041 = ORIENTED_EDGE ( 'NONE', *, *, #2681, .F. ) ;
#1042 = SURFACE_STYLE_FILL_AREA ( #2512 ) ;
#1043 = VECTOR ( 'NONE', #556, 1000.000000000000000 ) ;
#1044 = FACE_OUTER_BOUND ( 'NONE', #3406, .T. ) ;
#1045 = SURFACE_SIDE_STYLE ('',( #3549 ) ) ;
#1046 = ORIENTED_EDGE ( 'NONE', *, *, #481, .T. ) ;
#1047 = ORIENTED_EDGE ( 'NONE', *, *, #3934, .F. ) ;
#1048 = DIRECTION ( 'NONE',  ( 0.000000000000000000, 0.000000000000000000, 1.000000000000000000 ) ) ;
#1049 = CARTESIAN_POINT ( 'NONE',  ( 2.000000000000000000, 7.750000000000006217, 13.42339375865879880 ) ) ;
#1050 = ORIENTED_EDGE ( 'NONE', *, *, #3086, .F. ) ;
#1051 = CARTESIAN_POINT ( 'NONE',  ( 0.000000000000000000, 6.715673326026347034, 13.73188740771268890 ) ) ;
#1052 = UNCERTAINTY_MEASURE_WITH_UNIT (LENGTH_MEASURE( 1.000000000000000082E-05 ), #537, 'distance_accuracy_value', 'NONE');
#1053 = ORIENTED_EDGE ( 'NONE', *, *, #3998, .F. ) ;
#1054 = FILL_AREA_STYLE ('',( #2834 ) ) ;
#1055 = DIRECTION ( 'NONE',  ( 0.000000000000000000, 1.000000000000000000, 0.000000000000000000 ) ) ;
#1056 = PLANE ( 'NONE',  #4179 ) ;
#1057 = UNCERTAINTY_MEASURE_WITH_UNIT (LENGTH_MEASURE( 1.000000000000000082E-05 ), #4469, 'distance_accuracy_value', 'NONE');
#1058 = PLANE ( 'NONE',  #4623 ) ;
#1059 = LINE ( 'NONE', #1867, #2979 ) ;
#1060 = CARTESIAN_POINT ( 'NONE',  ( 0.5000000000000000000, 7.000000000000001776, 10.00000000000000000 ) ) ;
#1061 = VERTEX_POINT ( 'NONE', #2531 ) ;
#1062 = ORIENTED_EDGE ( 'NONE', *, *, #3157, .F. ) ;
#1063 = ADVANCED_FACE ( 'NONE', ( #2196, #2909 ), #2552, .T. ) ;
#1064 = DIRECTION ( 'NONE',  ( -1.000000000000000000, -0.000000000000000000, -0.000000000000000000 ) ) ;
#1065 = DIRECTION ( 'NONE',  ( 1.000000000000000000, -0.000000000000000000, -0.000000000000000000 ) ) ;
#1066 = FACE_OUTER_BOUND ( 'NONE', #2940, .T. ) ;
#1067 = VERTEX_POINT ( 'NONE', #1935 ) ;
#1068 = ORIENTED_EDGE ( 'NONE', *, *, #4417, .T. ) ;
#1069 = AXIS2_PLACEMENT_3D ( 'NONE', #554, #576, #3415 ) ;
#1070 = ORIENTED_EDGE ( 'NONE', *, *, #3200, .F. ) ;
#1071 =( NAMED_UNIT ( * ) PLANE_ANGLE_UNIT ( ) SI_UNIT ( $, .RADIAN. ) );
#1072 = MECHANICAL_DESIGN_GEOMETRIC_PRESENTATION_REPRESENTATION (  '', ( #928 ), #3342 ) ;
#1073 =( NAMED_UNIT ( * ) SI_UNIT ( $, .STERADIAN. ) SOLID_ANGLE_UNIT ( ) );
#1074 = FILL_AREA_STYLE_COLOUR ( '', #786 ) ;
#1075 = SURFACE_STYLE_FILL_AREA ( #383 ) ;
#1076 = EDGE_CURVE ( 'NONE', #3996, #930, #127, .T. ) ;
#1077 = CIRCLE ( 'NONE', #3800, 1.300000000000000711 ) ;
#1078 = EDGE_CURVE ( 'NONE', #2880, #4287, #4038, .T. ) ;
#1079 = CARTESIAN_POINT ( 'NONE',  ( 2.000000000000000000, 7.750000000000006217, 11.92339375865880235 ) ) ;
#1080 = EDGE_LOOP ( 'NONE', ( #1017, #2894 ) ) ;
#1081 = DIRECTION ( 'NONE',  ( -0.000000000000000000, -0.8660254037844381525, 0.5000000000000008882 ) ) ;
#1082 = ADVANCED_FACE ( 'NONE', ( #4510 ), #1573, .F. ) ;
#1083 = CARTESIAN_POINT ( 'NONE',  ( 6.000000000000000000, -13.42339375865870998, -9.250000000000158096 ) ) ;
#1084 = PRESENTATION_LAYER_ASSIGNMENT (  '', '', ( #569 ) ) ;
#1085 = VECTOR ( 'NONE', #3362, 1000.000000000000000 ) ;
#1086 = CARTESIAN_POINT ( 'NONE',  ( 6.000000000000000000, -13.42339375865886986, 7.749999999999874767 ) ) ;
#1087 = EDGE_CURVE ( 'NONE', #774, #3321, #4007, .T. ) ;
#1088 = EDGE_CURVE ( 'NONE', #3155, #3476, #3717, .T. ) ;
#1089 = CIRCLE ( 'NONE', #4328, 2.000000000000000000 ) ;
#1090 = AXIS2_PLACEMENT_3D ( 'NONE', #4133, #151, #4509 ) ;
#1091 =( GEOMETRIC_REPRESENTATION_CONTEXT ( 3 ) GLOBAL_UNCERTAINTY_ASSIGNED_CONTEXT ( ( #2630 ) ) GLOBAL_UNIT_ASSIGNED_CONTEXT ( ( #4210, #989, #1715 ) ) REPRESENTATION_CONTEXT ( 'NONE', 'WORKASPACE' ) );
#1092 = DIRECTION ( 'NONE',  ( 1.000000000000000000, 0.000000000000000000, 0.000000000000000000 ) ) ;
#1093 = PLANE ( 'NONE',  #1760 ) ;
#1094 = ORIENTED_EDGE ( 'NONE', *, *, #3530, .T. ) ;
#1095 = STYLED_ITEM ( 'NONE', ( #4168 ), #2968 ) ;
#1096 = ORIENTED_EDGE ( 'NONE', *, *, #2119, .F. ) ;
#1097 = DIRECTION ( 'NONE',  ( 0.000000000000000000, 0.8660254037844390407, 0.4999999999999992784 ) ) ;
#1098 = CIRCLE ( 'NONE', #432, 18.30000000000000071 ) ;
#1099 = AXIS2_PLACEMENT_3D ( 'NONE', #394, #1415, #2129 ) ;
#1100 = CARTESIAN_POINT ( 'NONE',  ( 0.000000000000000000, 6.965673326026347034, 14.16490010960490764 ) ) ;
#1101 = ORIENTED_EDGE ( 'NONE', *, *, #2270, .F. ) ;
#1102 = EDGE_LOOP ( 'NONE', ( #322, #745 ) ) ;
#1103 = DIRECTION ( 'NONE',  ( 1.000000000000000000, 0.000000000000000000, 0.000000000000000000 ) ) ;
#1104 = AXIS2_PLACEMENT_3D ( 'NONE', #2689, #935, #3371 ) ;
#1105 = DIRECTION ( 'NONE',  ( 1.000000000000000000, -0.000000000000000000, -0.000000000000000000 ) ) ;
#1106 = ORIENTED_EDGE ( 'NONE', *, *, #2468, .T. ) ;
#1107 = PRESENTATION_STYLE_ASSIGNMENT (( #435 ) ) ;
#1108 = CIRCLE ( 'NONE', #3900, 16.39999999999999858 ) ;
#1109 = CARTESIAN_POINT ( 'NONE',  ( 0.000000000000000000, 7.750000000000006217, 11.92339375865880235 ) ) ;
#1110 = DIRECTION ( 'NONE',  ( -1.000000000000000000, 0.000000000000000000, 0.000000000000000000 ) ) ;
#1111 = AXIS2_PLACEMENT_3D ( 'NONE', #1508, #2960, #2125 ) ;
#1112 = DIRECTION ( 'NONE',  ( 0.000000000000000000, 0.000000000000000000, 1.000000000000000000 ) ) ;
#1113 = DIRECTION ( 'NONE',  ( 0.000000000000000000, 0.000000000000000000, 1.000000000000000000 ) ) ;
#1114 = UNCERTAINTY_MEASURE_WITH_UNIT (LENGTH_MEASURE( 1.000000000000000082E-05 ), #1734, 'distance_accuracy_value', 'NONE');
#1115 = VECTOR ( 'NONE', #2952, 1000.000000000000000 ) ;
#1116 = CARTESIAN_POINT ( 'NONE',  ( 2.000000000000000000, 7.658493649053896846, 13.76490010960490729 ) ) ;
#1117 = EDGE_LOOP ( 'NONE', ( #1866, #2109, #1101, #2662 ) ) ;
#1118 = CARTESIAN_POINT ( 'NONE',  ( 0.000000000000000000, -16.74038207405221002, 0.2500000000000004996 ) ) ;
#1119 = CARTESIAN_POINT ( 'NONE',  ( -19.80000000000000071, 7.000000000000000000, 0.000000000000000000 ) ) ;
#1120 = ORIENTED_EDGE ( 'NONE', *, *, #3431, .T. ) ;
#1121 = EDGE_CURVE ( 'NONE', #1259, #445, #3643, .T. ) ;
#1122 = ORIENTED_EDGE ( 'NONE', *, *, #3508, .T. ) ;
#1123 = DIRECTION ( 'NONE',  ( 0.000000000000000000, 0.000000000000000000, 1.000000000000000000 ) ) ;
#1124 = DIRECTION ( 'NONE',  ( -1.000000000000000000, -0.000000000000000000, -0.000000000000000000 ) ) ;
#1125 = VERTEX_POINT ( 'NONE', #3650 ) ;
#1126 = ORIENTED_EDGE ( 'NONE', *, *, #4090, .F. ) ;
#1127 = AXIS2_PLACEMENT_3D ( 'NONE', #2325, #4160, #4462 ) ;
#1128 = FACE_OUTER_BOUND ( 'NONE', #3985, .T. ) ;
#1129 = FACE_OUTER_BOUND ( 'NONE', #141, .T. ) ;
#1130 = VERTEX_POINT ( 'NONE', #1445 ) ;
#1131 = CARTESIAN_POINT ( 'NONE',  ( 6.000000000000000000, 0.000000000000000000, 17.00000000000000000 ) ) ;
#1132 = ADVANCED_FACE ( 'NONE', ( #3197 ), #4651, .F. ) ;
#1133 = LINE ( 'NONE', #1109, #2057 ) ;
#1134 = CARTESIAN_POINT ( 'NONE',  ( 0.000000000000000000, 7.441506350946116122, 12.38906708468513784 ) ) ;
#1135 = FILL_AREA_STYLE ('',( #3540 ) ) ;
#1136 = DIRECTION ( 'NONE',  ( -0.000000000000000000, 1.000000000000000000, -0.000000000000000000 ) ) ;
#1137 = SURFACE_STYLE_FILL_AREA ( #344 ) ;
#1138 = EDGE_LOOP ( 'NONE', ( #3164, #3741, #4396, #2859, #471, #1498, #2189, #4240, #259 ) ) ;
#1139 = ORIENTED_EDGE ( 'NONE', *, *, #918, .F. ) ;
#1140 = EDGE_CURVE ( 'NONE', #1349, #1892, #1909, .T. ) ;
#1141 =( LENGTH_UNIT ( ) NAMED_UNIT ( * ) SI_UNIT ( .MILLI., .METRE. ) );
#1142 =( NAMED_UNIT ( * ) SI_UNIT ( $, .STERADIAN. ) SOLID_ANGLE_UNIT ( ) );
#1143 = EDGE_CURVE ( 'NONE', #2736, #937, #3040, .T. ) ;
#1144 = CARTESIAN_POINT ( 'NONE',  ( 6.000000000000000000, 13.42339375865881657, -9.249999999999969802 ) ) ;
#1145 = ORIENTED_EDGE ( 'NONE', *, *, #58, .T. ) ;
#1146 = ORIENTED_EDGE ( 'NONE', *, *, #692, .F. ) ;
#1147 = EDGE_CURVE ( 'NONE', #3082, #1704, #3698, .T. ) ;
#1148 = DIRECTION ( 'NONE',  ( 1.000000000000000000, 0.000000000000000000, 0.000000000000000000 ) ) ;
#1149 = EDGE_LOOP ( 'NONE', ( #378, #3923, #291, #2377 ) ) ;
#1150 = CARTESIAN_POINT ( 'NONE',  ( 0.000000000000000000, 6.715673326026347034, 13.73188740771268890 ) ) ;
#1151 = CARTESIAN_POINT ( 'NONE',  ( 0.000000000000000000, -14.45000000000000107, 0.2500000000000002220 ) ) ;
#1152 = CARTESIAN_POINT ( 'NONE',  ( 0.000000000000000000, 8.784326673973657407, -13.11490010960491226 ) ) ;
#1153 = CARTESIAN_POINT ( 'NONE',  ( 20.49999999999999645, 0.000000000000000000, 0.000000000000000000 ) ) ;
#1154 = FACE_OUTER_BOUND ( 'NONE', #3441, .T. ) ;
#1155 = AXIS2_PLACEMENT_3D ( 'NONE', #2469, #964, #286 ) ;
#1156 = UNCERTAINTY_MEASURE_WITH_UNIT (LENGTH_MEASURE( 1.000000000000000082E-05 ), #965, 'distance_accuracy_value', 'NONE');
#1157 = SURFACE_SIDE_STYLE ('',( #4392 ) ) ;
#1158 = ORIENTED_EDGE ( 'NONE', *, *, #1527, .F. ) ;
#1159 = AXIS2_PLACEMENT_3D ( 'NONE', #1815, #2199, #389 ) ;
#1160 = CIRCLE ( 'NONE', #3569, 12.30000000000000071 ) ;
#1161 = PLANE ( 'NONE',  #2328 ) ;
#1162 = VERTEX_POINT ( 'NONE', #1202 ) ;
#1163 = COLOUR_RGB ( '',0.7960784313725489669, 0.8235294117647058432, 0.9372549019607843146 ) ;
#1164 = CARTESIAN_POINT ( 'NONE',  ( 0.000000000000000000, 7.658493649053887076, -13.76490010960491261 ) ) ;
#1165 = DIRECTION ( 'NONE',  ( -1.000000000000000000, -0.000000000000000000, -0.000000000000000000 ) ) ;
#1166 = PRESENTATION_LAYER_ASSIGNMENT (  '', '', ( #2986 ) ) ;
#1167 = DIRECTION ( 'NONE',  ( -1.000000000000000000, 0.000000000000000000, 0.000000000000000000 ) ) ;
#1168 = DIRECTION ( 'NONE',  ( 0.000000000000000000, 0.8660254037844381525, -0.5000000000000008882 ) ) ;
#1169 = EDGE_LOOP ( 'NONE', ( #3621, #1070, #3947, #235 ) ) ;
#1170 = EDGE_CURVE ( 'NONE', #3866, #3144, #3488, .T. ) ;
#1171 = EDGE_CURVE ( 'NONE', #3907, #1892, #1077, .T. ) ;
#1172 = ORIENTED_EDGE ( 'NONE', *, *, #1421, .F. ) ;
#1173 = CIRCLE ( 'NONE', #2606, 1.500000000000001110 ) ;
#1174 = COLOUR_RGB ( '',0.7960784313725489669, 0.8235294117647058432, 0.9372549019607843146 ) ;
#1175 = EDGE_CURVE ( 'NONE', #1679, #3079, #3902, .T. ) ;
#1176 = CARTESIAN_POINT ( 'NONE',  ( 46.69999999999999574, -8.750000000000000000, 15.70000000000000284 ) ) ;
#1177 = EDGE_CURVE ( 'NONE', #3851, #1818, #3541, .T. ) ;
#1178 = CARTESIAN_POINT ( 'NONE',  ( 0.000000000000000000, -13.42339375865886986, 6.249999999999874767 ) ) ;
#1179 = ORIENTED_EDGE ( 'NONE', *, *, #1795, .F. ) ;
#1180 = DIRECTION ( 'NONE',  ( 0.000000000000000000, 0.000000000000000000, -1.000000000000000000 ) ) ;
#1181 = TOROIDAL_SURFACE ( 'NONE', #1764, 17.80000000000000071, 0.5000000000000000000 ) ;
#1182 = AXIS2_PLACEMENT_3D ( 'NONE', #4110, #3085, #966 ) ;
#1183 = CARTESIAN_POINT ( 'NONE',  ( 21.50000000000000000, 0.000000000000000000, 0.000000000000000000 ) ) ;
#1184 = VERTEX_POINT ( 'NONE', #3560 ) ;
#1185 = DIRECTION ( 'NONE',  ( -0.000000000000000000, -1.000000000000000000, -0.000000000000000000 ) ) ;
#1186 = LINE ( 'NONE', #1134, #2536 ) ;
#1187 = DIRECTION ( 'NONE',  ( 0.000000000000000000, -0.6314199358297803988, -0.7754410774757267699 ) ) ;
#1188 = VECTOR ( 'NONE', #547, 1000.000000000000000 ) ;
#1189 = PLANE ( 'NONE',  #1598 ) ;
#1190 = AXIS2_PLACEMENT_3D ( 'NONE', #3526, #281, #4591 ) ;
#1191 = DIRECTION ( 'NONE',  ( 0.000000000000000000, -0.8660254037844362651, -0.5000000000000041078 ) ) ;
#1192 = ORIENTED_EDGE ( 'NONE', *, *, #1970, .T. ) ;
#1193 = STYLED_ITEM ( 'NONE', ( #4190 ), #4431 ) ;
#1194 = EDGE_CURVE ( 'NONE', #1125, #3878, #4102, .T. ) ;
#1195 = DIRECTION ( 'NONE',  ( 1.000000000000000000, -0.000000000000000000, -0.000000000000000000 ) ) ;
#1196 = DIRECTION ( 'NONE',  ( -0.000000000000000000, 1.000000000000000000, -0.000000000000000000 ) ) ;
#1197 = ORIENTED_EDGE ( 'NONE', *, *, #927, .F. ) ;
#1198 = EDGE_LOOP ( 'NONE', ( #434, #3890, #1794, #4313 ) ) ;
#1199 = DIRECTION ( 'NONE',  ( -0.000000000000000000, -0.000000000000000000, -1.000000000000000000 ) ) ;
#1200 = CARTESIAN_POINT ( 'NONE',  ( 46.69999999999999574, -8.750000000000000000, 15.70000000000000284 ) ) ;
#1201 = ORIENTED_EDGE ( 'NONE', *, *, #3471, .F. ) ;
#1202 = CARTESIAN_POINT ( 'NONE',  ( 6.000000000000000000, 1.836970198721029441E-16, 13.99999999999999822 ) ) ;
#1203 = STYLED_ITEM ( 'NONE', ( #4088 ), #873 ) ;
#1204 = DIRECTION ( 'NONE',  ( -1.000000000000000000, -0.000000000000000000, -0.000000000000000000 ) ) ;
#1205 = FILL_AREA_STYLE_COLOUR ( '', #207 ) ;
#1206 = FACE_OUTER_BOUND ( 'NONE', #2641, .T. ) ;
#1207 = UNCERTAINTY_MEASURE_WITH_UNIT (LENGTH_MEASURE( 1.000000000000000082E-05 ), #483, 'distance_accuracy_value', 'NONE');
#1208 = CARTESIAN_POINT ( 'NONE',  ( 0.000000000000000000, -15.25000000000000000, -1.050000000000000044 ) ) ;
#1209 = DIRECTION ( 'NONE',  ( -0.000000000000000000, -0.5000000000000000000, -0.8660254037844385966 ) ) ;
#1210 = CARTESIAN_POINT ( 'NONE',  ( 2.000000000000000000, 7.750000000000006217, 13.42339375865879880 ) ) ;
#1211 = ORIENTED_EDGE ( 'NONE', *, *, #2715, .T. ) ;
#1212 = FACE_OUTER_BOUND ( 'NONE', #4099, .T. ) ;
#1213 = CARTESIAN_POINT ( 'NONE',  ( 6.000000000000000000, -13.42339375865870998, -7.750000000000157208 ) ) ;
#1214 = CARTESIAN_POINT ( 'NONE',  ( 0.000000000000000000, 7.408493649053887076, -13.33188740771269210 ) ) ;
#1215 = FACE_OUTER_BOUND ( 'NONE', #4216, .T. ) ;
#1216 = FILL_AREA_STYLE ('',( #140 ) ) ;
#1217 = ORIENTED_EDGE ( 'NONE', *, *, #2285, .F. ) ;
#1218 = ORIENTED_EDGE ( 'NONE', *, *, #4024, .F. ) ;
#1219 = DIRECTION ( 'NONE',  ( -1.000000000000000000, -0.000000000000000000, -0.000000000000000000 ) ) ;
#1220 = DIRECTION ( 'NONE',  ( 0.000000000000000000, -0.5000000000000003331, 0.8660254037844385966 ) ) ;
#1221 = FACE_BOUND ( 'NONE', #215, .T. ) ;
#1222 =( LENGTH_UNIT ( ) NAMED_UNIT ( * ) SI_UNIT ( .MILLI., .METRE. ) );
#1223 = EDGE_CURVE ( 'NONE', #4178, #2299, #2222, .T. ) ;
#1224 = VECTOR ( 'NONE', #2486, 1000.000000000000227 ) ;
#1225 = ADVANCED_FACE ( 'NONE', ( #1154 ), #3590, .T. ) ;
#1226 = DIRECTION ( 'NONE',  ( -1.000000000000000000, -0.000000000000000000, -0.000000000000000000 ) ) ;
#1227 = CIRCLE ( 'NONE', #4542, 1.500000000000001110 ) ;
#1228 = FILL_AREA_STYLE_COLOUR ( '', #2462 ) ;
#1229 = ADVANCED_FACE ( 'NONE', ( #4039 ), #3991, .T. ) ;
#1230 = EDGE_CURVE ( 'NONE', #2690, #2401, #2372, .T. ) ;
#1231 = ORIENTED_EDGE ( 'NONE', *, *, #3390, .F. ) ;
#1232 = PRESENTATION_LAYER_ASSIGNMENT (  '', '', ( #3260 ) ) ;
#1233 = DIRECTION ( 'NONE',  ( 1.000000000000000000, 0.000000000000000000, -0.000000000000000000 ) ) ;
#1234 = CIRCLE ( 'NONE', #4026, 1.500000000000001110 ) ;
#1235 =( NAMED_UNIT ( * ) SI_UNIT ( $, .STERADIAN. ) SOLID_ANGLE_UNIT ( ) );
#1236 = FACE_OUTER_BOUND ( 'NONE', #992, .T. ) ;
#1237 = EDGE_LOOP ( 'NONE', ( #2608, #899 ) ) ;
#1238 = COLOUR_RGB ( '',1.000000000000000000, 1.000000000000000000, 1.000000000000000000 ) ;
#1239 = VERTEX_POINT ( 'NONE', #4317 ) ;
#1240 = SURFACE_SIDE_STYLE ('',( #3745 ) ) ;
#1241 = DIRECTION ( 'NONE',  ( 0.000000000000000000, 0.8660254037844330455, 0.5000000000000098810 ) ) ;
#1242 = ORIENTED_EDGE ( 'NONE', *, *, #3794, .F. ) ;
#1243 = MECHANICAL_DESIGN_GEOMETRIC_PRESENTATION_REPRESENTATION (  '', ( #4486 ), #3882 ) ;
#1244 = DIRECTION ( 'NONE',  ( -1.000000000000000000, -0.000000000000000000, -0.000000000000000000 ) ) ;
#1245 = PRESENTATION_LAYER_ASSIGNMENT (  '', '', ( #3660 ) ) ;
#1246 = DIRECTION ( 'NONE',  ( -1.000000000000000000, -0.000000000000000000, 0.000000000000000000 ) ) ;
#1247 = DIRECTION ( 'NONE',  ( 1.000000000000000000, -0.000000000000000000, -0.000000000000000000 ) ) ;
#1248 = VECTOR ( 'NONE', #1781, 1000.000000000000000 ) ;
#1249 = VECTOR ( 'NONE', #1105, 1000.000000000000000 ) ;
#1250 = CYLINDRICAL_SURFACE ( 'NONE', #1127, 2.000000000000000000 ) ;
#1251 = FACE_OUTER_BOUND ( 'NONE', #2540, .T. ) ;
#1252 = DIRECTION ( 'NONE',  ( -0.000000000000000000, -0.8660254037844390407, -0.4999999999999992228 ) ) ;
#1253 = CARTESIAN_POINT ( 'NONE',  ( 2.000000000000000000, -15.50000000000000000, 1.999999999999999112 ) ) ;
#1254 = DIRECTION ( 'NONE',  ( -0.000000000000000000, 0.4999999999999992228, -0.8660254037844390407 ) ) ;
#1255 = EDGE_CURVE ( 'NONE', #1660, #4609, #1479, .T. ) ;
#1256 = SURFACE_SIDE_STYLE ('',( #4163 ) ) ;
#1257 = ORIENTED_EDGE ( 'NONE', *, *, #3601, .T. ) ;
#1258 = VECTOR ( 'NONE', #2483, 1000.000000000000000 ) ;
#1259 = VERTEX_POINT ( 'NONE', #2153 ) ;
#1260 = CARTESIAN_POINT ( 'NONE',  ( 0.000000000000000000, 0.000000000000000000, 17.00000000000000000 ) ) ;
#1261 = CARTESIAN_POINT ( 'NONE',  ( 0.000000000000000000, -15.75000000000000000, 0.2500000000000002220 ) ) ;
#1262 = VERTEX_POINT ( 'NONE', #4347 ) ;
#1263 = ORIENTED_EDGE ( 'NONE', *, *, #398, .T. ) ;
#1264 = CARTESIAN_POINT ( 'NONE',  ( 0.000000000000000000, -15.75000000000000000, -1.050000000000000044 ) ) ;
#1265 = DIRECTION ( 'NONE',  ( -1.000000000000000000, -0.000000000000000000, -0.000000000000000000 ) ) ;
#1266 = EDGE_CURVE ( 'NONE', #1034, #3002, #1160, .T. ) ;
#1267 = PRESENTATION_STYLE_ASSIGNMENT (( #4511 ) ) ;
#1268 = CARTESIAN_POINT ( 'NONE',  ( 0.2000000000000000111, 7.750000000000006217, 14.92339375865879347 ) ) ;
#1269 = FACE_OUTER_BOUND ( 'NONE', #1710, .T. ) ;
#1270 = DIRECTION ( 'NONE',  ( 0.000000000000000000, 0.000000000000000000, 1.000000000000000000 ) ) ;
#1271 = PRESENTATION_STYLE_ASSIGNMENT (( #1625 ) ) ;
#1272 = DIRECTION ( 'NONE',  ( 0.000000000000000000, 0.000000000000000000, -1.000000000000000000 ) ) ;
#1273 = FACE_OUTER_BOUND ( 'NONE', #1805, .T. ) ;
#1274 = ORIENTED_EDGE ( 'NONE', *, *, #829, .T. ) ;
#1275 = EDGE_LOOP ( 'NONE', ( #1949, #4284, #4166, #4470 ) ) ;
#1276 = EDGE_CURVE ( 'NONE', #3617, #2587, #461, .T. ) ;
#1277 = EDGE_CURVE ( 'NONE', #2874, #1262, #3261, .T. ) ;
#1278 = LINE ( 'NONE', #1893, #503 ) ;
#1279 = LINE ( 'NONE', #2731, #1554 ) ;
#1280 = EDGE_LOOP ( 'NONE', ( #2287, #2634 ) ) ;
#1281 = EDGE_CURVE ( 'NONE', #47, #2117, #3971, .T. ) ;
#1282 = ORIENTED_EDGE ( 'NONE', *, *, #1913, .F. ) ;
#1283 = DIRECTION ( 'NONE',  ( 0.000000000000000000, 0.8660254037844385966, 0.5000000000000000000 ) ) ;
#1284 = FACE_BOUND ( 'NONE', #2971, .T. ) ;
#1285 = CYLINDRICAL_SURFACE ( 'NONE', #2300, 1.500000000000001332 ) ;
#1286 = CARTESIAN_POINT ( 'NONE',  ( 2.000000000000000000, -15.50000000000000000, -8.673617379884035472E-16 ) ) ;
#1287 = EDGE_LOOP ( 'NONE', ( #3575, #3769, #184, #735 ) ) ;
#1288 = LINE ( 'NONE', #2738, #192 ) ;
#1289 = CARTESIAN_POINT ( 'NONE',  ( -6.000000000000000000, 7.000000000000000000, -6.000000000000000888 ) ) ;
#1290 = ADVANCED_FACE ( 'NONE', ( #1789 ), #1056, .T. ) ;
#1291 = LINE ( 'NONE', #538, #3807 ) ;
#1292 = DIRECTION ( 'NONE',  ( 0.000000000000000000, 1.000000000000000000, 0.000000000000000000 ) ) ;
#1293 = MECHANICAL_DESIGN_GEOMETRIC_PRESENTATION_REPRESENTATION (  '', ( #411 ), #2367 ) ;
#1294 =( LENGTH_UNIT ( ) NAMED_UNIT ( * ) SI_UNIT ( .MILLI., .METRE. ) );
#1295 = ORIENTED_EDGE ( 'NONE', *, *, #2101, .T. ) ;
#1296 = ORIENTED_EDGE ( 'NONE', *, *, #4308, .F. ) ;
#1297 = STYLED_ITEM ( 'NONE', ( #1644 ), #2008 ) ;
#1298 = EDGE_CURVE ( 'NONE', #1548, #4377, #1234, .T. ) ;
#1299 = DIRECTION ( 'NONE',  ( -1.000000000000000000, 0.000000000000000000, 0.000000000000000000 ) ) ;
#1300 = PRESENTATION_LAYER_ASSIGNMENT (  '', '', ( #3346 ) ) ;
#1301 =( NAMED_UNIT ( * ) SI_UNIT ( $, .STERADIAN. ) SOLID_ANGLE_UNIT ( ) );
#1302 = VERTEX_POINT ( 'NONE', #410 ) ;
#1303 = EDGE_CURVE ( 'NONE', #305, #82, #1600, .T. ) ;
#1304 = VECTOR ( 'NONE', #571, 1000.000000000000000 ) ;
#1305 = CIRCLE ( 'NONE', #3874, 16.39999999999999858 ) ;
#1306 = CARTESIAN_POINT ( 'NONE',  ( 2.000000000000000000, 7.749999999999999112, -15.42339375865880058 ) ) ;
#1307 = LINE ( 'NONE', #4548, #793 ) ;
#1308 = DIRECTION ( 'NONE',  ( -1.000000000000000000, -0.000000000000000000, -0.000000000000000000 ) ) ;
#1309 = CIRCLE ( 'NONE', #3957, 17.30000000000000071 ) ;
#1310 = VECTOR ( 'NONE', #976, 1000.000000000000000 ) ;
#1311 = VECTOR ( 'NONE', #2657, 1000.000000000000114 ) ;
#1312 = PRESENTATION_LAYER_ASSIGNMENT (  '', '', ( #1613 ) ) ;
#1313 = CARTESIAN_POINT ( 'NONE',  ( 2.000000000000000000, -15.75000000000000000, 0.2500000000000002220 ) ) ;
#1314 = VERTEX_POINT ( 'NONE', #2956 ) ;
#1315 = DIRECTION ( 'NONE',  ( 1.000000000000000000, -0.000000000000000000, -0.000000000000000000 ) ) ;
#1316 = AXIS2_PLACEMENT_3D ( 'NONE', #2694, #1308, #1934 ) ;
#1317 = DIRECTION ( 'NONE',  ( -0.000000000000000000, -0.000000000000000000, -1.000000000000000000 ) ) ;
#1318 = DIRECTION ( 'NONE',  ( 0.000000000000000000, -0.8660254037844390407, -0.4999999999999992784 ) ) ;
#1319 = ORIENTED_EDGE ( 'NONE', *, *, #4372, .F. ) ;
#1320 = ORIENTED_EDGE ( 'NONE', *, *, #169, .F. ) ;
#1321 = EDGE_CURVE ( 'NONE', #366, #2203, #4012, .T. ) ;
#1322 = CIRCLE ( 'NONE', #2019, 16.39999999999999858 ) ;
#1323 = CARTESIAN_POINT ( 'NONE',  ( 46.69999999999999574, 8.750000000000000000, 8.500000000000000000 ) ) ;
#1324 =( GEOMETRIC_REPRESENTATION_CONTEXT ( 3 ) GLOBAL_UNCERTAINTY_ASSIGNED_CONTEXT ( ( #4273 ) ) GLOBAL_UNIT_ASSIGNED_CONTEXT ( ( #1947, #891, #1963 ) ) REPRESENTATION_CONTEXT ( 'NONE', 'WORKASPACE' ) );
#1325 = CYLINDRICAL_SURFACE ( 'NONE', #1923, 1.499999999999996225 ) ;
#1326 = CARTESIAN_POINT ( 'NONE',  ( 47.50000000000000000, -7.949999999999998401, 15.70000000000000284 ) ) ;
#1327 = ORIENTED_EDGE ( 'NONE', *, *, #826, .T. ) ;
#1328 = ORIENTED_EDGE ( 'NONE', *, *, #2819, .T. ) ;
#1329 = LINE ( 'NONE', #878, #1676 ) ;
#1330 = CARTESIAN_POINT ( 'NONE',  ( 44.50000000000000000, 9.300000000000000711, 8.500000000000000000 ) ) ;
#1331 = PRESENTATION_STYLE_ASSIGNMENT (( #3478 ) ) ;
#1332 = CARTESIAN_POINT ( 'NONE',  ( 46.69999999999999574, 8.750000000000000000, 15.70000000000000284 ) ) ;
#1333 = EDGE_LOOP ( 'NONE', ( #3782, #2490, #1583, #4506 ) ) ;
#1334 = DIRECTION ( 'NONE',  ( 0.000000000000000000, 0.000000000000000000, 1.000000000000000000 ) ) ;
#1335 = ORIENTED_EDGE ( 'NONE', *, *, #191, .F. ) ;
#1336 = SURFACE_STYLE_FILL_AREA ( #4658 ) ;
#1337 = DIRECTION ( 'NONE',  ( 0.000000000000000000, 0.000000000000000000, 1.000000000000000000 ) ) ;
#1338 = EDGE_CURVE ( 'NONE', #1586, #2352, #1455, .T. ) ;
#1339 = DIRECTION ( 'NONE',  ( 0.000000000000000000, -1.000000000000000000, 0.000000000000000000 ) ) ;
#1340 = DIRECTION ( 'NONE',  ( -1.000000000000000000, 0.000000000000000000, -0.000000000000000000 ) ) ;
#1341 =( NAMED_UNIT ( * ) SI_UNIT ( $, .STERADIAN. ) SOLID_ANGLE_UNIT ( ) );
#1342 = ORIENTED_EDGE ( 'NONE', *, *, #2808, .T. ) ;
#1343 = ORIENTED_EDGE ( 'NONE', *, *, #746, .F. ) ;
#1344 = CARTESIAN_POINT ( 'NONE',  ( 0.000000000000000000, 7.841506350946106707, -13.08188740771269210 ) ) ;
#1345 = DIRECTION ( 'NONE',  ( 0.000000000000000000, -1.000000000000000000, 0.000000000000000000 ) ) ;
#1346 = LINE ( 'NONE', #996, #285 ) ;
#1347 = ORIENTED_EDGE ( 'NONE', *, *, #129, .T. ) ;
#1348 = CARTESIAN_POINT ( 'NONE',  ( 0.000000000000000000, -15.75000000000000000, 1.050000000000000044 ) ) ;
#1349 = VERTEX_POINT ( 'NONE', #2884 ) ;
#1350 = CARTESIAN_POINT ( 'NONE',  ( -19.80000000000000071, 7.000000000000000000, 3.000000000000000000 ) ) ;
#1351 = VERTEX_POINT ( 'NONE', #781 ) ;
#1352 = CARTESIAN_POINT ( 'NONE',  ( 2.000000000000000000, 7.408493649053887076, -13.33188740771269210 ) ) ;
#1353 = CARTESIAN_POINT ( 'NONE',  ( 0.000000000000000000, -13.42339375865870998, -7.750000000000157208 ) ) ;
#1354 = ORIENTED_EDGE ( 'NONE', *, *, #1087, .F. ) ;
#1355 = SURFACE_STYLE_FILL_AREA ( #3156 ) ;
#1356 = ADVANCED_FACE ( 'NONE', ( #3226 ), #188, .T. ) ;
#1357 = EDGE_CURVE ( 'NONE', #2337, #3699, #2180, .T. ) ;
#1358 = FACE_OUTER_BOUND ( 'NONE', #1169, .T. ) ;
#1359 = EDGE_CURVE ( 'NONE', #1628, #2787, #3754, .T. ) ;
#1360 = CARTESIAN_POINT ( 'NONE',  ( 0.5000000000000004441, 0.000000000000000000, -17.80000000000000071 ) ) ;
#1361 = EDGE_CURVE ( 'NONE', #1695, #2337, #509, .T. ) ;
#1362 = CARTESIAN_POINT ( 'NONE',  ( -19.80000000000000071, 7.000000000000000000, 3.000000000000000000 ) ) ;
#1363 = DIRECTION ( 'NONE',  ( 0.000000000000000000, 0.000000000000000000, 1.000000000000000000 ) ) ;
#1364 = ORIENTED_EDGE ( 'NONE', *, *, #3045, .T. ) ;
#1365 = ORIENTED_EDGE ( 'NONE', *, *, #3045, .F. ) ;
#1366 = PRESENTATION_LAYER_ASSIGNMENT (  '', '', ( #628 ) ) ;
#1367 = CARTESIAN_POINT ( 'NONE',  ( 51.69999999999999574, -7.950000000000000178, 10.90000000000000391 ) ) ;
#1368 = CARTESIAN_POINT ( 'NONE',  ( 2.000000000000000000, -14.45000000000000107, -0.2500000000000002220 ) ) ;
#1369 = ORIENTED_EDGE ( 'NONE', *, *, #309, .T. ) ;
#1370 = VERTEX_POINT ( 'NONE', #2320 ) ;
#1371 = CARTESIAN_POINT ( 'NONE',  ( 6.000000000000000000, 0.000000000000000000, -13.99999999999999822 ) ) ;
#1372 = DIRECTION ( 'NONE',  ( -0.000000000000000000, -0.000000000000000000, -1.000000000000000000 ) ) ;
#1373 = DIRECTION ( 'NONE',  ( 1.000000000000000000, -0.000000000000000000, -0.000000000000000000 ) ) ;
#1374 = FILL_AREA_STYLE ('',( #1074 ) ) ;
#1375 = ORIENTED_EDGE ( 'NONE', *, *, #4229, .T. ) ;
#1376 = FACE_OUTER_BOUND ( 'NONE', #1138, .T. ) ;
#1377 = VERTEX_POINT ( 'NONE', #4460 ) ;
#1378 = DIRECTION ( 'NONE',  ( 0.000000000000000000, 1.000000000000000000, -1.224646799147353207E-16 ) ) ;
#1379 = CIRCLE ( 'NONE', #3351, 17.80000000000000071 ) ;
#1380 = PLANE ( 'NONE',  #278 ) ;
#1381 = FILL_AREA_STYLE_COLOUR ( '', #289 ) ;
#1382 = DIRECTION ( 'NONE',  ( -1.000000000000000000, 0.000000000000000000, 0.000000000000000000 ) ) ;
#1383 = CIRCLE ( 'NONE', #3656, 6.000000000000000888 ) ;
#1384 = VECTOR ( 'NONE', #1485, 1000.000000000000227 ) ;
#1385 = CARTESIAN_POINT ( 'NONE',  ( 47.50000000000000000, -7.950000000000000178, 10.90000000000000391 ) ) ;
#1386 = STYLED_ITEM ( 'NONE', ( #1107 ), #201 ) ;
#1387 = CIRCLE ( 'NONE', #433, 1.500000000000001332 ) ;
#1388 = SURFACE_STYLE_USAGE ( .BOTH. , #4630 ) ;
#1389 = FILL_AREA_STYLE ('',( #1694 ) ) ;
#1390 = VERTEX_POINT ( 'NONE', #4064 ) ;
#1391 = EDGE_LOOP ( 'NONE', ( #4395, #1375, #3020, #3142 ) ) ;
#1392 = AXIS2_PLACEMENT_3D ( 'NONE', #1332, #2858, #4290 ) ;
#1393 = DIRECTION ( 'NONE',  ( -1.000000000000000000, 0.000000000000000000, 0.000000000000000000 ) ) ;
#1394 = CARTESIAN_POINT ( 'NONE',  ( 2.000000000000000000, 7.658493649053896846, 13.76490010960490729 ) ) ;
#1395 = CARTESIAN_POINT ( 'NONE',  ( 0.000000000000000000, -14.45000000000000107, -0.2500000000000002220 ) ) ;
#1396 = VERTEX_POINT ( 'NONE', #2987 ) ;
#1397 = ORIENTED_EDGE ( 'NONE', *, *, #3176, .F. ) ;
#1398 = PRESENTATION_STYLE_ASSIGNMENT (( #3383 ) ) ;
#1399 = VERTEX_POINT ( 'NONE', #4415 ) ;
#1400 = DIRECTION ( 'NONE',  ( -1.000000000000000000, -0.000000000000000000, -0.000000000000000000 ) ) ;
#1401 = DIRECTION ( 'NONE',  ( 0.000000000000000000, 0.8660254037844393737, 0.4999999999999987232 ) ) ;
#1402 = CARTESIAN_POINT ( 'NONE',  ( 2.000000000000000000, -15.25000000000000000, -1.050000000000000044 ) ) ;
#1403 = ORIENTED_EDGE ( 'NONE', *, *, #895, .T. ) ;
#1404 = DIRECTION ( 'NONE',  ( 0.000000000000000000, 0.000000000000000000, 1.000000000000000000 ) ) ;
#1405 = PRESENTATION_LAYER_ASSIGNMENT (  '', '', ( #4357 ) ) ;
#1406 = PRESENTATION_STYLE_ASSIGNMENT (( #3514 ) ) ;
#1407 = EDGE_CURVE ( 'NONE', #684, #3405, #3041, .T. ) ;
#1408 = FACE_OUTER_BOUND ( 'NONE', #4091, .T. ) ;
#1409 = DIRECTION ( 'NONE',  ( 0.000000000000000000, 0.5000000000000000000, 0.8660254037844385966 ) ) ;
#1410 = DIRECTION ( 'NONE',  ( -1.000000000000000000, 0.000000000000000000, 0.000000000000000000 ) ) ;
#1411 =( NAMED_UNIT ( * ) PLANE_ANGLE_UNIT ( ) SI_UNIT ( $, .RADIAN. ) );
#1412 = DIRECTION ( 'NONE',  ( 0.000000000000000000, -0.8660254037844362651, -0.5000000000000041078 ) ) ;
#1413 = ORIENTED_EDGE ( 'NONE', *, *, #403, .F. ) ;
#1414 = VERTEX_POINT ( 'NONE', #2004 ) ;
#1415 = DIRECTION ( 'NONE',  ( 0.000000000000000000, 0.5000000000000001110, 0.8660254037844387076 ) ) ;
#1416 = LINE ( 'NONE', #2872, #2533 ) ;
#1417 = DIRECTION ( 'NONE',  ( 0.000000000000000000, 0.8660254037844330455, 0.5000000000000098810 ) ) ;
#1418 = EDGE_LOOP ( 'NONE', ( #1282, #2566, #3427, #2315 ) ) ;
#1419 = EDGE_CURVE ( 'NONE', #1670, #1511, #128, .T. ) ;
#1420 = VERTEX_POINT ( 'NONE', #1553 ) ;
#1421 = EDGE_CURVE ( 'NONE', #916, #3649, #3727, .T. ) ;
#1422 = FILL_AREA_STYLE_COLOUR ( '', #3198 ) ;
#1423 = ADVANCED_FACE ( 'NONE', ( #4485, #1528 ), #1955, .T. ) ;
#1424 = FACE_OUTER_BOUND ( 'NONE', #4270, .T. ) ;
#1425 = ADVANCED_FACE ( 'NONE', ( #97 ), #2269, .T. ) ;
#1426 = FILL_AREA_STYLE_COLOUR ( '', #2610 ) ;
#1427 = ORIENTED_EDGE ( 'NONE', *, *, #3925, .F. ) ;
#1428 = CARTESIAN_POINT ( 'NONE',  ( 0.000000000000000000, 13.42339375865876505, 6.250000000000063061 ) ) ;
#1429 = CARTESIAN_POINT ( 'NONE',  ( 0.000000000000000000, 7.000000000000001776, 0.000000000000000000 ) ) ;
#1430 = UNCERTAINTY_MEASURE_WITH_UNIT (LENGTH_MEASURE( 1.000000000000000082E-05 ), #20, 'distance_accuracy_value', 'NONE');
#1431 = CARTESIAN_POINT ( 'NONE',  ( 50.89999999999999147, -7.949999999999998401, 15.70000000000000284 ) ) ;
#1432 = DIRECTION ( 'NONE',  ( 1.000000000000000000, -0.000000000000000000, -0.000000000000000000 ) ) ;
#1433 = DIRECTION ( 'NONE',  ( -1.000000000000000000, -0.000000000000000000, 0.000000000000000000 ) ) ;
#1434 = EDGE_LOOP ( 'NONE', ( #2034, #2833, #3243, #4667 ) ) ;
#1435 = ORIENTED_EDGE ( 'NONE', *, *, #3883, .T. ) ;
#1436 = ADVANCED_FACE ( 'NONE', ( #1206 ), #4136, .T. ) ;
#1437 =( NAMED_UNIT ( * ) SI_UNIT ( $, .STERADIAN. ) SOLID_ANGLE_UNIT ( ) );
#1438 = DIRECTION ( 'NONE',  ( -1.000000000000000000, -0.000000000000000000, -0.000000000000000000 ) ) ;
#1439 = ORIENTED_EDGE ( 'NONE', *, *, #948, .F. ) ;
#1440 = ORIENTED_EDGE ( 'NONE', *, *, #895, .F. ) ;
#1441 = VECTOR ( 'NONE', #3735, 1000.000000000000000 ) ;
#1442 = SURFACE_SIDE_STYLE ('',( #3578 ) ) ;
#1443 = STYLED_ITEM ( 'NONE', ( #2944 ), #1924 ) ;
#1444 = CARTESIAN_POINT ( 'NONE',  ( 0.000000000000000000, 8.784326673973666288, 13.11490010960490515 ) ) ;
#1445 = CARTESIAN_POINT ( 'NONE',  ( 6.000000000000000000, 0.000000000000000000, 17.00000000000000000 ) ) ;
#1446 = ORIENTED_EDGE ( 'NONE', *, *, #4612, .T. ) ;
#1447 = CARTESIAN_POINT ( 'NONE',  ( 0.000000000000000000, -15.50000000000000000, -1.500000000000000888 ) ) ;
#1448 = VECTOR ( 'NONE', #4228, 1000.000000000000000 ) ;
#1449 =( GEOMETRIC_REPRESENTATION_CONTEXT ( 3 ) GLOBAL_UNCERTAINTY_ASSIGNED_CONTEXT ( ( #3228 ) ) GLOBAL_UNIT_ASSIGNED_CONTEXT ( ( #2444, #4203, #2003 ) ) REPRESENTATION_CONTEXT ( 'NONE', 'WORKASPACE' ) );
#1450 = FACE_OUTER_BOUND ( 'NONE', #2646, .T. ) ;
#1451 = DIRECTION ( 'NONE',  ( 1.000000000000000000, -0.000000000000000000, -0.000000000000000000 ) ) ;
#1452 = CARTESIAN_POINT ( 'NONE',  ( 0.5000000000000000000, 1.506315562951244413E-15, -12.30000000000000071 ) ) ;
#1453 = VECTOR ( 'NONE', #26, 1000.000000000000000 ) ;
#1454 = COLOUR_RGB ( '',0.8941176470588234615, 0.9137254901960784048, 0.9294117647058823817 ) ;
#1455 = LINE ( 'NONE', #6, #4552 ) ;
#1456 =( LENGTH_UNIT ( ) NAMED_UNIT ( * ) SI_UNIT ( .MILLI., .METRE. ) );
#1457 = SURFACE_STYLE_FILL_AREA ( #2200 ) ;
#1458 = LINE ( 'NONE', #1060, #4274 ) ;
#1459 = ORIENTED_EDGE ( 'NONE', *, *, #2963, .T. ) ;
#1460 = AXIS2_PLACEMENT_3D ( 'NONE', #1021, #232, #1652 ) ;
#1461 = VERTEX_POINT ( 'NONE', #3028 ) ;
#1462 = AXIS2_PLACEMENT_3D ( 'NONE', #2543, #1821, #750 ) ;
#1463 = AXIS2_PLACEMENT_3D ( 'NONE', #3918, #985, #2423 ) ;
#1464 =( LENGTH_UNIT ( ) NAMED_UNIT ( * ) SI_UNIT ( .MILLI., .METRE. ) );
#1465 = PLANE ( 'NONE',  #2774 ) ;
#1466 = VERTEX_POINT ( 'NONE', #4157 ) ;
#1467 = ADVANCED_FACE ( 'NONE', ( #2671 ), #3287, .T. ) ;
#1468 = VERTEX_POINT ( 'NONE', #3980 ) ;
#1469 = VECTOR ( 'NONE', #1590, 1000.000000000000000 ) ;
#1470 = CARTESIAN_POINT ( 'NONE',  ( 51.69999999999999574, 7.950000000000000178, 10.90000000000000391 ) ) ;
#1471 = AXIS2_PLACEMENT_3D ( 'NONE', #3022, #189, #4103 ) ;
#1472 = DIRECTION ( 'NONE',  ( 0.000000000000000000, 0.000000000000000000, 1.000000000000000000 ) ) ;
#1473 = EDGE_LOOP ( 'NONE', ( #4145, #974, #4520, #917 ) ) ;
#1474 = CARTESIAN_POINT ( 'NONE',  ( 20.49999999999999645, 0.000000000000000000, 0.000000000000000000 ) ) ;
#1475 = AXIS2_PLACEMENT_3D ( 'NONE', #2165, #1438, #2257 ) ;
#1476 = PLANE ( 'NONE',  #716 ) ;
#1477 = LINE ( 'NONE', #851, #951 ) ;
#1478 =( LENGTH_UNIT ( ) NAMED_UNIT ( * ) SI_UNIT ( .MILLI., .METRE. ) );
#1479 = LINE ( 'NONE', #4369, #335 ) ;
#1480 = EDGE_CURVE ( 'NONE', #842, #1670, #791, .T. ) ;
#1481 =( GEOMETRIC_REPRESENTATION_CONTEXT ( 3 ) GLOBAL_UNCERTAINTY_ASSIGNED_CONTEXT ( ( #3992 ) ) GLOBAL_UNIT_ASSIGNED_CONTEXT ( ( #3871, #3137, #1732 ) ) REPRESENTATION_CONTEXT ( 'NONE', 'WORKASPACE' ) );
#1482 = UNCERTAINTY_MEASURE_WITH_UNIT (LENGTH_MEASURE( 1.000000000000000082E-05 ), #4097, 'distance_accuracy_value', 'NONE');
#1483 = ADVANCED_FACE ( 'NONE', ( #838 ), #4378, .T. ) ;
#1484 = SURFACE_STYLE_USAGE ( .BOTH. , #2915 ) ;
#1485 = DIRECTION ( 'NONE',  ( -0.000000000000000000, -0.4999999999999992228, 0.8660254037844390407 ) ) ;
#1486 = ORIENTED_EDGE ( 'NONE', *, *, #2210, .F. ) ;
#1487 = EDGE_CURVE ( 'NONE', #1494, #2880, #1977, .T. ) ;
#1488 = EDGE_LOOP ( 'NONE', ( #548, #2219, #2260, #4588, #16, #2616, #3844, #2353 ) ) ;
#1489 = CARTESIAN_POINT ( 'NONE',  ( -19.80000000000000071, 7.000000000000000000, 0.000000000000000000 ) ) ;
#1490 =( NAMED_UNIT ( * ) PLANE_ANGLE_UNIT ( ) SI_UNIT ( $, .RADIAN. ) );
#1491 = FACE_OUTER_BOUND ( 'NONE', #121, .T. ) ;
#1492 = PLANE ( 'NONE',  #1462 ) ;
#1493 = DIRECTION ( 'NONE',  ( -1.000000000000000000, 0.000000000000000000, -0.000000000000000000 ) ) ;
#1494 = VERTEX_POINT ( 'NONE', #1512 ) ;
#1495 = ORIENTED_EDGE ( 'NONE', *, *, #3459, .F. ) ;
#1496 = EDGE_CURVE ( 'NONE', #25, #626, #2964, .T. ) ;
#1497 =( LENGTH_UNIT ( ) NAMED_UNIT ( * ) SI_UNIT ( .MILLI., .METRE. ) );
#1498 = ORIENTED_EDGE ( 'NONE', *, *, #4167, .T. ) ;
#1499 = VERTEX_POINT ( 'NONE', #1164 ) ;
#1500 = DIRECTION ( 'NONE',  ( 0.000000000000000000, 0.000000000000000000, 1.000000000000000000 ) ) ;
#1501 = CARTESIAN_POINT ( 'NONE',  ( 44.50000000000000000, 0.000000000000000000, 0.000000000000000000 ) ) ;
#1502 = CARTESIAN_POINT ( 'NONE',  ( 51.69999999999999574, 7.950000000000000178, 10.90000000000000391 ) ) ;
#1503 = DIRECTION ( 'NONE',  ( -1.000000000000000000, -0.000000000000000000, -0.000000000000000000 ) ) ;
#1504 = CARTESIAN_POINT ( 'NONE',  ( 0.000000000000000000, 6.965673326026347034, 14.16490010960490764 ) ) ;
#1505 = EDGE_CURVE ( 'NONE', #173, #1302, #2609, .T. ) ;
#1506 = DIRECTION ( 'NONE',  ( -1.000000000000000000, -0.000000000000000000, -0.000000000000000000 ) ) ;
#1507 = DIRECTION ( 'NONE',  ( 0.000000000000000000, 1.224646799147349509E-16, 1.000000000000000000 ) ) ;
#1508 = CARTESIAN_POINT ( 'NONE',  ( 21.50000000000000000, 0.000000000000000000, 0.000000000000000000 ) ) ;
#1509 = ORIENTED_EDGE ( 'NONE', *, *, #1175, .F. ) ;
#1510 = EDGE_CURVE ( 'NONE', #953, #2172, #2636, .T. ) ;
#1511 = VERTEX_POINT ( 'NONE', #136 ) ;
#1512 = CARTESIAN_POINT ( 'NONE',  ( 0.5000000000000000000, 7.000000000000002665, -10.00000000000000000 ) ) ;
#1513 = EDGE_CURVE ( 'NONE', #3641, #4401, #2891, .T. ) ;
#1514 = CARTESIAN_POINT ( 'NONE',  ( 0.000000000000000000, 8.058493649053897201, 14.45772043263245621 ) ) ;
#1515 = CARTESIAN_POINT ( 'NONE',  ( 0.000000000000000000, -15.50000000000000000, 1.999999999999999112 ) ) ;
#1516 = CARTESIAN_POINT ( 'NONE',  ( 0.000000000000000000, 7.408493649053887076, -13.33188740771269210 ) ) ;
#1517 = CARTESIAN_POINT ( 'NONE',  ( 0.000000000000000000, 7.750000000000006217, 15.42339375865879880 ) ) ;
#1518 = ORIENTED_EDGE ( 'NONE', *, *, #692, .T. ) ;
#1519 = ORIENTED_EDGE ( 'NONE', *, *, #1623, .T. ) ;
#1520 = LINE ( 'NONE', #4029, #340 ) ;
#1521 = LINE ( 'NONE', #19, #810 ) ;
#1522 = ORIENTED_EDGE ( 'NONE', *, *, #2563, .F. ) ;
#1524 = VECTOR ( 'NONE', #1204, 1000.000000000000000 ) ;
#1523 = PLANE ( 'NONE',  #525 ) ;
#1525 = DIRECTION ( 'NONE',  ( 0.000000000000000000, 0.8660254037844433705, -0.4999999999999920064 ) ) ;
#1526 = LINE ( 'NONE', #2575, #510 ) ;
#1527 = EDGE_CURVE ( 'NONE', #1399, #3155, #2301, .T. ) ;
#1528 = FACE_BOUND ( 'NONE', #2132, .T. ) ;
#1529 = CARTESIAN_POINT ( 'NONE',  ( 44.50000000000000000, 9.300000000000000711, 8.500000000000000000 ) ) ;
#1530 = CIRCLE ( 'NONE', #1004, 12.30000000000000071 ) ;
#1531 = VECTOR ( 'NONE', #1883, 1000.000000000000000 ) ;
#1532 = DIRECTION ( 'NONE',  ( -1.000000000000000000, 0.000000000000000000, 0.000000000000000000 ) ) ;
#1533 = CARTESIAN_POINT ( 'NONE',  ( 0.000000000000000000, 7.441506350946116122, 12.38906708468513784 ) ) ;
#1534 = EDGE_LOOP ( 'NONE', ( #1875, #1724 ) ) ;
#1535 = CIRCLE ( 'NONE', #3571, 1.500000000000001332 ) ;
#1536 =( LENGTH_UNIT ( ) NAMED_UNIT ( * ) SI_UNIT ( .MILLI., .METRE. ) );
#1537 = CARTESIAN_POINT ( 'NONE',  ( 0.000000000000000000, 6.715673326026347034, 13.73188740771268890 ) ) ;
#1538 = AXIS2_PLACEMENT_3D ( 'NONE', #2284, #3767, #2730 ) ;
#1539 = LINE ( 'NONE', #2164, #3120 ) ;
#1540 = CARTESIAN_POINT ( 'NONE',  ( 0.000000000000000000, 8.091506350946115589, 13.51490010960490729 ) ) ;
#1541 = ORIENTED_EDGE ( 'NONE', *, *, #1768, .T. ) ;
#1542 = VERTEX_POINT ( 'NONE', #2655 ) ;
#1543 = AXIS2_PLACEMENT_3D ( 'NONE', #3858, #4590, #630 ) ;
#1544 = APPLICATION_PROTOCOL_DEFINITION ( 'draft international standard', 'automotive_design', 1998, #2361 ) ;
#1545 = CARTESIAN_POINT ( 'NONE',  ( 47.50000000000000000, 7.950000000000000178, 15.70000000000000284 ) ) ;
#1546 = VERTEX_POINT ( 'NONE', #4092 ) ;
#1547 = CIRCLE ( 'NONE', #497, 16.39999999999999858 ) ;
#1548 = VERTEX_POINT ( 'NONE', #1960 ) ;
#1549 = AXIS2_PLACEMENT_3D ( 'NONE', #3324, #2224, #96 ) ;
#1550 = DIRECTION ( 'NONE',  ( 0.000000000000000000, 0.000000000000000000, -1.000000000000000000 ) ) ;
#1551 = DIRECTION ( 'NONE',  ( 0.000000000000000000, 0.000000000000000000, 1.000000000000000000 ) ) ;
#1552 = CARTESIAN_POINT ( 'NONE',  ( -19.80000000000000071, 7.000000000000000000, 0.000000000000000000 ) ) ;
#1553 = CARTESIAN_POINT ( 'NONE',  ( 0.000000000000000000, 8.586697387972222373, 14.37259614518684181 ) ) ;
#1554 = VECTOR ( 'NONE', #4169, 1000.000000000000000 ) ;
#1555 = ADVANCED_FACE ( 'NONE', ( #1212 ), #178, .F. ) ;
#1556 = ORIENTED_EDGE ( 'NONE', *, *, #314, .F. ) ;
#1557 = CIRCLE ( 'NONE', #1624, 6.000000000000000888 ) ;
#1558 = DIRECTION ( 'NONE',  ( -1.000000000000000000, -0.000000000000000000, -0.000000000000000000 ) ) ;
#1559 = FACE_OUTER_BOUND ( 'NONE', #4016, .T. ) ;
#1560 = VERTEX_POINT ( 'NONE', #4494 ) ;
#1561 = COLOUR_RGB ( '',0.7960784313725489669, 0.8235294117647058432, 0.9372549019607843146 ) ;
#1562 = CARTESIAN_POINT ( 'NONE',  ( 0.2000000000000000111, 7.750000000000006217, 12.12339375865879987 ) ) ;
#1563 = LINE ( 'NONE', #839, #1739 ) ;
#1564 = PRESENTATION_STYLE_ASSIGNMENT (( #560 ) ) ;
#1565 = ORIENTED_EDGE ( 'NONE', *, *, #1361, .T. ) ;
#1566 = EDGE_LOOP ( 'NONE', ( #3409, #1640, #216, #2264, #3055, #1582 ) ) ;
#1567 = EDGE_CURVE ( 'NONE', #3641, #2861, #2707, .T. ) ;
#1568 = DIRECTION ( 'NONE',  ( 0.000000000000000000, 0.000000000000000000, 1.000000000000000000 ) ) ;
#1569 = ORIENTED_EDGE ( 'NONE', *, *, #1171, .F. ) ;
#1570 = EDGE_CURVE ( 'NONE', #684, #1466, #907, .T. ) ;
#1571 = EDGE_CURVE ( 'NONE', #4334, #1468, #4615, .T. ) ;
#1572 = CARTESIAN_POINT ( 'NONE',  ( 0.000000000000000000, 8.784326673973657407, -13.11490010960491226 ) ) ;
#1573 = CYLINDRICAL_SURFACE ( 'NONE', #2517, 2.000000000000000000 ) ;
#1574 = DIRECTION ( 'NONE',  ( -1.000000000000000000, -0.000000000000000000, -0.000000000000000000 ) ) ;
#1575 = UNCERTAINTY_MEASURE_WITH_UNIT (LENGTH_MEASURE( 1.000000000000000082E-05 ), #4081, 'distance_accuracy_value', 'NONE');
#1576 = CARTESIAN_POINT ( 'NONE',  ( -8.300000000000002487, 4.500000000000000888, -1.658312395177700793 ) ) ;
#1577 = CARTESIAN_POINT ( 'NONE',  ( 2.000000000000000000, -14.45000000000000107, -0.2500000000000002220 ) ) ;
#1578 = VERTEX_POINT ( 'NONE', #3402 ) ;
#1579 = FACE_BOUND ( 'NONE', #4267, .T. ) ;
#1580 = SURFACE_STYLE_FILL_AREA ( #558 ) ;
#1581 = PLANE ( 'NONE',  #3428 ) ;
#1582 = ORIENTED_EDGE ( 'NONE', *, *, #2121, .T. ) ;
#1583 = ORIENTED_EDGE ( 'NONE', *, *, #946, .T. ) ;
#1584 =( LENGTH_UNIT ( ) NAMED_UNIT ( * ) SI_UNIT ( .MILLI., .METRE. ) );
#1585 = DIRECTION ( 'NONE',  ( 0.000000000000000000, 0.000000000000000000, -1.000000000000000000 ) ) ;
#1586 = VERTEX_POINT ( 'NONE', #158 ) ;
#1587 = DIRECTION ( 'NONE',  ( 0.000000000000000000, -1.000000000000000000, 0.000000000000000000 ) ) ;
#1588 = ORIENTED_EDGE ( 'NONE', *, *, #4231, .F. ) ;
#1589 = CARTESIAN_POINT ( 'NONE',  ( 0.000000000000000000, -14.45000000000000107, 0.2500000000000002220 ) ) ;
#1590 = DIRECTION ( 'NONE',  ( 0.000000000000000000, -1.000000000000000000, 0.000000000000000000 ) ) ;
#1591 = CARTESIAN_POINT ( 'NONE',  ( 0.000000000000000000, 8.058493649053897201, 14.45772043263245621 ) ) ;
#1592 = VECTOR ( 'NONE', #1393, 1000.000000000000000 ) ;
#1593 = ADVANCED_FACE ( 'NONE', ( #887, #1579 ), #3057, .F. ) ;
#1594 =( NAMED_UNIT ( * ) PLANE_ANGLE_UNIT ( ) SI_UNIT ( $, .RADIAN. ) );
#1595 = SURFACE_STYLE_USAGE ( .BOTH. , #2273 ) ;
#1596 = FILL_AREA_STYLE ('',( #1228 ) ) ;
#1597 = ORIENTED_EDGE ( 'NONE', *, *, #1975, .T. ) ;
#1598 = AXIS2_PLACEMENT_3D ( 'NONE', #4444, #2631, #131 ) ;
#1599 = LINE ( 'NONE', #2816, #1592 ) ;
#1600 = CIRCLE ( 'NONE', #4248, 2.000000000000000000 ) ;
#1601 = CARTESIAN_POINT ( 'NONE',  ( -19.80000000000000071, 7.000000000000000000, 0.000000000000000000 ) ) ;
#1602 = LINE ( 'NONE', #1214, #2913 ) ;
#1603 = ORIENTED_EDGE ( 'NONE', *, *, #2563, .T. ) ;
#1604 = AXIS2_PLACEMENT_3D ( 'NONE', #4512, #1639, #3088 ) ;
#1605 = ORIENTED_EDGE ( 'NONE', *, *, #4000, .T. ) ;
#1606 = ADVANCED_FACE ( 'NONE', ( #4119 ), #4326, .T. ) ;
#1607 = STYLED_ITEM ( 'NONE', ( #1331 ), #2711 ) ;
#1608 = EDGE_CURVE ( 'NONE', #2023, #2176, #1599, .T. ) ;
#1609 = FACE_OUTER_BOUND ( 'NONE', #150, .T. ) ;
#1610 = DIRECTION ( 'NONE',  ( 1.000000000000000000, -0.000000000000000000, -0.000000000000000000 ) ) ;
#1611 = EDGE_LOOP ( 'NONE', ( #2412, #2282 ) ) ;
#1612 = TOROIDAL_SURFACE ( 'NONE', #4256, 1.299999999999996714, 0.2000000000000000111 ) ;
#1613 = STYLED_ITEM ( 'NONE', ( #1816 ), #805 ) ;
#1614 = DIRECTION ( 'NONE',  ( 1.000000000000000000, -0.000000000000000000, -0.000000000000000000 ) ) ;
#1615 = FACE_OUTER_BOUND ( 'NONE', #1149, .T. ) ;
#1616 = CIRCLE ( 'NONE', #876, 1.499999999999996225 ) ;
#1617 = DIRECTION ( 'NONE',  ( 0.000000000000000000, 0.000000000000000000, 1.000000000000000000 ) ) ;
#1618 = DIRECTION ( 'NONE',  ( -0.000000000000000000, -0.000000000000000000, 1.000000000000000000 ) ) ;
#1619 = CIRCLE ( 'NONE', #806, 1.500000000000000000 ) ;
#1620 = EDGE_CURVE ( 'NONE', #3827, #4300, #4255, .T. ) ;
#1621 = VECTOR ( 'NONE', #3081, 1000.000000000000000 ) ;
#1622 = CARTESIAN_POINT ( 'NONE',  ( 0.2000000000000000111, 7.749999999999998224, -13.42339375865880058 ) ) ;
#1623 = EDGE_CURVE ( 'NONE', #1396, #4353, #3570, .T. ) ;
#1624 = AXIS2_PLACEMENT_3D ( 'NONE', #724, #2239, #3668 ) ;
#1625 = SURFACE_STYLE_USAGE ( .BOTH. , #2347 ) ;
#1626 = EDGE_CURVE ( 'NONE', #452, #1466, #866, .T. ) ;
#1627 = DIRECTION ( 'NONE',  ( 0.000000000000000000, 0.000000000000000000, -1.000000000000000000 ) ) ;
#1628 = VERTEX_POINT ( 'NONE', #1348 ) ;
#1629 = PRESENTATION_LAYER_ASSIGNMENT (  '', '', ( #446 ) ) ;
#1630 = DIRECTION ( 'NONE',  ( 0.000000000000000000, 0.5000000000000001110, -0.8660254037844387076 ) ) ;
#1631 = EDGE_LOOP ( 'NONE', ( #4001, #3369, #1296, #4291, #4477, #542, #4605, #1439, #2404, #211, #4301, #764 ) ) ;
#1632 = FACE_OUTER_BOUND ( 'NONE', #4408, .T. ) ;
#1633 = LINE ( 'NONE', #2717, #1621 ) ;
#1634 = ORIENTED_EDGE ( 'NONE', *, *, #400, .T. ) ;
#1635 = VERTEX_POINT ( 'NONE', #665 ) ;
#1636 = SURFACE_STYLE_USAGE ( .BOTH. , #165 ) ;
#1637 = DIRECTION ( 'NONE',  ( -0.000000000000000000, 0.4999999999999973910, -0.8660254037844401509 ) ) ;
#1638 = DIRECTION ( 'NONE',  ( 0.000000000000000000, -0.1591051661466641176, -0.9872616401468470304 ) ) ;
#1639 = DIRECTION ( 'NONE',  ( 1.000000000000000000, 0.000000000000000000, 0.000000000000000000 ) ) ;
#1640 = ORIENTED_EDGE ( 'NONE', *, *, #3652, .T. ) ;
#1641 = DIRECTION ( 'NONE',  ( -1.000000000000000000, -0.000000000000000000, -0.000000000000000000 ) ) ;
#1642 = VERTEX_POINT ( 'NONE', #2778 ) ;
#1643 = ADVANCED_FACE ( 'NONE', ( #338 ), #1758, .T. ) ;
#1644 = PRESENTATION_STYLE_ASSIGNMENT (( #3075 ) ) ;
#1645 = EDGE_CURVE ( 'NONE', #1259, #2546, #1329, .T. ) ;
#1646 = DIRECTION ( 'NONE',  ( 0.000000000000000000, 0.000000000000000000, 1.000000000000000000 ) ) ;
#1647 = ORIENTED_EDGE ( 'NONE', *, *, #3160, .T. ) ;
#1648 = ORIENTED_EDGE ( 'NONE', *, *, #1357, .F. ) ;
#1649 = EDGE_CURVE ( 'NONE', #1511, #173, #218, .T. ) ;
#1650 = ADVANCED_FACE ( 'NONE', ( #3438, #2668, #3024, #1221, #3043, #4480, #2720, #1997, #1284, #4457, #2291, #1932 ), #2362, .F. ) ;
#1651 = UNCERTAINTY_MEASURE_WITH_UNIT (LENGTH_MEASURE( 1.000000000000000082E-05 ), #1464, 'distance_accuracy_value', 'NONE');
#1652 = DIRECTION ( 'NONE',  ( -0.000000000000000000, 0.000000000000000000, -1.000000000000000000 ) ) ;
#1653 = DIRECTION ( 'NONE',  ( 0.000000000000000000, -1.000000000000000000, 0.000000000000000000 ) ) ;
#1654 = ORIENTED_EDGE ( 'NONE', *, *, #1814, .T. ) ;
#1655 = ORIENTED_EDGE ( 'NONE', *, *, #1898, .T. ) ;
#1656 = CARTESIAN_POINT ( 'NONE',  ( 50.89999999999999147, 7.950000000000000178, 15.70000000000000284 ) ) ;
#1657 = EDGE_LOOP ( 'NONE', ( #657, #4153, #516, #4126 ) ) ;
#1658 = CARTESIAN_POINT ( 'NONE',  ( 0.000000000000000000, 7.841506350946106707, -13.08188740771269210 ) ) ;
#1659 = CARTESIAN_POINT ( 'NONE',  ( -8.300000000000002487, 7.000000000000000000, 0.000000000000000000 ) ) ;
#1660 = VERTEX_POINT ( 'NONE', #531 ) ;
#1661 = VECTOR ( 'NONE', #2955, 1000.000000000000000 ) ;
#1662 = EDGE_CURVE ( 'NONE', #2787, #2587, #4080, .T. ) ;
#1663 = SURFACE_STYLE_USAGE ( .BOTH. , #2424 ) ;
#1664 = AXIS2_PLACEMENT_3D ( 'NONE', #3861, #998, #1703 ) ;
#1665 = CARTESIAN_POINT ( 'NONE',  ( 0.2000000000000000111, 7.749999999999998224, -13.42339375865880058 ) ) ;
#1666 = PLANE ( 'NONE',  #3487 ) ;
#1667 = SURFACE_STYLE_USAGE ( .BOTH. , #245 ) ;
#1668 = SURFACE_STYLE_USAGE ( .BOTH. , #1890 ) ;
#1669 = ORIENTED_EDGE ( 'NONE', *, *, #1745, .T. ) ;
#1670 = VERTEX_POINT ( 'NONE', #3395 ) ;
#1671 = AXIS2_PLACEMENT_3D ( 'NONE', #3307, #1506, #3010 ) ;
#1672 = STYLED_ITEM ( 'NONE', ( #2765 ), #1082 ) ;
#1673 = CARTESIAN_POINT ( 'NONE',  ( 0.5000000000000000000, 1.506315562951244413E-15, -12.30000000000000071 ) ) ;
#1674 =( GEOMETRIC_REPRESENTATION_CONTEXT ( 3 ) GLOBAL_UNCERTAINTY_ASSIGNED_CONTEXT ( ( #2294 ) ) GLOBAL_UNIT_ASSIGNED_CONTEXT ( ( #3557, #2043, #4222 ) ) REPRESENTATION_CONTEXT ( 'NONE', 'WORKASPACE' ) );
#1675 = CARTESIAN_POINT ( 'NONE',  ( 44.50000000000000000, 9.300000000000000711, 18.50000000000000355 ) ) ;
#1676 = VECTOR ( 'NONE', #3412, 1000.000000000000000 ) ;
#1677 = DIRECTION ( 'NONE',  ( 0.000000000000000000, 0.000000000000000000, 1.000000000000000000 ) ) ;
#1678 = VERTEX_POINT ( 'NONE', #3068 ) ;
#1679 = VERTEX_POINT ( 'NONE', #1953 ) ;
#1680 = DIRECTION ( 'NONE',  ( -1.000000000000000000, -0.000000000000000000, -0.000000000000000000 ) ) ;
#1681 = LINE ( 'NONE', #1352, #646 ) ;
#1682 = CARTESIAN_POINT ( 'NONE',  ( 2.000000000000000000, 7.750000000000006217, 14.92339375865879347 ) ) ;
#1683 = AXIS2_PLACEMENT_3D ( 'NONE', #2928, #3607, #429 ) ;
#1684 = VERTEX_POINT ( 'NONE', #4508 ) ;
#1685 = VECTOR ( 'NONE', #4679, 1000.000000000000000 ) ;
#1686 = AXIS2_PLACEMENT_3D ( 'NONE', #159, #2613, #2994 ) ;
#1687 = PRESENTATION_STYLE_ASSIGNMENT (( #4245 ) ) ;
#1688 = CARTESIAN_POINT ( 'NONE',  ( 6.000000000000000000, 13.42339375865876505, 7.750000000000063061 ) ) ;
#1689 = LINE ( 'NONE', #621, #3138 ) ;
#1690 = AXIS2_PLACEMENT_3D ( 'NONE', #1152, #2598, #2551 ) ;
#1691 = EDGE_CURVE ( 'NONE', #2240, #871, #477, .T. ) ;
#1692 = FILL_AREA_STYLE ('',( #3205 ) ) ;
#1693 = CARTESIAN_POINT ( 'NONE',  ( 0.000000000000000000, -15.25000000000000000, -1.050000000000000044 ) ) ;
#1694 = FILL_AREA_STYLE_COLOUR ( '', #3903 ) ;
#1695 = VERTEX_POINT ( 'NONE', #1264 ) ;
#1696 = EDGE_LOOP ( 'NONE', ( #362, #4632, #4045, #528 ) ) ;
#1697 = AXIS2_PLACEMENT_3D ( 'NONE', #4022, #3317, #1168 ) ;
#1698 = DIRECTION ( 'NONE',  ( -1.000000000000000000, -0.000000000000000000, -0.000000000000000000 ) ) ;
#1699 = VECTOR ( 'NONE', #4394, 1000.000000000000000 ) ;
#1700 = CARTESIAN_POINT ( 'NONE',  ( 0.000000000000000000, 7.749999999999999112, -11.42339375865880058 ) ) ;
#1701 = CARTESIAN_POINT ( 'NONE',  ( 6.000000000000000000, 0.000000000000000000, 15.50000000000000000 ) ) ;
#1702 = VERTEX_POINT ( 'NONE', #1589 ) ;
#1703 = DIRECTION ( 'NONE',  ( 0.000000000000000000, 0.000000000000000000, -1.000000000000000000 ) ) ;
#1704 = VERTEX_POINT ( 'NONE', #4528 ) ;
#1705 = EDGE_CURVE ( 'NONE', #1753, #3907, #2047, .T. ) ;
#1706 = CARTESIAN_POINT ( 'NONE',  ( 52.50000000000000000, -9.300000000000000711, 18.50000000000000355 ) ) ;
#1707 = CARTESIAN_POINT ( 'NONE',  ( 2.000000000000000000, 8.534326673973657407, -12.68188740771269352 ) ) ;
#1708 = EDGE_CURVE ( 'NONE', #262, #1125, #782, .T. ) ;
#1709 = EDGE_CURVE ( 'NONE', #1823, #456, #3110, .T. ) ;
#1710 = EDGE_LOOP ( 'NONE', ( #475, #3929, #1752, #3285 ) ) ;
#1711 = CYLINDRICAL_SURFACE ( 'NONE', #4405, 16.39999999999999858 ) ;
#1712 = CARTESIAN_POINT ( 'NONE',  ( 6.000000000000000000, 0.000000000000000000, -15.50000000000000000 ) ) ;
#1713 = DIRECTION ( 'NONE',  ( 0.000000000000000000, 0.000000000000000000, 1.000000000000000000 ) ) ;
#1714 = FACE_OUTER_BOUND ( 'NONE', #788, .T. ) ;
#1715 =( NAMED_UNIT ( * ) SI_UNIT ( $, .STERADIAN. ) SOLID_ANGLE_UNIT ( ) );
#1716 = SURFACE_STYLE_USAGE ( .BOTH. , #585 ) ;
#1717 = EDGE_LOOP ( 'NONE', ( #3868, #3664, #2024 ) ) ;
#1718 = ORIENTED_EDGE ( 'NONE', *, *, #3682, .T. ) ;
#1719 = EDGE_CURVE ( 'NONE', #1414, #2666, #3005, .T. ) ;
#1720 = PLANE ( 'NONE',  #1460 ) ;
#1721 = LINE ( 'NONE', #352, #123 ) ;
#1722 = CARTESIAN_POINT ( 'NONE',  ( 0.000000000000000000, 7.408493649053896846, 13.33188740771268677 ) ) ;
#1723 = EDGE_LOOP ( 'NONE', ( #4537, #1556, #3059, #2755 ) ) ;
#1724 = ORIENTED_EDGE ( 'NONE', *, *, #3537, .F. ) ;
#1725 = CARTESIAN_POINT ( 'NONE',  ( 0.2000000000000000111, 7.749999999999998224, -14.92339375865880235 ) ) ;
#1726 = ORIENTED_EDGE ( 'NONE', *, *, #845, .T. ) ;
#1727 = DIRECTION ( 'NONE',  ( 1.000000000000000000, -0.000000000000000000, -0.000000000000000000 ) ) ;
#1728 = CYLINDRICAL_SURFACE ( 'NONE', #4503, 1.499999999999996225 ) ;
#1729 = ORIENTED_EDGE ( 'NONE', *, *, #252, .T. ) ;
#1730 = DIRECTION ( 'NONE',  ( 0.000000000000000000, 1.224646799147349509E-16, 1.000000000000000000 ) ) ;
#1731 = DIRECTION ( 'NONE',  ( -0.000000000000000000, -0.000000000000000000, -1.000000000000000000 ) ) ;
#1732 =( NAMED_UNIT ( * ) SI_UNIT ( $, .STERADIAN. ) SOLID_ANGLE_UNIT ( ) );
#1733 = EDGE_CURVE ( 'NONE', #81, #231, #1981, .T. ) ;
#1734 =( LENGTH_UNIT ( ) NAMED_UNIT ( * ) SI_UNIT ( .MILLI., .METRE. ) );
#1735 = FACE_OUTER_BOUND ( 'NONE', #4656, .T. ) ;
#1736 = CARTESIAN_POINT ( 'NONE',  ( 2.000000000000000000, 6.965673326026347034, 14.16490010960490764 ) ) ;
#1737 = VERTEX_POINT ( 'NONE', #1656 ) ;
#1738 = EDGE_LOOP ( 'NONE', ( #645, #3766, #329, #247 ) ) ;
#1739 = VECTOR ( 'NONE', #1196, 1000.000000000000000 ) ;
#1740 = CARTESIAN_POINT ( 'NONE',  ( 0.000000000000000000, 0.000000000000000000, -13.99999999999999822 ) ) ;
#1741 = CARTESIAN_POINT ( 'NONE',  ( -6.000000000000000000, 7.000000000000000000, 0.000000000000000000 ) ) ;
#1742 = ORIENTED_EDGE ( 'NONE', *, *, #1970, .F. ) ;
#1743 = COLOUR_RGB ( '',1.000000000000000000, 1.000000000000000000, 1.000000000000000000 ) ;
#1744 = ORIENTED_EDGE ( 'NONE', *, *, #1745, .F. ) ;
#1745 = EDGE_CURVE ( 'NONE', #3079, #1886, #3912, .T. ) ;
#1747 = DIRECTION ( 'NONE',  ( -0.000000000000000000, 0.8660254037844390407, 0.4999999999999992228 ) ) ;
#1746 = MECHANICAL_DESIGN_GEOMETRIC_PRESENTATION_REPRESENTATION (  '', ( #3260 ), #3791 ) ;
#1748 = VECTOR ( 'NONE', #2097, 1000.000000000000000 ) ;
#1749 = DIRECTION ( 'NONE',  ( -1.000000000000000000, -0.000000000000000000, -0.000000000000000000 ) ) ;
#1750 = MECHANICAL_DESIGN_GEOMETRIC_PRESENTATION_REPRESENTATION (  '', ( #3418 ), #865 ) ;
#1751 = MECHANICAL_DESIGN_GEOMETRIC_PRESENTATION_REPRESENTATION (  '', ( #2438 ), #3490 ) ;
#1752 = ORIENTED_EDGE ( 'NONE', *, *, #485, .T. ) ;
#1753 = VERTEX_POINT ( 'NONE', #1725 ) ;
#1754 = CARTESIAN_POINT ( 'NONE',  ( 0.000000000000000000, 7.749999999999999112, -13.42339375865880058 ) ) ;
#1755 = VECTOR ( 'NONE', #2648, 1000.000000000000000 ) ;
#1756 = FILL_AREA_STYLE_COLOUR ( '', #2001 ) ;
#1757 =( LENGTH_UNIT ( ) NAMED_UNIT ( * ) SI_UNIT ( .MILLI., .METRE. ) );
#1758 = PLANE ( 'NONE',  #180 ) ;
#1759 = VECTOR ( 'NONE', #2145, 1000.000000000000227 ) ;
#1760 = AXIS2_PLACEMENT_3D ( 'NONE', #4322, #2537, #3975 ) ;
#1761 = EDGE_CURVE ( 'NONE', #1259, #837, #3179, .T. ) ;
#1762 = EDGE_CURVE ( 'NONE', #3185, #848, #1227, .T. ) ;
#1763 = FACE_BOUND ( 'NONE', #3291, .T. ) ;
#1764 = AXIS2_PLACEMENT_3D ( 'NONE', #749, #13, #1772 ) ;
#1765 = FACE_OUTER_BOUND ( 'NONE', #2684, .T. ) ;
#1766 = DIRECTION ( 'NONE',  ( 0.000000000000000000, 0.000000000000000000, 1.000000000000000000 ) ) ;
#1767 = EDGE_LOOP ( 'NONE', ( #2779, #2958, #1952, #3456 ) ) ;
#1768 = EDGE_CURVE ( 'NONE', #3476, #3155, #4017, .T. ) ;
#1769 = ORIENTED_EDGE ( 'NONE', *, *, #397, .F. ) ;
#1770 = EDGE_CURVE ( 'NONE', #2484, #4254, #617, .T. ) ;
#1771 = ADVANCED_FACE ( 'NONE', ( #3151 ), #3823, .F. ) ;
#1772 = DIRECTION ( 'NONE',  ( 0.000000000000000000, 0.000000000000000000, -1.000000000000000000 ) ) ;
#1773 = CARTESIAN_POINT ( 'NONE',  ( 2.000000000000000000, -15.50000000000000000, -2.000000000000000888 ) ) ;
#1774 =( NAMED_UNIT ( * ) SI_UNIT ( $, .STERADIAN. ) SOLID_ANGLE_UNIT ( ) );
#1775 = ORIENTED_EDGE ( 'NONE', *, *, #4289, .F. ) ;
#1776 = VECTOR ( 'NONE', #847, 1000.000000000000227 ) ;
#1777 = VERTEX_POINT ( 'NONE', #3105 ) ;
#1778 = CIRCLE ( 'NONE', #4205, 1.500000000000001110 ) ;
#1779 = ORIENTED_EDGE ( 'NONE', *, *, #2215, .F. ) ;
#1780 = LINE ( 'NONE', #1176, #719 ) ;
#1781 = DIRECTION ( 'NONE',  ( 1.000000000000000000, -0.000000000000000000, -0.000000000000000000 ) ) ;
#1782 = COLOUR_RGB ( '',0.7960784313725489669, 0.8235294117647058432, 0.9372549019607843146 ) ;
#1783 =( NAMED_UNIT ( * ) PLANE_ANGLE_UNIT ( ) SI_UNIT ( $, .RADIAN. ) );
#1784 = EDGE_CURVE ( 'NONE', #1548, #3144, #4263, .T. ) ;
#1785 = ORIENTED_EDGE ( 'NONE', *, *, #2496, .T. ) ;
#1786 = SURFACE_STYLE_FILL_AREA ( #1054 ) ;
#1787 = MECHANICAL_DESIGN_GEOMETRIC_PRESENTATION_REPRESENTATION (  '', ( #4357 ), #2704 ) ;
#1788 = PRESENTATION_STYLE_ASSIGNMENT (( #3203 ) ) ;
#1789 = FACE_OUTER_BOUND ( 'NONE', #3880, .T. ) ;
#1790 = CARTESIAN_POINT ( 'NONE',  ( 44.50000000000000000, 0.000000000000000000, 0.000000000000000000 ) ) ;
#1791 = LINE ( 'NONE', #4014, #2139 ) ;
#1792 = DIRECTION ( 'NONE',  ( 1.000000000000000000, -0.000000000000000000, -0.000000000000000000 ) ) ;
#1793 = EDGE_LOOP ( 'NONE', ( #4647, #1605 ) ) ;
#1794 = ORIENTED_EDGE ( 'NONE', *, *, #4308, .T. ) ;
#1795 = EDGE_CURVE ( 'NONE', #102, #1026, #3846, .T. ) ;
#1796 = AXIS2_PLACEMENT_3D ( 'NONE', #1885, #1558, #175 ) ;
#1797 = DIRECTION ( 'NONE',  ( -0.000000000000000000, -0.4999999999999995559, 0.8660254037844389297 ) ) ;
#1798 = DIRECTION ( 'NONE',  ( 0.000000000000000000, 1.000000000000000000, 0.000000000000000000 ) ) ;
#1799 = DIRECTION ( 'NONE',  ( -1.000000000000000000, 0.000000000000000000, 0.000000000000000000 ) ) ;
#1800 = VERTEX_POINT ( 'NONE', #4594 ) ;
#1801 = ORIENTED_EDGE ( 'NONE', *, *, #2603, .F. ) ;
#1802 = CARTESIAN_POINT ( 'NONE',  ( 21.50000000000000000, 0.000000000000000000, 0.000000000000000000 ) ) ;
#1803 = DIRECTION ( 'NONE',  ( -1.000000000000000000, -0.000000000000000000, -0.000000000000000000 ) ) ;
#1804 = DIRECTION ( 'NONE',  ( 1.000000000000000000, 0.000000000000000000, 0.000000000000000000 ) ) ;
#1805 = EDGE_LOOP ( 'NONE', ( #2527, #2581, #476, #1197 ) ) ;
#1806 =( LENGTH_UNIT ( ) NAMED_UNIT ( * ) SI_UNIT ( .MILLI., .METRE. ) );
#1807 = DIRECTION ( 'NONE',  ( 0.000000000000000000, 0.000000000000000000, -1.000000000000000000 ) ) ;
#1808 = EDGE_LOOP ( 'NONE', ( #2050, #3984, #3168, #4541 ) ) ;
#1809 = CARTESIAN_POINT ( 'NONE',  ( 0.000000000000000000, 7.841506350946115589, 13.08188740771268677 ) ) ;
#1810 = SURFACE_STYLE_USAGE ( .BOTH. , #386 ) ;
#1811 = FILL_AREA_STYLE ('',( #3970 ) ) ;
#1812 = DIRECTION ( 'NONE',  ( -1.000000000000000000, 0.000000000000000000, 0.000000000000000000 ) ) ;
#1813 = UNCERTAINTY_MEASURE_WITH_UNIT (LENGTH_MEASURE( 1.000000000000000082E-05 ), #2561, 'distance_accuracy_value', 'NONE');
#1814 = EDGE_CURVE ( 'NONE', #173, #2172, #2737, .T. ) ;
#1815 = CARTESIAN_POINT ( 'NONE',  ( 6.000000000000000000, 0.000000000000000000, -15.50000000000000000 ) ) ;
#1816 = PRESENTATION_STYLE_ASSIGNMENT (( #3615 ) ) ;
#1817 = FILL_AREA_STYLE_COLOUR ( '', #1561 ) ;
#1818 = VERTEX_POINT ( 'NONE', #2440 ) ;
#1819 = ORIENTED_EDGE ( 'NONE', *, *, #4223, .F. ) ;
#1820 = CARTESIAN_POINT ( 'NONE',  ( 44.00000000000000000, 0.000000000000000000, 0.000000000000000000 ) ) ;
#1821 = DIRECTION ( 'NONE',  ( 0.000000000000000000, -0.8660254037844387076, 0.5000000000000001110 ) ) ;
#1822 = CARTESIAN_POINT ( 'NONE',  ( 0.000000000000000000, 7.000000000000000000, 0.000000000000000000 ) ) ;
#1823 = VERTEX_POINT ( 'NONE', #1306 ) ;
#1824 = ORIENTED_EDGE ( 'NONE', *, *, #4000, .F. ) ;
#1825 = AXIS2_PLACEMENT_3D ( 'NONE', #1562, #860, #3382 ) ;
#1826 = PLANE ( 'NONE',  #2384 ) ;
#1827 = VECTOR ( 'NONE', #1747, 1000.000000000000227 ) ;
#1828 = DIRECTION ( 'NONE',  ( 0.000000000000000000, 0.000000000000000000, -1.000000000000000000 ) ) ;
#1829 = ORIENTED_EDGE ( 'NONE', *, *, #4298, .F. ) ;
#1830 = CARTESIAN_POINT ( 'NONE',  ( 6.000000000000000000, 13.42339375865881657, -7.749999999999968914 ) ) ;
#1831 = STYLED_ITEM ( 'NONE', ( #296 ), #2142 ) ;
#1832 = AXIS2_PLACEMENT_3D ( 'NONE', #328, #2218, #2114 ) ;
#1833 = SURFACE_STYLE_FILL_AREA ( #3244 ) ;
#1834 = ADVANCED_FACE ( 'NONE', ( #597 ), #3531, .T. ) ;
#1835 = CARTESIAN_POINT ( 'NONE',  ( 0.000000000000000000, 7.749999999999998224, -11.92339375865880058 ) ) ;
#1836 = DIRECTION ( 'NONE',  ( 0.000000000000000000, 0.000000000000000000, 1.000000000000000000 ) ) ;
#1837 = DIRECTION ( 'NONE',  ( -1.000000000000000000, 0.000000000000000000, -0.000000000000000000 ) ) ;
#1838 = VECTOR ( 'NONE', #4518, 1000.000000000000227 ) ;
#1839 = AXIS2_PLACEMENT_3D ( 'NONE', #307, #2493, #2442 ) ;
#1840 = FACE_OUTER_BOUND ( 'NONE', #2919, .T. ) ;
#1841 = CARTESIAN_POINT ( 'NONE',  ( 44.00000000000000000, 1.947188410644291380E-15, 15.89999999999999680 ) ) ;
#1842 = CARTESIAN_POINT ( 'NONE',  ( 0.000000000000000000, 13.42339375865876505, 7.750000000000063061 ) ) ;
#1843 = EDGE_LOOP ( 'NONE', ( #1648, #3928, #2948, #4570 ) ) ;
#1844 = CIRCLE ( 'NONE', #2232, 1.500000000000001332 ) ;
#1845 = ORIENTED_EDGE ( 'NONE', *, *, #1298, .F. ) ;
#1846 = VECTOR ( 'NONE', #4309, 1000.000000000000227 ) ;
#1847 = AXIS2_PLACEMENT_3D ( 'NONE', #4280, #2487, #700 ) ;
#1848 = PLANE ( 'NONE',  #1099 ) ;
#1849 = PRESENTATION_STYLE_ASSIGNMENT (( #109 ) ) ;
#1850 = CARTESIAN_POINT ( 'NONE',  ( 0.000000000000000000, 2.210487472460972895E-15, 17.80000000000000071 ) ) ;
#1851 = VERTEX_POINT ( 'NONE', #1350 ) ;
#1852 = AXIS2_PLACEMENT_3D ( 'NONE', #1861, #459, #3006 ) ;
#1853 = DIRECTION ( 'NONE',  ( 1.000000000000000000, 0.000000000000000000, 0.000000000000000000 ) ) ;
#1854 = AXIS2_PLACEMENT_3D ( 'NONE', #755, #1878, #3320 ) ;
#1855 = CARTESIAN_POINT ( 'NONE',  ( 0.000000000000000000, 7.000000000000000000, 0.000000000000000000 ) ) ;
#1856 = EDGE_CURVE ( 'NONE', #1951, #1818, #3892, .T. ) ;
#1857 = COLOUR_RGB ( '',0.7960784313725489669, 0.8235294117647058432, 0.9372549019607843146 ) ;
#1858 = DIRECTION ( 'NONE',  ( -0.000000000000000000, -1.000000000000000000, -0.000000000000000000 ) ) ;
#1859 = DIRECTION ( 'NONE',  ( -1.000000000000000000, 0.000000000000000000, 0.000000000000000000 ) ) ;
#1860 = EDGE_CURVE ( 'NONE', #87, #937, #3552, .T. ) ;
#1861 = CARTESIAN_POINT ( 'NONE',  ( 2.000000000000000000, 7.750000000000006217, 13.42339375865879703 ) ) ;
#1862 =( NAMED_UNIT ( * ) SI_UNIT ( $, .STERADIAN. ) SOLID_ANGLE_UNIT ( ) );
#1863 = DIRECTION ( 'NONE',  ( -1.000000000000000000, 0.000000000000000000, 0.000000000000000000 ) ) ;
#1864 = EDGE_CURVE ( 'NONE', #4341, #2736, #3194, .T. ) ;
#1865 =( GEOMETRIC_REPRESENTATION_CONTEXT ( 3 ) GLOBAL_UNCERTAINTY_ASSIGNED_CONTEXT ( ( #1052 ) ) GLOBAL_UNIT_ASSIGNED_CONTEXT ( ( #537, #1910, #2252 ) ) REPRESENTATION_CONTEXT ( 'NONE', 'WORKASPACE' ) );
#1866 = ORIENTED_EDGE ( 'NONE', *, *, #1708, .F. ) ;
#1867 = CARTESIAN_POINT ( 'NONE',  ( 0.000000000000000000, 7.841506350946115589, 13.08188740771268677 ) ) ;
#1868 = PRESENTATION_STYLE_ASSIGNMENT (( #3994 ) ) ;
#1869 = ORIENTED_EDGE ( 'NONE', *, *, #2681, .T. ) ;
#1870 = ORIENTED_EDGE ( 'NONE', *, *, #2589, .F. ) ;
#1871 = CARTESIAN_POINT ( 'NONE',  ( 52.50000000000000000, -8.750000000000000000, 8.500000000000001776 ) ) ;
#1872 = FACE_OUTER_BOUND ( 'NONE', #825, .T. ) ;
#1873 = CARTESIAN_POINT ( 'NONE',  ( 44.50000000000000000, 0.000000000000000000, 0.000000000000000000 ) ) ;
#1874 = ORIENTED_EDGE ( 'NONE', *, *, #1170, .T. ) ;
#1875 = ORIENTED_EDGE ( 'NONE', *, *, #826, .F. ) ;
#1876 = EDGE_CURVE ( 'NONE', #2193, #4501, #4646, .T. ) ;
#1877 = CIRCLE ( 'NONE', #3388, 17.80000000000000071 ) ;
#1878 = DIRECTION ( 'NONE',  ( -1.000000000000000000, -0.000000000000000000, -0.000000000000000000 ) ) ;
#1879 = ORIENTED_EDGE ( 'NONE', *, *, #4578, .T. ) ;
#1880 = SURFACE_STYLE_USAGE ( .BOTH. , #23 ) ;
#1881 = CARTESIAN_POINT ( 'NONE',  ( 0.000000000000000000, -16.74038207405221002, 0.2500000000000004996 ) ) ;
#1882 = FILL_AREA_STYLE_COLOUR ( '', #4624 ) ;
#1883 = DIRECTION ( 'NONE',  ( -0.000000000000000000, 1.000000000000000000, -0.000000000000000000 ) ) ;
#1884 = DIRECTION ( 'NONE',  ( -0.000000000000000000, 0.8660254037844378194, -0.5000000000000013323 ) ) ;
#1885 = CARTESIAN_POINT ( 'NONE',  ( 21.50000000000000000, 0.000000000000000000, 0.000000000000000000 ) ) ;
#1886 = VERTEX_POINT ( 'NONE', #3170 ) ;
#1887 = SURFACE_SIDE_STYLE ('',( #4049 ) ) ;
#1888 = DIRECTION ( 'NONE',  ( 0.000000000000000000, 0.000000000000000000, 1.000000000000000000 ) ) ;
#1889 = PLANE ( 'NONE',  #4116 ) ;
#1890 = SURFACE_SIDE_STYLE ('',( #2374 ) ) ;
#1891 = VERTEX_POINT ( 'NONE', #1371 ) ;
#1892 = VERTEX_POINT ( 'NONE', #3130 ) ;
#1893 = CARTESIAN_POINT ( 'NONE',  ( 0.000000000000000000, -15.25000000000000000, -1.050000000000000044 ) ) ;
#1894 = FILL_AREA_STYLE ('',( #2549 ) ) ;
#1895 = ORIENTED_EDGE ( 'NONE', *, *, #691, .F. ) ;
#1896 =( GEOMETRIC_REPRESENTATION_CONTEXT ( 3 ) GLOBAL_UNCERTAINTY_ASSIGNED_CONTEXT ( ( #3839 ) ) GLOBAL_UNIT_ASSIGNED_CONTEXT ( ( #3723, #2341, #122 ) ) REPRESENTATION_CONTEXT ( 'NONE', 'WORKASPACE' ) );
#1897 = ORIENTED_EDGE ( 'NONE', *, *, #2800, .T. ) ;
#1898 = EDGE_CURVE ( 'NONE', #4363, #2176, #4575, .T. ) ;
#1900 = AXIS2_PLACEMENT_3D ( 'NONE', #1899, #2692, #3792 ) ;
#1899 = CARTESIAN_POINT ( 'NONE',  ( 0.2000000000000000111, -15.50000000000000000, -8.673617379884035472E-16 ) ) ;
#1901 = LINE ( 'NONE', #4314, #4554 ) ;
#1902 = LINE ( 'NONE', #1502, #3507 ) ;
#1903 = DIRECTION ( 'NONE',  ( 0.000000000000000000, 0.000000000000000000, 1.000000000000000000 ) ) ;
#1904 = AXIS2_PLACEMENT_3D ( 'NONE', #3562, #373, #8 ) ;
#1905 = VECTOR ( 'NONE', #4058, 1000.000000000000227 ) ;
#1906 = UNCERTAINTY_MEASURE_WITH_UNIT (LENGTH_MEASURE( 1.000000000000000082E-05 ), #480, 'distance_accuracy_value', 'NONE');
#1907 = DIRECTION ( 'NONE',  ( -1.000000000000000000, 0.000000000000000000, 0.000000000000000000 ) ) ;
#1908 = COLOUR_RGB ( '',0.2039215686274509776, 0.2039215686274509776, 0.2039215686274509776 ) ;
#1909 = CIRCLE ( 'NONE', #3347, 0.2000000000000005107 ) ;
#1910 =( NAMED_UNIT ( * ) PLANE_ANGLE_UNIT ( ) SI_UNIT ( $, .RADIAN. ) );
#1911 = ORIENTED_EDGE ( 'NONE', *, *, #994, .F. ) ;
#1912 =( GEOMETRIC_REPRESENTATION_CONTEXT ( 3 ) GLOBAL_UNCERTAINTY_ASSIGNED_CONTEXT ( ( #1575 ) ) GLOBAL_UNIT_ASSIGNED_CONTEXT ( ( #4081, #532, #4288 ) ) REPRESENTATION_CONTEXT ( 'NONE', 'WORKASPACE' ) );
#1913 = EDGE_CURVE ( 'NONE', #1678, #4642, #4218, .T. ) ;
#1914 = CARTESIAN_POINT ( 'NONE',  ( 56.20000000000000284, 0.000000000000000000, 16.39999999999999858 ) ) ;
#1915 = LINE ( 'NONE', #3363, #2427 ) ;
#1916 = FILL_AREA_STYLE_COLOUR ( '', #3732 ) ;
#1917 = VECTOR ( 'NONE', #4149, 1000.000000000000000 ) ;
#1918 = EDGE_CURVE ( 'NONE', #4527, #2023, #1563, .T. ) ;
#1919 = SURFACE_STYLE_FILL_AREA ( #2307 ) ;
#1920 = ORIENTED_EDGE ( 'NONE', *, *, #1620, .T. ) ;
#1921 = ORIENTED_EDGE ( 'NONE', *, *, #3598, .T. ) ;
#1922 = EDGE_CURVE ( 'NONE', #4447, #2748, #107, .T. ) ;
#1923 = AXIS2_PLACEMENT_3D ( 'NONE', #682, #2414, #3525 ) ;
#1924 = ADVANCED_FACE ( 'NONE', ( #817 ), #1944, .F. ) ;
#1925 = AXIS2_PLACEMENT_3D ( 'NONE', #490, #3336, #108 ) ;
#1926 = DIRECTION ( 'NONE',  ( 0.000000000000000000, -0.000000000000000000, -1.000000000000000000 ) ) ;
#1927 = ORIENTED_EDGE ( 'NONE', *, *, #4578, .F. ) ;
#1928 =( NAMED_UNIT ( * ) SI_UNIT ( $, .STERADIAN. ) SOLID_ANGLE_UNIT ( ) );
#1929 = VECTOR ( 'NONE', #3628, 1000.000000000000000 ) ;
#1930 = EDGE_LOOP ( 'NONE', ( #3025, #3697, #4502, #431, #4238, #2508 ) ) ;
#1931 = AXIS2_PLACEMENT_3D ( 'NONE', #4362, #2263, #3648 ) ;
#1932 = FACE_BOUND ( 'NONE', #1930, .T. ) ;
#1933 = PRESENTATION_STYLE_ASSIGNMENT (( #4109 ) ) ;
#1934 = DIRECTION ( 'NONE',  ( 0.000000000000000000, 0.000000000000000000, 1.000000000000000000 ) ) ;
#1935 = CARTESIAN_POINT ( 'NONE',  ( 0.5000000000000000000, 7.163571428571429145, 9.998662129892933237 ) ) ;
#1936 =( NAMED_UNIT ( * ) PLANE_ANGLE_UNIT ( ) SI_UNIT ( $, .RADIAN. ) );
#1937 = MECHANICAL_DESIGN_GEOMETRIC_PRESENTATION_REPRESENTATION (  '', ( #3004 ), #4350 ) ;
#1938 = ADVANCED_FACE ( 'NONE', ( #1872 ), #3314, .T. ) ;
#1939 = LINE ( 'NONE', #3379, #3765 ) ;
#1940 = DIRECTION ( 'NONE',  ( 0.000000000000000000, 0.000000000000000000, 1.000000000000000000 ) ) ;
#1941 = ORIENTED_EDGE ( 'NONE', *, *, #1143, .T. ) ;
#1942 = MECHANICAL_DESIGN_GEOMETRIC_PRESENTATION_REPRESENTATION (  '', ( #963 ), #2173 ) ;
#1943 = DIRECTION ( 'NONE',  ( -1.000000000000000000, -0.000000000000000000, -0.000000000000000000 ) ) ;
#1944 = CYLINDRICAL_SURFACE ( 'NONE', #3181, 1.500000000000001332 ) ;
#1945 = CARTESIAN_POINT ( 'NONE',  ( 0.2000000000000000111, 7.750000000000006217, 13.42339375865879703 ) ) ;
#1946 = CARTESIAN_POINT ( 'NONE',  ( 56.20000000000000284, 0.000000000000000000, 0.000000000000000000 ) ) ;
#1947 =( LENGTH_UNIT ( ) NAMED_UNIT ( * ) SI_UNIT ( .MILLI., .METRE. ) );
#1948 = EDGE_LOOP ( 'NONE', ( #3625, #3545, #3924, #2308 ) ) ;
#1949 = ORIENTED_EDGE ( 'NONE', *, *, #833, .F. ) ;
#1950 = CARTESIAN_POINT ( 'NONE',  ( 0.5000000000000000000, 0.000000000000000000, 0.000000000000000000 ) ) ;
#1951 = VERTEX_POINT ( 'NONE', #2637 ) ;
#1952 = ORIENTED_EDGE ( 'NONE', *, *, #944, .T. ) ;
#1953 = CARTESIAN_POINT ( 'NONE',  ( 44.50000000000000000, -9.300000000000000711, 13.50814569065643234 ) ) ;
#1954 = DIRECTION ( 'NONE',  ( -1.000000000000000000, 0.000000000000000000, 0.000000000000000000 ) ) ;
#1955 = PLANE ( 'NONE',  #4107 ) ;
#1956 = FACE_OUTER_BOUND ( 'NONE', #4118, .T. ) ;
#1957 = CARTESIAN_POINT ( 'NONE',  ( 0.000000000000000000, 0.000000000000000000, 0.000000000000000000 ) ) ;
#1958 = CARTESIAN_POINT ( 'NONE',  ( 0.000000000000000000, 7.000000000000001776, 0.000000000000000000 ) ) ;
#1959 = EDGE_CURVE ( 'NONE', #2168, #1695, #421, .T. ) ;
#1960 = CARTESIAN_POINT ( 'NONE',  ( 6.000000000000000000, -13.42339375865886986, 9.249999999999875655 ) ) ;
#1961 = FACE_OUTER_BOUND ( 'NONE', #4197, .T. ) ;
#1962 = SURFACE_STYLE_USAGE ( .BOTH. , #2373 ) ;
#1963 =( NAMED_UNIT ( * ) SI_UNIT ( $, .STERADIAN. ) SOLID_ANGLE_UNIT ( ) );
#1964 = ORIENTED_EDGE ( 'NONE', *, *, #252, .F. ) ;
#1965 = ORIENTED_EDGE ( 'NONE', *, *, #2791, .T. ) ;
#1966 = DIRECTION ( 'NONE',  ( 1.000000000000000000, 0.000000000000000000, 0.000000000000000000 ) ) ;
#1967 = LINE ( 'NONE', #594, #2621 ) ;
#1968 = ORIENTED_EDGE ( 'NONE', *, *, #2603, .T. ) ;
#1969 = EDGE_LOOP ( 'NONE', ( #3576, #4305 ) ) ;
#1970 = EDGE_CURVE ( 'NONE', #3649, #3827, #2611, .T. ) ;
#1971 = CARTESIAN_POINT ( 'NONE',  ( 0.000000000000000000, 0.000000000000000000, 0.000000000000000000 ) ) ;
#1972 = CARTESIAN_POINT ( 'NONE',  ( 0.5000000000000000000, 0.000000000000000000, 0.000000000000000000 ) ) ;
#1973 = CARTESIAN_POINT ( 'NONE',  ( 6.000000000000000000, 1.836970198721029441E-16, -17.00000000000000000 ) ) ;
#1974 = SURFACE_STYLE_FILL_AREA ( #2695 ) ;
#1975 = EDGE_CURVE ( 'NONE', #4178, #3185, #1915, .T. ) ;
#1976 = DIRECTION ( 'NONE',  ( -1.000000000000000000, 0.000000000000000000, 0.000000000000000000 ) ) ;
#1977 = CIRCLE ( 'NONE', #3479, 10.00000000000000000 ) ;
#1978 = ADVANCED_FACE ( 'NONE', ( #2302 ), #3042, .T. ) ;
#1979 = DIRECTION ( 'NONE',  ( 0.000000000000000000, 0.000000000000000000, 1.000000000000000000 ) ) ;
#1980 =( NAMED_UNIT ( * ) SI_UNIT ( $, .STERADIAN. ) SOLID_ANGLE_UNIT ( ) );
#1981 = CIRCLE ( 'NONE', #256, 1.500000000000001332 ) ;
#1982 = CARTESIAN_POINT ( 'NONE',  ( 51.69999999999999574, -7.950000000000000178, 10.90000000000000391 ) ) ;
#1983 = AXIS2_PLACEMENT_3D ( 'NONE', #2123, #4585, #2867 ) ;
#1984 = AXIS2_PLACEMENT_3D ( 'NONE', #2225, #3613, #3249 ) ;
#1985 = SURFACE_SIDE_STYLE ('',( #1580 ) ) ;
#1986 = CARTESIAN_POINT ( 'NONE',  ( 52.50000000000000000, 0.000000000000000000, 0.000000000000000000 ) ) ;
#1987 = ORIENTED_EDGE ( 'NONE', *, *, #3801, .T. ) ;
#1988 = VECTOR ( 'NONE', #1081, 1000.000000000000000 ) ;
#1989 = ORIENTED_EDGE ( 'NONE', *, *, #4229, .F. ) ;
#1990 = CIRCLE ( 'NONE', #3272, 2.000000000000000000 ) ;
#1991 = VECTOR ( 'NONE', #1372, 1000.000000000000000 ) ;
#1992 = CARTESIAN_POINT ( 'NONE',  ( 0.2000000000000000111, 7.750000000000006217, 13.42339375865879703 ) ) ;
#1993 = FACE_OUTER_BOUND ( 'NONE', #2560, .T. ) ;
#1994 = VERTEX_POINT ( 'NONE', #3687 ) ;
#1995 = ORIENTED_EDGE ( 'NONE', *, *, #2116, .T. ) ;
#1996 = VECTOR ( 'NONE', #613, 1000.000000000000000 ) ;
#1997 = FACE_BOUND ( 'NONE', #2397, .T. ) ;
#1998 = AXIS2_PLACEMENT_3D ( 'NONE', #723, #1798, #4399 ) ;
#1999 = CARTESIAN_POINT ( 'NONE',  ( 0.000000000000000000, 7.750000000000006217, 13.42339375865879703 ) ) ;
#2000 = EDGE_CURVE ( 'NONE', #937, #102, #2708, .T. ) ;
#2001 = COLOUR_RGB ( '',0.7960784313725489669, 0.8235294117647058432, 0.9372549019607843146 ) ;
#2002 = DIRECTION ( 'NONE',  ( 0.000000000000000000, 0.000000000000000000, -1.000000000000000000 ) ) ;
#2003 =( NAMED_UNIT ( * ) SI_UNIT ( $, .STERADIAN. ) SOLID_ANGLE_UNIT ( ) );
#2004 = CARTESIAN_POINT ( 'NONE',  ( -8.300000000000002487, 4.500000000000000888, 1.658312395177700349 ) ) ;
#2005 = EDGE_CURVE ( 'NONE', #2587, #15, #4467, .T. ) ;
#2006 = ADVANCED_FACE ( 'NONE', ( #244 ), #4558, .T. ) ;
#2007 = AXIS2_PLACEMENT_3D ( 'NONE', #942, #2388, #921 ) ;
#2008 = ADVANCED_FACE ( 'NONE', ( #2725 ), #4120, .F. ) ;
#2009 =( LENGTH_UNIT ( ) NAMED_UNIT ( * ) SI_UNIT ( .MILLI., .METRE. ) );
#2010 = CARTESIAN_POINT ( 'NONE',  ( 0.000000000000000000, 6.715673326026336376, -13.73188740771269245 ) ) ;
#2011 = ADVANCED_FACE ( 'NONE', ( #2393 ), #1666, .F. ) ;
#2012 = EDGE_CURVE ( 'NONE', #44, #1390, #3058, .T. ) ;
#2013 = DIRECTION ( 'NONE',  ( -1.000000000000000000, -0.000000000000000000, 0.000000000000000000 ) ) ;
#2014 = MECHANICAL_DESIGN_GEOMETRIC_PRESENTATION_REPRESENTATION (  '', ( #4051 ), #1481 ) ;
#2015 = COLOUR_RGB ( '',0.7960784313725489669, 0.8235294117647058432, 0.9372549019607843146 ) ;
#2016 = SURFACE_STYLE_USAGE ( .BOTH. , #1256 ) ;
#2017 = CARTESIAN_POINT ( 'NONE',  ( 6.000000000000000000, 13.42339375865876505, 7.750000000000063061 ) ) ;
#2018 = VERTEX_POINT ( 'NONE', #1038 ) ;
#2019 = AXIS2_PLACEMENT_3D ( 'NONE', #1986, #3367, #209 ) ;
#2020 = EDGE_LOOP ( 'NONE', ( #4427, #357, #3392, #2938 ) ) ;
#2021 = CARTESIAN_POINT ( 'NONE',  ( 0.000000000000000000, 7.441506350946108128, -12.38906708468514140 ) ) ;
#2022 = LINE ( 'NONE', #898, #664 ) ;
#2023 = VERTEX_POINT ( 'NONE', #2481 ) ;
#2024 = ORIENTED_EDGE ( 'NONE', *, *, #1419, .F. ) ;
#2025 = EDGE_CURVE ( 'NONE', #4002, #452, #3642, .T. ) ;
#2026 = DIRECTION ( 'NONE',  ( -1.000000000000000000, 0.000000000000000000, 0.000000000000000000 ) ) ;
#2027 = FACE_OUTER_BOUND ( 'NONE', #2250, .T. ) ;
#2028 = CARTESIAN_POINT ( 'NONE',  ( 0.000000000000000000, 6.965673326026347034, 14.16490010960490764 ) ) ;
#2029 = ORIENTED_EDGE ( 'NONE', *, *, #3677, .F. ) ;
#2030 = DIRECTION ( 'NONE',  ( 0.000000000000000000, 0.000000000000000000, -1.000000000000000000 ) ) ;
#2031 = FACE_OUTER_BOUND ( 'NONE', #1333, .T. ) ;
#2032 = DIRECTION ( 'NONE',  ( -0.000000000000000000, -0.000000000000000000, -1.000000000000000000 ) ) ;
#2033 = DIRECTION ( 'NONE',  ( -1.000000000000000000, 0.000000000000000000, 0.000000000000000000 ) ) ;
#2034 = ORIENTED_EDGE ( 'NONE', *, *, #1487, .F. ) ;
#2035 = ORIENTED_EDGE ( 'NONE', *, *, #3940, .F. ) ;
#2036 = UNCERTAINTY_MEASURE_WITH_UNIT (LENGTH_MEASURE( 1.000000000000000082E-05 ), #3927, 'distance_accuracy_value', 'NONE');
#2037 = DIRECTION ( 'NONE',  ( 0.000000000000000000, 0.000000000000000000, 1.000000000000000000 ) ) ;
#2038 = FILL_AREA_STYLE_COLOUR ( '', #2167 ) ;
#2039 = ORIENTED_EDGE ( 'NONE', *, *, #4271, .F. ) ;
#2040 = CARTESIAN_POINT ( 'NONE',  ( 2.000000000000000000, 8.784326673973666288, 13.11490010960490515 ) ) ;
#2041 = VERTEX_POINT ( 'NONE', #4319 ) ;
#2042 = DIRECTION ( 'NONE',  ( -0.000000000000000000, -0.000000000000000000, -1.000000000000000000 ) ) ;
#2043 =( NAMED_UNIT ( * ) PLANE_ANGLE_UNIT ( ) SI_UNIT ( $, .RADIAN. ) );
#2044 = CARTESIAN_POINT ( 'NONE',  ( 52.50000000000000000, 0.000000000000000000, 0.000000000000000000 ) ) ;
#2045 = CARTESIAN_POINT ( 'NONE',  ( 44.50000000000000000, 0.000000000000000000, 0.000000000000000000 ) ) ;
#2046 = MECHANICAL_DESIGN_GEOMETRIC_PRESENTATION_REPRESENTATION (  '', ( #4312 ), #777 ) ;
#2047 = CIRCLE ( 'NONE', #2128, 0.2000000000000005107 ) ;
#2048 = FACE_OUTER_BOUND ( 'NONE', #3434, .T. ) ;
#2049 = ORIENTED_EDGE ( 'NONE', *, *, #1303, .T. ) ;
#2050 = ORIENTED_EDGE ( 'NONE', *, *, #59, .T. ) ;
#2051 = ADVANCED_FACE ( 'NONE', ( #676, #1763 ), #1058, .F. ) ;
#2052 = AXIS2_PLACEMENT_3D ( 'NONE', #835, #1907, #2556 ) ;
#2053 = AXIS2_PLACEMENT_3D ( 'NONE', #337, #4296, #714 ) ;
#2054 = ADVANCED_FACE ( 'NONE', ( #1714 ), #3542, .T. ) ;
#2055 = EDGE_CURVE ( 'NONE', #1130, #1162, #2595, .T. ) ;
#2056 = CARTESIAN_POINT ( 'NONE',  ( 0.000000000000000000, -15.25000000000000000, -1.050000000000000044 ) ) ;
#2057 = VECTOR ( 'NONE', #3246, 1000.000000000000000 ) ;
#2058 = FACE_OUTER_BOUND ( 'NONE', #3742, .T. ) ;
#2059 = AXIS2_PLACEMENT_3D ( 'NONE', #4085, #3789, #3097 ) ;
#2060 = FACE_OUTER_BOUND ( 'NONE', #586, .T. ) ;
#2061 = ORIENTED_EDGE ( 'NONE', *, *, #2055, .F. ) ;
#2062 = EDGE_CURVE ( 'NONE', #2172, #1511, #4320, .T. ) ;
#2063 = ORIENTED_EDGE ( 'NONE', *, *, #1255, .F. ) ;
#2064 = DIRECTION ( 'NONE',  ( 0.000000000000000000, 0.000000000000000000, -1.000000000000000000 ) ) ;
#2065 = CYLINDRICAL_SURFACE ( 'NONE', #4033, 1.500000000000000444 ) ;
#2066 = DIRECTION ( 'NONE',  ( 0.000000000000000000, 0.8660254037844330455, 0.5000000000000098810 ) ) ;
#2067 = CIRCLE ( 'NONE', #2303, 1.500000000000001332 ) ;
#2068 = CIRCLE ( 'NONE', #2529, 1.500000000000001110 ) ;
#2069 = ORIENTED_EDGE ( 'NONE', *, *, #4675, .F. ) ;
#2070 = AXIS2_PLACEMENT_3D ( 'NONE', #690, #4514, #2724 ) ;
#2071 = STYLED_ITEM ( 'NONE', ( #818 ), #3182 ) ;
#2072 = ORIENTED_EDGE ( 'NONE', *, *, #3014, .T. ) ;
#2073 = DIRECTION ( 'NONE',  ( 0.000000000000000000, 0.000000000000000000, 1.000000000000000000 ) ) ;
#2074 = ORIENTED_EDGE ( 'NONE', *, *, #3465, .T. ) ;
#2075 = LINE ( 'NONE', #4315, #3204 ) ;
#2076 = CARTESIAN_POINT ( 'NONE',  ( 0.000000000000000000, -15.50000000000000000, 1.499999999999999112 ) ) ;
#2077 = VECTOR ( 'NONE', #239, 1000.000000000000227 ) ;
#2078 = FACE_OUTER_BOUND ( 'NONE', #4375, .T. ) ;
#2079 = CIRCLE ( 'NONE', #588, 18.30000000000000071 ) ;
#2080 = PRESENTATION_STYLE_ASSIGNMENT (( #1388 ) ) ;
#2081 = DIRECTION ( 'NONE',  ( 0.000000000000000000, 0.000000000000000000, 1.000000000000000000 ) ) ;
#2082 = VERTEX_POINT ( 'NONE', #2885 ) ;
#2083 = ORIENTED_EDGE ( 'NONE', *, *, #1608, .T. ) ;
#2084 = COLOUR_RGB ( '',0.7960784313725489669, 0.8235294117647058432, 0.9372549019607843146 ) ;
#2085 = SURFACE_STYLE_USAGE ( .BOTH. , #4235 ) ;
#2086 = VECTOR ( 'NONE', #3812, 1000.000000000000227 ) ;
#2087 = DIRECTION ( 'NONE',  ( 0.000000000000000000, -0.000000000000000000, 1.000000000000000000 ) ) ;
#2088 = CYLINDRICAL_SURFACE ( 'NONE', #3974, 1.500000000000001332 ) ;
#2089 = ORIENTED_EDGE ( 'NONE', *, *, #249, .T. ) ;
#2090 = ORIENTED_EDGE ( 'NONE', *, *, #704, .T. ) ;
#2091 = CARTESIAN_POINT ( 'NONE',  ( 6.000000000000000000, -13.42339375865886986, 9.249999999999875655 ) ) ;
#2092 = CARTESIAN_POINT ( 'NONE',  ( 6.000000000000000000, 13.42339375865876505, 7.750000000000063061 ) ) ;
#2093 = ORIENTED_EDGE ( 'NONE', *, *, #103, .T. ) ;
#2094 = ORIENTED_EDGE ( 'NONE', *, *, #3598, .F. ) ;
#2095 = DIRECTION ( 'NONE',  ( 1.000000000000000000, -0.000000000000000000, -0.000000000000000000 ) ) ;
#2096 = CARTESIAN_POINT ( 'NONE',  ( 0.000000000000000000, 7.000000000000001776, 0.000000000000000000 ) ) ;
#2097 = DIRECTION ( 'NONE',  ( 1.000000000000000000, 0.000000000000000000, 0.000000000000000000 ) ) ;
#2098 = COLOUR_RGB ( '',0.7960784313725489669, 0.8235294117647058432, 0.9372549019607843146 ) ;
#2099 = DIRECTION ( 'NONE',  ( 0.000000000000000000, 0.000000000000000000, -1.000000000000000000 ) ) ;
#2100 = FILL_AREA_STYLE ('',( #316 ) ) ;
#2101 = EDGE_CURVE ( 'NONE', #1015, #392, #4544, .T. ) ;
#2102 = FILL_AREA_STYLE ('',( #678 ) ) ;
#2103 = ORIENTED_EDGE ( 'NONE', *, *, #1088, .T. ) ;
#2104 = VERTEX_POINT ( 'NONE', #2426 ) ;
#2105 = ADVANCED_FACE ( 'NONE', ( #3875 ), #3942, .T. ) ;
#2106 = PRESENTATION_STYLE_ASSIGNMENT (( #301 ) ) ;
#2107 = DIRECTION ( 'NONE',  ( -1.000000000000000000, 0.000000000000000000, 0.000000000000000000 ) ) ;
#2108 = DIRECTION ( 'NONE',  ( 1.000000000000000000, -0.000000000000000000, -0.000000000000000000 ) ) ;
#2109 = ORIENTED_EDGE ( 'NONE', *, *, #1016, .T. ) ;
#2110 = ORIENTED_EDGE ( 'NONE', *, *, #3459, .T. ) ;
#2111 = DIRECTION ( 'NONE',  ( 0.000000000000000000, 0.000000000000000000, -1.000000000000000000 ) ) ;
#2112 = CARTESIAN_POINT ( 'NONE',  ( 0.000000000000000000, -15.25000000000000000, 0.2500000000000002220 ) ) ;
#2113 = FILL_AREA_STYLE ('',( #2876 ) ) ;
#2114 = DIRECTION ( 'NONE',  ( 0.000000000000000000, 0.000000000000000000, 1.000000000000000000 ) ) ;
#2115 = LINE ( 'NONE', #2392, #4112 ) ;
#2116 = EDGE_CURVE ( 'NONE', #377, #3476, #4629, .T. ) ;
#2117 = VERTEX_POINT ( 'NONE', #3518 ) ;
#2118 = CARTESIAN_POINT ( 'NONE',  ( 0.2000000000000000111, -15.50000000000000000, -8.673617379884035472E-16 ) ) ;
#2119 = EDGE_CURVE ( 'NONE', #4377, #3866, #2535, .T. ) ;
#2120 = DIRECTION ( 'NONE',  ( 0.000000000000000000, -0.000000000000000000, 1.000000000000000000 ) ) ;
#2121 = EDGE_CURVE ( 'NONE', #4401, #4192, #742, .T. ) ;
#2122 = CIRCLE ( 'NONE', #4310, 10.00000000000000000 ) ;
#2123 = CARTESIAN_POINT ( 'NONE',  ( 6.000000000000000000, -13.42339375865870998, -7.750000000000157208 ) ) ;
#2124 = DIRECTION ( 'NONE',  ( 0.000000000000000000, 0.000000000000000000, 1.000000000000000000 ) ) ;
#2125 = DIRECTION ( 'NONE',  ( 0.000000000000000000, 0.000000000000000000, -1.000000000000000000 ) ) ;
#2126 = ORIENTED_EDGE ( 'NONE', *, *, #2491, .T. ) ;
#2127 = ORIENTED_EDGE ( 'NONE', *, *, #551, .F. ) ;
#2128 = AXIS2_PLACEMENT_3D ( 'NONE', #4061, #4154, #919 ) ;
#2129 = DIRECTION ( 'NONE',  ( 0.000000000000000000, -0.8660254037844385966, 0.5000000000000000000 ) ) ;
#2130 = LINE ( 'NONE', #1675, #2154 ) ;
#2131 = DIRECTION ( 'NONE',  ( 0.000000000000000000, 0.000000000000000000, 1.000000000000000000 ) ) ;
#2132 = EDGE_LOOP ( 'NONE', ( #769, #4125, #1320, #310, #1218, #1047, #4521, #2383, #671, #2184, #2258, #1172 ) ) ;
#2133 = VECTOR ( 'NONE', #3973, 1000.000000000000000 ) ;
#2134 = ADVANCED_FACE ( 'NONE', ( #651 ), #4662, .T. ) ;
#2135 = VECTOR ( 'NONE', #2744, 1000.000000000000227 ) ;
#2136 = ORIENTED_EDGE ( 'NONE', *, *, #2706, .T. ) ;
#2137 = AXIS2_PLACEMENT_3D ( 'NONE', #3135, #4582, #2073 ) ;
#2138 = VERTEX_POINT ( 'NONE', #1431 ) ;
#2139 = VECTOR ( 'NONE', #3230, 1000.000000000000000 ) ;
#2140 = PRESENTATION_LAYER_ASSIGNMENT (  '', '', ( #489 ) ) ;
#2141 = DIRECTION ( 'NONE',  ( 0.000000000000000000, -0.8660254037844398178, 0.4999999999999977796 ) ) ;
#2142 = ADVANCED_FACE ( 'NONE', ( #2078 ), #2837, .T. ) ;
#2143 = SURFACE_STYLE_USAGE ( .BOTH. , #3914 ) ;
#2144 = VECTOR ( 'NONE', #2669, 1000.000000000000227 ) ;
#2145 = DIRECTION ( 'NONE',  ( -0.000000000000000000, -0.8660254037844378194, 0.5000000000000013323 ) ) ;
#2146 =( LENGTH_UNIT ( ) NAMED_UNIT ( * ) SI_UNIT ( .MILLI., .METRE. ) );
#2147 = EDGE_LOOP ( 'NONE', ( #3134, #3948, #2654, #3372 ) ) ;
#2148 = PRESENTATION_LAYER_ASSIGNMENT (  '', '', ( #4185 ) ) ;
#2149 = FACE_OUTER_BOUND ( 'NONE', #2416, .T. ) ;
#2150 = PRESENTATION_LAYER_ASSIGNMENT (  '', '', ( #2989 ) ) ;
#2151 = ADVANCED_FACE ( 'NONE', ( #3356 ), #1189, .T. ) ;
#2152 = DIRECTION ( 'NONE',  ( -1.000000000000000000, 0.000000000000000000, 0.000000000000000000 ) ) ;
#2153 = CARTESIAN_POINT ( 'NONE',  ( 44.00000000000000000, 2.008420750601658954E-15, -16.39999999999999858 ) ) ;
#2154 = VECTOR ( 'NONE', #3147, 1000.000000000000000 ) ;
#2155 = EDGE_CURVE ( 'NONE', #4579, #3078, #4065, .T. ) ;
#2156 = CARTESIAN_POINT ( 'NONE',  ( 52.50000000000000000, 0.000000000000000000, 0.000000000000000000 ) ) ;
#2157 = VECTOR ( 'NONE', #4202, 1000.000000000000000 ) ;
#2158 =( LENGTH_UNIT ( ) NAMED_UNIT ( * ) SI_UNIT ( .MILLI., .METRE. ) );
#2159 = DIRECTION ( 'NONE',  ( 0.000000000000000000, 0.000000000000000000, 1.000000000000000000 ) ) ;
#2160 = EDGE_LOOP ( 'NONE', ( #1435, #4023, #4550, #2309 ) ) ;
#2161 = EDGE_LOOP ( 'NONE', ( #3109, #912, #2465 ) ) ;
#2162 = TOROIDAL_SURFACE ( 'NONE', #4496, 1.300000000000000044, 0.2000000000000000111 ) ;
#2163 = FACE_OUTER_BOUND ( 'NONE', #1657, .T. ) ;
#2164 = CARTESIAN_POINT ( 'NONE',  ( 44.50000000000000000, 9.300000000000000711, 0.000000000000000000 ) ) ;
#2165 = CARTESIAN_POINT ( 'NONE',  ( 6.000000000000000000, 0.000000000000000000, 15.50000000000000000 ) ) ;
#2166 = ORIENTED_EDGE ( 'NONE', *, *, #2761, .F. ) ;
#2167 = COLOUR_RGB ( '',0.7960784313725489669, 0.8235294117647058432, 0.9372549019607843146 ) ;
#2168 = VERTEX_POINT ( 'NONE', #1208 ) ;
#2169 = AXIS2_PLACEMENT_3D ( 'NONE', #768, #1799, #2873 ) ;
#2170 = DIRECTION ( 'NONE',  ( -1.000000000000000000, -0.000000000000000000, -0.000000000000000000 ) ) ;
#2171 = CARTESIAN_POINT ( 'NONE',  ( 0.000000000000000000, 8.091506350946106707, -13.51490010960491261 ) ) ;
#2172 = VERTEX_POINT ( 'NONE', #2604 ) ;
#2173 =( GEOMETRIC_REPRESENTATION_CONTEXT ( 3 ) GLOBAL_UNCERTAINTY_ASSIGNED_CONTEXT ( ( #601 ) ) GLOBAL_UNIT_ASSIGNED_CONTEXT ( ( #61, #3634, #2230 ) ) REPRESENTATION_CONTEXT ( 'NONE', 'WORKASPACE' ) );
#2174 = ADVANCED_FACE ( 'NONE', ( #2578 ), #2181, .T. ) ;
#2175 = DIRECTION ( 'NONE',  ( 1.000000000000000000, -0.000000000000000000, -0.000000000000000000 ) ) ;
#2176 = VERTEX_POINT ( 'NONE', #1529 ) ;
#2177 = DIRECTION ( 'NONE',  ( -1.000000000000000000, 0.000000000000000000, 0.000000000000000000 ) ) ;
#2178 = DIRECTION ( 'NONE',  ( -0.000000000000000000, -1.000000000000000000, -0.000000000000000000 ) ) ;
#2179 = CARTESIAN_POINT ( 'NONE',  ( 0.000000000000000000, -15.75000000000000000, -0.2500000000000002220 ) ) ;
#2180 = LINE ( 'NONE', #2910, #24 ) ;
#2181 = PLANE ( 'NONE',  #2052 ) ;
#2182 = CYLINDRICAL_SURFACE ( 'NONE', #1796, 18.30000000000000071 ) ;
#2183 = LINE ( 'NONE', #2507, #1258 ) ;
#2184 = ORIENTED_EDGE ( 'NONE', *, *, #4376, .F. ) ;
#2185 = VERTEX_POINT ( 'NONE', #2272 ) ;
#2186 = DIRECTION ( 'NONE',  ( -1.000000000000000000, 0.000000000000000000, 0.000000000000000000 ) ) ;
#2187 = SURFACE_SIDE_STYLE ('',( #2946 ) ) ;
#2188 = CARTESIAN_POINT ( 'NONE',  ( 2.000000000000000000, -14.45000000000000107, 0.2500000000000002220 ) ) ;
#2189 = ORIENTED_EDGE ( 'NONE', *, *, #1480, .T. ) ;
#2190 = EDGE_LOOP ( 'NONE', ( #3091, #708 ) ) ;
#2191 = FACE_OUTER_BOUND ( 'NONE', #3238, .T. ) ;
#2192 = FACE_OUTER_BOUND ( 'NONE', #1948, .T. ) ;
#2193 = VERTEX_POINT ( 'NONE', #762 ) ;
#2194 = DIRECTION ( 'NONE',  ( 1.000000000000000000, -0.000000000000000000, -0.000000000000000000 ) ) ;
#2195 = DIRECTION ( 'NONE',  ( 1.000000000000000000, -0.000000000000000000, -0.000000000000000000 ) ) ;
#2196 = FACE_BOUND ( 'NONE', #3713, .T. ) ;
#2197 = DIRECTION ( 'NONE',  ( 1.000000000000000000, -0.000000000000000000, -0.000000000000000000 ) ) ;
#2198 = UNCERTAINTY_MEASURE_WITH_UNIT (LENGTH_MEASURE( 1.000000000000000082E-05 ), #1757, 'distance_accuracy_value', 'NONE');
#2199 = DIRECTION ( 'NONE',  ( -1.000000000000000000, 0.000000000000000000, 0.000000000000000000 ) ) ;
#2200 = FILL_AREA_STYLE ('',( #743 ) ) ;
#2201 = DIRECTION ( 'NONE',  ( 0.000000000000000000, 0.000000000000000000, -1.000000000000000000 ) ) ;
#2202 = ORIENTED_EDGE ( 'NONE', *, *, #4628, .F. ) ;
#2203 = VERTEX_POINT ( 'NONE', #3614 ) ;
#2204 = CIRCLE ( 'NONE', #243, 18.30000000000000071 ) ;
#2205 = DIRECTION ( 'NONE',  ( 0.000000000000000000, 0.000000000000000000, -1.000000000000000000 ) ) ;
#2206 = CARTESIAN_POINT ( 'NONE',  ( 44.00000000000000000, 0.000000000000000000, 16.39999999999999858 ) ) ;
#2207 = CARTESIAN_POINT ( 'NONE',  ( 2.000000000000000000, 8.586697387972222373, 14.37259614518684181 ) ) ;
#2208 = ORIENTED_EDGE ( 'NONE', *, *, #171, .F. ) ;
#2209 = EDGE_CURVE ( 'NONE', #3663, #1891, #3186, .T. ) ;
#2210 = EDGE_CURVE ( 'NONE', #1777, #2041, #3250, .T. ) ;
#2211 = VERTEX_POINT ( 'NONE', #413 ) ;
#2212 = VECTOR ( 'NONE', #488, 1000.000000000000000 ) ;
#2213 = ADVANCED_FACE ( 'NONE', ( #1840 ), #31, .F. ) ;
#2214 = PLANE ( 'NONE',  #3274 ) ;
#2215 = EDGE_CURVE ( 'NONE', #894, #1542, #923, .T. ) ;
#2216 = CARTESIAN_POINT ( 'NONE',  ( 50.89999999999999147, 8.750000000000000000, 12.20000000000000284 ) ) ;
#2217 = ORIENTED_EDGE ( 'NONE', *, *, #2210, .T. ) ;
#2218 = DIRECTION ( 'NONE',  ( -1.000000000000000000, 0.000000000000000000, 0.000000000000000000 ) ) ;
#2219 = ORIENTED_EDGE ( 'NONE', *, *, #544, .T. ) ;
#2220 = LINE ( 'NONE', #1447, #802 ) ;
#2221 = STYLED_ITEM ( 'NONE', ( #3328 ), #2174 ) ;
#2222 = CIRCLE ( 'NONE', #33, 1.500000000000001110 ) ;
#2223 = DIRECTION ( 'NONE',  ( -1.000000000000000000, 0.000000000000000000, -0.000000000000000000 ) ) ;
#2224 = DIRECTION ( 'NONE',  ( -1.000000000000000000, 0.000000000000000000, 0.000000000000000000 ) ) ;
#2225 = CARTESIAN_POINT ( 'NONE',  ( 0.2000000000000000111, 7.749999999999998224, -13.42339375865880058 ) ) ;
#2226 =( GEOMETRIC_REPRESENTATION_CONTEXT ( 3 ) GLOBAL_UNCERTAINTY_ASSIGNED_CONTEXT ( ( #1057 ) ) GLOBAL_UNIT_ASSIGNED_CONTEXT ( ( #4469, #4142, #2639 ) ) REPRESENTATION_CONTEXT ( 'NONE', 'WORKASPACE' ) );
#2227 = AXIS2_PLACEMENT_3D ( 'NONE', #4440, #875, #3413 ) ;
#2228 =( LENGTH_UNIT ( ) NAMED_UNIT ( * ) SI_UNIT ( .MILLI., .METRE. ) );
#2229 = DIRECTION ( 'NONE',  ( 1.000000000000000000, -0.000000000000000000, -0.000000000000000000 ) ) ;
#2230 =( NAMED_UNIT ( * ) SI_UNIT ( $, .STERADIAN. ) SOLID_ANGLE_UNIT ( ) );
#2231 = ORIENTED_EDGE ( 'NONE', *, *, #2562, .T. ) ;
#2232 = AXIS2_PLACEMENT_3D ( 'NONE', #1622, #4161, #177 ) ;
#2233 = COLOUR_RGB ( '',1.000000000000000000, 1.000000000000000000, 1.000000000000000000 ) ;
#2234 = VECTOR ( 'NONE', #2886, 1000.000000000000000 ) ;
#2235 = VERTEX_POINT ( 'NONE', #1268 ) ;
#2236 = VECTOR ( 'NONE', #2279, 1000.000000000000000 ) ;
#2237 =( NAMED_UNIT ( * ) SI_UNIT ( $, .STERADIAN. ) SOLID_ANGLE_UNIT ( ) );
#2238 = PLANE ( 'NONE',  #1998 ) ;
#2239 = DIRECTION ( 'NONE',  ( -1.000000000000000000, 0.000000000000000000, 0.000000000000000000 ) ) ;
#2240 = VERTEX_POINT ( 'NONE', #1576 ) ;
#2241 = EDGE_LOOP ( 'NONE', ( #936, #69, #3034, #3803 ) ) ;
#2242 = CIRCLE ( 'NONE', #2836, 1.500000000000001332 ) ;
#2243 = AXIS2_PLACEMENT_3D ( 'NONE', #870, #1653, #1926 ) ;
#2244 = ORIENTED_EDGE ( 'NONE', *, *, #1709, .T. ) ;
#2245 = VECTOR ( 'NONE', #4331, 1000.000000000000227 ) ;
#2246 = CARTESIAN_POINT ( 'NONE',  ( 0.000000000000000000, 7.750000000000006217, 14.92339375865879347 ) ) ;
#2247 = MECHANICAL_DESIGN_GEOMETRIC_PRESENTATION_REPRESENTATION (  '', ( #446 ), #1865 ) ;
#2248 = DIRECTION ( 'NONE',  ( 0.000000000000000000, 0.000000000000000000, 1.000000000000000000 ) ) ;
#2249 =( NAMED_UNIT ( * ) PLANE_ANGLE_UNIT ( ) SI_UNIT ( $, .RADIAN. ) );
#2250 = EDGE_LOOP ( 'NONE', ( #2783, #2539, #1024, #2166 ) ) ;
#2251 = CARTESIAN_POINT ( 'NONE',  ( 47.50000000000000000, 7.950000000000000178, 10.90000000000000391 ) ) ;
#2252 =( NAMED_UNIT ( * ) SI_UNIT ( $, .STERADIAN. ) SOLID_ANGLE_UNIT ( ) );
#2253 = ORIENTED_EDGE ( 'NONE', *, *, #4655, .T. ) ;
#2254 = CARTESIAN_POINT ( 'NONE',  ( 0.000000000000000000, 7.008493649053888497, -12.63906708468514140 ) ) ;
#2255 = DIRECTION ( 'NONE',  ( 1.000000000000000000, -0.000000000000000000, -0.000000000000000000 ) ) ;
#2256 = CARTESIAN_POINT ( 'NONE',  ( 46.69999999999999574, -8.750000000000000000, 8.500000000000001776 ) ) ;
#2257 = DIRECTION ( 'NONE',  ( 0.000000000000000000, 0.000000000000000000, 1.000000000000000000 ) ) ;
#2258 = ORIENTED_EDGE ( 'NONE', *, *, #257, .F. ) ;
#2259 = ADVANCED_FACE ( 'NONE', ( #240 ), #2322, .T. ) ;
#2260 = ORIENTED_EDGE ( 'NONE', *, *, #2012, .T. ) ;
#2261 = AXIS2_PLACEMENT_3D ( 'NONE', #2632, #1532, #882 ) ;
#2262 = DIRECTION ( 'NONE',  ( 0.000000000000000000, 0.000000000000000000, 1.000000000000000000 ) ) ;
#2263 = DIRECTION ( 'NONE',  ( -1.000000000000000000, -0.000000000000000000, -0.000000000000000000 ) ) ;
#2264 = ORIENTED_EDGE ( 'NONE', *, *, #3050, .F. ) ;
#2265 = DIRECTION ( 'NONE',  ( 1.000000000000000000, 0.000000000000000000, 0.000000000000000000 ) ) ;
#2266 = CARTESIAN_POINT ( 'NONE',  ( 0.000000000000000000, 7.008493649053896490, 12.63906708468513784 ) ) ;
#2267 = CARTESIAN_POINT ( 'NONE',  ( 6.000000000000000000, 13.42339375865876505, 9.250000000000063949 ) ) ;
#2268 = EDGE_CURVE ( 'NONE', #1660, #1800, #579, .T. ) ;
#2269 = PLANE ( 'NONE',  #2296 ) ;
#2270 = EDGE_CURVE ( 'NONE', #3878, #1684, #3721, .T. ) ;
#2271 = EDGE_CURVE ( 'NONE', #2841, #1546, #3116, .T. ) ;
#2272 = CARTESIAN_POINT ( 'NONE',  ( 50.89999999999999147, 8.750000000000000000, 12.20000000000000284 ) ) ;
#2273 = SURFACE_SIDE_STYLE ('',( #2652 ) ) ;
#2274 = FACE_BOUND ( 'NONE', #1534, .T. ) ;
#2275 = ADVANCED_FACE ( 'NONE', ( #1956 ), #2742, .T. ) ;
#2276 = EDGE_CURVE ( 'NONE', #3996, #366, #1288, .T. ) ;
#2277 = ORIENTED_EDGE ( 'NONE', *, *, #2319, .T. ) ;
#2278 = DIRECTION ( 'NONE',  ( 0.000000000000000000, 0.000000000000000000, -1.000000000000000000 ) ) ;
#2279 = DIRECTION ( 'NONE',  ( 1.000000000000000000, -0.000000000000000000, -0.000000000000000000 ) ) ;
#2280 = FILL_AREA_STYLE ('',( #910 ) ) ;
#2281 = SURFACE_STYLE_USAGE ( .BOTH. , #4500 ) ;
#2282 = ORIENTED_EDGE ( 'NONE', *, *, #2348, .F. ) ;
#2283 = ORIENTED_EDGE ( 'NONE', *, *, #1860, .T. ) ;
#2284 = CARTESIAN_POINT ( 'NONE',  ( 46.69999999999999574, 8.750000000000000000, 8.500000000000001776 ) ) ;
#2285 = EDGE_CURVE ( 'NONE', #3216, #2185, #949, .T. ) ;
#2286 = FACE_OUTER_BOUND ( 'NONE', #3445, .T. ) ;
#2287 = ORIENTED_EDGE ( 'NONE', *, *, #2498, .F. ) ;
#2288 = CARTESIAN_POINT ( 'NONE',  ( 0.000000000000000000, -13.42339375865886986, 7.749999999999874767 ) ) ;
#2289 =( GEOMETRIC_REPRESENTATION_CONTEXT ( 3 ) GLOBAL_UNCERTAINTY_ASSIGNED_CONTEXT ( ( #1906 ) ) GLOBAL_UNIT_ASSIGNED_CONTEXT ( ( #480, #1936, #852 ) ) REPRESENTATION_CONTEXT ( 'NONE', 'WORKASPACE' ) );
#2291 = FACE_BOUND ( 'NONE', #1080, .T. ) ;
#2290 = VECTOR ( 'NONE', #3335, 1000.000000000000000 ) ;
#2292 = LINE ( 'NONE', #3724, #1304 ) ;
#2293 = CARTESIAN_POINT ( 'NONE',  ( 0.000000000000000000, -15.75000000000000000, 0.2500000000000002220 ) ) ;
#2294 = UNCERTAINTY_MEASURE_WITH_UNIT (LENGTH_MEASURE( 1.000000000000000082E-05 ), #3557, 'distance_accuracy_value', 'NONE');
#2295 = CARTESIAN_POINT ( 'NONE',  ( 0.000000000000000000, -15.50000000000000000, -8.673617379884035472E-16 ) ) ;
#2296 = AXIS2_PLACEMENT_3D ( 'NONE', #198, #2344, #1187 ) ;
#2297 = LINE ( 'NONE', #515, #4060 ) ;
#2298 = VECTOR ( 'NONE', #3762, 1000.000000000000000 ) ;
#2299 = VERTEX_POINT ( 'NONE', #602 ) ;
#2300 = AXIS2_PLACEMENT_3D ( 'NONE', #2470, #1749, #1048 ) ;
#2301 = LINE ( 'NONE', #1253, #1441 ) ;
#2302 = FACE_OUTER_BOUND ( 'NONE', #162, .T. ) ;
#2303 = AXIS2_PLACEMENT_3D ( 'NONE', #1665, #4184, #1270 ) ;
#2304 = DIRECTION ( 'NONE',  ( 0.000000000000000000, 0.000000000000000000, -1.000000000000000000 ) ) ;
#2305 = AXIS2_PLACEMENT_3D ( 'NONE', #4504, #3037, #846 ) ;
#2306 = CARTESIAN_POINT ( 'NONE',  ( 2.000000000000000000, 8.091506350946115589, 13.51490010960490729 ) ) ;
#2307 = FILL_AREA_STYLE ('',( #492 ) ) ;
#2308 = ORIENTED_EDGE ( 'NONE', *, *, #741, .T. ) ;
#2309 = ORIENTED_EDGE ( 'NONE', *, *, #946, .F. ) ;
#2310 = CIRCLE ( 'NONE', #1012, 1.500000000000001332 ) ;
#2311 = CIRCLE ( 'NONE', #2534, 15.89999999999999680 ) ;
#2312 = CARTESIAN_POINT ( 'NONE',  ( 44.50000000000000000, 0.000000000000000000, 0.000000000000000000 ) ) ;
#2313 = FACE_OUTER_BOUND ( 'NONE', #3714, .T. ) ;
#2314 = ORIENTED_EDGE ( 'NONE', *, *, #1662, .F. ) ;
#2315 = ORIENTED_EDGE ( 'NONE', *, *, #3654, .T. ) ;
#2316 = AXIS2_PLACEMENT_3D ( 'NONE', #3865, #264, #670 ) ;
#2317 = DIRECTION ( 'NONE',  ( 0.000000000000000000, -0.8660254037844362651, -0.5000000000000041078 ) ) ;
#2318 = CARTESIAN_POINT ( 'NONE',  ( 47.50000000000000000, 7.950000000000000178, 10.90000000000000391 ) ) ;
#2319 = EDGE_CURVE ( 'NONE', #1560, #3393, #4553, .T. ) ;
#2320 = CARTESIAN_POINT ( 'NONE',  ( 0.000000000000000000, 8.534326673973657407, -12.68188740771269352 ) ) ;
#2321 = VECTOR ( 'NONE', #2585, 1000.000000000000000 ) ;
#2322 = CYLINDRICAL_SURFACE ( 'NONE', #419, 1.500000000000000000 ) ;
#2323 = ORIENTED_EDGE ( 'NONE', *, *, #1140, .T. ) ;
#2324 = AXIS2_PLACEMENT_3D ( 'NONE', #391, #3922, #3252 ) ;
#2325 = CARTESIAN_POINT ( 'NONE',  ( 2.000000000000000000, 7.750000000000006217, 13.42339375865879880 ) ) ;
#2326 = SURFACE_SIDE_STYLE ('',( #3757 ) ) ;
#2327 = CARTESIAN_POINT ( 'NONE',  ( 2.000000000000000000, 7.750000000000006217, 13.42339375865879880 ) ) ;
#2328 = AXIS2_PLACEMENT_3D ( 'NONE', #4446, #2653, #155 ) ;
#2329 = CARTESIAN_POINT ( 'NONE',  ( 52.50000000000000000, 0.000000000000000000, 0.000000000000000000 ) ) ;
#2330 = CARTESIAN_POINT ( 'NONE',  ( 6.000000000000000000, -13.42339375865870998, -7.750000000000157208 ) ) ;
#2331 = PRESENTATION_STYLE_ASSIGNMENT (( #1962 ) ) ;
#2332 = ORIENTED_EDGE ( 'NONE', *, *, #93, .T. ) ;
#2333 = ORIENTED_EDGE ( 'NONE', *, *, #2348, .T. ) ;
#2334 = ADVANCED_FACE ( 'NONE', ( #4598, #3869 ), #2806, .T. ) ;
#2335 = CARTESIAN_POINT ( 'NONE',  ( 6.000000000000000000, -13.42339375865886986, 7.749999999999874767 ) ) ;
#2336 = CARTESIAN_POINT ( 'NONE',  ( 50.89999999999999147, 7.950000000000000178, 10.90000000000000391 ) ) ;
#2337 = VERTEX_POINT ( 'NONE', #3898 ) ;
#2338 = EDGE_CURVE ( 'NONE', #4282, #1466, #4626, .T. ) ;
#2339 = ORIENTED_EDGE ( 'NONE', *, *, #1147, .T. ) ;
#2340 =( GEOMETRIC_REPRESENTATION_CONTEXT ( 3 ) GLOBAL_UNCERTAINTY_ASSIGNED_CONTEXT ( ( #371 ) ) GLOBAL_UNIT_ASSIGNED_CONTEXT ( ( #3282, #905, #1980 ) ) REPRESENTATION_CONTEXT ( 'NONE', 'WORKASPACE' ) );
#2341 =( NAMED_UNIT ( * ) PLANE_ANGLE_UNIT ( ) SI_UNIT ( $, .RADIAN. ) );
#2342 = CARTESIAN_POINT ( 'NONE',  ( -8.300000000000002487, 4.500000000000000888, -1.658312395177700793 ) ) ;
#2343 = DIRECTION ( 'NONE',  ( -1.000000000000000000, 0.000000000000000000, 0.000000000000000000 ) ) ;
#2344 = DIRECTION ( 'NONE',  ( 0.000000000000000000, -0.7754410774757267699, 0.6314199358297803988 ) ) ;
#2345 = DIRECTION ( 'NONE',  ( -1.000000000000000000, -0.000000000000000000, -0.000000000000000000 ) ) ;
#2346 = DIRECTION ( 'NONE',  ( 0.000000000000000000, -0.8660254037844398178, 0.4999999999999977796 ) ) ;
#2347 = SURFACE_SIDE_STYLE ('',( #4209 ) ) ;
#2348 = EDGE_CURVE ( 'NONE', #82, #305, #4106, .T. ) ;
#2349 =( LENGTH_UNIT ( ) NAMED_UNIT ( * ) SI_UNIT ( .MILLI., .METRE. ) );
#2350 = DIRECTION ( 'NONE',  ( 1.000000000000000000, 0.000000000000000000, 0.000000000000000000 ) ) ;
#2351 = PRESENTATION_STYLE_ASSIGNMENT (( #2281 ) ) ;
#2352 = VERTEX_POINT ( 'NONE', #2405 ) ;
#2353 = ORIENTED_EDGE ( 'NONE', *, *, #1281, .F. ) ;
#2354 = EDGE_CURVE ( 'NONE', #1125, #262, #112, .T. ) ;
#2355 = ADVANCED_FACE ( 'NONE', ( #3587 ), #2422, .T. ) ;
#2356 = DIRECTION ( 'NONE',  ( -1.000000000000000000, 0.000000000000000000, -0.000000000000000000 ) ) ;
#2357 = CARTESIAN_POINT ( 'NONE',  ( 0.5000000000000004441, 0.000000000000000000, 0.000000000000000000 ) ) ;
#2358 = EDGE_LOOP ( 'NONE', ( #2713, #1335, #3215, #3381 ) ) ;
#2359 = VERTEX_POINT ( 'NONE', #367 ) ;
#2360 = ADVANCED_FACE ( 'NONE', ( #644 ), #1711, .T. ) ;
#2361 = APPLICATION_CONTEXT ( 'automotive_design' ) ;
#2362 = PLANE ( 'NONE',  #4539 ) ;
#2363 = EDGE_CURVE ( 'NONE', #3082, #672, #95, .T. ) ;
#2364 = CARTESIAN_POINT ( 'NONE',  ( 0.000000000000000000, 7.408493649053896846, 13.33188740771268677 ) ) ;
#2365 = CARTESIAN_POINT ( 'NONE',  ( 56.20000000000000284, 0.000000000000000000, 0.000000000000000000 ) ) ;
#2366 = FILL_AREA_STYLE ('',( #902 ) ) ;
#2367 =( GEOMETRIC_REPRESENTATION_CONTEXT ( 3 ) GLOBAL_UNCERTAINTY_ASSIGNED_CONTEXT ( ( #130 ) ) GLOBAL_UNIT_ASSIGNED_CONTEXT ( ( #1141, #1490, #3288 ) ) REPRESENTATION_CONTEXT ( 'NONE', 'WORKASPACE' ) );
#2368 = DIRECTION ( 'NONE',  ( -1.000000000000000000, -0.000000000000000000, -0.000000000000000000 ) ) ;
#2369 = CARTESIAN_POINT ( 'NONE',  ( 52.50000000000000000, -8.750000000000000000, 13.87074259007065180 ) ) ;
#2370 = CARTESIAN_POINT ( 'NONE',  ( 46.69999999999999574, -8.750000000000000000, 8.500000000000001776 ) ) ;
#2371 = VECTOR ( 'NONE', #3988, 1000.000000000000000 ) ;
#2372 = CIRCLE ( 'NONE', #3188, 12.30000000000000071 ) ;
#2373 = SURFACE_SIDE_STYLE ('',( #3076 ) ) ;
#2374 = SURFACE_STYLE_FILL_AREA ( #1216 ) ;
#2375 = VERTEX_POINT ( 'NONE', #2266 ) ;
#2376 = AXIS2_PLACEMENT_3D ( 'NONE', #2934, #2223, #1525 ) ;
#2377 = ORIENTED_EDGE ( 'NONE', *, *, #451, .T. ) ;
#2378 = EDGE_CURVE ( 'NONE', #1753, #161, #74, .T. ) ;
#2379 = AXIS2_PLACEMENT_3D ( 'NONE', #2857, #706, #2141 ) ;
#2380 = DIRECTION ( 'NONE',  ( 0.000000000000000000, 0.000000000000000000, -1.000000000000000000 ) ) ;
#2381 = DIRECTION ( 'NONE',  ( 0.000000000000000000, -0.8660254037844384856, -0.5000000000000002220 ) ) ;
#2382 = ORIENTED_EDGE ( 'NONE', *, *, #103, .F. ) ;
#2383 = ORIENTED_EDGE ( 'NONE', *, *, #2562, .F. ) ;
#2384 = AXIS2_PLACEMENT_3D ( 'NONE', #1470, #1853, #4361 ) ;
#2385 = COLOUR_RGB ( '',0.8941176470588234615, 0.9137254901960784048, 0.9294117647058823817 ) ;
#2386 = DIRECTION ( 'NONE',  ( 0.000000000000000000, 0.000000000000000000, 1.000000000000000000 ) ) ;
#2387 = DIRECTION ( 'NONE',  ( -0.000000000000000000, 0.5000000000000009992, 0.8660254037844380415 ) ) ;
#2388 = DIRECTION ( 'NONE',  ( 0.000000000000000000, -0.000000000000000000, 1.000000000000000000 ) ) ;
#2389 = MECHANICAL_DESIGN_GEOMETRIC_PRESENTATION_REPRESENTATION (  '', ( #583 ), #4571 ) ;
#2390 = CARTESIAN_POINT ( 'NONE',  ( 50.89999999999999147, 8.750000000000000000, 15.70000000000000284 ) ) ;
#2391 = CARTESIAN_POINT ( 'NONE',  ( 46.69999999999999574, 8.750000000000000000, 15.70000000000000284 ) ) ;
#2392 = CARTESIAN_POINT ( 'NONE',  ( 2.000000000000000000, 7.749999999999999112, -11.42339375865880058 ) ) ;
#2393 = FACE_OUTER_BOUND ( 'NONE', #12, .T. ) ;
#2394 = LINE ( 'NONE', #3877, #2848 ) ;
#2395 = EDGE_LOOP ( 'NONE', ( #1779, #1365, #3606, #2565, #2993, #2509, #1509, #2586 ) ) ;
#2396 = VECTOR ( 'NONE', #4631, 1000.000000000000114 ) ;
#2397 = EDGE_LOOP ( 'NONE', ( #426, #1242 ) ) ;
#2398 = EDGE_CURVE ( 'NONE', #4334, #4620, #1133, .T. ) ;
#2399 = CARTESIAN_POINT ( 'NONE',  ( 44.50000000000000000, 1.977804580622975167E-15, 15.89999999999999680 ) ) ;
#2400 = LINE ( 'NONE', #1722, #2545 ) ;
#2401 = VERTEX_POINT ( 'NONE', #4389 ) ;
#2402 = ORIENTED_EDGE ( 'NONE', *, *, #3145, .F. ) ;
#2403 = DIRECTION ( 'NONE',  ( -1.000000000000000000, -0.000000000000000000, -0.000000000000000000 ) ) ;
#2404 = ORIENTED_EDGE ( 'NONE', *, *, #944, .F. ) ;
#2405 = CARTESIAN_POINT ( 'NONE',  ( 0.000000000000000000, 8.153684686079991195, -14.62259614518684714 ) ) ;
#2406 = ADVANCED_FACE ( 'NONE', ( #1450 ), #2905, .T. ) ;
#2407 = DIRECTION ( 'NONE',  ( -1.000000000000000000, 0.000000000000000000, 0.000000000000000000 ) ) ;
#2408 = EDGE_CURVE ( 'NONE', #1679, #1542, #640, .T. ) ;
#2409 = EDGE_CURVE ( 'NONE', #1162, #1130, #3873, .T. ) ;
#2410 = DIRECTION ( 'NONE',  ( -1.000000000000000000, -0.000000000000000000, -0.000000000000000000 ) ) ;
#2411 = ORIENTED_EDGE ( 'NONE', *, *, #2843, .T. ) ;
#2412 = ORIENTED_EDGE ( 'NONE', *, *, #1303, .F. ) ;
#2413 = LINE ( 'NONE', #629, #578 ) ;
#2414 = DIRECTION ( 'NONE',  ( 1.000000000000000000, -0.000000000000000000, -0.000000000000000000 ) ) ;
#2415 = CARTESIAN_POINT ( 'NONE',  ( 52.50000000000000000, 8.750000000000000000, 8.500000000000001776 ) ) ;
#2416 = EDGE_LOOP ( 'NONE', ( #789, #1053, #4212, #2830 ) ) ;
#2417 = ORIENTED_EDGE ( 'NONE', *, *, #890, .T. ) ;
#2418 = CARTESIAN_POINT ( 'NONE',  ( 44.00000000000000000, 0.000000000000000000, -15.89999999999999680 ) ) ;
#2419 = ORIENTED_EDGE ( 'NONE', *, *, #1898, .F. ) ;
#2420 = ORIENTED_EDGE ( 'NONE', *, *, #3157, .T. ) ;
#2421 = ORIENTED_EDGE ( 'NONE', *, *, #3241, .T. ) ;
#2422 = CYLINDRICAL_SURFACE ( 'NONE', #4325, 16.39999999999999858 ) ;
#2423 = DIRECTION ( 'NONE',  ( 0.000000000000000000, 0.000000000000000000, 1.000000000000000000 ) ) ;
#2424 = SURFACE_SIDE_STYLE ('',( #2739 ) ) ;
#2425 = PRESENTATION_LAYER_ASSIGNMENT (  '', '', ( #4312 ) ) ;
#2426 = CARTESIAN_POINT ( 'NONE',  ( 2.000000000000000000, 7.008493649053896490, 12.63906708468513784 ) ) ;
#2427 = VECTOR ( 'NONE', #766, 1000.000000000000000 ) ;
#2428 = DIRECTION ( 'NONE',  ( 0.000000000000000000, 0.000000000000000000, 1.000000000000000000 ) ) ;
#2429 = VERTEX_POINT ( 'NONE', #2597 ) ;
#2430 = ORIENTED_EDGE ( 'NONE', *, *, #4193, .F. ) ;
#2431 = EDGE_CURVE ( 'NONE', #3093, #4527, #3349, .T. ) ;
#2432 = DIRECTION ( 'NONE',  ( -0.000000000000000000, 0.8660254037844385966, 0.5000000000000000000 ) ) ;
#2433 = DIRECTION ( 'NONE',  ( -1.000000000000000000, -0.000000000000000000, -0.000000000000000000 ) ) ;
#2434 = VECTOR ( 'NONE', #2775, 1000.000000000000000 ) ;
#2435 = DIRECTION ( 'NONE',  ( 1.000000000000000000, -0.000000000000000000, -0.000000000000000000 ) ) ;
#2436 = ORIENTED_EDGE ( 'NONE', *, *, #1959, .F. ) ;
#2437 = EDGE_LOOP ( 'NONE', ( #1403, #2459, #3368, #2460, #4456, #2083, #2419, #3958 ) ) ;
#2438 = STYLED_ITEM ( 'NONE', ( #3385 ), #550 ) ;
#2439 = VECTOR ( 'NONE', #2042, 1000.000000000000000 ) ;
#2440 = CARTESIAN_POINT ( 'NONE',  ( 2.000000000000000000, 8.784326673973666288, 13.11490010960490515 ) ) ;
#2441 = ADVANCED_BREP_SHAPE_REPRESENTATION ( 'MC520\X2\7f16780156687535673a6a21578b\X0\-\X2\53477ea76b3e\X0\', ( #4565, #3217 ), #819 ) ;
#2442 = DIRECTION ( 'NONE',  ( 0.000000000000000000, 0.000000000000000000, -1.000000000000000000 ) ) ;
#2443 = LINE ( 'NONE', #360, #1248 ) ;
#2444 =( LENGTH_UNIT ( ) NAMED_UNIT ( * ) SI_UNIT ( .MILLI., .METRE. ) );
#2445 = AXIS2_PLACEMENT_3D ( 'NONE', #1841, #442, #1507 ) ;
#2446 = AXIS2_PLACEMENT_3D ( 'NONE', #1395, #1345, #995 ) ;
#2447 = COLOUR_RGB ( '',0.7960784313725489669, 0.8235294117647058432, 0.9372549019607843146 ) ;
#2448 = ORIENTED_EDGE ( 'NONE', *, *, #1705, .F. ) ;
#2449 = PRESENTATION_STYLE_ASSIGNMENT (( #2477 ) ) ;
#2450 = PLANE ( 'NONE',  #4041 ) ;
#2451 = EDGE_CURVE ( 'NONE', #3144, #3866, #2978, .T. ) ;
#2452 = CARTESIAN_POINT ( 'NONE',  ( 0.000000000000000000, -15.25000000000000000, 1.050000000000000044 ) ) ;
#2453 = CARTESIAN_POINT ( 'NONE',  ( 0.000000000000000000, 7.749999999999998224, -13.42339375865880058 ) ) ;
#2454 = AXIS2_PLACEMENT_3D ( 'NONE', #673, #2095, #3539 ) ;
#2455 = DIRECTION ( 'NONE',  ( -0.000000000000000000, 0.000000000000000000, -1.000000000000000000 ) ) ;
#2456 = CIRCLE ( 'NONE', #4348, 1.500000000000001110 ) ;
#2457 = PLANE ( 'NONE',  #495 ) ;
#2458 = CARTESIAN_POINT ( 'NONE',  ( 52.50000000000000000, 0.000000000000000000, 0.000000000000000000 ) ) ;
#2459 = ORIENTED_EDGE ( 'NONE', *, *, #4668, .F. ) ;
#2460 = ORIENTED_EDGE ( 'NONE', *, *, #2431, .T. ) ;
#2461 = TOROIDAL_SURFACE ( 'NONE', #3370, 17.30000000000000071, 1.000000000000000000 ) ;
#2462 = COLOUR_RGB ( '',1.000000000000000000, 1.000000000000000000, 1.000000000000000000 ) ;
#2463 = CARTESIAN_POINT ( 'NONE',  ( 6.000000000000000000, 13.42339375865876505, 6.250000000000063061 ) ) ;
#2464 = FILL_AREA_STYLE ('',( #2038 ) ) ;
#2465 = ORIENTED_EDGE ( 'NONE', *, *, #4175, .F. ) ;
#2466 = EDGE_CURVE ( 'NONE', #3216, #1737, #3702, .T. ) ;
#2467 = EDGE_LOOP ( 'NONE', ( #255, #1911, #444, #3345 ) ) ;
#2468 = EDGE_CURVE ( 'NONE', #1635, #2690, #1530, .T. ) ;
#2469 = CARTESIAN_POINT ( 'NONE',  ( 52.50000000000000000, 0.000000000000000000, 0.000000000000000000 ) ) ;
#2470 = CARTESIAN_POINT ( 'NONE',  ( 6.000000000000000000, 0.000000000000000000, -15.50000000000000000 ) ) ;
#2471 = EDGE_CURVE ( 'NONE', #2544, #3501, #2953, .T. ) ;
#2472 = CARTESIAN_POINT ( 'NONE',  ( 0.000000000000000000, 6.715673326026336376, -13.73188740771269245 ) ) ;
#2473 = ORIENTED_EDGE ( 'NONE', *, *, #4473, .F. ) ;
#2474 = ORIENTED_EDGE ( 'NONE', *, *, #2705, .T. ) ;
#2475 = UNCERTAINTY_MEASURE_WITH_UNIT (LENGTH_MEASURE( 1.000000000000000082E-05 ), #2146, 'distance_accuracy_value', 'NONE');
#2476 = ORIENTED_EDGE ( 'NONE', *, *, #4306, .T. ) ;
#2477 = SURFACE_STYLE_USAGE ( .BOTH. , #1007 ) ;
#2478 = CARTESIAN_POINT ( 'NONE',  ( 46.69999999999999574, 8.750000000000000000, 15.70000000000000284 ) ) ;
#2479 = CARTESIAN_POINT ( 'NONE',  ( 47.50000000000000000, -7.950000000000000178, 15.70000000000000284 ) ) ;
#2480 = ADVANCED_FACE ( 'NONE', ( #478 ), #1476, .T. ) ;
#2481 = CARTESIAN_POINT ( 'NONE',  ( 52.50000000000000000, 9.300000000000000711, 8.500000000000000000 ) ) ;
#2482 = SURFACE_STYLE_FILL_AREA ( #2100 ) ;
#2483 = DIRECTION ( 'NONE',  ( -1.000000000000000000, 0.000000000000000000, 0.000000000000000000 ) ) ;
#2484 = VERTEX_POINT ( 'NONE', #4412 ) ;
#2485 = ORIENTED_EDGE ( 'NONE', *, *, #110, .F. ) ;
#2486 = DIRECTION ( 'NONE',  ( -0.000000000000000000, 0.9872616401468469194, -0.1591051661466640899 ) ) ;
#2487 = DIRECTION ( 'NONE',  ( 1.000000000000000000, 0.000000000000000000, 0.000000000000000000 ) ) ;
#2488 = DIRECTION ( 'NONE',  ( 0.000000000000000000, 0.000000000000000000, 1.000000000000000000 ) ) ;
#2489 = PRESENTATION_STYLE_ASSIGNMENT (( #321 ) ) ;
#2490 = ORIENTED_EDGE ( 'NONE', *, *, #1121, .T. ) ;
#2491 = EDGE_CURVE ( 'NONE', #3566, #3967, #1901, .T. ) ;
#2492 = ORIENTED_EDGE ( 'NONE', *, *, #609, .T. ) ;
#2493 = DIRECTION ( 'NONE',  ( 0.000000000000000000, -1.000000000000000000, 0.000000000000000000 ) ) ;
#2494 = FACE_OUTER_BOUND ( 'NONE', #1287, .T. ) ;
#2495 = SURFACE_STYLE_FILL_AREA ( #1374 ) ;
#2496 = EDGE_CURVE ( 'NONE', #4002, #4282, #1379, .T. ) ;
#2497 = CARTESIAN_POINT ( 'NONE',  ( 0.000000000000000000, 6.965673326026335488, -14.16490010960491119 ) ) ;
#2498 = EDGE_CURVE ( 'NONE', #2211, #3344, #1535, .T. ) ;
#2499 = EDGE_LOOP ( 'NONE', ( #4131, #4597, #1987, #2856 ) ) ;
#2500 =( NAMED_UNIT ( * ) SI_UNIT ( $, .STERADIAN. ) SOLID_ANGLE_UNIT ( ) );
#2501 = DIRECTION ( 'NONE',  ( -1.000000000000000000, 0.000000000000000000, 0.000000000000000000 ) ) ;
#2502 = FACE_OUTER_BOUND ( 'NONE', #1843, .T. ) ;
#2503 = CARTESIAN_POINT ( 'NONE',  ( 0.000000000000000000, -16.74038207405221002, 0.2500000000000004996 ) ) ;
#2504 = DIRECTION ( 'NONE',  ( 0.000000000000000000, 0.000000000000000000, -1.000000000000000000 ) ) ;
#2505 =( NAMED_UNIT ( * ) SI_UNIT ( $, .STERADIAN. ) SOLID_ANGLE_UNIT ( ) );
#2506 = AXIS2_PLACEMENT_3D ( 'NONE', #3032, #1233, #2680 ) ;
#2507 = CARTESIAN_POINT ( 'NONE',  ( 52.50000000000000000, -9.300000000000000711, 8.500000000000000000 ) ) ;
#2508 = ORIENTED_EDGE ( 'NONE', *, *, #968, .F. ) ;
#2509 = ORIENTED_EDGE ( 'NONE', *, *, #4193, .T. ) ;
#2510 = VECTOR ( 'NONE', #3997, 1000.000000000000000 ) ;
#2511 = CARTESIAN_POINT ( 'NONE',  ( 2.000000000000000000, 7.658493649053887076, -13.76490010960491261 ) ) ;
#2512 = FILL_AREA_STYLE ('',( #767 ) ) ;
#2513 = DIRECTION ( 'NONE',  ( -1.000000000000000000, -0.000000000000000000, -0.000000000000000000 ) ) ;
#2514 = PLANE ( 'NONE',  #1697 ) ;
#2515 = ORIENTED_EDGE ( 'NONE', *, *, #545, .T. ) ;
#2516 = EDGE_CURVE ( 'NONE', #2375, #2359, #2693, .T. ) ;
#2517 = AXIS2_PLACEMENT_3D ( 'NONE', #1049, #381, #3267 ) ;
#2518 = ORIENTED_EDGE ( 'NONE', *, *, #1922, .T. ) ;
#2519 = COLOUR_RGB ( '',0.8941176470588234615, 0.9137254901960784048, 0.9294117647058823817 ) ;
#2520 = CARTESIAN_POINT ( 'NONE',  ( 44.50000000000000000, 0.000000000000000000, 0.000000000000000000 ) ) ;
#2521 = CARTESIAN_POINT ( 'NONE',  ( 0.000000000000000000, 7.749999999999998224, -14.72339375865880129 ) ) ;
#2522 = SURFACE_STYLE_USAGE ( .BOTH. , #2828 ) ;
#2523 = ORIENTED_EDGE ( 'NONE', *, *, #2354, .F. ) ;
#2524 = CIRCLE ( 'NONE', #499, 1.299999999999997380 ) ;
#2525 = LINE ( 'NONE', #22, #4643 ) ;
#2526 = LINE ( 'NONE', #73, #4666 ) ;
#2527 = ORIENTED_EDGE ( 'NONE', *, *, #829, .F. ) ;
#2528 = DIRECTION ( 'NONE',  ( -0.000000000000000000, 0.000000000000000000, -1.000000000000000000 ) ) ;
#2529 = AXIS2_PLACEMENT_3D ( 'NONE', #2335, #2356, #3432 ) ;
#2530 = LINE ( 'NONE', #738, #132 ) ;
#2531 = CARTESIAN_POINT ( 'NONE',  ( 2.000000000000000000, 7.749999999999998224, -11.92339375865880058 ) ) ;
#2532 = DIRECTION ( 'NONE',  ( 0.000000000000000000, 0.8660254037844433705, -0.4999999999999920064 ) ) ;
#2533 = VECTOR ( 'NONE', #1065, 1000.000000000000000 ) ;
#2534 = AXIS2_PLACEMENT_3D ( 'NONE', #1873, #3315, #85 ) ;
#2535 = LINE ( 'NONE', #3140, #2133 ) ;
#2536 = VECTOR ( 'NONE', #27, 1000.000000000000000 ) ;
#2537 = DIRECTION ( 'NONE',  ( -0.000000000000000000, 1.000000000000000000, 0.000000000000000000 ) ) ;
#2538 = CYLINDRICAL_SURFACE ( 'NONE', #4356, 6.000000000000000888 ) ;
#2539 = ORIENTED_EDGE ( 'NONE', *, *, #4148, .T. ) ;
#2540 = EDGE_LOOP ( 'NONE', ( #331, #3954 ) ) ;
#2541 = AXIS2_PLACEMENT_3D ( 'NONE', #1855, #1803, #773 ) ;
#2542 = DIRECTION ( 'NONE',  ( 0.000000000000000000, -1.000000000000000000, 0.000000000000000000 ) ) ;
#2543 = CARTESIAN_POINT ( 'NONE',  ( 0.000000000000000000, 8.534326673973666288, 12.68188740771268641 ) ) ;
#2544 = VERTEX_POINT ( 'NONE', #4176 ) ;
#2545 = VECTOR ( 'NONE', #614, 1000.000000000000000 ) ;
#2546 = VERTEX_POINT ( 'NONE', #3375 ) ;
#2547 = CIRCLE ( 'NONE', #2699, 1.500000000000001332 ) ;
#2548 = CARTESIAN_POINT ( 'NONE',  ( 0.000000000000000000, 7.658493649053896846, 13.76490010960490729 ) ) ;
#2549 = FILL_AREA_STYLE_COLOUR ( '', #955 ) ;
#2550 = DIRECTION ( 'NONE',  ( 1.000000000000000000, 0.000000000000000000, 0.000000000000000000 ) ) ;
#2551 = DIRECTION ( 'NONE',  ( 0.000000000000000000, 0.4999999999999973910, -0.8660254037844401509 ) ) ;
#2552 = PLANE ( 'NONE',  #4321 ) ;
#2553 = DIRECTION ( 'NONE',  ( 0.000000000000000000, -0.8660254037844398178, 0.4999999999999977796 ) ) ;
#2554 = ADVANCED_FACE ( 'NONE', ( #1615 ), #3825, .T. ) ;
#2555 = EDGE_CURVE ( 'NONE', #1892, #3907, #3056, .T. ) ;
#2556 = DIRECTION ( 'NONE',  ( 0.000000000000000000, 0.000000000000000000, 1.000000000000000000 ) ) ;
#2557 = FACE_OUTER_BOUND ( 'NONE', #4098, .T. ) ;
#2558 = EDGE_LOOP ( 'NONE', ( #747, #3495, #2667, #183 ) ) ;
#2559 = EDGE_CURVE ( 'NONE', #842, #1511, #4181, .T. ) ;
#2560 = EDGE_LOOP ( 'NONE', ( #3611, #1495, #961, #2777 ) ) ;
#2561 =( LENGTH_UNIT ( ) NAMED_UNIT ( * ) SI_UNIT ( .MILLI., .METRE. ) );
#2562 = EDGE_CURVE ( 'NONE', #3851, #3082, #4458, .T. ) ;
#2563 = EDGE_CURVE ( 'NONE', #913, #4217, #2735, .T. ) ;
#2564 = CARTESIAN_POINT ( 'NONE',  ( 47.50000000000000000, 7.950000000000000178, 10.90000000000000391 ) ) ;
#2565 = ORIENTED_EDGE ( 'NONE', *, *, #2062, .T. ) ;
#2566 = ORIENTED_EDGE ( 'NONE', *, *, #2839, .F. ) ;
#2567 = PLANE ( 'NONE',  #4336 ) ;
#2568 = PLANE ( 'NONE',  #3437 ) ;
#2569 = ORIENTED_EDGE ( 'NONE', *, *, #1649, .F. ) ;
#2570 = ORIENTED_EDGE ( 'NONE', *, *, #4152, .T. ) ;
#2571 = FACE_OUTER_BOUND ( 'NONE', #4079, .T. ) ;
#2572 = CARTESIAN_POINT ( 'NONE',  ( 2.000000000000000000, -15.25000000000000000, -0.2500000000000002220 ) ) ;
#2573 = CARTESIAN_POINT ( 'NONE',  ( 0.000000000000000000, 0.000000000000000000, 0.000000000000000000 ) ) ;
#2574 = ORIENTED_EDGE ( 'NONE', *, *, #4493, .T. ) ;
#2575 = CARTESIAN_POINT ( 'NONE',  ( 2.000000000000000000, 7.841506350946115589, 13.08188740771268677 ) ) ;
#2576 =( NAMED_UNIT ( * ) PLANE_ANGLE_UNIT ( ) SI_UNIT ( $, .RADIAN. ) );
#2577 = DIRECTION ( 'NONE',  ( -1.000000000000000000, 0.000000000000000000, 0.000000000000000000 ) ) ;
#2578 = FACE_OUTER_BOUND ( 'NONE', #3691, .T. ) ;
#2579 = LINE ( 'NONE', #1118, #3568 ) ;
#2580 = CARTESIAN_POINT ( 'NONE',  ( 0.5000000000000000000, 0.000000000000000000, 0.000000000000000000 ) ) ;
#2581 = ORIENTED_EDGE ( 'NONE', *, *, #363, .T. ) ;
#2582 = EDGE_LOOP ( 'NONE', ( #3122, #2072, #2333, #2382 ) ) ;
#2583 = CARTESIAN_POINT ( 'NONE',  ( 0.000000000000000000, 8.534326673973657407, -12.68188740771269352 ) ) ;
#2584 = CYLINDRICAL_SURFACE ( 'NONE', #643, 10.00000000000000000 ) ;
#2585 = DIRECTION ( 'NONE',  ( -0.000000000000000000, 1.000000000000000000, -0.000000000000000000 ) ) ;
#2586 = ORIENTED_EDGE ( 'NONE', *, *, #2408, .T. ) ;
#2587 = VERTEX_POINT ( 'NONE', #598 ) ;
#2588 = VECTOR ( 'NONE', #504, 1000.000000000000000 ) ;
#2589 = EDGE_CURVE ( 'NONE', #4054, #626, #850, .T. ) ;
#2590 = CARTESIAN_POINT ( 'NONE',  ( 0.000000000000000000, -15.25000000000000000, 0.2500000000000002220 ) ) ;
#2591 = VECTOR ( 'NONE', #1680, 1000.000000000000000 ) ;
#2592 = CARTESIAN_POINT ( 'NONE',  ( 0.000000000000000000, 0.000000000000000000, 10.90000000000000391 ) ) ;
#2593 = ORIENTED_EDGE ( 'NONE', *, *, #4223, .T. ) ;
#2594 = ORIENTED_EDGE ( 'NONE', *, *, #833, .T. ) ;
#2595 = CIRCLE ( 'NONE', #414, 1.500000000000001332 ) ;
#2596 = PRESENTATION_LAYER_ASSIGNMENT (  '', '', ( #1672 ) ) ;
#2597 = CARTESIAN_POINT ( 'NONE',  ( 21.50000000000000000, 0.000000000000000000, 16.39999999999999858 ) ) ;
#2598 = DIRECTION ( 'NONE',  ( 0.000000000000000000, -0.8660254037844401509, -0.4999999999999973910 ) ) ;
#2599 = AXIS2_PLACEMENT_3D ( 'NONE', #1501, #2550, #385 ) ;
#2600 = DIRECTION ( 'NONE',  ( 1.000000000000000000, -0.000000000000000000, -0.000000000000000000 ) ) ;
#2601 = CIRCLE ( 'NONE', #2379, 1.500000000000001110 ) ;
#2602 = AXIS2_PLACEMENT_3D ( 'NONE', #4586, #2811, #2124 ) ;
#2603 = EDGE_CURVE ( 'NONE', #1015, #1377, #2292, .T. ) ;
#2604 = CARTESIAN_POINT ( 'NONE',  ( 52.50000000000000000, 0.000000000000000000, 16.39999999999999858 ) ) ;
#2605 = DIRECTION ( 'NONE',  ( 1.000000000000000000, 0.000000000000000000, -0.000000000000000000 ) ) ;
#2606 = AXIS2_PLACEMENT_3D ( 'NONE', #906, #3074, #2346 ) ;
#2607 = VECTOR ( 'NONE', #4567, 1000.000000000000000 ) ;
#2608 = ORIENTED_EDGE ( 'NONE', *, *, #1277, .F. ) ;
#2609 = LINE ( 'NONE', #4048, #3251 ) ;
#2610 = COLOUR_RGB ( '',0.7960784313725489669, 0.8235294117647058432, 0.9372549019607843146 ) ;
#2611 = LINE ( 'NONE', #1514, #3255 ) ;
#2612 = MECHANICAL_DESIGN_GEOMETRIC_PRESENTATION_REPRESENTATION (  '', ( #4560 ), #4188 ) ;
#2613 = DIRECTION ( 'NONE',  ( 0.000000000000000000, 0.8660254037844389297, 0.4999999999999995004 ) ) ;
#2614 = DIRECTION ( 'NONE',  ( 0.000000000000000000, 0.8660254037844390407, 0.4999999999999992784 ) ) ;
#2615 = LINE ( 'NONE', #1100, #2844 ) ;
#2616 = ORIENTED_EDGE ( 'NONE', *, *, #339, .T. ) ;
#2617 = EDGE_LOOP ( 'NONE', ( #1041, #4434, #797, #4564 ) ) ;
#2618 = COLOUR_RGB ( '',0.7960784313725489669, 0.8235294117647058432, 0.9372549019607843146 ) ;
#2619 = EDGE_CURVE ( 'NONE', #1468, #3104, #2524, .T. ) ;
#2620 = CARTESIAN_POINT ( 'NONE',  ( -6.000000000000000000, 7.000000000000000000, 0.000000000000000000 ) ) ;
#2621 = VECTOR ( 'NONE', #4150, 1000.000000000000227 ) ;
#2622 = PLANE ( 'NONE',  #364 ) ;
#2623 = EDGE_CURVE ( 'NONE', #3002, #1067, #197, .T. ) ;
#2624 = CIRCLE ( 'NONE', #2169, 2.000000000000000000 ) ;
#2625 =( NAMED_UNIT ( * ) SI_UNIT ( $, .STERADIAN. ) SOLID_ANGLE_UNIT ( ) );
#2626 = EDGE_CURVE ( 'NONE', #1414, #2240, #3026, .T. ) ;
#2627 = FILL_AREA_STYLE_COLOUR ( '', #934 ) ;
#2628 = PLANE ( 'NONE',  #1549 ) ;
#2629 = FILL_AREA_STYLE_COLOUR ( '', #1454 ) ;
#2630 = UNCERTAINTY_MEASURE_WITH_UNIT (LENGTH_MEASURE( 1.000000000000000082E-05 ), #4210, 'distance_accuracy_value', 'NONE');
#2631 = DIRECTION ( 'NONE',  ( 0.000000000000000000, 0.8660254037844390407, 0.4999999999999992784 ) ) ;
#2632 = CARTESIAN_POINT ( 'NONE',  ( -19.80000000000000071, 7.000000000000000000, 0.000000000000000000 ) ) ;
#2633 = CARTESIAN_POINT ( 'NONE',  ( 0.000000000000000000, -15.50000000000000000, -8.673617379884035472E-16 ) ) ;
#2634 = ORIENTED_EDGE ( 'NONE', *, *, #4515, .F. ) ;
#2635 = EDGE_CURVE ( 'NONE', #1370, #87, #219, .T. ) ;
#2636 = LINE ( 'NONE', #1914, #1085 ) ;
#2637 = CARTESIAN_POINT ( 'NONE',  ( 2.000000000000000000, 8.091506350946115589, 13.51490010960490729 ) ) ;
#2638 = DIRECTION ( 'NONE',  ( 1.000000000000000000, 0.000000000000000000, 0.000000000000000000 ) ) ;
#2639 =( NAMED_UNIT ( * ) SI_UNIT ( $, .STERADIAN. ) SOLID_ANGLE_UNIT ( ) );
#2640 = DIRECTION ( 'NONE',  ( 0.000000000000000000, 0.000000000000000000, -1.000000000000000000 ) ) ;
#2641 = EDGE_LOOP ( 'NONE', ( #1964, #3582, #229, #4364 ) ) ;
#2642 = CIRCLE ( 'NONE', #2261, 3.000000000000000000 ) ;
#2643 = EDGE_LOOP ( 'NONE', ( #234, #1440, #1744, #2430 ) ) ;
#2644 = CARTESIAN_POINT ( 'NONE',  ( 0.000000000000000000, 8.784326673973666288, 13.11490010960490515 ) ) ;
#2645 = PLANE ( 'NONE',  #1104 ) ;
#2646 = EDGE_LOOP ( 'NONE', ( #1040, #1201, #4644, #4015 ) ) ;
#2647 = ADVANCED_FACE ( 'NONE', ( #2027 ), #1285, .F. ) ;
#2648 = DIRECTION ( 'NONE',  ( 1.000000000000000000, -0.000000000000000000, -0.000000000000000000 ) ) ;
#2649 = CARTESIAN_POINT ( 'NONE',  ( 0.000000000000000000, 8.586697387972222373, 14.37259614518684181 ) ) ;
#2650 = DIRECTION ( 'NONE',  ( -1.000000000000000000, -0.000000000000000000, -0.000000000000000000 ) ) ;
#2651 = SURFACE_STYLE_USAGE ( .BOTH. , #1157 ) ;
#2652 = SURFACE_STYLE_FILL_AREA ( #203 ) ;
#2653 = DIRECTION ( 'NONE',  ( 0.000000000000000000, -0.000000000000000000, 1.000000000000000000 ) ) ;
#2654 = ORIENTED_EDGE ( 'NONE', *, *, #2941, .T. ) ;
#2655 = CARTESIAN_POINT ( 'NONE',  ( 44.50000000000000000, 2.008420750601658954E-15, -16.39999999999999858 ) ) ;
#2656 = DIRECTION ( 'NONE',  ( -1.000000000000000000, 0.000000000000000000, 0.000000000000000000 ) ) ;
#2657 = DIRECTION ( 'NONE',  ( -0.000000000000000000, -0.4999999999999995559, 0.8660254037844389297 ) ) ;
#2658 =( NAMED_UNIT ( * ) PLANE_ANGLE_UNIT ( ) SI_UNIT ( $, .RADIAN. ) );
#2659 = FILL_AREA_STYLE_COLOUR ( '', #1857 ) ;
#2660 = ORIENTED_EDGE ( 'NONE', *, *, #4435, .T. ) ;
#2661 = VECTOR ( 'NONE', #3159, 1000.000000000000000 ) ;
#2662 = ORIENTED_EDGE ( 'NONE', *, *, #1194, .F. ) ;
#2663 = EDGE_CURVE ( 'NONE', #1777, #3566, #1307, .T. ) ;
#2664 = FACE_OUTER_BOUND ( 'NONE', #4471, .T. ) ;
#2665 = DIRECTION ( 'NONE',  ( -0.000000000000000000, -0.000000000000000000, 1.000000000000000000 ) ) ;
#2666 = VERTEX_POINT ( 'NONE', #3107 ) ;
#2667 = ORIENTED_EDGE ( 'NONE', *, *, #3790, .T. ) ;
#2668 = FACE_BOUND ( 'NONE', #2996, .T. ) ;
#2669 = DIRECTION ( 'NONE',  ( -0.000000000000000000, -0.5000000000000000000, -0.8660254037844385966 ) ) ;
#2670 = LINE ( 'NONE', #877, #1469 ) ;
#2671 = FACE_OUTER_BOUND ( 'NONE', #1275, .T. ) ;
#2672 = COLOUR_RGB ( '',0.7960784313725489669, 0.8235294117647058432, 0.9372549019607843146 ) ;
#2673 = AXIS2_PLACEMENT_3D ( 'NONE', #1504, #3659, #1409 ) ;
#2674 = UNCERTAINTY_MEASURE_WITH_UNIT (LENGTH_MEASURE( 1.000000000000000082E-05 ), #2917, 'distance_accuracy_value', 'NONE');
#2675 = CARTESIAN_POINT ( 'NONE',  ( 0.000000000000000000, -15.50000000000000000, -8.673617379884035472E-16 ) ) ;
#2676 = AXIS2_PLACEMENT_3D ( 'NONE', #1151, #2528, #2177 ) ;
#2677 = PRESENTATION_LAYER_ASSIGNMENT (  '', '', ( #3117 ) ) ;
#2678 = CARTESIAN_POINT ( 'NONE',  ( -19.80000000000000071, 4.500000000000000888, -1.658312395177700793 ) ) ;
#2679 = ORIENTED_EDGE ( 'NONE', *, *, #4600, .T. ) ;
#2680 = DIRECTION ( 'NONE',  ( -0.000000000000000000, 0.000000000000000000, -1.000000000000000000 ) ) ;
#2681 = EDGE_CURVE ( 'NONE', #3707, #4054, #1681, .T. ) ;
#2682 = CYLINDRICAL_SURFACE ( 'NONE', #4416, 1.500000000000000444 ) ;
#2683 = VECTOR ( 'NONE', #2974, 1000.000000000000000 ) ;
#2684 = EDGE_LOOP ( 'NONE', ( #2411, #2253 ) ) ;
#2685 = VERTEX_POINT ( 'NONE', #4219 ) ;
#2686 = COLOUR_RGB ( '',0.7960784313725489669, 0.8235294117647058432, 0.9372549019607843146 ) ;
#2687 = AXIS2_PLACEMENT_3D ( 'NONE', #1820, #3999, #2205 ) ;
#2688 = FILL_AREA_STYLE_COLOUR ( '', #2233 ) ;
#2689 = CARTESIAN_POINT ( 'NONE',  ( 52.50000000000000000, 9.300000000000000711, 18.50000000000000355 ) ) ;
#2690 = VERTEX_POINT ( 'NONE', #4201 ) ;
#2691 = MECHANICAL_DESIGN_GEOMETRIC_PRESENTATION_REPRESENTATION (  '', ( #513 ), #3594 ) ;
#2692 = DIRECTION ( 'NONE',  ( 1.000000000000000000, -0.000000000000000000, -0.000000000000000000 ) ) ;
#2693 = LINE ( 'NONE', #2364, #938 ) ;
#2694 = CARTESIAN_POINT ( 'NONE',  ( 0.5000000000000000000, 7.000000000000001776, 0.000000000000000000 ) ) ;
#2695 = FILL_AREA_STYLE ('',( #1882 ) ) ;
#2696 = CARTESIAN_POINT ( 'NONE',  ( 0.000000000000000000, 7.750000000000006217, 13.42339375865879703 ) ) ;
#2697 = VECTOR ( 'NONE', #3425, 1000.000000000000000 ) ;
#2698 =( NAMED_UNIT ( * ) SI_UNIT ( $, .STERADIAN. ) SOLID_ANGLE_UNIT ( ) );
#2699 = AXIS2_PLACEMENT_3D ( 'NONE', #1842, #1433, #1412 ) ;
#2700 = LINE ( 'NONE', #3775, #519 ) ;
#2701 = PRESENTATION_STYLE_ASSIGNMENT (( #857 ) ) ;
#2702 = EDGE_CURVE ( 'NONE', #535, #2733, #4329, .T. ) ;
#2703 = CARTESIAN_POINT ( 'NONE',  ( 0.000000000000000000, 1.836970198721029441E-16, -17.00000000000000000 ) ) ;
#2704 =( GEOMETRIC_REPRESENTATION_CONTEXT ( 3 ) GLOBAL_UNCERTAINTY_ASSIGNED_CONTEXT ( ( #2475 ) ) GLOBAL_UNIT_ASSIGNED_CONTEXT ( ( #2146, #4366, #2904 ) ) REPRESENTATION_CONTEXT ( 'NONE', 'WORKASPACE' ) );
#2705 = EDGE_CURVE ( 'NONE', #3503, #3036, #3132, .T. ) ;
#2706 = EDGE_CURVE ( 'NONE', #1800, #2685, #2785, .T. ) ;
#2707 = LINE ( 'NONE', #4466, #406 ) ;
#2708 = LINE ( 'NONE', #4162, #563 ) ;
#2709 = FACE_OUTER_BOUND ( 'NONE', #2643, .T. ) ;
#2710 = CARTESIAN_POINT ( 'NONE',  ( 21.50000000000000000, 0.000000000000000000, 0.000000000000000000 ) ) ;
#2711 = ADVANCED_FACE ( 'NONE', ( #4241 ), #2065, .F. ) ;
#2712 = CARTESIAN_POINT ( 'NONE',  ( 47.50000000000000000, -7.950000000000000178, 10.90000000000000391 ) ) ;
#2713 = ORIENTED_EDGE ( 'NONE', *, *, #4634, .F. ) ;
#2714 = EDGE_LOOP ( 'NONE', ( #611, #4676, #2402, #1397, #864 ) ) ;
#2715 = EDGE_CURVE ( 'NONE', #2787, #2802, #287, .T. ) ;
#2716 = FILL_AREA_STYLE ('',( #118 ) ) ;
#2717 = CARTESIAN_POINT ( 'NONE',  ( 0.5000000000000000000, 0.000000000000000000, 12.30000000000000071 ) ) ;
#2718 = ORIENTED_EDGE ( 'NONE', *, *, #3014, .F. ) ;
#2719 = ORIENTED_EDGE ( 'NONE', *, *, #1620, .F. ) ;
#2720 = FACE_BOUND ( 'NONE', #345, .T. ) ;
#2721 = DIRECTION ( 'NONE',  ( -1.000000000000000000, 0.000000000000000000, 0.000000000000000000 ) ) ;
#2722 = CARTESIAN_POINT ( 'NONE',  ( 0.2000000000000000111, -15.50000000000000000, -8.673617379884035472E-16 ) ) ;
#2723 = DIRECTION ( 'NONE',  ( -0.000000000000000000, -1.000000000000000000, -0.000000000000000000 ) ) ;
#2724 = DIRECTION ( 'NONE',  ( 0.000000000000000000, 1.000000000000000000, -2.736828040640475774E-16 ) ) ;
#2725 = FACE_OUTER_BOUND ( 'NONE', #858, .T. ) ;
#2726 = LINE ( 'NONE', #3450, #3651 ) ;
#2727 = DIRECTION ( 'NONE',  ( -1.000000000000000000, -0.000000000000000000, -0.000000000000000000 ) ) ;
#2728 = ORIENTED_EDGE ( 'NONE', *, *, #1860, .F. ) ;
#2729 = ORIENTED_EDGE ( 'NONE', *, *, #1856, .T. ) ;
#2730 = DIRECTION ( 'NONE',  ( 0.000000000000000000, -0.000000000000000000, -1.000000000000000000 ) ) ;
#2731 = CARTESIAN_POINT ( 'NONE',  ( 0.000000000000000000, -16.54999999999999716, -0.2500000000000002220 ) ) ;
#2732 = ORIENTED_EDGE ( 'NONE', *, *, #1567, .F. ) ;
#2733 = VERTEX_POINT ( 'NONE', #4614 ) ;
#2734 = CARTESIAN_POINT ( 'NONE',  ( 2.000000000000000000, 7.750000000000006217, 11.42339375865879880 ) ) ;
#2735 = LINE ( 'NONE', #3439, #1755 ) ;
#2736 = VERTEX_POINT ( 'NONE', #1707 ) ;
#2737 = CIRCLE ( 'NONE', #3867, 16.39999999999999858 ) ;
#2738 = CARTESIAN_POINT ( 'NONE',  ( 46.69999999999999574, -8.750000000000000000, 15.70000000000000284 ) ) ;
#2739 = SURFACE_STYLE_FILL_AREA ( #4555 ) ;
#2740 =( GEOMETRIC_REPRESENTATION_CONTEXT ( 3 ) GLOBAL_UNCERTAINTY_ASSIGNED_CONTEXT ( ( #4538 ) ) GLOBAL_UNIT_ASSIGNED_CONTEXT ( ( #4535, #4495, #3466 ) ) REPRESENTATION_CONTEXT ( 'NONE', 'WORKASPACE' ) );
#2741 = DIRECTION ( 'NONE',  ( 1.000000000000000000, -0.000000000000000000, -0.000000000000000000 ) ) ;
#2742 = TOROIDAL_SURFACE ( 'NONE', #1604, 17.80000000000000071, 0.5000000000000000000 ) ;
#2743 = MECHANICAL_DESIGN_GEOMETRIC_PRESENTATION_REPRESENTATION (  '', ( #1672 ), #1449 ) ;
#2744 = DIRECTION ( 'NONE',  ( -0.000000000000000000, -0.8660254037844385966, 0.5000000000000000000 ) ) ;
#2745 =( NAMED_UNIT ( * ) PLANE_ANGLE_UNIT ( ) SI_UNIT ( $, .RADIAN. ) );
#2746 = ORIENTED_EDGE ( 'NONE', *, *, #807, .T. ) ;
#2747 = COLOUR_RGB ( '',0.7960784313725489669, 0.8235294117647058432, 0.9372549019607843146 ) ;
#2748 = VERTEX_POINT ( 'NONE', #3533 ) ;
#2749 = UNCERTAINTY_MEASURE_WITH_UNIT (LENGTH_MEASURE( 1.000000000000000082E-05 ), #3588, 'distance_accuracy_value', 'NONE');
#2750 = AXIS2_PLACEMENT_3D ( 'NONE', #884, #2013, #4492 ) ;
#2751 = PRESENTATION_LAYER_ASSIGNMENT (  '', '', ( #4486 ) ) ;
#2752 = MECHANICAL_DESIGN_GEOMETRIC_PRESENTATION_REPRESENTATION (  '', ( #2989 ), #334 ) ;
#2753 = CARTESIAN_POINT ( 'NONE',  ( 2.000000000000000000, 7.749999999999999112, -15.42339375865880058 ) ) ;
#2754 = DIRECTION ( 'NONE',  ( 1.000000000000000000, 0.000000000000000000, 0.000000000000000000 ) ) ;
#2755 = ORIENTED_EDGE ( 'NONE', *, *, #3305, .T. ) ;
#2756 = VECTOR ( 'NONE', #3909, 1000.000000000000000 ) ;
#2757 = ORIENTED_EDGE ( 'NONE', *, *, #1088, .F. ) ;
#2758 = CIRCLE ( 'NONE', #803, 1.500000000000001332 ) ;
#2759 = EDGE_CURVE ( 'NONE', #2895, #4527, #3152, .T. ) ;
#2760 = DIRECTION ( 'NONE',  ( 0.000000000000000000, -1.000000000000000000, 0.000000000000000000 ) ) ;
#2761 = EDGE_CURVE ( 'NONE', #1891, #231, #325, .T. ) ;
#2762 = DIRECTION ( 'NONE',  ( -0.000000000000000000, 0.8660254037844390407, 0.4999999999999992228 ) ) ;
#2763 = VECTOR ( 'NONE', #2195, 1000.000000000000000 ) ;
#2764 = CARTESIAN_POINT ( 'NONE',  ( 0.000000000000000000, 7.408493649053887076, -13.33188740771269210 ) ) ;
#2765 = PRESENTATION_STYLE_ASSIGNMENT (( #460 ) ) ;
#2766 = EDGE_CURVE ( 'NONE', #2299, #4178, #2601, .T. ) ;
#2767 = ORIENTED_EDGE ( 'NONE', *, *, #166, .T. ) ;
#2768 = AXIS2_PLACEMENT_3D ( 'NONE', #915, #1610, #3064 ) ;
#2769 = EDGE_CURVE ( 'NONE', #3023, #1642, #346, .T. ) ;
#2770 = EDGE_CURVE ( 'NONE', #3393, #3617, #1520, .T. ) ;
#2771 = SURFACE_STYLE_FILL_AREA ( #3462 ) ;
#2772 = PRESENTATION_LAYER_ASSIGNMENT (  '', '', ( #135 ) ) ;
#2773 = PLANE ( 'NONE',  #401 ) ;
#2774 = AXIS2_PLACEMENT_3D ( 'NONE', #2564, #1493, #4382 ) ;
#2775 = DIRECTION ( 'NONE',  ( 1.000000000000000000, -0.000000000000000000, -0.000000000000000000 ) ) ;
#2776 = SURFACE_STYLE_FILL_AREA ( #1389 ) ;
#2777 = ORIENTED_EDGE ( 'NONE', *, *, #994, .T. ) ;
#2778 = CARTESIAN_POINT ( 'NONE',  ( 44.50000000000000000, -9.300000000000000711, 12.89651115612280208 ) ) ;
#2779 = ORIENTED_EDGE ( 'NONE', *, *, #54, .F. ) ;
#2780 = FACE_OUTER_BOUND ( 'NONE', #2582, .T. ) ;
#2781 = DIRECTION ( 'NONE',  ( -0.000000000000000000, -0.000000000000000000, -1.000000000000000000 ) ) ;
#2782 = DIRECTION ( 'NONE',  ( 1.000000000000000000, 0.000000000000000000, 0.000000000000000000 ) ) ;
#2783 = ORIENTED_EDGE ( 'NONE', *, *, #2209, .F. ) ;
#2784 = DIRECTION ( 'NONE',  ( -0.000000000000000000, 1.000000000000000000, -0.000000000000000000 ) ) ;
#2785 = LINE ( 'NONE', #2803, #868 ) ;
#2786 = DIRECTION ( 'NONE',  ( 0.000000000000000000, 0.000000000000000000, -1.000000000000000000 ) ) ;
#2787 = VERTEX_POINT ( 'NONE', #402 ) ;
#2788 = ORIENTED_EDGE ( 'NONE', *, *, #4159, .T. ) ;
#2789 =( NAMED_UNIT ( * ) PLANE_ANGLE_UNIT ( ) SI_UNIT ( $, .RADIAN. ) );
#2790 = FACE_OUTER_BOUND ( 'NONE', #1767, .T. ) ;
#2791 = EDGE_CURVE ( 'NONE', #1067, #2401, #3218, .T. ) ;
#2792 = SURFACE_SIDE_STYLE ('',( #4297 ) ) ;
#2793 = CARTESIAN_POINT ( 'NONE',  ( 2.000000000000000000, 7.841506350946115589, 13.08188740771268677 ) ) ;
#2794 = ORIENTED_EDGE ( 'NONE', *, *, #481, .F. ) ;
#2795 = EDGE_LOOP ( 'NONE', ( #2900, #1588, #1603, #2476 ) ) ;
#2796 = CARTESIAN_POINT ( 'NONE',  ( 0.000000000000000000, 6.715673326026336376, -13.73188740771269245 ) ) ;
#2797 = CARTESIAN_POINT ( 'NONE',  ( 46.69999999999999574, 8.750000000000000000, 8.500000000000001776 ) ) ;
#2798 = EDGE_LOOP ( 'NONE', ( #892, #1342 ) ) ;
#2799 = MECHANICAL_DESIGN_GEOMETRIC_PRESENTATION_REPRESENTATION (  '', ( #3087 ), #713 ) ;
#2800 = EDGE_CURVE ( 'NONE', #1390, #1670, #1780, .T. ) ;
#2801 = DIRECTION ( 'NONE',  ( -1.000000000000000000, -0.000000000000000000, -0.000000000000000000 ) ) ;
#2802 = VERTEX_POINT ( 'NONE', #2590 ) ;
#2803 = CARTESIAN_POINT ( 'NONE',  ( 0.000000000000000000, -15.25000000000000000, -0.2500000000000002220 ) ) ;
#2804 = LINE ( 'NONE', #639, #3972 ) ;
#2805 = ORIENTED_EDGE ( 'NONE', *, *, #2285, .T. ) ;
#2806 = PLANE ( 'NONE',  #2137 ) ;
#2807 = SURFACE_SIDE_STYLE ('',( #1336 ) ) ;
#2808 = EDGE_CURVE ( 'NONE', #2544, #913, #1383, .T. ) ;
#2809 = DIRECTION ( 'NONE',  ( 0.000000000000000000, -1.000000000000000000, 0.000000000000000000 ) ) ;
#2810 = VECTOR ( 'NONE', #3736, 1000.000000000000114 ) ;
#2811 = DIRECTION ( 'NONE',  ( 1.000000000000000000, -0.000000000000000000, -0.000000000000000000 ) ) ;
#2812 =( NAMED_UNIT ( * ) SI_UNIT ( $, .STERADIAN. ) SOLID_ANGLE_UNIT ( ) );
#2813 = ORIENTED_EDGE ( 'NONE', *, *, #363, .F. ) ;
#2814 = ADVANCED_FACE ( 'NONE', ( #823 ), #2214, .F. ) ;
#2815 = ORIENTED_EDGE ( 'NONE', *, *, #784, .F. ) ;
#2816 = CARTESIAN_POINT ( 'NONE',  ( 52.50000000000000000, 9.300000000000000711, 8.500000000000000000 ) ) ;
#2817 = AXIS2_PLACEMENT_3D ( 'NONE', #1601, #3448, #227 ) ;
#2818 = AXIS2_PLACEMENT_3D ( 'NONE', #3304, #2197, #440 ) ;
#2819 = EDGE_CURVE ( 'NONE', #392, #4191, #3959, .T. ) ;
#2820 = CARTESIAN_POINT ( 'NONE',  ( -19.80000000000000071, 7.000000000000000000, 0.000000000000000000 ) ) ;
#2821 = AXIS2_PLACEMENT_3D ( 'NONE', #1754, #4293, #3174 ) ;
#2822 = LINE ( 'NONE', #2463, #2756 ) ;
#2823 = DIRECTION ( 'NONE',  ( -1.000000000000000000, 0.000000000000000000, 0.000000000000000000 ) ) ;
#2824 = ORIENTED_EDGE ( 'NONE', *, *, #3160, .F. ) ;
#2825 = AXIS2_PLACEMENT_3D ( 'NONE', #1972, #1954, #4481 ) ;
#2826 = CARTESIAN_POINT ( 'NONE',  ( 0.000000000000000000, -15.50000000000000000, -8.673617379884035472E-16 ) ) ;
#2827 = LINE ( 'NONE', #3849, #3001 ) ;
#2828 = SURFACE_SIDE_STYLE ('',( #2495 ) ) ;
#2829 = VECTOR ( 'NONE', #958, 1000.000000000000000 ) ;
#2830 = ORIENTED_EDGE ( 'NONE', *, *, #3932, .T. ) ;
#2831 = PLANE ( 'NONE',  #3128 ) ;
#2832 =( GEOMETRIC_REPRESENTATION_CONTEXT ( 3 ) GLOBAL_UNCERTAINTY_ASSIGNED_CONTEXT ( ( #4318 ) ) GLOBAL_UNIT_ASSIGNED_CONTEXT ( ( #2349, #270, #620 ) ) REPRESENTATION_CONTEXT ( 'NONE', 'WORKASPACE' ) );
#2833 = ORIENTED_EDGE ( 'NONE', *, *, #312, .T. ) ;
#2834 = FILL_AREA_STYLE_COLOUR ( '', #3189 ) ;
#2835 = DIRECTION ( 'NONE',  ( 1.000000000000000000, -0.000000000000000000, -0.000000000000000000 ) ) ;
#2836 = AXIS2_PLACEMENT_3D ( 'NONE', #1688, #3136, #3158 ) ;
#2837 = CYLINDRICAL_SURFACE ( 'NONE', #1671, 10.00000000000000000 ) ;
#2838 = AXIS2_PLACEMENT_3D ( 'NONE', #2976, #4407, #1472 ) ;
#2839 = EDGE_CURVE ( 'NONE', #2484, #1678, #4113, .T. ) ;
#2840 = PLANE ( 'NONE',  #3944 ) ;
#2841 = VERTEX_POINT ( 'NONE', #379 ) ;
#2842 = EDGE_LOOP ( 'NONE', ( #1096, #1845, #111, #954 ) ) ;
#2843 = EDGE_CURVE ( 'NONE', #2733, #3405, #1309, .T. ) ;
#2844 = VECTOR ( 'NONE', #2893, 1000.000000000000000 ) ;
#2845 = ADVANCED_FACE ( 'NONE', ( #2191 ), #18, .T. ) ;
#2846 = ADVANCED_FACE ( 'NONE', ( #754 ), #1826, .F. ) ;
#2847 = CARTESIAN_POINT ( 'NONE',  ( 52.50000000000000000, -9.300000000000000711, 13.50814569065643234 ) ) ;
#2848 = VECTOR ( 'NONE', #3854, 1000.000000000000000 ) ;
#2849 = CARTESIAN_POINT ( 'NONE',  ( 0.2000000000000000111, -15.50000000000000000, -1.500000000000000888 ) ) ;
#2850 = LINE ( 'NONE', #4608, #1027 ) ;
#2851 = ORIENTED_EDGE ( 'NONE', *, *, #4655, .F. ) ;
#2852 = ADVANCED_FACE ( 'NONE', ( #1128 ), #2567, .T. ) ;
#2853 = EDGE_CURVE ( 'NONE', #4377, #1548, #2068, .T. ) ;
#2854 = ORIENTED_EDGE ( 'NONE', *, *, #688, .T. ) ;
#2855 = AXIS2_PLACEMENT_3D ( 'NONE', #4009, #2175, #1500 ) ;
#2856 = ORIENTED_EDGE ( 'NONE', *, *, #3200, .T. ) ;
#2857 = CARTESIAN_POINT ( 'NONE',  ( 6.000000000000000000, 13.42339375865881657, -7.749999999999968914 ) ) ;
#2858 = DIRECTION ( 'NONE',  ( -0.000000000000000000, 0.000000000000000000, -1.000000000000000000 ) ) ;
#2859 = ORIENTED_EDGE ( 'NONE', *, *, #727, .F. ) ;
#2860 = CARTESIAN_POINT ( 'NONE',  ( 2.000000000000000000, -15.25000000000000000, 0.2500000000000002220 ) ) ;
#2861 = VERTEX_POINT ( 'NONE', #1545 ) ;
#2862 = FACE_OUTER_BOUND ( 'NONE', #3389, .T. ) ;
#2863 = CIRCLE ( 'NONE', #3686, 1.500000000000001332 ) ;
#2864 = LINE ( 'NONE', #3559, #1661 ) ;
#2865 = DIRECTION ( 'NONE',  ( 0.000000000000000000, 0.000000000000000000, -1.000000000000000000 ) ) ;
#2866 = EDGE_CURVE ( 'NONE', #1578, #3851, #146, .T. ) ;
#2867 = DIRECTION ( 'NONE',  ( 0.000000000000000000, 0.8660254037844330455, 0.5000000000000098810 ) ) ;
#2868 = DIRECTION ( 'NONE',  ( 1.000000000000000000, 0.000000000000000000, 0.000000000000000000 ) ) ;
#2869 = LINE ( 'NONE', #3976, #1699 ) ;
#2870 = EDGE_LOOP ( 'NONE', ( #3816, #3111, #2421, #2570 ) ) ;
#2871 = ORIENTED_EDGE ( 'NONE', *, *, #2000, .F. ) ;
#2872 = CARTESIAN_POINT ( 'NONE',  ( 0.000000000000000000, 8.534326673973657407, -12.68188740771269352 ) ) ;
#2873 = DIRECTION ( 'NONE',  ( 0.000000000000000000, 0.000000000000000000, -1.000000000000000000 ) ) ;
#2874 = VERTEX_POINT ( 'NONE', #1260 ) ;
#2875 = ORIENTED_EDGE ( 'NONE', *, *, #2005, .F. ) ;
#2876 = FILL_AREA_STYLE_COLOUR ( '', #2618 ) ;
#2877 = DIRECTION ( 'NONE',  ( -1.000000000000000000, -0.000000000000000000, -0.000000000000000000 ) ) ;
#2878 = ORIENTED_EDGE ( 'NONE', *, *, #2555, .T. ) ;
#2879 = CARTESIAN_POINT ( 'NONE',  ( 51.69999999999999574, 7.950000000000000178, 12.20000000000000284 ) ) ;
#2880 = VERTEX_POINT ( 'NONE', #4076 ) ;
#2881 = SURFACE_SIDE_STYLE ('',( #828 ) ) ;
#2882 = CARTESIAN_POINT ( 'NONE',  ( 0.5000000000000000000, 0.000000000000000000, 0.000000000000000000 ) ) ;
#2883 = DIRECTION ( 'NONE',  ( 1.000000000000000000, -0.000000000000000000, -0.000000000000000000 ) ) ;
#2884 = CARTESIAN_POINT ( 'NONE',  ( 0.2000000000000000111, 7.749999999999998224, -11.92339375865880058 ) ) ;
#2885 = CARTESIAN_POINT ( 'NONE',  ( 0.000000000000000000, 8.091506350946106707, -13.51490010960491261 ) ) ;
#2886 = DIRECTION ( 'NONE',  ( -0.000000000000000000, 1.000000000000000000, -0.000000000000000000 ) ) ;
#2887 = VECTOR ( 'NONE', #3774, 1000.000000000000000 ) ;
#2888 = ORIENTED_EDGE ( 'NONE', *, *, #4087, .F. ) ;
#2889 = ORIENTED_EDGE ( 'NONE', *, *, #2759, .T. ) ;
#2890 = PRESENTATION_LAYER_ASSIGNMENT (  '', '', ( #1443 ) ) ;
#2891 = LINE ( 'NONE', #4327, #641 ) ;
#2892 = CARTESIAN_POINT ( 'NONE',  ( 2.000000000000000000, 7.749999999999998224, -13.42339375865880058 ) ) ;
#2893 = DIRECTION ( 'NONE',  ( 1.000000000000000000, -0.000000000000000000, -0.000000000000000000 ) ) ;
#2894 = ORIENTED_EDGE ( 'NONE', *, *, #1733, .F. ) ;
#2895 = VERTEX_POINT ( 'NONE', #869 ) ;
#2896 = VECTOR ( 'NONE', #854, 1000.000000000000000 ) ;
#2897 = AXIS2_PLACEMENT_3D ( 'NONE', #3015, #4449, #517 ) ;
#2898 = CARTESIAN_POINT ( 'NONE',  ( 0.000000000000000000, -15.50000000000000000, 1.299999999999999156 ) ) ;
#2899 = COLOUR_RGB ( '',0.7960784313725489669, 0.8235294117647058432, 0.9372549019607843146 ) ;
#2900 = ORIENTED_EDGE ( 'NONE', *, *, #2471, .F. ) ;
#2901 = VECTOR ( 'NONE', #3913, 1000.000000000000227 ) ;
#2902 = LINE ( 'NONE', #1051, #1759 ) ;
#2903 = ADVANCED_FACE ( 'NONE', ( #1609 ), #546, .T. ) ;
#2904 =( NAMED_UNIT ( * ) SI_UNIT ( $, .STERADIAN. ) SOLID_ANGLE_UNIT ( ) );
#2905 = PLANE ( 'NONE',  #2676 ) ;
#2906 = AXIS2_PLACEMENT_3D ( 'NONE', #4474, #1219, #186 ) ;
#2907 = ADVANCED_FACE ( 'NONE', ( #3063 ), #4524, .F. ) ;
#2908 = SURFACE_STYLE_FILL_AREA ( #4082 ) ;
#2909 = FACE_OUTER_BOUND ( 'NONE', #2798, .T. ) ;
#2910 = CARTESIAN_POINT ( 'NONE',  ( 2.000000000000000000, -15.75000000000000000, -0.2500000000000002220 ) ) ;
#2911 = ADVANCED_FACE ( 'NONE', ( #1632 ), #1612, .T. ) ;
#2912 = AXIS2_PLACEMENT_3D ( 'NONE', #3639, #2923, #820 ) ;
#2913 = VECTOR ( 'NONE', #4050, 1000.000000000000227 ) ;
#2914 = UNCERTAINTY_MEASURE_WITH_UNIT (LENGTH_MEASURE( 1.000000000000000082E-05 ), #1497, 'distance_accuracy_value', 'NONE');
#2915 = SURFACE_SIDE_STYLE ('',( #482 ) ) ;
#2916 = CIRCLE ( 'NONE', #1852, 1.499999999999996225 ) ;
#2917 =( LENGTH_UNIT ( ) NAMED_UNIT ( * ) SI_UNIT ( .MILLI., .METRE. ) );
#2918 = EDGE_LOOP ( 'NONE', ( #2878, #3847 ) ) ;
#2919 = EDGE_LOOP ( 'NONE', ( #36, #1829, #814, #2103 ) ) ;
#2920 = AXIS2_PLACEMENT_3D ( 'NONE', #3819, #3433, #214 ) ;
#2921 = PRESENTATION_STYLE_ASSIGNMENT (( #40 ) ) ;
#2922 = LINE ( 'NONE', #2945, #3891 ) ;
#2923 = DIRECTION ( 'NONE',  ( -1.000000000000000000, 0.000000000000000000, 0.000000000000000000 ) ) ;
#2924 = SURFACE_STYLE_FILL_AREA ( #4053 ) ;
#2925 = ORIENTED_EDGE ( 'NONE', *, *, #3622, .F. ) ;
#2926 = STYLED_ITEM ( 'NONE', ( #2351 ), #4370 ) ;
#2927 = EDGE_LOOP ( 'NONE', ( #3451, #2127 ) ) ;
#2928 = CARTESIAN_POINT ( 'NONE',  ( 2.000000000000000000, 7.750000000000006217, 13.42339375865879880 ) ) ;
#2929 = LINE ( 'NONE', #4385, #212 ) ;
#2930 = ORIENTED_EDGE ( 'NONE', *, *, #2268, .F. ) ;
#2931 = CIRCLE ( 'NONE', #4436, 17.30000000000000071 ) ;
#2932 = CARTESIAN_POINT ( 'NONE',  ( 2.000000000000000000, 7.749999999999998224, -14.92339375865880235 ) ) ;
#2933 = FACE_OUTER_BOUND ( 'NONE', #3911, .T. ) ;
#2934 = CARTESIAN_POINT ( 'NONE',  ( 0.000000000000000000, -13.42339375865886986, 7.749999999999874767 ) ) ;
#2935 = CARTESIAN_POINT ( 'NONE',  ( 0.000000000000000000, 7.000000000000000888, 6.000000000000000888 ) ) ;
#2936 = DIRECTION ( 'NONE',  ( -1.000000000000000000, 0.000000000000000000, 0.000000000000000000 ) ) ;
#2937 =( NAMED_UNIT ( * ) SI_UNIT ( $, .STERADIAN. ) SOLID_ANGLE_UNIT ( ) );
#2938 = ORIENTED_EDGE ( 'NONE', *, *, #748, .T. ) ;
#2939 = SURFACE_SIDE_STYLE ('',( #1137 ) ) ;
#2940 = EDGE_LOOP ( 'NONE', ( #1319, #2061, #983, #605 ) ) ;
#2941 = EDGE_CURVE ( 'NONE', #1800, #2168, #1278, .T. ) ;
#2942 = EDGE_LOOP ( 'NONE', ( #3131, #1655, #277, #3837, #3298 ) ) ;
#2943 =( NAMED_UNIT ( * ) SI_UNIT ( $, .STERADIAN. ) SOLID_ANGLE_UNIT ( ) );
#2944 = PRESENTATION_STYLE_ASSIGNMENT (( #3709 ) ) ;
#2945 = CARTESIAN_POINT ( 'NONE',  ( 0.000000000000000000, 8.491506350946107062, -14.20772043263246154 ) ) ;
#2946 = SURFACE_STYLE_FILL_AREA ( #3689 ) ;
#2947 = EDGE_LOOP ( 'NONE', ( #1179, #1343, #698, #4233 ) ) ;
#2948 = ORIENTED_EDGE ( 'NONE', *, *, #199, .T. ) ;
#2949 = CARTESIAN_POINT ( 'NONE',  ( 0.5000000000000000000, 7.163571428571429145, 9.998662129892933237 ) ) ;
#2950 = SURFACE_STYLE_USAGE ( .BOTH. , #3343 ) ;
#2951 = ADVANCED_FACE ( 'NONE', ( #3080 ), #914, .F. ) ;
#2952 = DIRECTION ( 'NONE',  ( -0.000000000000000000, -1.000000000000000000, -0.000000000000000000 ) ) ;
#2953 = LINE ( 'NONE', #4035, #2371 ) ;
#2954 = CARTESIAN_POINT ( 'NONE',  ( 0.000000000000000000, 7.441506350946108128, -12.38906708468514140 ) ) ;
#2955 = DIRECTION ( 'NONE',  ( 1.000000000000000000, -0.000000000000000000, -0.000000000000000000 ) ) ;
#2956 = CARTESIAN_POINT ( 'NONE',  ( -6.000000000000000000, 7.000000000000000000, 3.000000000000000000 ) ) ;
#2957 = FILL_AREA_STYLE ('',( #4013 ) ) ;
#2958 = ORIENTED_EDGE ( 'NONE', *, *, #4152, .F. ) ;
#2959 = DIRECTION ( 'NONE',  ( 1.000000000000000000, -0.000000000000000000, -0.000000000000000000 ) ) ;
#2960 = DIRECTION ( 'NONE',  ( 1.000000000000000000, 0.000000000000000000, 0.000000000000000000 ) ) ;
#2961 = ORIENTED_EDGE ( 'NONE', *, *, #1768, .F. ) ;
#2962 = ORIENTED_EDGE ( 'NONE', *, *, #4333, .T. ) ;
#2963 = EDGE_CURVE ( 'NONE', #1542, #4501, #272, .T. ) ;
#2964 = LINE ( 'NONE', #2254, #267 ) ;
#2965 =( NAMED_UNIT ( * ) PLANE_ANGLE_UNIT ( ) SI_UNIT ( $, .RADIAN. ) );
#2966 = FILL_AREA_STYLE ('',( #1916 ) ) ;
#2967 = FILL_AREA_STYLE_COLOUR ( '', #2686 ) ;
#2968 = ADVANCED_FACE ( 'NONE', ( #3021 ), #4454, .F. ) ;
#2969 = CYLINDRICAL_SURFACE ( 'NONE', #1475, 1.500000000000001332 ) ;
#2970 = ORIENTED_EDGE ( 'NONE', *, *, #2853, .T. ) ;
#2971 = EDGE_LOOP ( 'NONE', ( #156, #2485 ) ) ;
#2972 = VECTOR ( 'NONE', #1244, 1000.000000000000000 ) ;
#2973 = ADVANCED_FACE ( 'NONE', ( #2664 ), #4101, .T. ) ;
#2974 = DIRECTION ( 'NONE',  ( -1.000000000000000000, -0.000000000000000000, -0.000000000000000000 ) ) ;
#2975 = VECTOR ( 'NONE', #1226, 1000.000000000000000 ) ;
#2976 = CARTESIAN_POINT ( 'NONE',  ( 0.000000000000000000, 0.000000000000000000, 0.000000000000000000 ) ) ;
#2977 = VERTEX_POINT ( 'NONE', #2796 ) ;
#2978 = CIRCLE ( 'NONE', #2376, 1.500000000000001110 ) ;
#2979 = VECTOR ( 'NONE', #4043, 1000.000000000000000 ) ;
#2980 = VECTOR ( 'NONE', #2650, 1000.000000000000000 ) ;
#2981 = CARTESIAN_POINT ( 'NONE',  ( 0.000000000000000000, 7.750000000000006217, 11.42339375865879880 ) ) ;
#2982 = DIRECTION ( 'NONE',  ( 0.000000000000000000, 0.000000000000000000, 1.000000000000000000 ) ) ;
#2983 = PLANE ( 'NONE',  #359 ) ;
#2984 = EDGE_CURVE ( 'NONE', #25, #3503, #4257, .T. ) ;
#2985 = CARTESIAN_POINT ( 'NONE',  ( -6.000000000000000000, 7.000000000000000000, 0.000000000000000000 ) ) ;
#2986 = STYLED_ITEM ( 'NONE', ( #736 ), #2480 ) ;
#2987 = CARTESIAN_POINT ( 'NONE',  ( 2.000000000000000000, 8.153684686079991195, -14.62259614518684714 ) ) ;
#2988 = AXIS2_PLACEMENT_3D ( 'NONE', #238, #1148, #3673 ) ;
#2989 = STYLED_ITEM ( 'NONE', ( #3683 ), #685 ) ;
#2990 = DIRECTION ( 'NONE',  ( 1.000000000000000000, -0.000000000000000000, -0.000000000000000000 ) ) ;
#2991 = CARTESIAN_POINT ( 'NONE',  ( 44.50000000000000000, 0.000000000000000000, -15.89999999999999680 ) ) ;
#2992 = DIRECTION ( 'NONE',  ( 0.000000000000000000, -0.8660254037844385966, 0.5000000000000003331 ) ) ;
#2993 = ORIENTED_EDGE ( 'NONE', *, *, #2559, .F. ) ;
#2994 = DIRECTION ( 'NONE',  ( 0.000000000000000000, -0.4999999999999995004, 0.8660254037844389297 ) ) ;
#2995 = DIRECTION ( 'NONE',  ( -0.000000000000000000, -0.4999999999999987232, 0.8660254037844393737 ) ) ;
#2996 = EDGE_LOOP ( 'NONE', ( #2757, #2961 ) ) ;
#2997 = EDGE_CURVE ( 'NONE', #1034, #1635, #3908, .T. ) ;
#2998 = VERTEX_POINT ( 'NONE', #3498 ) ;
#2999 = VECTOR ( 'NONE', #1731, 1000.000000000000000 ) ;
#3000 = ADVANCED_FACE ( 'NONE', ( #3454 ), #1720, .F. ) ;
#3001 = VECTOR ( 'NONE', #4266, 1000.000000000000000 ) ;
#3002 = VERTEX_POINT ( 'NONE', #3099 ) ;
#3003 = DIRECTION ( 'NONE',  ( 1.000000000000000000, -0.000000000000000000, -0.000000000000000000 ) ) ;
#3004 = STYLED_ITEM ( 'NONE', ( #4400 ), #4285 ) ;
#3005 = LINE ( 'NONE', #4438, #1524 ) ;
#3006 = DIRECTION ( 'NONE',  ( 0.000000000000000000, 0.000000000000000000, -1.000000000000000000 ) ) ;
#3007 = AXIS2_PLACEMENT_3D ( 'NONE', #2017, #4232, #1363 ) ;
#3008 = CARTESIAN_POINT ( 'NONE',  ( 0.000000000000000000, -15.75000000000000000, -1.050000000000000044 ) ) ;
#3009 = UNCERTAINTY_MEASURE_WITH_UNIT (LENGTH_MEASURE( 1.000000000000000082E-05 ), #2228, 'distance_accuracy_value', 'NONE');
#3010 = DIRECTION ( 'NONE',  ( 0.000000000000000000, 0.000000000000000000, 1.000000000000000000 ) ) ;
#3011 = DIRECTION ( 'NONE',  ( -1.000000000000000000, 0.000000000000000000, 0.000000000000000000 ) ) ;
#3012 = FACE_OUTER_BOUND ( 'NONE', #3620, .T. ) ;
#3013 = VERTEX_POINT ( 'NONE', #4195 ) ;
#3014 = EDGE_CURVE ( 'NONE', #1823, #82, #681, .T. ) ;
#3015 = CARTESIAN_POINT ( 'NONE',  ( 2.000000000000000000, 7.749999999999999112, -13.42339375865880058 ) ) ;
#3016 = CARTESIAN_POINT ( 'NONE',  ( 2.000000000000000000, 7.441506350946116122, 12.38906708468513784 ) ) ;
#3017 = CARTESIAN_POINT ( 'NONE',  ( 50.89999999999999147, 8.750000000000000000, 15.70000000000000284 ) ) ;
#3018 = FILL_AREA_STYLE ('',( #2659 ) ) ;
#3019 = ORIENTED_EDGE ( 'NONE', *, *, #3047, .F. ) ;
#3020 = ORIENTED_EDGE ( 'NONE', *, *, #110, .T. ) ;
#3021 = FACE_OUTER_BOUND ( 'NONE', #134, .T. ) ;
#3022 = CARTESIAN_POINT ( 'NONE',  ( 0.000000000000000000, 8.091506350946115589, 13.51490010960490729 ) ) ;
#3023 = VERTEX_POINT ( 'NONE', #2399 ) ;
#3024 = FACE_BOUND ( 'NONE', #1611, .T. ) ;
#3025 = ORIENTED_EDGE ( 'NONE', *, *, #58, .F. ) ;
#3026 = LINE ( 'NONE', #2342, #3269 ) ;
#3027 =( NAMED_UNIT ( * ) SI_UNIT ( $, .STERADIAN. ) SOLID_ANGLE_UNIT ( ) );
#3028 = CARTESIAN_POINT ( 'NONE',  ( 2.000000000000000000, -14.45000000000000107, 0.2500000000000002220 ) ) ;
#3029 = CARTESIAN_POINT ( 'NONE',  ( 0.000000000000000000, -15.25000000000000000, -0.2500000000000002220 ) ) ;
#3030 = LINE ( 'NONE', #4463, #3446 ) ;
#3031 = ORIENTED_EDGE ( 'NONE', *, *, #336, .F. ) ;
#3032 = CARTESIAN_POINT ( 'NONE',  ( 2.000000000000000000, 7.749999999999999112, -13.42339375865880058 ) ) ;
#3033 = LINE ( 'NONE', #1540, #2697 ) ;
#3034 = ORIENTED_EDGE ( 'NONE', *, *, #4497, .T. ) ;
#3035 = COLOUR_RGB ( '',0.7960784313725489669, 0.8235294117647058432, 0.9372549019607843146 ) ;
#3036 = VERTEX_POINT ( 'NONE', #1344 ) ;
#3037 = DIRECTION ( 'NONE',  ( -1.000000000000000000, 0.000000000000000000, 0.000000000000000000 ) ) ;
#3038 = CARTESIAN_POINT ( 'NONE',  ( 0.000000000000000000, -13.42339375865870998, -7.750000000000157208 ) ) ;
#3039 = EDGE_LOOP ( 'NONE', ( #4604, #4292, #2231, #2339 ) ) ;
#3040 = LINE ( 'NONE', #4409, #1905 ) ;
#3041 = CIRCLE ( 'NONE', #1069, 1.000000000000000888 ) ;
#3043 = FACE_BOUND ( 'NONE', #1280, .T. ) ;
#3042 = TOROIDAL_SURFACE ( 'NONE', #326, 17.30000000000000071, 1.000000000000000000 ) ;
#3044 = DIRECTION ( 'NONE',  ( -1.000000000000000000, 0.000000000000000000, 0.000000000000000000 ) ) ;
#3045 = EDGE_CURVE ( 'NONE', #953, #894, #798, .T. ) ;
#3046 = CARTESIAN_POINT ( 'NONE',  ( 52.50000000000000000, 8.750000000000000000, 15.70000000000000284 ) ) ;
#3047 = EDGE_CURVE ( 'NONE', #2666, #871, #659, .T. ) ;
#3048 =( GEOMETRIC_REPRESENTATION_CONTEXT ( 3 ) GLOBAL_UNCERTAINTY_ASSIGNED_CONTEXT ( ( #1114 ) ) GLOBAL_UNIT_ASSIGNED_CONTEXT ( ( #1734, #4275, #2937 ) ) REPRESENTATION_CONTEXT ( 'NONE', 'WORKASPACE' ) );
#3049 = VECTOR ( 'NONE', #1136, 1000.000000000000000 ) ;
#3050 = EDGE_CURVE ( 'NONE', #47, #3321, #975, .T. ) ;
#3051 = AXIS2_PLACEMENT_3D ( 'NONE', #458, #4010, #3273 ) ;
#3052 = FACE_OUTER_BOUND ( 'NONE', #3521, .T. ) ;
#3053 = EDGE_CURVE ( 'NONE', #2168, #587, #4639, .T. ) ;
#3054 = MECHANICAL_DESIGN_GEOMETRIC_PRESENTATION_REPRESENTATION (  '', ( #3268 ), #2226 ) ;
#3055 = ORIENTED_EDGE ( 'NONE', *, *, #4172, .F. ) ;
#3056 = CIRCLE ( 'NONE', #574, 1.300000000000000711 ) ;
#3057 = PLANE ( 'NONE',  #2506 ) ;
#3058 = LINE ( 'NONE', #206, #4173 ) ;
#3059 = ORIENTED_EDGE ( 'NONE', *, *, #2761, .T. ) ;
#3060 = ORIENTED_EDGE ( 'NONE', *, *, #341, .F. ) ;
#3061 = VECTOR ( 'NONE', #660, 1000.000000000000000 ) ;
#3062 =( GEOMETRIC_REPRESENTATION_CONTEXT ( 3 ) GLOBAL_UNCERTAINTY_ASSIGNED_CONTEXT ( ( #3453 ) ) GLOBAL_UNIT_ASSIGNED_CONTEXT ( ( #3666, #4670, #2237 ) ) REPRESENTATION_CONTEXT ( 'NONE', 'WORKASPACE' ) );
#3063 = FACE_OUTER_BOUND ( 'NONE', #3860, .T. ) ;
#3064 = DIRECTION ( 'NONE',  ( 0.000000000000000000, 0.000000000000000000, 1.000000000000000000 ) ) ;
#3065 = ORIENTED_EDGE ( 'NONE', *, *, #4473, .T. ) ;
#3066 = STYLED_ITEM ( 'NONE', ( #533 ), #3595 ) ;
#3067 = CIRCLE ( 'NONE', #2541, 6.000000000000000888 ) ;
#3068 = CARTESIAN_POINT ( 'NONE',  ( 2.000000000000000000, 7.750000000000006217, 11.42339375865879880 ) ) ;
#3069 = DIRECTION ( 'NONE',  ( -0.000000000000000000, -0.4999999999999992228, 0.8660254037844390407 ) ) ;
#3070 = DIRECTION ( 'NONE',  ( 0.000000000000000000, 0.000000000000000000, 1.000000000000000000 ) ) ;
#3071 = CIRCLE ( 'NONE', #3829, 3.000000000000000000 ) ;
#3072 = AXIS2_PLACEMENT_3D ( 'NONE', #2580, #3208, #2159 ) ;
#3073 = CARTESIAN_POINT ( 'NONE',  ( 0.000000000000000000, 13.42339375865881657, -9.249999999999969802 ) ) ;
#3074 = DIRECTION ( 'NONE',  ( -1.000000000000000000, 0.000000000000000000, 0.000000000000000000 ) ) ;
#3075 = SURFACE_STYLE_USAGE ( .BOTH. , #1985 ) ;
#3076 = SURFACE_STYLE_FILL_AREA ( #3404 ) ;
#3077 = LINE ( 'NONE', #160, #3211 ) ;
#3078 = VERTEX_POINT ( 'NONE', #1394 ) ;
#3079 = VERTEX_POINT ( 'NONE', #2847 ) ;
#3080 = FACE_OUTER_BOUND ( 'NONE', #3599, .T. ) ;
#3081 = DIRECTION ( 'NONE',  ( -1.000000000000000000, -0.000000000000000000, -0.000000000000000000 ) ) ;
#3082 = VERTEX_POINT ( 'NONE', #933 ) ;
#3083 = CARTESIAN_POINT ( 'NONE',  ( -8.300000000000002487, 4.500000000000000888, -1.658312395177700793 ) ) ;
#3084 = DIRECTION ( 'NONE',  ( 0.000000000000000000, 0.000000000000000000, -1.000000000000000000 ) ) ;
#3085 = DIRECTION ( 'NONE',  ( 0.000000000000000000, 0.000000000000000000, -1.000000000000000000 ) ) ;
#3086 = EDGE_CURVE ( 'NONE', #1642, #4363, #2413, .T. ) ;
#3087 = STYLED_ITEM ( 'NONE', ( #760 ), #1063 ) ;
#3088 = DIRECTION ( 'NONE',  ( 0.000000000000000000, 0.000000000000000000, -1.000000000000000000 ) ) ;
#3089 = EDGE_LOOP ( 'NONE', ( #1785, #4572 ) ) ;
#3090 = PLANE ( 'NONE',  #4132 ) ;
#3091 = ORIENTED_EDGE ( 'NONE', *, *, #336, .T. ) ;
#3092 = CARTESIAN_POINT ( 'NONE',  ( 2.000000000000000000, -15.25000000000000000, -1.050000000000000044 ) ) ;
#3093 = VERTEX_POINT ( 'NONE', #1323 ) ;
#3094 = ADVANCED_FACE ( 'NONE', ( #2780 ), #3146, .F. ) ;
#3095 = ORIENTED_EDGE ( 'NONE', *, *, #815, .T. ) ;
#3096 = ADVANCED_FACE ( 'NONE', ( #1491 ), #1848, .T. ) ;
#3097 = DIRECTION ( 'NONE',  ( 0.000000000000000000, 0.000000000000000000, -1.000000000000000000 ) ) ;
#3098 = ADVANCED_FACE ( 'NONE', ( #2163 ), #1181, .T. ) ;
#3099 = CARTESIAN_POINT ( 'NONE',  ( 0.5000000000000000000, 0.000000000000000000, 12.30000000000000071 ) ) ;
#3100 = LINE ( 'NONE', #2415, #3670 ) ;
#3101 = ORIENTED_EDGE ( 'NONE', *, *, #4090, .T. ) ;
#3102 = ADVANCED_FACE ( 'NONE', ( #66 ), #653, .T. ) ;
#3103 = EDGE_CURVE ( 'NONE', #1684, #3878, #1013, .T. ) ;
#3104 = VERTEX_POINT ( 'NONE', #3212 ) ;
#3105 = CARTESIAN_POINT ( 'NONE',  ( 0.000000000000000000, -16.54999999999999716, -0.2500000000000002220 ) ) ;
#3106 = ORIENTED_EDGE ( 'NONE', *, *, #1719, .T. ) ;
#3107 = CARTESIAN_POINT ( 'NONE',  ( -19.80000000000000071, 4.500000000000000888, 1.658312395177700349 ) ) ;
#3108 = VECTOR ( 'NONE', #1614, 1000.000000000000000 ) ;
#3109 = ORIENTED_EDGE ( 'NONE', *, *, #1505, .F. ) ;
#3110 = CIRCLE ( 'NONE', #3561, 2.000000000000000000 ) ;
#3111 = ORIENTED_EDGE ( 'NONE', *, *, #3830, .F. ) ;
#3112 = LINE ( 'NONE', #2076, #699 ) ;
#3113 = COLOUR_RGB ( '',0.7960784313725489669, 0.8235294117647058432, 0.9372549019607843146 ) ;
#3114 = EDGE_CURVE ( 'NONE', #2082, #1586, #2922, .T. ) ;
#3115 = LINE ( 'NONE', #3555, #3580 ) ;
#3116 = CIRCLE ( 'NONE', #712, 1.500000000000000000 ) ;
#3117 = STYLED_ITEM ( 'NONE', ( #3700 ), #1650 ) ;
#3118 = FILL_AREA_STYLE_COLOUR ( '', #1743 ) ;
#3119 = LINE ( 'NONE', #624, #2135 ) ;
#3120 = VECTOR ( 'NONE', #3953, 1000.000000000000000 ) ;
#3121 = EDGE_LOOP ( 'NONE', ( #2029, #4067, #1459, #4422, #1068, #662, #1654, #3764 ) ) ;
#3122 = ORIENTED_EDGE ( 'NONE', *, *, #1709, .F. ) ;
#3123 = UNCERTAINTY_MEASURE_WITH_UNIT (LENGTH_MEASURE( 1.000000000000000082E-05 ), #3534, 'distance_accuracy_value', 'NONE');
#3124 = COLOUR_RGB ( '',0.7960784313725489669, 0.8235294117647058432, 0.9372549019607843146 ) ;
#3125 = LINE ( 'NONE', #2797, #1310 ) ;
#3126 = CARTESIAN_POINT ( 'NONE',  ( 0.000000000000000000, 7.658493649053887076, -13.76490010960491261 ) ) ;
#3127 = ORIENTED_EDGE ( 'NONE', *, *, #2270, .T. ) ;
#3128 = AXIS2_PLACEMENT_3D ( 'NONE', #2370, #3834, #4268 ) ;
#3129 = VECTOR ( 'NONE', #3738, 1000.000000000000114 ) ;
#3130 = CARTESIAN_POINT ( 'NONE',  ( 0.000000000000000000, 7.749999999999998224, -12.12339375865879987 ) ) ;
#3131 = ORIENTED_EDGE ( 'NONE', *, *, #3086, .T. ) ;
#3132 = LINE ( 'NONE', #1658, #2901 ) ;
#3133 = MECHANICAL_DESIGN_GEOMETRIC_PRESENTATION_REPRESENTATION (  '', ( #3066 ), #3821 ) ;
#3134 = ORIENTED_EDGE ( 'NONE', *, *, #93, .F. ) ;
#3135 = CARTESIAN_POINT ( 'NONE',  ( 0.000000000000000000, 7.749999999999998224, -13.42339375865880058 ) ) ;
#3136 = DIRECTION ( 'NONE',  ( -1.000000000000000000, -0.000000000000000000, 0.000000000000000000 ) ) ;
#3137 =( NAMED_UNIT ( * ) PLANE_ANGLE_UNIT ( ) SI_UNIT ( $, .RADIAN. ) );
#3138 = VECTOR ( 'NONE', #295, 1000.000000000000000 ) ;
#3139 =( GEOMETRIC_REPRESENTATION_CONTEXT ( 3 ) GLOBAL_UNCERTAINTY_ASSIGNED_CONTEXT ( ( #4137 ) ) GLOBAL_UNIT_ASSIGNED_CONTEXT ( ( #1294, #2745, #2812 ) ) REPRESENTATION_CONTEXT ( 'NONE', 'WORKASPACE' ) );
#3140 = CARTESIAN_POINT ( 'NONE',  ( 6.000000000000000000, -13.42339375865886986, 6.249999999999874767 ) ) ;
#3141 = DIRECTION ( 'NONE',  ( 0.000000000000000000, -1.000000000000000000, 0.000000000000000000 ) ) ;
#3142 = ORIENTED_EDGE ( 'NONE', *, *, #1975, .F. ) ;
#3143 = VECTOR ( 'NONE', #1858, 1000.000000000000000 ) ;
#3144 = VERTEX_POINT ( 'NONE', #447 ) ;
#3145 = EDGE_CURVE ( 'NONE', #982, #3023, #2311, .T. ) ;
#3146 = CYLINDRICAL_SURFACE ( 'NONE', #3278, 2.000000000000000000 ) ;
#3147 = DIRECTION ( 'NONE',  ( -0.000000000000000000, -0.000000000000000000, 1.000000000000000000 ) ) ;
#3148 =( NAMED_UNIT ( * ) PLANE_ANGLE_UNIT ( ) SI_UNIT ( $, .RADIAN. ) );
#3149 = ORIENTED_EDGE ( 'NONE', *, *, #1708, .T. ) ;
#3150 = ORIENTED_EDGE ( 'NONE', *, *, #3394, .F. ) ;
#3151 = FACE_OUTER_BOUND ( 'NONE', #3758, .T. ) ;
#3152 = LINE ( 'NONE', #3553, #1991 ) ;
#3153 = CARTESIAN_POINT ( 'NONE',  ( 50.89999999999999147, 8.750000000000000000, 12.20000000000000284 ) ) ;
#3154 = MECHANICAL_DESIGN_GEOMETRIC_PRESENTATION_REPRESENTATION (  '', ( #1203 ), #3841 ) ;
#3155 = VERTEX_POINT ( 'NONE', #1515 ) ;
#3156 = FILL_AREA_STYLE ('',( #311 ) ) ;
#3157 = EDGE_CURVE ( 'NONE', #1642, #837, #4194, .T. ) ;
#3158 = DIRECTION ( 'NONE',  ( 0.000000000000000000, -0.8660254037844362651, -0.5000000000000041078 ) ) ;
#3159 = DIRECTION ( 'NONE',  ( -0.000000000000000000, -0.4999999999999987232, 0.8660254037844393737 ) ) ;
#3160 = EDGE_CURVE ( 'NONE', #62, #4341, #3852, .T. ) ;
#3161 = DIRECTION ( 'NONE',  ( 0.000000000000000000, 0.000000000000000000, -1.000000000000000000 ) ) ;
#3162 = LINE ( 'NONE', #4252, #2396 ) ;
#3163 = ORIENTED_EDGE ( 'NONE', *, *, #2276, .T. ) ;
#3164 = ORIENTED_EDGE ( 'NONE', *, *, #3465, .F. ) ;
#3165 = DIRECTION ( 'NONE',  ( -0.000000000000000000, -0.000000000000000000, -1.000000000000000000 ) ) ;
#3166 = DIRECTION ( 'NONE',  ( -1.000000000000000000, -0.000000000000000000, -0.000000000000000000 ) ) ;
#3167 = CARTESIAN_POINT ( 'NONE',  ( 0.000000000000000000, 7.000000000000000000, -6.000000000000000888 ) ) ;
#3168 = ORIENTED_EDGE ( 'NONE', *, *, #3327, .T. ) ;
#3169 = ORIENTED_EDGE ( 'NONE', *, *, #3176, .T. ) ;
#3170 = CARTESIAN_POINT ( 'NONE',  ( 52.50000000000000000, -9.300000000000000711, 8.500000000000000000 ) ) ;
#3171 = LINE ( 'NONE', #3153, #4423 ) ;
#3172 = EDGE_LOOP ( 'NONE', ( #524, #3856, #4617, #1327 ) ) ;
#3173 = ORIENTED_EDGE ( 'NONE', *, *, #2663, .F. ) ;
#3174 = DIRECTION ( 'NONE',  ( 0.000000000000000000, 0.000000000000000000, -1.000000000000000000 ) ) ;
#3175 = CARTESIAN_POINT ( 'NONE',  ( 21.50000000000000000, 2.179871302482289108E-15, 17.30000000000000071 ) ) ;
#3176 = EDGE_CURVE ( 'NONE', #837, #982, #506, .T. ) ;
#3177 = LINE ( 'NONE', #674, #220 ) ;
#3178 = DIRECTION ( 'NONE',  ( 0.000000000000000000, 0.000000000000000000, 1.000000000000000000 ) ) ;
#3179 = CIRCLE ( 'NONE', #3938, 0.5000000000000004441 ) ;
#3180 = EDGE_CURVE ( 'NONE', #770, #4264, #3710, .T. ) ;
#3181 = AXIS2_PLACEMENT_3D ( 'NONE', #4093, #4450, #4018 ) ;
#3182 = ADVANCED_FACE ( 'NONE', ( #1961 ), #2682, .F. ) ;
#3183 = PLANE ( 'NONE',  #575 ) ;
#3184 = ORIENTED_EDGE ( 'NONE', *, *, #199, .F. ) ;
#3185 = VERTEX_POINT ( 'NONE', #4451 ) ;
#3186 = CIRCLE ( 'NONE', #1159, 1.500000000000001332 ) ;
#3187 = AXIS2_PLACEMENT_3D ( 'NONE', #79, #2868, #3596 ) ;
#3188 = AXIS2_PLACEMENT_3D ( 'NONE', #809, #1863, #2248 ) ;
#3189 = COLOUR_RGB ( '',0.2039215686274509776, 0.2039215686274509776, 0.2039215686274509776 ) ;
#3190 = CARTESIAN_POINT ( 'NONE',  ( 21.50000000000000000, 2.241103642439656682E-15, -18.30000000000000071 ) ) ;
#3191 = PLANE ( 'NONE',  #593 ) ;
#3192 = ORIENTED_EDGE ( 'NONE', *, *, #1922, .F. ) ;
#3193 = MECHANICAL_DESIGN_GEOMETRIC_PRESENTATION_REPRESENTATION (  '', ( #1008 ), #1912 ) ;
#3194 = LINE ( 'NONE', #324, #1827 ) ;
#3195 = DIRECTION ( 'NONE',  ( -0.000000000000000000, -0.8660254037844384856, -0.5000000000000002220 ) ) ;
#3196 = PRESENTATION_LAYER_ASSIGNMENT (  '', '', ( #1386 ) ) ;
#3197 = FACE_OUTER_BOUND ( 'NONE', #1723, .T. ) ;
#3198 = COLOUR_RGB ( '',0.2039215686274509776, 0.2039215686274509776, 0.2039215686274509776 ) ;
#3199 = LINE ( 'NONE', #1402, #573 ) ;
#3200 = EDGE_CURVE ( 'NONE', #1628, #3617, #4425, .T. ) ;
#3201 = ORIENTED_EDGE ( 'NONE', *, *, #1223, .F. ) ;
#3202 = CARTESIAN_POINT ( 'NONE',  ( 52.50000000000000000, -9.300000000000000711, 18.50000000000000355 ) ) ;
#3203 = SURFACE_STYLE_USAGE ( .BOTH. , #780 ) ;
#3204 = VECTOR ( 'NONE', #647, 1000.000000000000000 ) ;
#3205 = FILL_AREA_STYLE_COLOUR ( '', #3113 ) ;
#3206 = CIRCLE ( 'NONE', #57, 1.500000000000001110 ) ;
#3207 = CARTESIAN_POINT ( 'NONE',  ( 50.89999999999999147, 7.950000000000000178, 12.20000000000000284 ) ) ;
#3208 = DIRECTION ( 'NONE',  ( -1.000000000000000000, -0.000000000000000000, -0.000000000000000000 ) ) ;
#3209 = EDGE_LOOP ( 'NONE', ( #425, #1669, #731, #1050, #3669 ) ) ;
#3210 = ORIENTED_EDGE ( 'NONE', *, *, #3508, .F. ) ;
#3211 = VECTOR ( 'NONE', #911, 1000.000000000000000 ) ;
#3212 = CARTESIAN_POINT ( 'NONE',  ( 0.000000000000000000, 7.750000000000006217, 14.72339375865879418 ) ) ;
#3213 = CARTESIAN_POINT ( 'NONE',  ( 0.5000000000000000000, 7.000000000000002665, -10.00000000000000000 ) ) ;
#3214 =( NAMED_UNIT ( * ) PLANE_ANGLE_UNIT ( ) SI_UNIT ( $, .RADIAN. ) );
#3215 = ORIENTED_EDGE ( 'NONE', *, *, #1338, .T. ) ;
#3216 = VERTEX_POINT ( 'NONE', #3017 ) ;
#3217 = AXIS2_PLACEMENT_3D ( 'NONE', #4147, #3693, #498 ) ;
#3218 = LINE ( 'NONE', #2949, #2683 ) ;
#3219 = CARTESIAN_POINT ( 'NONE',  ( 0.2000000000000000111, 7.750000000000006217, 13.42339375865879703 ) ) ;
#3220 = UNCERTAINTY_MEASURE_WITH_UNIT (LENGTH_MEASURE( 1.000000000000000082E-05 ), #3585, 'distance_accuracy_value', 'NONE');
#3221 = EDGE_LOOP ( 'NONE', ( #375, #493, #765, #2094, #627, #924, #1347, #2788 ) ) ;
#3222 =( LENGTH_UNIT ( ) NAMED_UNIT ( * ) SI_UNIT ( .MILLI., .METRE. ) );
#3223 = CYLINDRICAL_SURFACE ( 'NONE', #4042, 12.30000000000000071 ) ;
#3224 = VECTOR ( 'NONE', #836, 1000.000000000000000 ) ;
#3225 = DIRECTION ( 'NONE',  ( 0.000000000000000000, 0.000000000000000000, 1.000000000000000000 ) ) ;
#3226 = FACE_OUTER_BOUND ( 'NONE', #4221, .T. ) ;
#3227 = PRODUCT ( 'MC520\X2\7f16780156687535673a6a21578b\X0\-\X2\53477ea76b3e\X0\', 'MC520\X2\7f16780156687535673a6a21578b\X0\-\X2\53477ea76b3e\X0\', '', ( #3430 ) ) ;
#3228 = UNCERTAINTY_MEASURE_WITH_UNIT (LENGTH_MEASURE( 1.000000000000000082E-05 ), #2444, 'distance_accuracy_value', 'NONE');
#3229 = DIRECTION ( 'NONE',  ( -1.000000000000000000, -0.000000000000000000, -0.000000000000000000 ) ) ;
#3230 = DIRECTION ( 'NONE',  ( 0.000000000000000000, 0.000000000000000000, 1.000000000000000000 ) ) ;
#3231 = ORIENTED_EDGE ( 'NONE', *, *, #1959, .T. ) ;
#3232 = EDGE_LOOP ( 'NONE', ( #4546, #967, #1874, #4204 ) ) ;
#3233 =( NAMED_UNIT ( * ) PLANE_ANGLE_UNIT ( ) SI_UNIT ( $, .RADIAN. ) );
#3234 = FACE_OUTER_BOUND ( 'NONE', #2617, .T. ) ;
#3235 = CARTESIAN_POINT ( 'NONE',  ( 0.000000000000000000, 8.534326673973657407, -12.68188740771269352 ) ) ;
#3236 = ORIENTED_EDGE ( 'NONE', *, *, #815, .F. ) ;
#3237 = ADVANCED_FACE ( 'NONE', ( #181 ), #4141, .T. ) ;
#3238 = EDGE_LOOP ( 'NONE', ( #223, #2039, #2515, #3910 ) ) ;
#3239 = EDGE_CURVE ( 'NONE', #2977, #3719, #1602, .T. ) ;
#3240 = DIRECTION ( 'NONE',  ( 0.000000000000000000, 0.000000000000000000, -1.000000000000000000 ) ) ;
#3241 = EDGE_CURVE ( 'NONE', #2352, #1499, #3761, .T. ) ;
#3242 = DIRECTION ( 'NONE',  ( -1.000000000000000000, 0.000000000000000000, -0.000000000000000000 ) ) ;
#3243 = ORIENTED_EDGE ( 'NONE', *, *, #1037, .T. ) ;
#3244 = FILL_AREA_STYLE ('',( #365 ) ) ;
#3245 = ORIENTED_EDGE ( 'NONE', *, *, #2589, .T. ) ;
#3246 = DIRECTION ( 'NONE',  ( 1.000000000000000000, -0.000000000000000000, -0.000000000000000000 ) ) ;
#3247 = LINE ( 'NONE', #4345, #1929 ) ;
#3248 = SURFACE_STYLE_FILL_AREA ( #1811 ) ;
#3249 = DIRECTION ( 'NONE',  ( 0.000000000000000000, 0.000000000000000000, 1.000000000000000000 ) ) ;
#3250 = LINE ( 'NONE', #77, #32 ) ;
#3251 = VECTOR ( 'NONE', #816, 1000.000000000000000 ) ;
#3252 = DIRECTION ( 'NONE',  ( 0.000000000000000000, 0.000000000000000000, 1.000000000000000000 ) ) ;
#3253 = ORIENTED_EDGE ( 'NONE', *, *, #3449, .T. ) ;
#3254 = ORIENTED_EDGE ( 'NONE', *, *, #3471, .T. ) ;
#3255 = VECTOR ( 'NONE', #4068, 1000.000000000000000 ) ;
#3256 = EDGE_CURVE ( 'NONE', #2235, #4334, #1616, .T. ) ;
#3257 = DIRECTION ( 'NONE',  ( 0.000000000000000000, 0.000000000000000000, -1.000000000000000000 ) ) ;
#3258 = CARTESIAN_POINT ( 'NONE',  ( 0.000000000000000000, 7.163571428571426480, -9.998662129892933237 ) ) ;
#3259 = ORIENTED_EDGE ( 'NONE', *, *, #948, .T. ) ;
#3260 = STYLED_ITEM ( 'NONE', ( #4349 ), #2213 ) ;
#3261 = CIRCLE ( 'NONE', #4547, 1.500000000000001332 ) ;
#3262 = VECTOR ( 'NONE', #3612, 1000.000000000000000 ) ;
#3263 = MECHANICAL_DESIGN_GEOMETRIC_PRESENTATION_REPRESENTATION (  '', ( #3117 ), #1896 ) ;
#3264 = DIRECTION ( 'NONE',  ( 0.000000000000000000, 0.000000000000000000, -1.000000000000000000 ) ) ;
#3265 = SURFACE_STYLE_FILL_AREA ( #1894 ) ;
#3266 = EDGE_LOOP ( 'NONE', ( #2718, #3820, #2093, #2049 ) ) ;
#3267 = DIRECTION ( 'NONE',  ( 0.000000000000000000, 0.000000000000000000, 1.000000000000000000 ) ) ;
#3268 = STYLED_ITEM ( 'NONE', ( #2331 ), #530 ) ;
#3269 = VECTOR ( 'NONE', #3751, 1000.000000000000000 ) ;
#3270 = DIRECTION ( 'NONE',  ( -1.000000000000000000, -0.000000000000000000, -0.000000000000000000 ) ) ;
#3271 = PRESENTATION_STYLE_ASSIGNMENT (( #1880 ) ) ;
#3272 = AXIS2_PLACEMENT_3D ( 'NONE', #2327, #242, #4534 ) ;
#3273 = DIRECTION ( 'NONE',  ( 0.000000000000000000, 0.000000000000000000, -1.000000000000000000 ) ) ;
#3274 = AXIS2_PLACEMENT_3D ( 'NONE', #2520, #89, #3264 ) ;
#3275 = LINE ( 'NONE', #55, #52 ) ;
#3276 = DIRECTION ( 'NONE',  ( 0.000000000000000000, -0.3558417043170685745, 0.9345462436223923586 ) ) ;
#3277 = VECTOR ( 'NONE', #3572, 1000.000000000000000 ) ;
#3278 = AXIS2_PLACEMENT_3D ( 'NONE', #3602, #1064, #1123 ) ;
#3279 = UNCERTAINTY_MEASURE_WITH_UNIT (LENGTH_MEASURE( 1.000000000000000082E-05 ), #119, 'distance_accuracy_value', 'NONE');
#3280 = FILL_AREA_STYLE_COLOUR ( '', #2672 ) ;
#3281 = AXIS2_PLACEMENT_3D ( 'NONE', #3930, #3579, #2786 ) ;
#3282 =( LENGTH_UNIT ( ) NAMED_UNIT ( * ) SI_UNIT ( .MILLI., .METRE. ) );
#3283 = DIRECTION ( 'NONE',  ( 0.000000000000000000, 0.000000000000000000, 1.000000000000000000 ) ) ;
#3284 = ORIENTED_EDGE ( 'NONE', *, *, #2101, .F. ) ;
#3285 = ORIENTED_EDGE ( 'NONE', *, *, #1770, .F. ) ;
#3286 = AXIS2_PLACEMENT_3D ( 'NONE', #2592, #4057, #4337 ) ;
#3287 = CYLINDRICAL_SURFACE ( 'NONE', #853, 3.000000000000000000 ) ;
#3288 =( NAMED_UNIT ( * ) SI_UNIT ( $, .STERADIAN. ) SOLID_ANGLE_UNIT ( ) );
#3289 = PRESENTATION_STYLE_ASSIGNMENT (( #376 ) ) ;
#3290 = FILL_AREA_STYLE_COLOUR ( '', #2084 ) ;
#3291 = EDGE_LOOP ( 'NONE', ( #265, #2925 ) ) ;
#3292 = ADVANCED_FACE ( 'NONE', ( #2709 ), #470, .F. ) ;
#3293 = MECHANICAL_DESIGN_GEOMETRIC_PRESENTATION_REPRESENTATION (  '', ( #667 ), #1324 ) ;
#3294 = ORIENTED_EDGE ( 'NONE', *, *, #4636, .T. ) ;
#3295 = CIRCLE ( 'NONE', #4661, 3.000000000000000000 ) ;
#3296 = DIRECTION ( 'NONE',  ( 0.000000000000000000, 0.5000000000000008882, 0.8660254037844381525 ) ) ;
#3297 = FACE_OUTER_BOUND ( 'NONE', #3824, .T. ) ;
#3298 = ORIENTED_EDGE ( 'NONE', *, *, #2769, .T. ) ;
#3299 = ORIENTED_EDGE ( 'NONE', *, *, #1626, .F. ) ;
#3300 = LINE ( 'NONE', #4388, #1035 ) ;
#3301 = CARTESIAN_POINT ( 'NONE',  ( 0.000000000000000000, 7.749999999999998224, -14.92339375865880235 ) ) ;
#3302 = FACE_OUTER_BOUND ( 'NONE', #1717, .T. ) ;
#3303 = DIRECTION ( 'NONE',  ( -1.000000000000000000, -0.000000000000000000, -0.000000000000000000 ) ) ;
#3304 = CARTESIAN_POINT ( 'NONE',  ( 0.000000000000000000, -15.50000000000000000, -8.673617379884035472E-16 ) ) ;
#3305 = EDGE_CURVE ( 'NONE', #231, #81, #2758, .T. ) ;
#3306 = EDGE_CURVE ( 'NONE', #2104, #4593, #4095, .T. ) ;
#3307 = CARTESIAN_POINT ( 'NONE',  ( 0.5000000000000000000, 7.000000000000001776, 0.000000000000000000 ) ) ;
#3308 = CARTESIAN_POINT ( 'NONE',  ( 50.89999999999999147, -7.949999999999998401, 12.20000000000000284 ) ) ;
#3309 = DIRECTION ( 'NONE',  ( -1.000000000000000000, -0.000000000000000000, -0.000000000000000000 ) ) ;
#3310 = ORIENTED_EDGE ( 'NONE', *, *, #3845, .F. ) ;
#3311 = ADVANCED_FACE ( 'NONE', ( #3384 ), #1581, .T. ) ;
#3312 = ORIENTED_EDGE ( 'NONE', *, *, #956, .F. ) ;
#3313 = CARTESIAN_POINT ( 'NONE',  ( 0.5000000000000000000, 7.000000000000001776, 0.000000000000000000 ) ) ;
#3314 = PLANE ( 'NONE',  #633 ) ;
#3315 = DIRECTION ( 'NONE',  ( 1.000000000000000000, 0.000000000000000000, 0.000000000000000000 ) ) ;
#3316 = FACE_OUTER_BOUND ( 'NONE', #2499, .T. ) ;
#3317 = DIRECTION ( 'NONE',  ( 0.000000000000000000, -0.5000000000000008882, -0.8660254037844381525 ) ) ;
#3318 = ORIENTED_EDGE ( 'NONE', *, *, #1076, .T. ) ;
#3319 = ORIENTED_EDGE ( 'NONE', *, *, #54, .T. ) ;
#3320 = DIRECTION ( 'NONE',  ( 0.000000000000000000, 0.000000000000000000, 1.000000000000000000 ) ) ;
#3321 = VERTEX_POINT ( 'NONE', #4294 ) ;
#3322 = DIRECTION ( 'NONE',  ( 1.000000000000000000, 0.000000000000000000, 0.000000000000000000 ) ) ;
#3323 = ADVANCED_FACE ( 'NONE', ( #2862 ), #3558, .F. ) ;
#3324 = CARTESIAN_POINT ( 'NONE',  ( 52.50000000000000000, 0.000000000000000000, 0.000000000000000000 ) ) ;
#3325 = CARTESIAN_POINT ( 'NONE',  ( 50.89999999999999147, -8.750000000000000000, 15.70000000000000284 ) ) ;
#3326 = UNCERTAINTY_MEASURE_WITH_UNIT (LENGTH_MEASURE( 1.000000000000000082E-05 ), #3222, 'distance_accuracy_value', 'NONE');
#3327 = EDGE_CURVE ( 'NONE', #1061, #161, #1387, .T. ) ;
#3328 = PRESENTATION_STYLE_ASSIGNMENT (( #2651 ) ) ;
#3329 = ORIENTED_EDGE ( 'NONE', *, *, #2466, .T. ) ;
#3330 = AXIS2_PLACEMENT_3D ( 'NONE', #2096, #1315, #1713 ) ;
#3331 = CARTESIAN_POINT ( 'NONE',  ( 52.50000000000000000, 8.750000000000000000, 8.500000000000000000 ) ) ;
#3332 = ADVANCED_FACE ( 'NONE', ( #694 ), #2450, .T. ) ;
#3333 = ORIENTED_EDGE ( 'NONE', *, *, #3535, .T. ) ;
#3334 = ADVANCED_FACE ( 'NONE', ( #2149 ), #3223, .F. ) ;
#3335 = DIRECTION ( 'NONE',  ( -1.000000000000000000, -0.000000000000000000, -0.000000000000000000 ) ) ;
#3336 = DIRECTION ( 'NONE',  ( 1.000000000000000000, 0.000000000000000000, 0.000000000000000000 ) ) ;
#3337 = DIRECTION ( 'NONE',  ( 0.000000000000000000, 0.4999999999999992784, -0.8660254037844390407 ) ) ;
#3338 =( NAMED_UNIT ( * ) PLANE_ANGLE_UNIT ( ) SI_UNIT ( $, .RADIAN. ) );
#3339 = ORIENTED_EDGE ( 'NONE', *, *, #2635, .T. ) ;
#3340 = ORIENTED_EDGE ( 'NONE', *, *, #1505, .T. ) ;
#3341 = COLOUR_RGB ( '',0.7960784313725489669, 0.8235294117647058432, 0.9372549019607843146 ) ;
#3342 =( GEOMETRIC_REPRESENTATION_CONTEXT ( 3 ) GLOBAL_UNCERTAINTY_ASSIGNED_CONTEXT ( ( #783 ) ) GLOBAL_UNIT_ASSIGNED_CONTEXT ( ( #623, #4186, #582 ) ) REPRESENTATION_CONTEXT ( 'NONE', 'WORKASPACE' ) );
#3343 = SURFACE_SIDE_STYLE ('',( #3265 ) ) ;
#3344 = VERTEX_POINT ( 'NONE', #1428 ) ;
#3345 = ORIENTED_EDGE ( 'NONE', *, *, #1177, .T. ) ;
#3346 = STYLED_ITEM ( 'NONE', ( #1687 ), #2355 ) ;
#3347 = AXIS2_PLACEMENT_3D ( 'NONE', #455, #1587, #1180 ) ;
#3348 = DIRECTION ( 'NONE',  ( -1.000000000000000000, 0.000000000000000000, 0.000000000000000000 ) ) ;
#3349 = LINE ( 'NONE', #778, #3262 ) ;
#3350 = DIRECTION ( 'NONE',  ( 1.000000000000000000, -0.000000000000000000, -0.000000000000000000 ) ) ;
#3351 = AXIS2_PLACEMENT_3D ( 'NONE', #941, #1265, #3084 ) ;
#3352 = EDGE_CURVE ( 'NONE', #1390, #2998, #2075, .T. ) ;
#3353 = CARTESIAN_POINT ( 'NONE',  ( 0.000000000000000000, -15.25000000000000000, 1.050000000000000044 ) ) ;
#3354 = CIRCLE ( 'NONE', #4335, 10.00000000000000000 ) ;
#3355 = VECTOR ( 'NONE', #2170, 1000.000000000000000 ) ;
#3356 = FACE_OUTER_BOUND ( 'NONE', #276, .T. ) ;
#3357 = CARTESIAN_POINT ( 'NONE',  ( 2.000000000000000000, 7.750000000000006217, 13.42339375865879703 ) ) ;
#3358 = DIRECTION ( 'NONE',  ( -0.000000000000000000, 0.000000000000000000, -1.000000000000000000 ) ) ;
#3359 = CIRCLE ( 'NONE', #4338, 1.299999999999997380 ) ;
#3360 = VECTOR ( 'NONE', #1432, 1000.000000000000000 ) ;
#3361 = ORIENTED_EDGE ( 'NONE', *, *, #2268, .T. ) ;
#3362 = DIRECTION ( 'NONE',  ( -1.000000000000000000, -0.000000000000000000, -0.000000000000000000 ) ) ;
#3363 = CARTESIAN_POINT ( 'NONE',  ( 6.000000000000000000, 13.42339375865881657, -6.249999999999968026 ) ) ;
#3364 = PRESENTATION_LAYER_ASSIGNMENT (  '', '', ( #3066 ) ) ;
#3365 = SURFACE_SIDE_STYLE ('',( #4468 ) ) ;
#3366 = DIRECTION ( 'NONE',  ( -0.000000000000000000, -1.000000000000000000, -0.000000000000000000 ) ) ;
#3367 = DIRECTION ( 'NONE',  ( 1.000000000000000000, 0.000000000000000000, 0.000000000000000000 ) ) ;
#3368 = ORIENTED_EDGE ( 'NONE', *, *, #249, .F. ) ;
#3369 = ORIENTED_EDGE ( 'NONE', *, *, #2635, .F. ) ;
#3370 = AXIS2_PLACEMENT_3D ( 'NONE', #4143, #3780, #2640 ) ;
#3371 = DIRECTION ( 'NONE',  ( 0.000000000000000000, 0.000000000000000000, -1.000000000000000000 ) ) ;
#3372 = ORIENTED_EDGE ( 'NONE', *, *, #3053, .T. ) ;
#3373 = DIRECTION ( 'NONE',  ( -1.000000000000000000, 0.000000000000000000, -0.000000000000000000 ) ) ;
#3374 = CARTESIAN_POINT ( 'NONE',  ( 52.50000000000000000, 8.750000000000000000, 15.70000000000000284 ) ) ;
#3375 = CARTESIAN_POINT ( 'NONE',  ( 21.50000000000000000, 2.008420750601658954E-15, -16.39999999999999858 ) ) ;
#3376 = CARTESIAN_POINT ( 'NONE',  ( 0.000000000000000000, 7.750000000000006217, 13.42339375865879880 ) ) ;
#3377 = MECHANICAL_DESIGN_GEOMETRIC_PRESENTATION_REPRESENTATION (  '', ( #893 ), #3139 ) ;
#3378 = SURFACE_STYLE_USAGE ( .BOTH. , #202 ) ;
#3379 = CARTESIAN_POINT ( 'NONE',  ( 2.000000000000000000, -16.54999999999999716, -0.2500000000000002220 ) ) ;
#3380 = DIRECTION ( 'NONE',  ( 1.000000000000000000, 0.000000000000000000, 0.000000000000000000 ) ) ;
#3381 = ORIENTED_EDGE ( 'NONE', *, *, #3830, .T. ) ;
#3382 = DIRECTION ( 'NONE',  ( 0.000000000000000000, 0.000000000000000000, 1.000000000000000000 ) ) ;
#3383 = SURFACE_STYLE_USAGE ( .BOTH. , #1887 ) ;
#3384 = FACE_OUTER_BOUND ( 'NONE', #3209, .T. ) ;
#3385 = PRESENTATION_STYLE_ASSIGNMENT (( #2016 ) ) ;
#3386 = SURFACE_SIDE_STYLE ('',( #1919 ) ) ;
#3387 = ORIENTED_EDGE ( 'NONE', *, *, #3327, .F. ) ;
#3388 = AXIS2_PLACEMENT_3D ( 'NONE', #1957, #2345, #925 ) ;
#3389 = EDGE_LOOP ( 'NONE', ( #384, #1217, #3329, #2888 ) ) ;
#3390 = EDGE_CURVE ( 'NONE', #587, #2337, #2530, .T. ) ;
#3391 = CARTESIAN_POINT ( 'NONE',  ( 2.000000000000000000, -15.50000000000000000, -8.673617379884035472E-16 ) ) ;
#3392 = ORIENTED_EDGE ( 'NONE', *, *, #2984, .T. ) ;
#3393 = VERTEX_POINT ( 'NONE', #294 ) ;
#3394 = EDGE_CURVE ( 'NONE', #3497, #4587, #2242, .T. ) ;
#3395 = CARTESIAN_POINT ( 'NONE',  ( 52.50000000000000000, -8.750000000000000000, 15.70000000000000284 ) ) ;
#3396 = ADVANCED_FACE ( 'NONE', ( #3899 ), #4599, .T. ) ;
#3397 = EDGE_CURVE ( 'NONE', #930, #3093, #1036, .T. ) ;
#3398 = CARTESIAN_POINT ( 'NONE',  ( 2.000000000000000000, 7.008493649053888497, -12.63906708468514140 ) ) ;
#3399 = DIRECTION ( 'NONE',  ( 0.000000000000000000, 0.000000000000000000, -1.000000000000000000 ) ) ;
#3400 = DIRECTION ( 'NONE',  ( -0.000000000000000000, -1.000000000000000000, -0.000000000000000000 ) ) ;
#3401 = CARTESIAN_POINT ( 'NONE',  ( 0.000000000000000000, 7.749999999999999112, -15.42339375865880058 ) ) ;
#3402 = CARTESIAN_POINT ( 'NONE',  ( 0.000000000000000000, 8.091506350946115589, 13.51490010960490729 ) ) ;
#3403 = DIRECTION ( 'NONE',  ( 0.000000000000000000, 0.000000000000000000, -1.000000000000000000 ) ) ;
#3404 = FILL_AREA_STYLE ('',( #540 ) ) ;
#3405 = VERTEX_POINT ( 'NONE', #3175 ) ;
#3406 = EDGE_LOOP ( 'NONE', ( #3551, #3310, #70, #2217 ) ) ;
#3407 = DIRECTION ( 'NONE',  ( -1.000000000000000000, 0.000000000000000000, 0.000000000000000000 ) ) ;
#3408 = PLANE ( 'NONE',  #2920 ) ;
#3409 = ORIENTED_EDGE ( 'NONE', *, *, #918, .T. ) ;
#3410 = MECHANICAL_DESIGN_GEOMETRIC_PRESENTATION_REPRESENTATION (  '', ( #628 ), #2289 ) ;
#3412 = DIRECTION ( 'NONE',  ( -1.000000000000000000, -0.000000000000000000, -0.000000000000000000 ) ) ;
#3411 = MECHANICAL_DESIGN_GEOMETRIC_PRESENTATION_REPRESENTATION (  '', ( #1443 ), #4393 ) ;
#3413 = DIRECTION ( 'NONE',  ( 0.000000000000000000, 0.000000000000000000, 1.000000000000000000 ) ) ;
#3414 = PLANE ( 'NONE',  #2007 ) ;
#3415 = DIRECTION ( 'NONE',  ( 0.000000000000000000, 1.224646799147353454E-16, 1.000000000000000000 ) ) ;
#3416 = VECTOR ( 'NONE', #2835, 1000.000000000000000 ) ;
#3417 = DIRECTION ( 'NONE',  ( 1.000000000000000000, -0.000000000000000000, -0.000000000000000000 ) ) ;
#3418 = STYLED_ITEM ( 'NONE', ( #2449 ), #2360 ) ;
#3419 = LINE ( 'NONE', #4445, #904 ) ;
#3420 = CARTESIAN_POINT ( 'NONE',  ( 0.000000000000000000, 7.008493649053888497, -12.63906708468514140 ) ) ;
#3421 = COLOUR_RGB ( '',0.7960784313725489669, 0.8235294117647058432, 0.9372549019607843146 ) ;
#3422 = DIRECTION ( 'NONE',  ( 0.000000000000000000, -0.000000000000000000, 1.000000000000000000 ) ) ;
#3423 = VECTOR ( 'NONE', #3165, 1000.000000000000000 ) ;
#3424 =( LENGTH_UNIT ( ) NAMED_UNIT ( * ) SI_UNIT ( .MILLI., .METRE. ) );
#3425 = DIRECTION ( 'NONE',  ( -0.000000000000000000, -0.5000000000000015543, -0.8660254037844378194 ) ) ;
#3426 = ORIENTED_EDGE ( 'NONE', *, *, #1170, .F. ) ;
#3427 = ORIENTED_EDGE ( 'NONE', *, *, #1770, .T. ) ;
#3428 = AXIS2_PLACEMENT_3D ( 'NONE', #3202, #1055, #2120 ) ;
#3429 = ADVANCED_FACE ( 'NONE', ( #4621 ), #1380, .F. ) ;
#3430 = PRODUCT_CONTEXT ( 'NONE', #589, 'mechanical' ) ;
#3431 = EDGE_CURVE ( 'NONE', #2117, #164, #1902, .T. ) ;
#3432 = DIRECTION ( 'NONE',  ( 0.000000000000000000, 0.8660254037844433705, -0.4999999999999920064 ) ) ;
#3433 = DIRECTION ( 'NONE',  ( 0.000000000000000000, -0.8660254037844385966, -0.5000000000000003331 ) ) ;
#3434 = EDGE_LOOP ( 'NONE', ( #2448, #318, #2323, #1569 ) ) ;
#3435 = VECTOR ( 'NONE', #572, 1000.000000000000000 ) ;
#3436 = EDGE_LOOP ( 'NONE', ( #3977, #418, #4619, #1522 ) ) ;
#3437 = AXIS2_PLACEMENT_3D ( 'NONE', #2171, #1220, #2381 ) ;
#3438 = FACE_OUTER_BOUND ( 'NONE', #3089, .T. ) ;
#3439 = CARTESIAN_POINT ( 'NONE',  ( -6.000000000000000000, 7.000000000000000000, -6.000000000000000888 ) ) ;
#3440 = FACE_OUTER_BOUND ( 'NONE', #710, .T. ) ;
#3441 = EDGE_LOOP ( 'NONE', ( #3452, #3538, #1718, #72 ) ) ;
#3442 = AXIS2_PLACEMENT_3D ( 'NONE', #541, #2727, #4124 ) ;
#3443 = AXIS2_PLACEMENT_3D ( 'NONE', #2633, #3684, #1940 ) ;
#3444 = ADVANCED_FACE ( 'NONE', ( #439 ), #2983, .T. ) ;
#3445 = EDGE_LOOP ( 'NONE', ( #615, #679, #1263, #3605 ) ) ;
#3446 = VECTOR ( 'NONE', #883, 1000.000000000000000 ) ;
#3447 = ADVANCED_FACE ( 'NONE', ( #3657 ), #759, .T. ) ;
#3448 = DIRECTION ( 'NONE',  ( 1.000000000000000000, -0.000000000000000000, -0.000000000000000000 ) ) ;
#3449 = EDGE_CURVE ( 'NONE', #3967, #3393, #808, .T. ) ;
#3450 = CARTESIAN_POINT ( 'NONE',  ( 51.69999999999999574, 8.750000000000000000, 12.20000000000000284 ) ) ;
#3451 = ORIENTED_EDGE ( 'NONE', *, *, #4516, .F. ) ;
#3452 = ORIENTED_EDGE ( 'NONE', *, *, #4439, .F. ) ;
#3453 = UNCERTAINTY_MEASURE_WITH_UNIT (LENGTH_MEASURE( 1.000000000000000082E-05 ), #3666, 'distance_accuracy_value', 'NONE');
#3454 = FACE_OUTER_BOUND ( 'NONE', #3720, .T. ) ;
#3455 = FACE_OUTER_BOUND ( 'NONE', #1566, .T. ) ;
#3456 = ORIENTED_EDGE ( 'NONE', *, *, #171, .T. ) ;
#3457 = ORIENTED_EDGE ( 'NONE', *, *, #3794, .T. ) ;
#3458 = CARTESIAN_POINT ( 'NONE',  ( 0.000000000000000000, 0.000000000000000000, -15.50000000000000000 ) ) ;
#3459 = EDGE_CURVE ( 'NONE', #1420, #4300, #4441, .T. ) ;
#3460 = SURFACE_SIDE_STYLE ('',( #3771 ) ) ;
#3461 = DIRECTION ( 'NONE',  ( -1.000000000000000000, 0.000000000000000000, 0.000000000000000000 ) ) ;
#3462 = FILL_AREA_STYLE ('',( #172 ) ) ;
#3463 = DIRECTION ( 'NONE',  ( 1.000000000000000000, 0.000000000000000000, 0.000000000000000000 ) ) ;
#3464 = CARTESIAN_POINT ( 'NONE',  ( 51.69999999999999574, -8.750000000000000000, 12.20000000000000284 ) ) ;
#3465 = EDGE_CURVE ( 'NONE', #2203, #44, #1477, .T. ) ;
#3466 =( NAMED_UNIT ( * ) SI_UNIT ( $, .STERADIAN. ) SOLID_ANGLE_UNIT ( ) );
#3467 = SURFACE_STYLE_FILL_AREA ( #610 ) ;
#3468 = PRESENTATION_STYLE_ASSIGNMENT (( #4562 ) ) ;
#3469 = ORIENTED_EDGE ( 'NONE', *, *, #3103, .T. ) ;
#3470 = ORIENTED_EDGE ( 'NONE', *, *, #2431, .F. ) ;
#3471 = EDGE_CURVE ( 'NONE', #2802, #15, #3247, .T. ) ;
#3472 =( NAMED_UNIT ( * ) SI_UNIT ( $, .STERADIAN. ) SOLID_ANGLE_UNIT ( ) );
#3473 = DIRECTION ( 'NONE',  ( 0.000000000000000000, 0.000000000000000000, -1.000000000000000000 ) ) ;
#3474 = ORIENTED_EDGE ( 'NONE', *, *, #403, .T. ) ;
#3475 = STYLED_ITEM ( 'NONE', ( #1788 ), #991 ) ;
#3476 = VERTEX_POINT ( 'NONE', #479 ) ;
#3477 = DIRECTION ( 'NONE',  ( 0.000000000000000000, 0.000000000000000000, 1.000000000000000000 ) ) ;
#3478 = SURFACE_STYLE_USAGE ( .BOTH. , #3894 ) ;
#3479 = AXIS2_PLACEMENT_3D ( 'NONE', #3313, #3708, #83 ) ;
#3480 = FACE_OUTER_BOUND ( 'NONE', #997, .T. ) ;
#3481 = EDGE_LOOP ( 'NONE', ( #78, #1274 ) ) ;
#3482 = PRESENTATION_LAYER_ASSIGNMENT (  '', '', ( #928 ) ) ;
#3483 = DIRECTION ( 'NONE',  ( 1.000000000000000000, -0.000000000000000000, -0.000000000000000000 ) ) ;
#3484 = CARTESIAN_POINT ( 'NONE',  ( 2.000000000000000000, 7.841506350946106707, -13.08188740771269210 ) ) ;
#3485 = EDGE_CURVE ( 'NONE', #1349, #1061, #3989, .T. ) ;
#3486 = CYLINDRICAL_SURFACE ( 'NONE', #17, 1.500000000000000444 ) ;
#3487 = AXIS2_PLACEMENT_3D ( 'NONE', #2329, #3760, #3403 ) ;
#3488 = CIRCLE ( 'NONE', #565, 1.500000000000001110 ) ;
#3489 =( GEOMETRIC_REPRESENTATION_CONTEXT ( 3 ) GLOBAL_UNCERTAINTY_ASSIGNED_CONTEXT ( ( #4371 ) ) GLOBAL_UNIT_ASSIGNED_CONTEXT ( ( #2009, #1594, #4138 ) ) REPRESENTATION_CONTEXT ( 'NONE', 'WORKASPACE' ) );
#3490 =( GEOMETRIC_REPRESENTATION_CONTEXT ( 3 ) GLOBAL_UNCERTAINTY_ASSIGNED_CONTEXT ( ( #3705 ) ) GLOBAL_UNIT_ASSIGNED_CONTEXT ( ( #3424, #2658, #1235 ) ) REPRESENTATION_CONTEXT ( 'NONE', 'WORKASPACE' ) );
#3491 = VECTOR ( 'NONE', #4443, 1000.000000000000114 ) ;
#3492 = CARTESIAN_POINT ( 'NONE',  ( 6.000000000000000000, 0.000000000000000000, 15.50000000000000000 ) ) ;
#3493 = LINE ( 'NONE', #1362, #2434 ) ;
#3494 =( NAMED_UNIT ( * ) PLANE_ANGLE_UNIT ( ) SI_UNIT ( $, .RADIAN. ) );
#3495 = ORIENTED_EDGE ( 'NONE', *, *, #4600, .F. ) ;
#3496 = MECHANICAL_DESIGN_GEOMETRIC_PRESENTATION_REPRESENTATION (  '', ( #1607 ), #3879 ) ;
#3497 = VERTEX_POINT ( 'NONE', #2267 ) ;
#3498 = CARTESIAN_POINT ( 'NONE',  ( 51.69999999999999574, 8.750000000000000000, 15.70000000000000284 ) ) ;
#3499 = DIRECTION ( 'NONE',  ( -0.000000000000000000, 0.9872616401468469194, -0.1591051661466640899 ) ) ;
#3500 = PLANE ( 'NONE',  #1190 ) ;
#3501 = VERTEX_POINT ( 'NONE', #2935 ) ;
#3502 = CIRCLE ( 'NONE', #1543, 1.500000000000001332 ) ;
#3503 = VERTEX_POINT ( 'NONE', #2954 ) ;
#3504 = MECHANICAL_DESIGN_GEOMETRIC_PRESENTATION_REPRESENTATION (  '', ( #4117 ), #722 ) ;
#3505 = DIRECTION ( 'NONE',  ( 0.000000000000000000, -0.8660254037844398178, 0.4999999999999977796 ) ) ;
#3506 = DIRECTION ( 'NONE',  ( 0.000000000000000000, 0.000000000000000000, 1.000000000000000000 ) ) ;
#3507 = VECTOR ( 'NONE', #4390, 1000.000000000000000 ) ;
#3508 = EDGE_CURVE ( 'NONE', #774, #2203, #3275, .T. ) ;
#3509 = FACE_OUTER_BOUND ( 'NONE', #3266, .T. ) ;
#3510 = VECTOR ( 'NONE', #729, 1000.000000000000114 ) ;
#3511 = ORIENTED_EDGE ( 'NONE', *, *, #727, .T. ) ;
#3512 = CARTESIAN_POINT ( 'NONE',  ( 0.5000000000000004441, 2.179871302482288714E-15, 17.80000000000000071 ) ) ;
#3513 = ORIENTED_EDGE ( 'NONE', *, *, #4435, .F. ) ;
#3514 = SURFACE_STYLE_USAGE ( .BOTH. , #2807 ) ;
#3515 =( GEOMETRIC_REPRESENTATION_CONTEXT ( 3 ) GLOBAL_UNCERTAINTY_ASSIGNED_CONTEXT ( ( #1482 ) ) GLOBAL_UNIT_ASSIGNED_CONTEXT ( ( #4097, #3338, #4071 ) ) REPRESENTATION_CONTEXT ( 'NONE', 'WORKASPACE' ) );
#3516 = CARTESIAN_POINT ( 'NONE',  ( 0.000000000000000000, 7.658493649053896846, 13.76490010960490729 ) ) ;
#3517 = AXIS2_PLACEMENT_3D ( 'NONE', #2458, #228, #1646 ) ;
#3518 = CARTESIAN_POINT ( 'NONE',  ( 51.69999999999999574, 7.950000000000000178, 10.90000000000000391 ) ) ;
#3519 = CARTESIAN_POINT ( 'NONE',  ( 0.000000000000000000, 7.841506350946106707, -13.08188740771269210 ) ) ;
#3520 = SURFACE_STYLE_FILL_AREA ( #2102 ) ;
#3521 = EDGE_LOOP ( 'NONE', ( #1231, #4278, #3231, #1565 ) ) ;
#3522 = VECTOR ( 'NONE', #4490, 1000.000000000000000 ) ;
#3523 = ORIENTED_EDGE ( 'NONE', *, *, #2555, .F. ) ;
#3524 = SURFACE_SIDE_STYLE ('',( #897 ) ) ;
#3525 = DIRECTION ( 'NONE',  ( 0.000000000000000000, 0.000000000000000000, -1.000000000000000000 ) ) ;
#3526 = CARTESIAN_POINT ( 'NONE',  ( 2.000000000000000000, 7.750000000000006217, 13.42339375865879880 ) ) ;
#3527 = ORIENTED_EDGE ( 'NONE', *, *, #4087, .T. ) ;
#3528 = ORIENTED_EDGE ( 'NONE', *, *, #1298, .T. ) ;
#3529 = EDGE_CURVE ( 'NONE', #1704, #4447, #1526, .T. ) ;
#3530 = EDGE_CURVE ( 'NONE', #496, #2748, #1186, .T. ) ;
#3531 = PLANE ( 'NONE',  #4171 ) ;
#3532 = EDGE_CURVE ( 'NONE', #2235, #3733, #4011, .T. ) ;
#3533 = CARTESIAN_POINT ( 'NONE',  ( 2.000000000000000000, 7.441506350946116122, 12.38906708468513784 ) ) ;
#3534 =( LENGTH_UNIT ( ) NAMED_UNIT ( * ) SI_UNIT ( .MILLI., .METRE. ) );
#3535 = EDGE_CURVE ( 'NONE', #1351, #871, #4649, .T. ) ;
#3536 = ORIENTED_EDGE ( 'NONE', *, *, #544, .F. ) ;
#3537 = EDGE_CURVE ( 'NONE', #3733, #4620, #2916, .T. ) ;
#3538 = ORIENTED_EDGE ( 'NONE', *, *, #3180, .F. ) ;
#3539 = DIRECTION ( 'NONE',  ( 0.000000000000000000, 0.000000000000000000, -1.000000000000000000 ) ) ;
#3540 = FILL_AREA_STYLE_COLOUR ( '', #3035 ) ;
#3541 = LINE ( 'NONE', #4625, #3416 ) ;
#3542 = PLANE ( 'NONE',  #1904 ) ;
#3543 = CARTESIAN_POINT ( 'NONE',  ( 0.2000000000000000111, 7.749999999999998224, -13.42339375865880058 ) ) ;
#3544 = PRESENTATION_STYLE_ASSIGNMENT (( #1716 ) ) ;
#3545 = ORIENTED_EDGE ( 'NONE', *, *, #4172, .T. ) ;
#3546 = ORIENTED_EDGE ( 'NONE', *, *, #1407, .F. ) ;
#3547 =( LENGTH_UNIT ( ) NAMED_UNIT ( * ) SI_UNIT ( .MILLI., .METRE. ) );
#3548 = DIRECTION ( 'NONE',  ( 1.000000000000000000, -0.000000000000000000, -0.000000000000000000 ) ) ;
#3549 = SURFACE_STYLE_FILL_AREA ( #2464 ) ;
#3550 = ORIENTED_EDGE ( 'NONE', *, *, #2963, .F. ) ;
#3551 = ORIENTED_EDGE ( 'NONE', *, *, #890, .F. ) ;
#3552 = LINE ( 'NONE', #1028, #4100 ) ;
#3553 = CARTESIAN_POINT ( 'NONE',  ( 52.50000000000000000, 8.750000000000000000, 8.500000000000001776 ) ) ;
#3554 = SURFACE_STYLE_FILL_AREA ( #2113 ) ;
#3555 = CARTESIAN_POINT ( 'NONE',  ( -19.80000000000000071, 7.000000000000000000, -3.000000000000000000 ) ) ;
#3556 = ORIENTED_EDGE ( 'NONE', *, *, #885, .F. ) ;
#3557 =( LENGTH_UNIT ( ) NAMED_UNIT ( * ) SI_UNIT ( .MILLI., .METRE. ) );
#3558 = PLANE ( 'NONE',  #1463 ) ;
#3559 = CARTESIAN_POINT ( 'NONE',  ( 0.000000000000000000, 8.091506350946115589, 13.51490010960490729 ) ) ;
#3560 = CARTESIAN_POINT ( 'NONE',  ( 2.000000000000000000, 6.965673326026335488, -14.16490010960491119 ) ) ;
#3561 = AXIS2_PLACEMENT_3D ( 'NONE', #570, #3348, #1550 ) ;
#3562 = CARTESIAN_POINT ( 'NONE',  ( 0.000000000000000000, 7.408493649053896846, 13.33188740771268677 ) ) ;
#3563 = PRESENTATION_LAYER_ASSIGNMENT (  '', '', ( #1831 ) ) ;
#3564 = CARTESIAN_POINT ( 'NONE',  ( 0.000000000000000000, 7.841506350946115589, 13.08188740771268677 ) ) ;
#3565 = ORIENTED_EDGE ( 'NONE', *, *, #1876, .T. ) ;
#3566 = VERTEX_POINT ( 'NONE', #1881 ) ;
#3567 = AXIS2_PLACEMENT_3D ( 'NONE', #4180, #2368, #1979 ) ;
#3568 = VECTOR ( 'NONE', #2959, 1000.000000000000000 ) ;
#3569 = AXIS2_PLACEMENT_3D ( 'NONE', #3680, #369, #1113 ) ;
#3570 = LINE ( 'NONE', #2511, #39 ) ;
#3571 = AXIS2_PLACEMENT_3D ( 'NONE', #920, #1246, #2317 ) ;
#3572 = DIRECTION ( 'NONE',  ( -1.000000000000000000, -0.000000000000000000, -0.000000000000000000 ) ) ;
#3573 = AXIS2_PLACEMENT_3D ( 'NONE', #1946, #4499, #3711 ) ;
#3574 = LINE ( 'NONE', #353, #143 ) ;
#3575 = ORIENTED_EDGE ( 'NONE', *, *, #1571, .F. ) ;
#3576 = ORIENTED_EDGE ( 'NONE', *, *, #4306, .F. ) ;
#3577 = AXIS2_PLACEMENT_3D ( 'NONE', #3840, #4606, #319 ) ;
#3578 = SURFACE_STYLE_FILL_AREA ( #358 ) ;
#3579 = DIRECTION ( 'NONE',  ( 0.000000000000000000, -1.000000000000000000, 0.000000000000000000 ) ) ;
#3580 = VECTOR ( 'NONE', #4653, 1000.000000000000000 ) ;
#3581 = VECTOR ( 'NONE', #1698, 1000.000000000000000 ) ;
#3582 = ORIENTED_EDGE ( 'NONE', *, *, #1018, .T. ) ;
#3583 = LINE ( 'NONE', #2497, #577 ) ;
#3584 = VECTOR ( 'NONE', #1254, 1000.000000000000227 ) ;
#3585 =( LENGTH_UNIT ( ) NAMED_UNIT ( * ) SI_UNIT ( .MILLI., .METRE. ) );
#3586 = ORIENTED_EDGE ( 'NONE', *, *, #609, .F. ) ;
#3587 = FACE_OUTER_BOUND ( 'NONE', #2395, .T. ) ;
#3588 =( LENGTH_UNIT ( ) NAMED_UNIT ( * ) SI_UNIT ( .MILLI., .METRE. ) );
#3589 = PLANE ( 'NONE',  #4465 ) ;
#3590 = PLANE ( 'NONE',  #2673 ) ;
#3591 = AXIS2_PLACEMENT_3D ( 'NONE', #1552, #3678, #3703 ) ;
#3592 = ADVANCED_FACE ( 'NONE', ( #3302 ), #2628, .F. ) ;
#3593 = CARTESIAN_POINT ( 'NONE',  ( 2.000000000000000000, -15.50000000000000000, -8.673617379884035472E-16 ) ) ;
#3594 =( GEOMETRIC_REPRESENTATION_CONTEXT ( 3 ) GLOBAL_UNCERTAINTY_ASSIGNED_CONTEXT ( ( #3279 ) ) GLOBAL_UNIT_ASSIGNED_CONTEXT ( ( #119, #4031, #1073 ) ) REPRESENTATION_CONTEXT ( 'NONE', 'WORKASPACE' ) );
#3595 = ADVANCED_FACE ( 'NONE', ( #4063 ), #830, .T. ) ;
#3596 = DIRECTION ( 'NONE',  ( 0.000000000000000000, 0.000000000000000000, -1.000000000000000000 ) ) ;
#3597 = ORIENTED_EDGE ( 'NONE', *, *, #2338, .T. ) ;
#3598 = EDGE_CURVE ( 'NONE', #2240, #1414, #879, .T. ) ;
#3599 = EDGE_LOOP ( 'NONE', ( #348, #2805, #2679, #4105, #417, #3887, #2889, #3470, #4592 ) ) ;
#3600 = VECTOR ( 'NONE', #683, 1000.000000000000000 ) ;
#3601 = EDGE_CURVE ( 'NONE', #2861, #4192, #2670, .T. ) ;
#3602 = CARTESIAN_POINT ( 'NONE',  ( 2.000000000000000000, 7.749999999999999112, -13.42339375865880058 ) ) ;
#3603 = CARTESIAN_POINT ( 'NONE',  ( 0.000000000000000000, 7.750000000000006217, 13.42339375865879880 ) ) ;
#3604 = DIRECTION ( 'NONE',  ( -1.000000000000000000, -0.000000000000000000, -0.000000000000000000 ) ) ;
#3605 = ORIENTED_EDGE ( 'NONE', *, *, #157, .F. ) ;
#3606 = ORIENTED_EDGE ( 'NONE', *, *, #1510, .T. ) ;
#3607 = DIRECTION ( 'NONE',  ( -1.000000000000000000, 0.000000000000000000, 0.000000000000000000 ) ) ;
#3608 = PLANE ( 'NONE',  #3286 ) ;
#3609 =( NAMED_UNIT ( * ) SI_UNIT ( $, .STERADIAN. ) SOLID_ANGLE_UNIT ( ) );
#3610 = LINE ( 'NONE', #3966, #1115 ) ;
#3611 = ORIENTED_EDGE ( 'NONE', *, *, #508, .F. ) ;
#3612 = DIRECTION ( 'NONE',  ( 1.000000000000000000, -0.000000000000000000, -0.000000000000000000 ) ) ;
#3613 = DIRECTION ( 'NONE',  ( -1.000000000000000000, 0.000000000000000000, 0.000000000000000000 ) ) ;
#3614 = CARTESIAN_POINT ( 'NONE',  ( 50.89999999999999147, -8.750000000000000000, 12.20000000000000284 ) ) ;
#3615 = SURFACE_STYLE_USAGE ( .BOTH. , #390 ) ;
#3616 = ORIENTED_EDGE ( 'NONE', *, *, #666, .T. ) ;
#3617 = VERTEX_POINT ( 'NONE', #4459 ) ;
#3618 = DIRECTION ( 'NONE',  ( 0.000000000000000000, 0.000000000000000000, 1.000000000000000000 ) ) ;
#3619 = CARTESIAN_POINT ( 'NONE',  ( 0.2000000000000000111, 7.750000000000006217, 11.92339375865880235 ) ) ;
#3620 = EDGE_LOOP ( 'NONE', ( #3127, #3469 ) ) ;
#3621 = ORIENTED_EDGE ( 'NONE', *, *, #1276, .F. ) ;
#3622 = EDGE_CURVE ( 'NONE', #1546, #2841, #1619, .T. ) ;
#3623 = PRESENTATION_STYLE_ASSIGNMENT (( #45 ) ) ;
#3624 = CARTESIAN_POINT ( 'NONE',  ( 0.000000000000000000, 8.153684686079991195, -14.62259614518684714 ) ) ;
#3625 = ORIENTED_EDGE ( 'NONE', *, *, #1513, .T. ) ;
#3626 = CYLINDRICAL_SURFACE ( 'NONE', #349, 1.500000000000000444 ) ;
#3627 = CARTESIAN_POINT ( 'NONE',  ( 0.000000000000000000, -14.45000000000000107, 0.2500000000000002220 ) ) ;
#3628 = DIRECTION ( 'NONE',  ( 1.000000000000000000, -0.000000000000000000, -0.000000000000000000 ) ) ;
#3629 = AXIS2_PLACEMENT_3D ( 'NONE', #4346, #368, #1112 ) ;
#3630 = CARTESIAN_POINT ( 'NONE',  ( 2.000000000000000000, -15.25000000000000000, 1.050000000000000044 ) ) ;
#3631 = ADVANCED_FACE ( 'NONE', ( #4549 ), #2162, .T. ) ;
#3632 = EDGE_CURVE ( 'NONE', #3719, #4054, #4177, .T. ) ;
#3633 = VECTOR ( 'NONE', #170, 1000.000000000000000 ) ;
#3634 =( NAMED_UNIT ( * ) PLANE_ANGLE_UNIT ( ) SI_UNIT ( $, .RADIAN. ) );
#3635 = ORIENTED_EDGE ( 'NONE', *, *, #1649, .T. ) ;
#3636 = EDGE_LOOP ( 'NONE', ( #2813, #3150, #3685, #3917 ) ) ;
#3637 = COLOUR_RGB ( '',0.7960784313725489669, 0.8235294117647058432, 0.9372549019607843146 ) ;
#3638 = FILL_AREA_STYLE_COLOUR ( '', #3341 ) ;
#3639 = CARTESIAN_POINT ( 'NONE',  ( 2.000000000000000000, 7.749999999999999112, -13.42339375865880058 ) ) ;
#3640 = CARTESIAN_POINT ( 'NONE',  ( 2.000000000000000000, 7.841506350946106707, -13.08188740771269210 ) ) ;
#3641 = VERTEX_POINT ( 'NONE', #2318 ) ;
#3642 = CIRCLE ( 'NONE', #260, 0.5000000000000004441 ) ;
#3643 = CIRCLE ( 'NONE', #263, 16.39999999999999858 ) ;
#3644 = ORIENTED_EDGE ( 'NONE', *, *, #1421, .T. ) ;
#3645 = VECTOR ( 'NONE', #2723, 1000.000000000000000 ) ;
#3646 = ADVANCED_FACE ( 'NONE', ( #901 ), #3752, .F. ) ;
#3647 = CARTESIAN_POINT ( 'NONE',  ( 0.000000000000000000, 7.841506350946115589, 13.08188740771268677 ) ) ;
#3648 = DIRECTION ( 'NONE',  ( 0.000000000000000000, 0.000000000000000000, -1.000000000000000000 ) ) ;
#3649 = VERTEX_POINT ( 'NONE', #4483 ) ;
#3650 = CARTESIAN_POINT ( 'NONE',  ( 0.2000000000000000111, -15.50000000000000000, 1.499999999999999112 ) ) ;
#3651 = VECTOR ( 'NONE', #3366, 1000.000000000000000 ) ;
#3652 = EDGE_CURVE ( 'NONE', #2138, #774, #4156, .T. ) ;
#3653 = DIRECTION ( 'NONE',  ( -0.000000000000000000, -0.000000000000000000, 1.000000000000000000 ) ) ;
#3654 = EDGE_CURVE ( 'NONE', #4254, #4642, #4343, .T. ) ;
#3655 = DIRECTION ( 'NONE',  ( -1.000000000000000000, 0.000000000000000000, 0.000000000000000000 ) ) ;
#3656 = AXIS2_PLACEMENT_3D ( 'NONE', #2620, #800, #4056 ) ;
#3657 = FACE_OUTER_BOUND ( 'NONE', #91, .T. ) ;
#3658 = DIRECTION ( 'NONE',  ( 0.000000000000000000, -0.000000000000000000, 1.000000000000000000 ) ) ;
#3659 = DIRECTION ( 'NONE',  ( 0.000000000000000000, 0.8660254037844387076, -0.5000000000000001110 ) ) ;
#3660 = STYLED_ITEM ( 'NONE', ( #1849 ), #462 ) ;
#3661 = VECTOR ( 'NONE', #3350, 1000.000000000000000 ) ;
#3662 = CARTESIAN_POINT ( 'NONE',  ( 0.000000000000000000, 7.441506350946108128, -12.38906708468514140 ) ) ;
#3663 = VERTEX_POINT ( 'NONE', #1973 ) ;
#3664 = ORIENTED_EDGE ( 'NONE', *, *, #2559, .T. ) ;
#3665 = CIRCLE ( 'NONE', #881, 2.000000000000000000 ) ;
#3666 =( LENGTH_UNIT ( ) NAMED_UNIT ( * ) SI_UNIT ( .MILLI., .METRE. ) );
#3667 = CARTESIAN_POINT ( 'NONE',  ( 52.50000000000000000, 0.000000000000000000, 0.000000000000000000 ) ) ;
#3668 = DIRECTION ( 'NONE',  ( 0.000000000000000000, 0.000000000000000000, 1.000000000000000000 ) ) ;
#3669 = ORIENTED_EDGE ( 'NONE', *, *, #341, .T. ) ;
#3670 = VECTOR ( 'NONE', #4540, 1000.000000000000000 ) ;
#3671 = EDGE_LOOP ( 'NONE', ( #3060, #2420, #3169, #2794, #3550, #299 ) ) ;
#3672 = STYLED_ITEM ( 'NONE', ( #1868 ), #4491 ) ;
#3673 = DIRECTION ( 'NONE',  ( 0.000000000000000000, 0.000000000000000000, -1.000000000000000000 ) ) ;
#3674 = ORIENTED_EDGE ( 'NONE', *, *, #2155, .T. ) ;
#3675 = DIRECTION ( 'NONE',  ( -1.000000000000000000, -0.000000000000000000, -0.000000000000000000 ) ) ;
#3676 = ADVANCED_FACE ( 'NONE', ( #507 ), #3414, .T. ) ;
#3677 = EDGE_CURVE ( 'NONE', #894, #953, #3965, .T. ) ;
#3678 = DIRECTION ( 'NONE',  ( -1.000000000000000000, 0.000000000000000000, 0.000000000000000000 ) ) ;
#3679 = SURFACE_SIDE_STYLE ('',( #1974 ) ) ;
#3680 = CARTESIAN_POINT ( 'NONE',  ( 0.5000000000000000000, 0.000000000000000000, 0.000000000000000000 ) ) ;
#3681 = ADVANCED_FACE ( 'NONE', ( #3440 ), #221, .T. ) ;
#3682 = EDGE_CURVE ( 'NONE', #770, #612, #599, .T. ) ;
#3683 = PRESENTATION_STYLE_ASSIGNMENT (( #1667 ) ) ;
#3684 = DIRECTION ( 'NONE',  ( -1.000000000000000000, 0.000000000000000000, 0.000000000000000000 ) ) ;
#3685 = ORIENTED_EDGE ( 'NONE', *, *, #927, .T. ) ;
#3686 = AXIS2_PLACEMENT_3D ( 'NONE', #3756, #4114, #1191 ) ;
#3687 = CARTESIAN_POINT ( 'NONE',  ( 52.50000000000000000, -8.749999999999998224, 8.500000000000000000 ) ) ;
#3688 = DIRECTION ( 'NONE',  ( 0.000000000000000000, 0.000000000000000000, 1.000000000000000000 ) ) ;
#3689 = FILL_AREA_STYLE ('',( #2967 ) ) ;
#3690 = CARTESIAN_POINT ( 'NONE',  ( 6.000000000000000000, -13.42339375865870998, -7.750000000000157208 ) ) ;
#3691 = EDGE_LOOP ( 'NONE', ( #2, #4531, #4144, #3101, #3616, #115 ) ) ;
#3692 = ORIENTED_EDGE ( 'NONE', *, *, #314, .T. ) ;
#3693 = DIRECTION ( 'NONE',  ( 0.000000000000000000, 0.000000000000000000, 1.000000000000000000 ) ) ;
#3694 = EDGE_CURVE ( 'NONE', #2235, #3104, #658, .T. ) ;
#3695 =( NAMED_UNIT ( * ) PLANE_ANGLE_UNIT ( ) SI_UNIT ( $, .RADIAN. ) );
#3696 = CARTESIAN_POINT ( 'NONE',  ( 2.000000000000000000, 8.058493649053897201, 14.45772043263245621 ) ) ;
#3697 = ORIENTED_EDGE ( 'NONE', *, *, #1230, .F. ) ;
#3698 = LINE ( 'NONE', #849, #4403 ) ;
#3699 = VERTEX_POINT ( 'NONE', #1003 ) ;
#3700 = PRESENTATION_STYLE_ASSIGNMENT (( #1636 ) ) ;
#3701 = PRESENTATION_LAYER_ASSIGNMENT (  '', '', ( #3087 ) ) ;
#3702 = LINE ( 'NONE', #124, #4402 ) ;
#3703 = DIRECTION ( 'NONE',  ( 0.000000000000000000, 0.000000000000000000, 1.000000000000000000 ) ) ;
#3704 = SURFACE_SIDE_STYLE ('',( #4111 ) ) ;
#3705 = UNCERTAINTY_MEASURE_WITH_UNIT (LENGTH_MEASURE( 1.000000000000000082E-05 ), #3424, 'distance_accuracy_value', 'NONE');
#3706 =( GEOMETRIC_REPRESENTATION_CONTEXT ( 3 ) GLOBAL_UNCERTAINTY_ASSIGNED_CONTEXT ( ( #2198 ) ) GLOBAL_UNIT_ASSIGNED_CONTEXT ( ( #1757, #4295, #739 ) ) REPRESENTATION_CONTEXT ( 'NONE', 'WORKASPACE' ) );
#3707 = VERTEX_POINT ( 'NONE', #4220 ) ;
#3708 = DIRECTION ( 'NONE',  ( 1.000000000000000000, -0.000000000000000000, -0.000000000000000000 ) ) ;
#3709 = SURFACE_STYLE_USAGE ( .BOTH. , #792 ) ;
#3710 = LINE ( 'NONE', #1537, #2236 ) ;
#3711 = DIRECTION ( 'NONE',  ( 0.000000000000000000, 0.000000000000000000, -1.000000000000000000 ) ) ;
#3712 = CYLINDRICAL_SURFACE ( 'NONE', #3442, 1.500000000000000444 ) ;
#3713 = EDGE_LOOP ( 'NONE', ( #3963, #4635 ) ) ;
#3714 = EDGE_LOOP ( 'NONE', ( #3565, #1046, #4384, #4253, #4464 ) ) ;
#3715 = VECTOR ( 'NONE', #2403, 1000.000000000000000 ) ;
#3716 = SURFACE_STYLE_USAGE ( .BOTH. , #1240 ) ;
#3717 = CIRCLE ( 'NONE', #1832, 2.000000000000000000 ) ;
#3718 = PLANE ( 'NONE',  #1471 ) ;
#3719 = VERTEX_POINT ( 'NONE', #619 ) ;
#3720 = EDGE_LOOP ( 'NONE', ( #2332, #990, #4165, #2417, #3095, #2277, #3862, #210, #4360, #2962, #1369, #3893 ) ) ;
#3721 = CIRCLE ( 'NONE', #494, 1.300000000000000044 ) ;
#3722 = VECTOR ( 'NONE', #1247, 1000.000000000000000 ) ;
#3723 =( LENGTH_UNIT ( ) NAMED_UNIT ( * ) SI_UNIT ( .MILLI., .METRE. ) );
#3724 = CARTESIAN_POINT ( 'NONE',  ( 6.000000000000000000, -13.42339375865870998, -9.250000000000158096 ) ) ;
#3725 = CARTESIAN_POINT ( 'NONE',  ( 50.89999999999999147, -7.950000000000000178, 10.90000000000000391 ) ) ;
#3726 = PRESENTATION_LAYER_ASSIGNMENT (  '', '', ( #1008 ) ) ;
#3727 = LINE ( 'NONE', #1591, #3491 ) ;
#3728 = MECHANICAL_DESIGN_GEOMETRIC_PRESENTATION_REPRESENTATION (  '', ( #1095 ), #943 ) ;
#3729 = LINE ( 'NONE', #99, #1043 ) ;
#3730 = CARTESIAN_POINT ( 'NONE',  ( 0.000000000000000000, -14.45000000000000107, -0.2500000000000002220 ) ) ;
#3731 = VECTOR ( 'NONE', #3499, 1000.000000000000227 ) ;
#3732 = COLOUR_RGB ( '',0.7960784313725489669, 0.8235294117647058432, 0.9372549019607843146 ) ;
#3733 = VERTEX_POINT ( 'NONE', #1682 ) ;
#3734 = EDGE_CURVE ( 'NONE', #916, #3078, #2443, .T. ) ;
#3735 = DIRECTION ( 'NONE',  ( -1.000000000000000000, -0.000000000000000000, -0.000000000000000000 ) ) ;
#3736 = DIRECTION ( 'NONE',  ( -0.000000000000000000, -0.5000000000000002220, -0.8660254037844384856 ) ) ;
#3737 = AXIS2_PLACEMENT_3D ( 'NONE', #1659, #3461, #1617 ) ;
#3738 = DIRECTION ( 'NONE',  ( -0.000000000000000000, 0.5000000000000009992, 0.8660254037844380415 ) ) ;
#3739 = CARTESIAN_POINT ( 'NONE',  ( 20.49999999999999645, 2.241103642439656682E-15, -18.30000000000000071 ) ) ;
#3740 = ADVANCED_FACE ( 'NONE', ( #2494 ), #3895, .T. ) ;
#3741 = ORIENTED_EDGE ( 'NONE', *, *, #1321, .F. ) ;
#3742 = EDGE_LOOP ( 'NONE', ( #148, #977, #1879, #752 ) ) ;
#3743 = CIRCLE ( 'NONE', #4654, 12.30000000000000071 ) ;
#3744 = ADVANCED_FACE ( 'NONE', ( #1424 ), #687, .F. ) ;
#3745 = SURFACE_STYLE_FILL_AREA ( #2716 ) ;
#3746 = CIRCLE ( 'NONE', #4428, 6.000000000000000888 ) ;
#3747 = DIRECTION ( 'NONE',  ( 1.000000000000000000, 0.000000000000000000, 0.000000000000000000 ) ) ;
#3748 = ORIENTED_EDGE ( 'NONE', *, *, #1626, .T. ) ;
#3749 = DIRECTION ( 'NONE',  ( 0.000000000000000000, 0.000000000000000000, 1.000000000000000000 ) ) ;
#3750 = DIRECTION ( 'NONE',  ( 0.000000000000000000, 0.000000000000000000, -1.000000000000000000 ) ) ;
#3751 = DIRECTION ( 'NONE',  ( -0.000000000000000000, -0.000000000000000000, -1.000000000000000000 ) ) ;
#3752 = PLANE ( 'NONE',  #1182 ) ;
#3753 = COLOUR_RGB ( '',1.000000000000000000, 1.000000000000000000, 1.000000000000000000 ) ;
#3754 = LINE ( 'NONE', #3353, #2887 ) ;
#3755 = DIRECTION ( 'NONE',  ( -1.000000000000000000, 0.000000000000000000, 0.000000000000000000 ) ) ;
#3756 = CARTESIAN_POINT ( 'NONE',  ( 6.000000000000000000, 13.42339375865876505, 7.750000000000063061 ) ) ;
#3757 = SURFACE_STYLE_FILL_AREA ( #1596 ) ;
#3758 = EDGE_LOOP ( 'NONE', ( #821, #843, #2035, #4032 ) ) ;
#3759 = CARTESIAN_POINT ( 'NONE',  ( 21.50000000000000000, 0.000000000000000000, 18.30000000000000071 ) ) ;
#3760 = DIRECTION ( 'NONE',  ( 1.000000000000000000, 0.000000000000000000, 0.000000000000000000 ) ) ;
#3761 = LINE ( 'NONE', #4498, #1311 ) ;
#3762 = DIRECTION ( 'NONE',  ( -0.000000000000000000, -0.5000000000000015543, -0.8660254037844378194 ) ) ;
#3763 = FACE_OUTER_BOUND ( 'NONE', #1696, .T. ) ;
#3764 = ORIENTED_EDGE ( 'NONE', *, *, #1510, .F. ) ;
#3765 = VECTOR ( 'NONE', #3400, 1000.000000000000000 ) ;
#3766 = ORIENTED_EDGE ( 'NONE', *, *, #4003, .T. ) ;
#3767 = DIRECTION ( 'NONE',  ( 0.000000000000000000, -1.000000000000000000, 0.000000000000000000 ) ) ;
#3768 = LINE ( 'NONE', #2336, #1188 ) ;
#3769 = ORIENTED_EDGE ( 'NONE', *, *, #3256, .F. ) ;
#3770 = ADVANCED_FACE ( 'NONE', ( #3509 ), #4596, .F. ) ;
#3771 = SURFACE_STYLE_FILL_AREA ( #505 ) ;
#3772 = CARTESIAN_POINT ( 'NONE',  ( 0.000000000000000000, 0.000000000000000000, 15.50000000000000000 ) ) ;
#3773 =( NAMED_UNIT ( * ) PLANE_ANGLE_UNIT ( ) SI_UNIT ( $, .RADIAN. ) );
#3774 = DIRECTION ( 'NONE',  ( -0.000000000000000000, 1.000000000000000000, -0.000000000000000000 ) ) ;
#3775 = CARTESIAN_POINT ( 'NONE',  ( 52.50000000000000000, 9.300000000000000711, 8.500000000000000000 ) ) ;
#3776 = PLANE ( 'NONE',  #2750 ) ;
#3777 = EDGE_CURVE ( 'NONE', #87, #2082, #2804, .T. ) ;
#3778 = CARTESIAN_POINT ( 'NONE',  ( 20.49999999999999645, 0.000000000000000000, 0.000000000000000000 ) ) ;
#3779 = CYLINDRICAL_SURFACE ( 'NONE', #4482, 6.000000000000000888 ) ;
#3780 = DIRECTION ( 'NONE',  ( 1.000000000000000000, 0.000000000000000000, 0.000000000000000000 ) ) ;
#3781 = ORIENTED_EDGE ( 'NONE', *, *, #3622, .T. ) ;
#3782 = ORIENTED_EDGE ( 'NONE', *, *, #1645, .F. ) ;
#3783 = UNCERTAINTY_MEASURE_WITH_UNIT (LENGTH_MEASURE( 1.000000000000000082E-05 ), #1806, 'distance_accuracy_value', 'NONE');
#3784 = DIRECTION ( 'NONE',  ( 0.000000000000000000, 0.000000000000000000, -1.000000000000000000 ) ) ;
#3785 = FACE_OUTER_BOUND ( 'NONE', #2947, .T. ) ;
#3786 = ORIENTED_EDGE ( 'NONE', *, *, #1567, .T. ) ;
#3787 = VECTOR ( 'NONE', #686, 1000.000000000000114 ) ;
#3788 = ORIENTED_EDGE ( 'NONE', *, *, #4636, .F. ) ;
#3789 = DIRECTION ( 'NONE',  ( 1.000000000000000000, 0.000000000000000000, 0.000000000000000000 ) ) ;
#3790 = EDGE_CURVE ( 'NONE', #2185, #753, #3171, .T. ) ;
#3792 = DIRECTION ( 'NONE',  ( 0.000000000000000000, 0.000000000000000000, 1.000000000000000000 ) ) ;
#3791 =( GEOMETRIC_REPRESENTATION_CONTEXT ( 3 ) GLOBAL_UNCERTAINTY_ASSIGNED_CONTEXT ( ( #3009 ) ) GLOBAL_UNIT_ASSIGNED_CONTEXT ( ( #2228, #4487, #2698 ) ) REPRESENTATION_CONTEXT ( 'NONE', 'WORKASPACE' ) );
#3793 = AXIS2_PLACEMENT_3D ( 'NONE', #3921, #4276, #2428 ) ;
#3794 = EDGE_CURVE ( 'NONE', #1377, #4191, #2456, .T. ) ;
#3795 = DIRECTION ( 'NONE',  ( 0.000000000000000000, 0.000000000000000000, 1.000000000000000000 ) ) ;
#3796 = DIRECTION ( 'NONE',  ( 1.000000000000000000, 0.000000000000000000, 0.000000000000000000 ) ) ;
#3797 = ADVANCED_FACE ( 'NONE', ( #288 ), #1728, .T. ) ;
#3798 = SURFACE_STYLE_FILL_AREA ( #2366 ) ;
#3799 = COLOUR_RGB ( '',0.7960784313725489669, 0.8235294117647058432, 0.9372549019607843146 ) ;
#3800 = AXIS2_PLACEMENT_3D ( 'NONE', #2453, #1382, #3178 ) ;
#3801 = EDGE_CURVE ( 'NONE', #3967, #1628, #2827, .T. ) ;
#3802 = DIRECTION ( 'NONE',  ( 1.000000000000000000, -0.000000000000000000, -0.000000000000000000 ) ) ;
#3803 = ORIENTED_EDGE ( 'NONE', *, *, #968, .T. ) ;
#3804 = AXIS2_PLACEMENT_3D ( 'NONE', #3512, #1378, #1730 ) ;
#3805 = MECHANICAL_DESIGN_GEOMETRIC_PRESENTATION_REPRESENTATION (  '', ( #1005 ), #1091 ) ;
#3806 = DIRECTION ( 'NONE',  ( 0.000000000000000000, 0.000000000000000000, -1.000000000000000000 ) ) ;
#3807 = VECTOR ( 'NONE', #1252, 1000.000000000000227 ) ;
#3808 = FACE_OUTER_BOUND ( 'NONE', #549, .T. ) ;
#3809 =( GEOMETRIC_REPRESENTATION_CONTEXT ( 3 ) GLOBAL_UNCERTAINTY_ASSIGNED_CONTEXT ( ( #3783 ) ) GLOBAL_UNIT_ASSIGNED_CONTEXT ( ( #1806, #1783, #3609 ) ) REPRESENTATION_CONTEXT ( 'NONE', 'WORKASPACE' ) );
#3810 = MECHANICAL_DESIGN_GEOMETRIC_PRESENTATION_REPRESENTATION (  '', ( #4557 ), #4413 ) ;
#3811 = LINE ( 'NONE', #2306, #2298 ) ;
#3812 = DIRECTION ( 'NONE',  ( -0.000000000000000000, 0.5000000000000000000, 0.8660254037844385966 ) ) ;
#3813 = ORIENTED_EDGE ( 'NONE', *, *, #3180, .T. ) ;
#3814 = CIRCLE ( 'NONE', #2445, 0.5000000000000004441 ) ;
#3815 = ADVANCED_FACE ( 'NONE', ( #3480 ), #1030, .T. ) ;
#3816 = ORIENTED_EDGE ( 'NONE', *, *, #1623, .F. ) ;
#3817 = ADVANCED_FACE ( 'NONE', ( #3297 ), #2622, .F. ) ;
#3818 = PRESENTATION_LAYER_ASSIGNMENT (  '', '', ( #4117 ) ) ;
#3819 = CARTESIAN_POINT ( 'NONE',  ( 0.000000000000000000, 8.491506350946107062, -14.20772043263246154 ) ) ;
#3820 = ORIENTED_EDGE ( 'NONE', *, *, #400, .F. ) ;
#3821 =( GEOMETRIC_REPRESENTATION_CONTEXT ( 3 ) GLOBAL_UNCERTAINTY_ASSIGNED_CONTEXT ( ( #957 ) ) GLOBAL_UNIT_ASSIGNED_CONTEXT ( ( #1222, #3773, #3027 ) ) REPRESENTATION_CONTEXT ( 'NONE', 'WORKASPACE' ) );
#3822 = CIRCLE ( 'NONE', #2768, 10.00000000000000000 ) ;
#3823 = PLANE ( 'NONE',  #1155 ) ;
#3824 = EDGE_LOOP ( 'NONE', ( #1122, #2074, #3536, #1354 ) ) ;
#3825 = CYLINDRICAL_SURFACE ( 'NONE', #1090, 1.500000000000001332 ) ;
#3826 = DIRECTION ( 'NONE',  ( 0.000000000000000000, 0.9872616401468469194, -0.1591051661466640899 ) ) ;
#3827 = VERTEX_POINT ( 'NONE', #3696 ) ;
#3828 = ADVANCED_FACE ( 'NONE', ( #2192 ), #3608, .T. ) ;
#3829 = AXIS2_PLACEMENT_3D ( 'NONE', #1741, #4641, #661 ) ;
#3830 = EDGE_CURVE ( 'NONE', #2352, #1396, #474, .T. ) ;
#3831 = DIRECTION ( 'NONE',  ( 0.000000000000000000, 0.000000000000000000, -1.000000000000000000 ) ) ;
#3832 = MECHANICAL_DESIGN_GEOMETRIC_PRESENTATION_REPRESENTATION (  '', ( #1193 ), #372 ) ;
#3833 = LINE ( 'NONE', #4272, #555 ) ;
#3834 = DIRECTION ( 'NONE',  ( 0.000000000000000000, 1.000000000000000000, -0.000000000000000000 ) ) ;
#3835 = DIRECTION ( 'NONE',  ( -0.000000000000000000, -0.8660254037844384856, -0.5000000000000002220 ) ) ;
#3836 = FILL_AREA_STYLE_COLOUR ( '', #347 ) ;
#3837 = ORIENTED_EDGE ( 'NONE', *, *, #3145, .T. ) ;
#3838 = ORIENTED_EDGE ( 'NONE', *, *, #3530, .F. ) ;
#3839 = UNCERTAINTY_MEASURE_WITH_UNIT (LENGTH_MEASURE( 1.000000000000000082E-05 ), #3723, 'distance_accuracy_value', 'NONE');
#3840 = CARTESIAN_POINT ( 'NONE',  ( 56.20000000000000284, 0.000000000000000000, 0.000000000000000000 ) ) ;
#3841 =( GEOMETRIC_REPRESENTATION_CONTEXT ( 3 ) GLOBAL_UNCERTAINTY_ASSIGNED_CONTEXT ( ( #1207 ) ) GLOBAL_UNIT_ASSIGNED_CONTEXT ( ( #483, #855, #4420 ) ) REPRESENTATION_CONTEXT ( 'NONE', 'WORKASPACE' ) );
#3842 = DIRECTION ( 'NONE',  ( 0.000000000000000000, -0.8660254037844397068, 0.4999999999999979461 ) ) ;
#3843 = EDGE_LOOP ( 'NONE', ( #1634, #2244 ) ) ;
#3844 = ORIENTED_EDGE ( 'NONE', *, *, #3431, .F. ) ;
#3845 = EDGE_CURVE ( 'NONE', #2018, #3699, #2929, .T. ) ;
#3846 = LINE ( 'NONE', #4239, #3787 ) ;
#3847 = ORIENTED_EDGE ( 'NONE', *, *, #1171, .T. ) ;
#3848 =( NAMED_UNIT ( * ) SI_UNIT ( $, .STERADIAN. ) SOLID_ANGLE_UNIT ( ) );
#3849 = CARTESIAN_POINT ( 'NONE',  ( 0.000000000000000000, -15.75000000000000000, 1.050000000000000044 ) ) ;
#3850 = SURFACE_SIDE_STYLE ('',( #1786 ) ) ;
#3851 = VERTEX_POINT ( 'NONE', #1444 ) ;
#3852 = LINE ( 'NONE', #3484, #3584 ) ;
#3853 = DIRECTION ( 'NONE',  ( 0.000000000000000000, 0.4999999999999992784, -0.8660254037844390407 ) ) ;
#3854 = DIRECTION ( 'NONE',  ( -1.000000000000000000, -0.000000000000000000, -0.000000000000000000 ) ) ;
#3855 = ORIENTED_EDGE ( 'NONE', *, *, #3925, .T. ) ;
#3856 = ORIENTED_EDGE ( 'NONE', *, *, #3256, .T. ) ;
#3857 = SURFACE_STYLE_FILL_AREA ( #4589 ) ;
#3858 = CARTESIAN_POINT ( 'NONE',  ( 6.000000000000000000, 0.000000000000000000, -15.50000000000000000 ) ) ;
#3859 = LINE ( 'NONE', #3126, #441 ) ;
#3860 = EDGE_LOOP ( 'NONE', ( #3294, #4556, #3210, #396 ) ) ;
#3861 = CARTESIAN_POINT ( 'NONE',  ( 0.5000000000000004441, 0.000000000000000000, 0.000000000000000000 ) ) ;
#3862 = ORIENTED_EDGE ( 'NONE', *, *, #2770, .T. ) ;
#3863 = DIRECTION ( 'NONE',  ( -1.000000000000000000, 0.000000000000000000, 0.000000000000000000 ) ) ;
#3864 = EDGE_LOOP ( 'NONE', ( #3149, #999, #3781, #4074 ) ) ;
#3865 = CARTESIAN_POINT ( 'NONE',  ( 2.000000000000000000, 7.749999999999999112, -13.42339375865880058 ) ) ;
#3866 = VERTEX_POINT ( 'NONE', #1178 ) ;
#3867 = AXIS2_PLACEMENT_3D ( 'NONE', #940, #1000, #2111 ) ;
#3868 = ORIENTED_EDGE ( 'NONE', *, *, #1480, .F. ) ;
#3869 = FACE_BOUND ( 'NONE', #1631, .T. ) ;
#3870 = DIRECTION ( 'NONE',  ( 0.000000000000000000, 0.000000000000000000, 1.000000000000000000 ) ) ;
#3871 =( LENGTH_UNIT ( ) NAMED_UNIT ( * ) SI_UNIT ( .MILLI., .METRE. ) );
#3872 = MECHANICAL_DESIGN_GEOMETRIC_PRESENTATION_REPRESENTATION (  '', ( #489 ), #114 ) ;
#3873 = CIRCLE ( 'NONE', #3051, 1.500000000000001332 ) ;
#3874 = AXIS2_PLACEMENT_3D ( 'NONE', #2710, #2350, #1627 ) ;
#3875 = FACE_OUTER_BOUND ( 'NONE', #2942, .T. ) ;
#3876 = CARTESIAN_POINT ( 'NONE',  ( 2.000000000000000000, 7.008493649053888497, -12.63906708468514140 ) ) ;
#3877 = CARTESIAN_POINT ( 'NONE',  ( 47.50000000000000000, 7.950000000000000178, 15.70000000000000284 ) ) ;
#3878 = VERTEX_POINT ( 'NONE', #2898 ) ;
#3879 =( GEOMETRIC_REPRESENTATION_CONTEXT ( 3 ) GLOBAL_UNCERTAINTY_ASSIGNED_CONTEXT ( ( #1156 ) ) GLOBAL_UNIT_ASSIGNED_CONTEXT ( ( #965, #618, #3848 ) ) REPRESENTATION_CONTEXT ( 'NONE', 'WORKASPACE' ) );
#3880 = EDGE_LOOP ( 'NONE', ( #3236, #1486, #4059, #2854 ) ) ;
#3881 = EDGE_CURVE ( 'NONE', #3501, #4217, #3067, .T. ) ;
#3882 =( GEOMETRIC_REPRESENTATION_CONTEXT ( 3 ) GLOBAL_UNCERTAINTY_ASSIGNED_CONTEXT ( ( #4461 ) ) GLOBAL_UNIT_ASSIGNED_CONTEXT ( ( #3547, #592, #3472 ) ) REPRESENTATION_CONTEXT ( 'NONE', 'WORKASPACE' ) );
#3883 = EDGE_CURVE ( 'NONE', #445, #1259, #4127, .T. ) ;
#3884 = CARTESIAN_POINT ( 'NONE',  ( -19.80000000000000071, 4.500000000000000888, -1.658312395177700793 ) ) ;
#3885 = CARTESIAN_POINT ( 'NONE',  ( 0.000000000000000000, 7.750000000000006217, 13.42339375865879703 ) ) ;
#3886 = LINE ( 'NONE', #1144, #4129 ) ;
#3887 = ORIENTED_EDGE ( 'NONE', *, *, #4175, .T. ) ;
#3888 = ADVANCED_FACE ( 'NONE', ( #380 ), #453, .F. ) ;
#3889 = MECHANICAL_DESIGN_GEOMETRIC_PRESENTATION_REPRESENTATION (  '', ( #3660 ), #4040 ) ;
#3890 = ORIENTED_EDGE ( 'NONE', *, *, #807, .F. ) ;
#3891 = VECTOR ( 'NONE', #4380, 1000.000000000000114 ) ;
#3892 = LINE ( 'NONE', #2040, #707 ) ;
#3893 = ORIENTED_EDGE ( 'NONE', *, *, #4675, .T. ) ;
#3894 = SURFACE_SIDE_STYLE ('',( #980 ) ) ;
#3895 = TOROIDAL_SURFACE ( 'NONE', #4265, 1.299999999999996714, 0.2000000000000000111 ) ;
#3896 =( NAMED_UNIT ( * ) SI_UNIT ( $, .STERADIAN. ) SOLID_ANGLE_UNIT ( ) );
#3897 = ORIENTED_EDGE ( 'NONE', *, *, #2451, .F. ) ;
#3898 = CARTESIAN_POINT ( 'NONE',  ( 2.000000000000000000, -15.75000000000000000, -1.050000000000000044 ) ) ;
#3899 = FACE_OUTER_BOUND ( 'NONE', #1808, .T. ) ;
#3900 = AXIS2_PLACEMENT_3D ( 'NONE', #960, #2782, #631 ) ;
#3901 = FACE_OUTER_BOUND ( 'NONE', #1391, .T. ) ;
#3902 = LINE ( 'NONE', #675, #1748 ) ;
#3903 = COLOUR_RGB ( '',0.7960784313725489669, 0.8235294117647058432, 0.9372549019607843146 ) ;
#3904 = CARTESIAN_POINT ( 'NONE',  ( 6.000000000000000000, -13.42339375865886986, 7.749999999999874767 ) ) ;
#3905 = FACE_OUTER_BOUND ( 'NONE', #1738, .T. ) ;
#3906 = VERTEX_POINT ( 'NONE', #4005 ) ;
#3907 = VERTEX_POINT ( 'NONE', #2521 ) ;
#3908 = LINE ( 'NONE', #1673, #3581 ) ;
#3909 = DIRECTION ( 'NONE',  ( -1.000000000000000000, -0.000000000000000000, -0.000000000000000000 ) ) ;
#3910 = ORIENTED_EDGE ( 'NONE', *, *, #3734, .T. ) ;
#3911 = EDGE_LOOP ( 'NONE', ( #317, #1819, #801, #3813 ) ) ;
#3912 = LINE ( 'NONE', #1706, #4618 ) ;
#3913 = DIRECTION ( 'NONE',  ( -0.000000000000000000, 0.4999999999999992228, -0.8660254037844390407 ) ) ;
#3914 = SURFACE_SIDE_STYLE ('',( #3554 ) ) ;
#3915 = CARTESIAN_POINT ( 'NONE',  ( 47.50000000000000000, -7.950000000000000178, 12.20000000000000284 ) ) ;
#3916 = PLANE ( 'NONE',  #2070 ) ;
#3917 = ORIENTED_EDGE ( 'NONE', *, *, #2498, .T. ) ;
#3918 = CARTESIAN_POINT ( 'NONE',  ( 50.89999999999999147, 8.750000000000000000, 15.70000000000000284 ) ) ;
#3919 = CARTESIAN_POINT ( 'NONE',  ( 2.000000000000000000, 8.491506350946107062, -14.20772043263246154 ) ) ;
#3920 = DIRECTION ( 'NONE',  ( 1.000000000000000000, 0.000000000000000000, -0.000000000000000000 ) ) ;
#3921 = CARTESIAN_POINT ( 'NONE',  ( 44.50000000000000000, 0.000000000000000000, 0.000000000000000000 ) ) ;
#3922 = DIRECTION ( 'NONE',  ( -1.000000000000000000, 0.000000000000000000, 0.000000000000000000 ) ) ;
#3923 = ORIENTED_EDGE ( 'NONE', *, *, #104, .T. ) ;
#3924 = ORIENTED_EDGE ( 'NONE', *, *, #1281, .T. ) ;
#3925 = EDGE_CURVE ( 'NONE', #2375, #2104, #1521, .T. ) ;
#3926 = LINE ( 'NONE', #1368, #4559 ) ;
#3927 =( LENGTH_UNIT ( ) NAMED_UNIT ( * ) SI_UNIT ( .MILLI., .METRE. ) );
#3928 = ORIENTED_EDGE ( 'NONE', *, *, #1361, .F. ) ;
#3929 = ORIENTED_EDGE ( 'NONE', *, *, #1913, .T. ) ;
#3930 = CARTESIAN_POINT ( 'NONE',  ( 0.2000000000000000111, 7.750000000000006217, 14.72339375865879418 ) ) ;
#3931 = CARTESIAN_POINT ( 'NONE',  ( 52.50000000000000000, 4.740253157796518124, 15.70000000000000284 ) ) ;
#3932 = EDGE_CURVE ( 'NONE', #4287, #1635, #4269, .T. ) ;
#3933 = ORIENTED_EDGE ( 'NONE', *, *, #1795, .T. ) ;
#3934 = EDGE_CURVE ( 'NONE', #672, #496, #404, .T. ) ;
#3935 =( NAMED_UNIT ( * ) SI_UNIT ( $, .STERADIAN. ) SOLID_ANGLE_UNIT ( ) );
#3936 = CARTESIAN_POINT ( 'NONE',  ( 0.2000000000000000111, -15.50000000000000000, -8.673617379884035472E-16 ) ) ;
#3937 = DIRECTION ( 'NONE',  ( -0.000000000000000000, -0.6314199358297803988, -0.7754410774757267699 ) ) ;
#3938 = AXIS2_PLACEMENT_3D ( 'NONE', #2418, #2760, #4174 ) ;
#3939 = ADVANCED_FACE ( 'NONE', ( #1129 ), #2568, .T. ) ;
#3940 = EDGE_CURVE ( 'NONE', #2023, #2193, #2022, .T. ) ;
#3941 = UNCERTAINTY_MEASURE_WITH_UNIT (LENGTH_MEASURE( 1.000000000000000082E-05 ), #1478, 'distance_accuracy_value', 'NONE');
#3942 = PLANE ( 'NONE',  #636 ) ;
#3943 = MECHANICAL_DESIGN_GEOMETRIC_PRESENTATION_REPRESENTATION (  '', ( #1297 ), #2740 ) ;
#3944 = AXIS2_PLACEMENT_3D ( 'NONE', #1693, #3141, #4250 ) ;
#3945 = CARTESIAN_POINT ( 'NONE',  ( 0.000000000000000000, 6.715673326026347034, 13.73188740771268890 ) ) ;
#3946 = DIRECTION ( 'NONE',  ( -1.000000000000000000, 0.000000000000000000, 0.000000000000000000 ) ) ;
#3947 = ORIENTED_EDGE ( 'NONE', *, *, #1359, .T. ) ;
#3948 = ORIENTED_EDGE ( 'NONE', *, *, #2706, .F. ) ;
#3949 = MECHANICAL_DESIGN_GEOMETRIC_PRESENTATION_REPRESENTATION (  '', ( #3346 ), #1674 ) ;
#3950 = VECTOR ( 'NONE', #2865, 1000.000000000000000 ) ;
#3951 = SURFACE_SIDE_STYLE ('',( #1042 ) ) ;
#3952 = MECHANICAL_DESIGN_GEOMETRIC_PRESENTATION_REPRESENTATION (  '', ( #2986 ), #269 ) ;
#3953 = DIRECTION ( 'NONE',  ( 0.000000000000000000, 0.000000000000000000, -1.000000000000000000 ) ) ;
#3954 = ORIENTED_EDGE ( 'NONE', *, *, #51, .T. ) ;
#3955 = DIRECTION ( 'NONE',  ( 0.000000000000000000, 0.8660254037844433705, -0.4999999999999920064 ) ) ;
#3956 = ORIENTED_EDGE ( 'NONE', *, *, #3529, .T. ) ;
#3957 = AXIS2_PLACEMENT_3D ( 'NONE', #1802, #1103, #3240 ) ;
#3958 = ORIENTED_EDGE ( 'NONE', *, *, #4522, .F. ) ;
#3959 = LINE ( 'NONE', #728, #3355 ) ;
#3960 = CARTESIAN_POINT ( 'NONE',  ( 0.000000000000000000, 7.441506350946116122, 12.38906708468513784 ) ) ;
#3961 = VECTOR ( 'NONE', #709, 1000.000000000000000 ) ;
#3962 = MECHANICAL_DESIGN_GEOMETRIC_PRESENTATION_REPRESENTATION (  '', ( #1613 ), #2340 ) ;
#3963 = ORIENTED_EDGE ( 'NONE', *, *, #4159, .F. ) ;
#3964 = SURFACE_SIDE_STYLE ('',( #1075 ) ) ;
#3965 = CIRCLE ( 'NONE', #4566, 16.39999999999999858 ) ;
#3966 = CARTESIAN_POINT ( 'NONE',  ( 50.89999999999999147, 8.750000000000000000, 15.70000000000000284 ) ) ;
#3967 = VERTEX_POINT ( 'NONE', #1261 ) ;
#3968 =( LENGTH_UNIT ( ) NAMED_UNIT ( * ) SI_UNIT ( .MILLI., .METRE. ) );
#3969 = ADVANCED_FACE ( 'NONE', ( #3785 ), #3408, .T. ) ;
#3970 = FILL_AREA_STYLE_COLOUR ( '', #4611 ) ;
#3971 = LINE ( 'NONE', #29, #3049 ) ;
#3972 = VECTOR ( 'NONE', #3195, 1000.000000000000114 ) ;
#3973 = DIRECTION ( 'NONE',  ( -1.000000000000000000, -0.000000000000000000, -0.000000000000000000 ) ) ;
#3974 = AXIS2_PLACEMENT_3D ( 'NONE', #1701, #254, #1677 ) ;
#3975 = DIRECTION ( 'NONE',  ( 0.000000000000000000, -0.000000000000000000, 1.000000000000000000 ) ) ;
#3976 = CARTESIAN_POINT ( 'NONE',  ( 47.50000000000000000, 7.950000000000000178, 12.20000000000000284 ) ) ;
#3977 = ORIENTED_EDGE ( 'NONE', *, *, #2808, .F. ) ;
#3978 = VERTEX_POINT ( 'NONE', #4525 ) ;
#3979 =( GEOMETRIC_REPRESENTATION_CONTEXT ( 3 ) GLOBAL_UNCERTAINTY_ASSIGNED_CONTEXT ( ( #2674 ) ) GLOBAL_UNIT_ASSIGNED_CONTEXT ( ( #2917, #443, #4374 ) ) REPRESENTATION_CONTEXT ( 'NONE', 'WORKASPACE' ) );
#3980 = CARTESIAN_POINT ( 'NONE',  ( 0.000000000000000000, 7.750000000000006217, 12.12339375865879987 ) ) ;
#3981 = MECHANICAL_DESIGN_GEOMETRIC_PRESENTATION_REPRESENTATION (  '', ( #3672 ), #3979 ) ;
#3982 = DIRECTION ( 'NONE',  ( 0.000000000000000000, 0.000000000000000000, -1.000000000000000000 ) ) ;
#3983 = FACE_OUTER_BOUND ( 'NONE', #2467, .T. ) ;
#3984 = ORIENTED_EDGE ( 'NONE', *, *, #3485, .T. ) ;
#3985 = EDGE_LOOP ( 'NONE', ( #4323, #945, #4078, #1518 ) ) ;
#3986 = DIRECTION ( 'NONE',  ( 0.000000000000000000, 0.8660254037844379305, -0.5000000000000013323 ) ) ;
#3987 = ADVANCED_FACE ( 'NONE', ( #2313 ), #2645, .T. ) ;
#3988 = DIRECTION ( 'NONE',  ( 1.000000000000000000, -0.000000000000000000, -0.000000000000000000 ) ) ;
#3989 = LINE ( 'NONE', #1835, #3661 ) ;
#3990 = SURFACE_STYLE_USAGE ( .BOTH. , #28 ) ;
#3991 = CYLINDRICAL_SURFACE ( 'NONE', #2818, 1.500000000000000000 ) ;
#3992 = UNCERTAINTY_MEASURE_WITH_UNIT (LENGTH_MEASURE( 1.000000000000000082E-05 ), #3871, 'distance_accuracy_value', 'NONE');
#3993 = LINE ( 'NONE', #2251, #113 ) ;
#3994 = SURFACE_STYLE_USAGE ( .BOTH. , #2939 ) ;
#3995 = EDGE_LOOP ( 'NONE', ( #3513, #304, #3644, #1192 ) ) ;
#3996 = VERTEX_POINT ( 'NONE', #1200 ) ;
#3997 = DIRECTION ( 'NONE',  ( -0.000000000000000000, -1.000000000000000000, -0.000000000000000000 ) ) ;
#3998 = EDGE_CURVE ( 'NONE', #2880, #1034, #3743, .T. ) ;
#3999 = DIRECTION ( 'NONE',  ( 1.000000000000000000, 0.000000000000000000, 0.000000000000000000 ) ) ;
#4000 = EDGE_CURVE ( 'NONE', #377, #1399, #3665, .T. ) ;
#4001 = ORIENTED_EDGE ( 'NONE', *, *, #3777, .F. ) ;
#4002 = VERTEX_POINT ( 'NONE', #163 ) ;
#4003 = EDGE_CURVE ( 'NONE', #3002, #2690, #1633, .T. ) ;
#4004 = DIRECTION ( 'NONE',  ( 0.000000000000000000, -0.5000000000000013323, -0.8660254037844379305 ) ) ;
#4005 = CARTESIAN_POINT ( 'NONE',  ( 0.000000000000000000, 6.965673326026335488, -14.16490010960491119 ) ) ;
#4006 = ORIENTED_EDGE ( 'NONE', *, *, #3103, .F. ) ;
#4007 = LINE ( 'NONE', #3915, #1001 ) ;
#4008 = LINE ( 'NONE', #756, #1846 ) ;
#4009 = CARTESIAN_POINT ( 'NONE',  ( 0.2000000000000000111, 7.750000000000006217, 13.42339375865879703 ) ) ;
#4010 = DIRECTION ( 'NONE',  ( -1.000000000000000000, 0.000000000000000000, 0.000000000000000000 ) ) ;
#4011 = LINE ( 'NONE', #2246, #436 ) ;
#4012 = LINE ( 'NONE', #3325, #3950 ) ;
#4013 = FILL_AREA_STYLE_COLOUR ( '', #3799 ) ;
#4014 = CARTESIAN_POINT ( 'NONE',  ( 46.69999999999999574, -8.750000000000000000, 8.500000000000001776 ) ) ;
#4015 = ORIENTED_EDGE ( 'NONE', *, *, #4669, .T. ) ;
#4016 = EDGE_LOOP ( 'NONE', ( #3192, #1146, #4452, #1094 ) ) ;
#4017 = CIRCLE ( 'NONE', #185, 2.000000000000000000 ) ;
#4018 = DIRECTION ( 'NONE',  ( 0.000000000000000000, 0.000000000000000000, 1.000000000000000000 ) ) ;
#4019 = EDGE_CURVE ( 'NONE', #1239, #2998, #4077, .T. ) ;
#4020 =( LENGTH_UNIT ( ) NAMED_UNIT ( * ) SI_UNIT ( .MILLI., .METRE. ) );
#4021 = DIRECTION ( 'NONE',  ( 0.000000000000000000, 0.000000000000000000, 1.000000000000000000 ) ) ;
#4022 = CARTESIAN_POINT ( 'NONE',  ( 0.000000000000000000, 8.784326673973666288, 13.11490010960490515 ) ) ;
#4023 = ORIENTED_EDGE ( 'NONE', *, *, #1645, .T. ) ;
#4024 = EDGE_CURVE ( 'NONE', #496, #2375, #1967, .T. ) ;
#4025 = AXIS2_PLACEMENT_3D ( 'NONE', #2156, #4601, #3161 ) ;
#4026 = AXIS2_PLACEMENT_3D ( 'NONE', #1086, #1837, #2532 ) ;
#4027 = ORIENTED_EDGE ( 'NONE', *, *, #1076, .F. ) ;
#4028 = ADVANCED_FACE ( 'NONE', ( #1993 ), #3718, .T. ) ;
#4029 = CARTESIAN_POINT ( 'NONE',  ( 2.000000000000000000, -15.75000000000000000, 1.050000000000000044 ) ) ;
#4030 = EDGE_CURVE ( 'NONE', #2018, #1777, #1279, .T. ) ;
#4031 =( NAMED_UNIT ( * ) PLANE_ANGLE_UNIT ( ) SI_UNIT ( $, .RADIAN. ) );
#4032 = ORIENTED_EDGE ( 'NONE', *, *, #1918, .F. ) ;
#4033 = AXIS2_PLACEMENT_3D ( 'NONE', #2092, #1029, #3506 ) ;
#4034 = CLOSED_SHELL ( 'NONE', ( #1606, #4379, #2275, #1356, #3631, #2911, #258, #3396, #2259, #3888, #3094, #873, #3595, #462, #2968, #4488, #606, #4431, #4135, #1924, #4370, #991, #1467, #4491, #2647, #805, #2360, #3744, #3292, #2011, #1771, #4513, #2355, #2814, #4580, #1593, #2051, #1650, #1436, #685, #1132, #3332, #530, #1063, #2973, #2006, #201, #4146, #3182, #1938, #4437, #669, #4285, #1834, #2711, #7, #939, #2008, #2480, #3334, #2142, #2174, #1082, #3770, #2213, #4532, #1229, #4573, #1025, #217, #1290, #116, #464, #978, #2134, #2406, #333, #3676, #663, #3000, #2334, #2554, #3447, #3939, #3969, #1425, #3237, #903, #3815, #438, #2151, #1643, #591, #1483, #1555, #1423, #3797, #1225, #2845, #3444, #3681, #4028, #4283, #405, #2852, #4581, #3096, #2054, #4674, #4225, #3740, #1020, #648, #3098, #1978, #3102, #550, #2105, #3311, #3987, #4448, #3592, #142, #3429, #2951, #2903, #4354, #799, #2846, #4046, #3828, #3817, #2907, #3323, #3646 ) ) ;
#4035 = CARTESIAN_POINT ( 'NONE',  ( -6.000000000000000000, 7.000000000000000888, 6.000000000000000888 ) ) ;
#4036 = AXIS2_PLACEMENT_3D ( 'NONE', #2820, #1299, #279 ) ;
#4037 = CARTESIAN_POINT ( 'NONE',  ( 0.000000000000000000, 8.058493649053897201, 14.45772043263245621 ) ) ;
#4038 = LINE ( 'NONE', #4484, #2980 ) ;
#4039 = FACE_OUTER_BOUND ( 'NONE', #4673, .T. ) ;
#4040 =( GEOMETRIC_REPRESENTATION_CONTEXT ( 3 ) GLOBAL_UNCERTAINTY_ASSIGNED_CONTEXT ( ( #1651 ) ) GLOBAL_UNIT_ASSIGNED_CONTEXT ( ( #1464, #4358, #1142 ) ) REPRESENTATION_CONTEXT ( 'NONE', 'WORKASPACE' ) );
#4041 = AXIS2_PLACEMENT_3D ( 'NONE', #1712, #2501, #4584 ) ;
#4042 = AXIS2_PLACEMENT_3D ( 'NONE', #2882, #4, #3870 ) ;
#4043 = DIRECTION ( 'NONE',  ( 1.000000000000000000, -0.000000000000000000, -0.000000000000000000 ) ) ;
#4044 = PLANE ( 'NONE',  #293 ) ;
#4045 = ORIENTED_EDGE ( 'NONE', *, *, #2843, .F. ) ;
#4046 = ADVANCED_FACE ( 'NONE', ( #3455 ), #500, .F. ) ;
#4047 = PRESENTATION_LAYER_ASSIGNMENT (  '', '', ( #513 ) ) ;
#4048 = CARTESIAN_POINT ( 'NONE',  ( 52.50000000000000000, 8.750000000000000000, 15.70000000000000284 ) ) ;
#4049 = SURFACE_STYLE_FILL_AREA ( #518 ) ;
#4050 = DIRECTION ( 'NONE',  ( -0.000000000000000000, 0.8660254037844390407, 0.4999999999999992228 ) ) ;
#4051 = STYLED_ITEM ( 'NONE', ( #4226 ), #939 ) ;
#4052 = DIRECTION ( 'NONE',  ( 0.000000000000000000, 0.000000000000000000, 1.000000000000000000 ) ) ;
#4053 = FILL_AREA_STYLE ('',( #3290 ) ) ;
#4054 = VERTEX_POINT ( 'NONE', #4130 ) ;
#4055 = EDGE_LOOP ( 'NONE', ( #1824, #1995, #1541, #1158 ) ) ;
#4056 = DIRECTION ( 'NONE',  ( 0.000000000000000000, 0.000000000000000000, 1.000000000000000000 ) ) ;
#4057 = DIRECTION ( 'NONE',  ( -0.000000000000000000, 0.000000000000000000, 1.000000000000000000 ) ) ;
#4058 = DIRECTION ( 'NONE',  ( -0.000000000000000000, 0.4999999999999973910, -0.8660254037844401509 ) ) ;
#4059 = ORIENTED_EDGE ( 'NONE', *, *, #2663, .T. ) ;
#4060 = VECTOR ( 'NONE', #3380, 1000.000000000000000 ) ;
#4061 = CARTESIAN_POINT ( 'NONE',  ( 0.2000000000000000111, 7.749999999999998224, -14.72339375865880129 ) ) ;
#4062 = ORIENTED_EDGE ( 'NONE', *, *, #2354, .T. ) ;
#4063 = FACE_OUTER_BOUND ( 'NONE', #1434, .T. ) ;
#4064 = CARTESIAN_POINT ( 'NONE',  ( 51.69999999999999574, -8.750000000000000000, 15.70000000000000284 ) ) ;
#4065 = LINE ( 'NONE', #1116, #330 ) ;
#4066 = CARTESIAN_POINT ( 'NONE',  ( 0.000000000000000000, 7.841506350946106707, -13.08188740771269210 ) ) ;
#4067 = ORIENTED_EDGE ( 'NONE', *, *, #2215, .T. ) ;
#4068 = DIRECTION ( 'NONE',  ( 1.000000000000000000, -0.000000000000000000, -0.000000000000000000 ) ) ;
#4069 = CARTESIAN_POINT ( 'NONE',  ( 0.000000000000000000, 0.000000000000000000, -15.50000000000000000 ) ) ;
#4070 = FACE_OUTER_BOUND ( 'NONE', #2795, .T. ) ;
#4071 =( NAMED_UNIT ( * ) SI_UNIT ( $, .STERADIAN. ) SOLID_ANGLE_UNIT ( ) );
#4072 = ORIENTED_EDGE ( 'NONE', *, *, #3352, .F. ) ;
#4073 = PRODUCT_DEFINITION ( '未知', '', #4583, #733 ) ;
#4074 = ORIENTED_EDGE ( 'NONE', *, *, #166, .F. ) ;
#4075 = APPLICATION_PROTOCOL_DEFINITION ( 'draft international standard', 'automotive_design', 1998, #589 ) ;
#4076 = CARTESIAN_POINT ( 'NONE',  ( 0.5000000000000000000, 7.163571428571426480, -9.998662129892933237 ) ) ;
#4077 = LINE ( 'NONE', #566, #4199 ) ;
#4078 = ORIENTED_EDGE ( 'NONE', *, *, #2363, .T. ) ;
#4079 = EDGE_LOOP ( 'NONE', ( #1989, #3201, #1597, #144 ) ) ;
#4080 = LINE ( 'NONE', #193, #3108 ) ;
#4081 =( LENGTH_UNIT ( ) NAMED_UNIT ( * ) SI_UNIT ( .MILLI., .METRE. ) );
#4082 = FILL_AREA_STYLE ('',( #1205 ) ) ;
#4083 = EDGE_CURVE ( 'NONE', #1466, #452, #2079, .T. ) ;
#4084 = EDGE_CURVE ( 'NONE', #4191, #1377, #3206, .T. ) ;
#4085 = CARTESIAN_POINT ( 'NONE',  ( 44.00000000000000000, 0.000000000000000000, 0.000000000000000000 ) ) ;
#4086 = UNCERTAINTY_MEASURE_WITH_UNIT (LENGTH_MEASURE( 1.000000000000000082E-05 ), #1536, 'distance_accuracy_value', 'NONE');
#4087 = EDGE_CURVE ( 'NONE', #753, #1737, #3768, .T. ) ;
#4088 = PRESENTATION_STYLE_ASSIGNMENT (( #1595 ) ) ;
#4089 = CARTESIAN_POINT ( 'NONE',  ( 2.000000000000000000, 7.408493649053896846, 13.33188740771268677 ) ) ;
#4090 = EDGE_CURVE ( 'NONE', #1067, #120, #3822, .T. ) ;
#4091 = EDGE_LOOP ( 'NONE', ( #4665, #2523, #642, #4006 ) ) ;
#4092 = CARTESIAN_POINT ( 'NONE',  ( 2.000000000000000000, -15.50000000000000000, 1.499999999999999112 ) ) ;
#4093 = CARTESIAN_POINT ( 'NONE',  ( 6.000000000000000000, -13.42339375865886986, 7.749999999999874767 ) ) ;
#4094 = AXIS2_PLACEMENT_3D ( 'NONE', #153, #1574, #3070 ) ;
#4095 = LINE ( 'NONE', #862, #3129 ) ;
#4096 = DIRECTION ( 'NONE',  ( 0.000000000000000000, 0.000000000000000000, -1.000000000000000000 ) ) ;
#4097 =( LENGTH_UNIT ( ) NAMED_UNIT ( * ) SI_UNIT ( .MILLI., .METRE. ) );
#4098 = EDGE_LOOP ( 'NONE', ( #867, #3527, #3065, #2732, #931, #1120 ) ) ;
#4099 = EDGE_LOOP ( 'NONE', ( #4324, #1941, #4260, #3933, #282, #1519, #3319, #3474, #1869, #3245, #399, #1647 ) ) ;
#4100 = VECTOR ( 'NONE', #261, 1000.000000000000000 ) ;
#4101 = PLANE ( 'NONE',  #4036 ) ;
#4102 = CIRCLE ( 'NONE', #2053, 0.2000000000000000944 ) ;
#4103 = DIRECTION ( 'NONE',  ( 0.000000000000000000, -0.5000000000000015543, -0.8660254037844378194 ) ) ;
#4104 = ORIENTED_EDGE ( 'NONE', *, *, #451, .F. ) ;
#4105 = ORIENTED_EDGE ( 'NONE', *, *, #4019, .T. ) ;
#4106 = CIRCLE ( 'NONE', #2821, 2.000000000000000000 ) ;
#4107 = AXIS2_PLACEMENT_3D ( 'NONE', #2696, #1976, #832 ) ;
#4108 = FILL_AREA_STYLE ('',( #149 ) ) ;
#4109 = SURFACE_STYLE_USAGE ( .BOTH. , #3460 ) ;
#4110 = CARTESIAN_POINT ( 'NONE',  ( 50.89999999999999147, 8.750000000000000000, 12.20000000000000284 ) ) ;
#4111 = SURFACE_STYLE_FILL_AREA ( #922 ) ;
#4112 = VECTOR ( 'NONE', #226, 1000.000000000000000 ) ;
#4113 = CIRCLE ( 'NONE', #1683, 2.000000000000000000 ) ;
#4114 = DIRECTION ( 'NONE',  ( -1.000000000000000000, -0.000000000000000000, 0.000000000000000000 ) ) ;
#4115 = LINE ( 'NONE', #3730, #3522 ) ;
#4116 = AXIS2_PLACEMENT_3D ( 'NONE', #1516, #3337, #2614 ) ;
#4117 = STYLED_ITEM ( 'NONE', ( #3289 ), #3098 ) ;
#4118 = EDGE_LOOP ( 'NONE', ( #3556, #3597, #3299, #4478 ) ) ;
#4119 = FACE_OUTER_BOUND ( 'NONE', #2714, .T. ) ;
#4120 = PLANE ( 'NONE',  #859 ) ;
#4121 = AXIS2_PLACEMENT_3D ( 'NONE', #4530, #1638, #3826 ) ;
#4122 = DIRECTION ( 'NONE',  ( 0.000000000000000000, 0.000000000000000000, 1.000000000000000000 ) ) ;
#4123 = EDGE_CURVE ( 'NONE', #4593, #4264, #4505, .T. ) ;
#4124 = DIRECTION ( 'NONE',  ( 0.000000000000000000, 0.000000000000000000, 1.000000000000000000 ) ) ;
#4125 = ORIENTED_EDGE ( 'NONE', *, *, #3682, .F. ) ;
#4126 = ORIENTED_EDGE ( 'NONE', *, *, #4083, .F. ) ;
#4127 = CIRCLE ( 'NONE', #1931, 16.39999999999999858 ) ;
#4128 = FILL_AREA_STYLE ('',( #2688 ) ) ;
#4129 = VECTOR ( 'NONE', #1124, 1000.000000000000000 ) ;
#4130 = CARTESIAN_POINT ( 'NONE',  ( 2.000000000000000000, 7.408493649053887076, -13.33188740771269210 ) ) ;
#4131 = ORIENTED_EDGE ( 'NONE', *, *, #2770, .F. ) ;
#4132 = AXIS2_PLACEMENT_3D ( 'NONE', #4247, #4622, #1009 ) ;
#4133 = CARTESIAN_POINT ( 'NONE',  ( 0.000000000000000000, 7.749999999999998224, -13.42339375865880058 ) ) ;
#4134 = DIRECTION ( 'NONE',  ( 0.000000000000000000, 0.000000000000000000, -1.000000000000000000 ) ) ;
#4135 = ADVANCED_FACE ( 'NONE', ( #2286 ), #2088, .F. ) ;
#4136 = CYLINDRICAL_SURFACE ( 'NONE', #4094, 18.30000000000000071 ) ;
#4137 = UNCERTAINTY_MEASURE_WITH_UNIT (LENGTH_MEASURE( 1.000000000000000082E-05 ), #1294, 'distance_accuracy_value', 'NONE');
#4138 =( NAMED_UNIT ( * ) SI_UNIT ( $, .STERADIAN. ) SOLID_ANGLE_UNIT ( ) );
#4139 = CARTESIAN_POINT ( 'NONE',  ( 2.000000000000000000, 8.091506350946106707, -13.51490010960491261 ) ) ;
#4140 = DIRECTION ( 'NONE',  ( -0.000000000000000000, -0.000000000000000000, 1.000000000000000000 ) ) ;
#4141 = PLANE ( 'NONE',  #1686 ) ;
#4142 =( NAMED_UNIT ( * ) PLANE_ANGLE_UNIT ( ) SI_UNIT ( $, .RADIAN. ) );
#4143 = CARTESIAN_POINT ( 'NONE',  ( 20.49999999999999645, 0.000000000000000000, 0.000000000000000000 ) ) ;
#4144 = ORIENTED_EDGE ( 'NONE', *, *, #2623, .T. ) ;
#4145 = ORIENTED_EDGE ( 'NONE', *, *, #4628, .T. ) ;
#4146 = ADVANCED_FACE ( 'NONE', ( #303 ), #3191, .T. ) ;
#4147 = CARTESIAN_POINT ( 'NONE',  ( 0.000000000000000000, 0.000000000000000000, 0.000000000000000000 ) ) ;
#4148 = EDGE_CURVE ( 'NONE', #3663, #81, #4259, .T. ) ;
#4149 = DIRECTION ( 'NONE',  ( -0.000000000000000000, 0.8660254037844381525, -0.5000000000000008882 ) ) ;
#4150 = DIRECTION ( 'NONE',  ( -0.000000000000000000, -0.8660254037844385966, 0.5000000000000000000 ) ) ;
#4151 = EDGE_LOOP ( 'NONE', ( #720, #1729, #3748, #822 ) ) ;
#4152 = EDGE_CURVE ( 'NONE', #1499, #4353, #3859, .T. ) ;
#4153 = ORIENTED_EDGE ( 'NONE', *, *, #2496, .F. ) ;
#4154 = DIRECTION ( 'NONE',  ( 0.000000000000000000, 1.000000000000000000, 1.224646799147353207E-16 ) ) ;
#4155 = CARTESIAN_POINT ( 'NONE',  ( 0.000000000000000000, 7.749999999999998224, -13.42339375865880058 ) ) ;
#4156 = LINE ( 'NONE', #3725, #3435 ) ;
#4157 = CARTESIAN_POINT ( 'NONE',  ( 0.5000000000000004441, 0.000000000000000000, 18.30000000000000071 ) ) ;
#4158 = CARTESIAN_POINT ( 'NONE',  ( 2.000000000000000000, -15.50000000000000000, -8.673617379884035472E-16 ) ) ;
#4159 = EDGE_CURVE ( 'NONE', #3013, #1314, #3071, .T. ) ;
#4160 = DIRECTION ( 'NONE',  ( -1.000000000000000000, -0.000000000000000000, -0.000000000000000000 ) ) ;
#4161 = DIRECTION ( 'NONE',  ( 1.000000000000000000, -0.000000000000000000, -0.000000000000000000 ) ) ;
#4162 = CARTESIAN_POINT ( 'NONE',  ( 2.000000000000000000, 8.091506350946106707, -13.51490010960491261 ) ) ;
#4163 = SURFACE_STYLE_FILL_AREA ( #2280 ) ;
#4164 = CYLINDRICAL_SURFACE ( 'NONE', #3007, 1.500000000000000444 ) ;
#4165 = ORIENTED_EDGE ( 'NONE', *, *, #1357, .T. ) ;
#4166 = ORIENTED_EDGE ( 'NONE', *, *, #4523, .T. ) ;
#4167 = EDGE_CURVE ( 'NONE', #1994, #842, #2850, .T. ) ;
#4168 = PRESENTATION_STYLE_ASSIGNMENT (( #3716 ) ) ;
#4169 = DIRECTION ( 'NONE',  ( -0.000000000000000000, -1.000000000000000000, -0.000000000000000000 ) ) ;
#4170 = ORIENTED_EDGE ( 'NONE', *, *, #4289, .T. ) ;
#4171 = AXIS2_PLACEMENT_3D ( 'NONE', #4613, #2026, #236 ) ;
#4172 = EDGE_CURVE ( 'NONE', #4401, #47, #3574, .T. ) ;
#4174 = DIRECTION ( 'NONE',  ( 0.000000000000000000, 0.000000000000000000, -1.000000000000000000 ) ) ;
#4173 = VECTOR ( 'NONE', #1011, 1000.000000000000000 ) ;
#4175 = EDGE_CURVE ( 'NONE', #1302, #2895, #3100, .T. ) ;
#4176 = CARTESIAN_POINT ( 'NONE',  ( -6.000000000000000000, 7.000000000000000888, 6.000000000000000888 ) ) ;
#4177 = LINE ( 'NONE', #2764, #2157 ) ;
#4178 = VERTEX_POINT ( 'NONE', #4196 ) ;
#4179 = AXIS2_PLACEMENT_3D ( 'NONE', #2503, #740, #3276 ) ;
#4180 = CARTESIAN_POINT ( 'NONE',  ( 2.000000000000000000, -15.50000000000000000, -8.673617379884035472E-16 ) ) ;
#4181 = CIRCLE ( 'NONE', #2227, 16.39999999999999858 ) ;
#4182 = COLOUR_RGB ( '',0.8000000000000000444, 0.8078431372549019773, 0.8000000000000000444 ) ;
#4183 = CARTESIAN_POINT ( 'NONE',  ( 56.20000000000000284, 0.000000000000000000, 16.39999999999999858 ) ) ;
#4184 = DIRECTION ( 'NONE',  ( 1.000000000000000000, -0.000000000000000000, -0.000000000000000000 ) ) ;
#4185 = STYLED_ITEM ( 'NONE', ( #351 ), #3094 ) ;
#4186 =( NAMED_UNIT ( * ) PLANE_ANGLE_UNIT ( ) SI_UNIT ( $, .RADIAN. ) );
#4187 = VECTOR ( 'NONE', #2488, 1000.000000000000000 ) ;
#4188 =( GEOMETRIC_REPRESENTATION_CONTEXT ( 3 ) GLOBAL_UNCERTAINTY_ASSIGNED_CONTEXT ( ( #2749 ) ) GLOBAL_UNIT_ASSIGNED_CONTEXT ( ( #3588, #2789, #3935 ) ) REPRESENTATION_CONTEXT ( 'NONE', 'WORKASPACE' ) );
#4189 = FACE_BOUND ( 'NONE', #2927, .T. ) ;
#4190 = PRESENTATION_STYLE_ASSIGNMENT (( #1668 ) ) ;
#4191 = VERTEX_POINT ( 'NONE', #4569 ) ;
#4192 = VERTEX_POINT ( 'NONE', #1326 ) ;
#4193 = EDGE_CURVE ( 'NONE', #842, #3079, #1108, .T. ) ;
#4194 = CIRCLE ( 'NONE', #1847, 15.89999999999999680 ) ;
#4195 = CARTESIAN_POINT ( 'NONE',  ( -6.000000000000000000, 7.000000000000000000, -3.000000000000000000 ) ) ;
#4196 = CARTESIAN_POINT ( 'NONE',  ( 6.000000000000000000, 13.42339375865881657, -6.249999999999968026 ) ) ;
#4197 = EDGE_LOOP ( 'NONE', ( #1801, #1775, #1328, #88 ) ) ;
#4198 = EDGE_LOOP ( 'NONE', ( #374, #4072, #1897, #468, #3635, #3340 ) ) ;
#4199 = VECTOR ( 'NONE', #233, 1000.000000000000000 ) ;
#4200 = DIRECTION ( 'NONE',  ( -1.000000000000000000, 0.000000000000000000, 0.000000000000000000 ) ) ;
#4201 = CARTESIAN_POINT ( 'NONE',  ( 0.000000000000000000, 0.000000000000000000, 12.30000000000000071 ) ) ;
#4202 = DIRECTION ( 'NONE',  ( 1.000000000000000000, -0.000000000000000000, -0.000000000000000000 ) ) ;
#4203 =( NAMED_UNIT ( * ) PLANE_ANGLE_UNIT ( ) SI_UNIT ( $, .RADIAN. ) );
#4204 = ORIENTED_EDGE ( 'NONE', *, *, #1784, .F. ) ;
#4205 = AXIS2_PLACEMENT_3D ( 'NONE', #3690, #4672, #1417 ) ;
#4206 = DIRECTION ( 'NONE',  ( -1.000000000000000000, -0.000000000000000000, -0.000000000000000000 ) ) ;
#4207 = PRESENTATION_LAYER_ASSIGNMENT (  '', '', ( #3672 ) ) ;
#4208 = DIRECTION ( 'NONE',  ( -0.000000000000000000, 0.000000000000000000, -1.000000000000000000 ) ) ;
#4209 = SURFACE_STYLE_FILL_AREA ( #4517 ) ;
#4210 =( LENGTH_UNIT ( ) NAMED_UNIT ( * ) SI_UNIT ( .MILLI., .METRE. ) );
#4211 = CYLINDRICAL_SURFACE ( 'NONE', #4430, 1.500000000000001332 ) ;
#4212 = ORIENTED_EDGE ( 'NONE', *, *, #1078, .T. ) ;
#4213 = ORIENTED_EDGE ( 'NONE', *, *, #1266, .F. ) ;
#4214 = FILL_AREA_STYLE_COLOUR ( '', #1174 ) ;
#4215 = PLANE ( 'NONE',  #2446 ) ;
#4216 = EDGE_LOOP ( 'NONE', ( #1364, #4536 ) ) ;
#4217 = VERTEX_POINT ( 'NONE', #3167 ) ;
#4218 = LINE ( 'NONE', #2734, #2290 ) ;
#4219 = CARTESIAN_POINT ( 'NONE',  ( 2.000000000000000000, -15.25000000000000000, -0.2500000000000002220 ) ) ;
#4220 = CARTESIAN_POINT ( 'NONE',  ( 2.000000000000000000, 6.715673326026336376, -13.73188740771269245 ) ) ;
#4221 = EDGE_LOOP ( 'NONE', ( #718, #1006, #3523, #632 ) ) ;
#4222 =( NAMED_UNIT ( * ) SI_UNIT ( $, .STERADIAN. ) SOLID_ANGLE_UNIT ( ) );
#4223 = EDGE_CURVE ( 'NONE', #2359, #4593, #2400, .T. ) ;
#4224 = DIRECTION ( 'NONE',  ( -1.000000000000000000, 0.000000000000000000, 0.000000000000000000 ) ) ;
#4225 = ADVANCED_FACE ( 'NONE', ( #2060 ), #3500, .F. ) ;
#4226 = PRESENTATION_STYLE_ASSIGNMENT (( #1663 ) ) ;
#4227 = EDGE_CURVE ( 'NONE', #930, #3216, #1346, .T. ) ;
#4228 = DIRECTION ( 'NONE',  ( -0.000000000000000000, -0.000000000000000000, 1.000000000000000000 ) ) ;
#4229 = EDGE_CURVE ( 'NONE', #2299, #848, #3886, .T. ) ;
#4230 = DIRECTION ( 'NONE',  ( 0.000000000000000000, 0.8660254037844432595, -0.4999999999999919509 ) ) ;
#4231 = EDGE_CURVE ( 'NONE', #913, #2544, #1557, .T. ) ;
#4232 = DIRECTION ( 'NONE',  ( -1.000000000000000000, -0.000000000000000000, -0.000000000000000000 ) ) ;
#4233 = ORIENTED_EDGE ( 'NONE', *, *, #191, .T. ) ;
#4234 = ORIENTED_EDGE ( 'NONE', *, *, #1359, .F. ) ;
#4235 = SURFACE_SIDE_STYLE ('',( #3857 ) ) ;
#4236 = CARTESIAN_POINT ( 'NONE',  ( 0.000000000000000000, -16.54999999999999716, -0.2500000000000002220 ) ) ;
#4237 = ORIENTED_EDGE ( 'NONE', *, *, #3801, .F. ) ;
#4238 = ORIENTED_EDGE ( 'NONE', *, *, #1037, .F. ) ;
#4239 = CARTESIAN_POINT ( 'NONE',  ( 2.000000000000000000, 8.491506350946107062, -14.20772043263246154 ) ) ;
#4240 = ORIENTED_EDGE ( 'NONE', *, *, #2800, .F. ) ;
#4241 = FACE_OUTER_BOUND ( 'NONE', #3636, .T. ) ;
#4242 =( NAMED_UNIT ( * ) PLANE_ANGLE_UNIT ( ) SI_UNIT ( $, .RADIAN. ) );
#4243 = COLOUR_RGB ( '',1.000000000000000000, 1.000000000000000000, 1.000000000000000000 ) ;
#4244 = EDGE_LOOP ( 'NONE', ( #2069, #2063, #3361, #2136 ) ) ;
#4245 = SURFACE_STYLE_USAGE ( .BOTH. , #3850 ) ;
#4246 = CARTESIAN_POINT ( 'NONE',  ( 2.000000000000000000, 7.749999999999998224, -13.42339375865880058 ) ) ;
#4247 = CARTESIAN_POINT ( 'NONE',  ( 0.000000000000000000, 6.965673326026335488, -14.16490010960491119 ) ) ;
#4248 = AXIS2_PLACEMENT_3D ( 'NONE', #56, #2577, #388 ) ;
#4249 = AXIS2_PLACEMENT_3D ( 'NONE', #2118, #3483, #1334 ) ;
#4250 = DIRECTION ( 'NONE',  ( 0.000000000000000000, -0.000000000000000000, -1.000000000000000000 ) ) ;
#4251 = PRESENTATION_LAYER_ASSIGNMENT (  '', '', ( #3268 ) ) ;
#4252 = CARTESIAN_POINT ( 'NONE',  ( 2.000000000000000000, 8.058493649053897201, 14.45772043263245621 ) ) ;
#4253 = ORIENTED_EDGE ( 'NONE', *, *, #1608, .F. ) ;
#4254 = VERTEX_POINT ( 'NONE', #1517 ) ;
#4255 = LINE ( 'NONE', #4279, #1224 ) ;
#4256 = AXIS2_PLACEMENT_3D ( 'NONE', #1992, #3407, #2262 ) ;
#4257 = LINE ( 'NONE', #2021, #200 ) ;
#4258 = PLANE ( 'NONE',  #947 ) ;
#4259 = LINE ( 'NONE', #1023, #3600 ) ;
#4260 = ORIENTED_EDGE ( 'NONE', *, *, #2000, .T. ) ;
#4261 = ORIENTED_EDGE ( 'NONE', *, *, #4439, .T. ) ;
#4262 = PRESENTATION_LAYER_ASSIGNMENT (  '', '', ( #2071 ) ) ;
#4263 = LINE ( 'NONE', #2091, #3715 ) ;
#4264 = VERTEX_POINT ( 'NONE', #424 ) ;
#4265 = AXIS2_PLACEMENT_3D ( 'NONE', #3219, #4678, #981 ) ;
#4266 = DIRECTION ( 'NONE',  ( -0.000000000000000000, -0.000000000000000000, 1.000000000000000000 ) ) ;
#4267 = EDGE_LOOP ( 'NONE', ( #4104, #3387 ) ) ;
#4268 = DIRECTION ( 'NONE',  ( 0.000000000000000000, 0.000000000000000000, 1.000000000000000000 ) ) ;
#4269 = CIRCLE ( 'NONE', #2838, 12.30000000000000071 ) ;
#4270 = EDGE_LOOP ( 'NONE', ( #3163, #3788, #1139, #355, #2473, #237, #4304, #4027 ) ) ;
#4271 = EDGE_CURVE ( 'NONE', #612, #4579, #2615, .T. ) ;
#4272 = CARTESIAN_POINT ( 'NONE',  ( 44.50000000000000000, 0.000000000000000000, 16.39999999999999858 ) ) ;
#4273 = UNCERTAINTY_MEASURE_WITH_UNIT (LENGTH_MEASURE( 1.000000000000000082E-05 ), #1947, 'distance_accuracy_value', 'NONE');
#4274 = VECTOR ( 'NONE', #3309, 1000.000000000000000 ) ;
#4275 =( NAMED_UNIT ( * ) PLANE_ANGLE_UNIT ( ) SI_UNIT ( $, .RADIAN. ) );
#4276 = DIRECTION ( 'NONE',  ( -1.000000000000000000, -0.000000000000000000, -0.000000000000000000 ) ) ;
#4277 = ORIENTED_EDGE ( 'NONE', *, *, #748, .F. ) ;
#4278 = ORIENTED_EDGE ( 'NONE', *, *, #3053, .F. ) ;
#4279 = CARTESIAN_POINT ( 'NONE',  ( 2.000000000000000000, 8.586697387972222373, 14.37259614518684181 ) ) ;
#4280 = CARTESIAN_POINT ( 'NONE',  ( 44.50000000000000000, 0.000000000000000000, 0.000000000000000000 ) ) ;
#4281 = CARTESIAN_POINT ( 'NONE',  ( 51.69999999999999574, 8.750000000000000000, 12.20000000000000284 ) ) ;
#4282 = VERTEX_POINT ( 'NONE', #1850 ) ;
#4283 = ADVANCED_FACE ( 'NONE', ( #3983 ), #2514, .T. ) ;
#4284 = ORIENTED_EDGE ( 'NONE', *, *, #603, .T. ) ;
#4285 = ADVANCED_FACE ( 'NONE', ( #1066 ), #2969, .F. ) ;
#4286 = DIRECTION ( 'NONE',  ( 0.000000000000000000, 0.8660254037844328234, 0.5000000000000101030 ) ) ;
#4287 = VERTEX_POINT ( 'NONE', #3258 ) ;
#4288 =( NAMED_UNIT ( * ) SI_UNIT ( $, .STERADIAN. ) SOLID_ANGLE_UNIT ( ) );
#4289 = EDGE_CURVE ( 'NONE', #392, #1015, #1778, .T. ) ;
#4290 = DIRECTION ( 'NONE',  ( -1.000000000000000000, 0.000000000000000000, 0.000000000000000000 ) ) ;
#4291 = ORIENTED_EDGE ( 'NONE', *, *, #2705, .F. ) ;
#4292 = ORIENTED_EDGE ( 'NONE', *, *, #1177, .F. ) ;
#4293 = DIRECTION ( 'NONE',  ( -1.000000000000000000, 0.000000000000000000, 0.000000000000000000 ) ) ;
#4294 = CARTESIAN_POINT ( 'NONE',  ( 51.69999999999999574, -7.950000000000000178, 12.20000000000000284 ) ) ;
#4295 =( NAMED_UNIT ( * ) PLANE_ANGLE_UNIT ( ) SI_UNIT ( $, .RADIAN. ) );
#4296 = DIRECTION ( 'NONE',  ( 0.000000000000000000, -1.000000000000000000, 0.000000000000000000 ) ) ;
#4297 = SURFACE_STYLE_FILL_AREA ( #1692 ) ;
#4298 = EDGE_CURVE ( 'NONE', #1399, #377, #2624, .T. ) ;
#4299 = CARTESIAN_POINT ( 'NONE',  ( 0.000000000000000000, -14.45000000000000107, 0.2500000000000002220 ) ) ;
#4300 = VERTEX_POINT ( 'NONE', #2207 ) ;
#4301 = ORIENTED_EDGE ( 'NONE', *, *, #1338, .F. ) ;
#4302 = LINE ( 'NONE', #3213, #3277 ) ;
#4303 = DIRECTION ( 'NONE',  ( 0.000000000000000000, 0.000000000000000000, -1.000000000000000000 ) ) ;
#4304 = ORIENTED_EDGE ( 'NONE', *, *, #4227, .F. ) ;
#4305 = ORIENTED_EDGE ( 'NONE', *, *, #3881, .F. ) ;
#4306 = EDGE_CURVE ( 'NONE', #4217, #3501, #3746, .T. ) ;
#4307 = CIRCLE ( 'NONE', #3629, 0.2000000000000000944 ) ;
#4308 = EDGE_CURVE ( 'NONE', #3036, #1370, #68, .T. ) ;
#4309 = DIRECTION ( 'NONE',  ( -0.000000000000000000, 0.8660254037844385966, 0.5000000000000000000 ) ) ;
#4310 = AXIS2_PLACEMENT_3D ( 'NONE', #1429, #2883, #4316 ) ;
#4312 = STYLED_ITEM ( 'NONE', ( #2921 ), #1467 ) ;
#4311 = DIRECTION ( 'NONE',  ( -0.000000000000000000, -0.6314199358297803988, -0.7754410774757267699 ) ) ;
#4313 = ORIENTED_EDGE ( 'NONE', *, *, #397, .T. ) ;
#4314 = CARTESIAN_POINT ( 'NONE',  ( 0.000000000000000000, -15.75000000000000000, 0.2500000000000002220 ) ) ;
#4315 = CARTESIAN_POINT ( 'NONE',  ( 51.69999999999999574, 7.950000000000000178, 15.70000000000000284 ) ) ;
#4316 = DIRECTION ( 'NONE',  ( 0.000000000000000000, 0.000000000000000000, 1.000000000000000000 ) ) ;
#4317 = CARTESIAN_POINT ( 'NONE',  ( 51.69999999999999574, 8.750000000000000000, 12.20000000000000284 ) ) ;
#4318 = UNCERTAINTY_MEASURE_WITH_UNIT (LENGTH_MEASURE( 1.000000000000000082E-05 ), #2349, 'distance_accuracy_value', 'NONE');
#4319 = CARTESIAN_POINT ( 'NONE',  ( 2.000000000000000000, -16.54999999999999716, -0.2500000000000002220 ) ) ;
#4320 = CIRCLE ( 'NONE', #4025, 16.39999999999999858 ) ;
#4321 = AXIS2_PLACEMENT_3D ( 'NONE', #2985, #831, #1903 ) ;
#4322 = CARTESIAN_POINT ( 'NONE',  ( 47.50000000000000000, 7.950000000000000178, 10.90000000000000391 ) ) ;
#4323 = ORIENTED_EDGE ( 'NONE', *, *, #3529, .F. ) ;
#4324 = ORIENTED_EDGE ( 'NONE', *, *, #1864, .T. ) ;
#4325 = AXIS2_PLACEMENT_3D ( 'NONE', #292, #4657, #1404 ) ;
#4326 = TOROIDAL_SURFACE ( 'NONE', #2059, 15.89999999999999680, 0.5000000000000000000 ) ;
#4327 = CARTESIAN_POINT ( 'NONE',  ( 47.50000000000000000, 7.950000000000000178, 10.90000000000000391 ) ) ;
#4328 = AXIS2_PLACEMENT_3D ( 'NONE', #3603, #929, #4096 ) ;
#4329 = CIRCLE ( 'NONE', #1839, 1.000000000000000888 ) ;
#4330 = CARTESIAN_POINT ( 'NONE',  ( 0.5000000000000004441, 2.241103642439656682E-15, -18.30000000000000071 ) ) ;
#4331 = DIRECTION ( 'NONE',  ( -0.000000000000000000, 0.8660254037844390407, 0.4999999999999992228 ) ) ;
#4332 = ORIENTED_EDGE ( 'NONE', *, *, #508, .T. ) ;
#4333 = EDGE_CURVE ( 'NONE', #15, #1461, #751, .T. ) ;
#4334 = VERTEX_POINT ( 'NONE', #3619 ) ;
#4335 = AXIS2_PLACEMENT_3D ( 'NONE', #1958, #2741, #557 ) ;
#4336 = AXIS2_PLACEMENT_3D ( 'NONE', #3647, #3296, #71 ) ;
#4337 = DIRECTION ( 'NONE',  ( 1.000000000000000000, 0.000000000000000000, 0.000000000000000000 ) ) ;
#4338 = AXIS2_PLACEMENT_3D ( 'NONE', #3885, #2107, #2037 ) ;
#4339 =( NAMED_UNIT ( * ) PLANE_ANGLE_UNIT ( ) SI_UNIT ( $, .RADIAN. ) );
#4340 = AXIS2_PLACEMENT_3D ( 'NONE', #41, #2186, #3618 ) ;
#4341 = VERTEX_POINT ( 'NONE', #3640 ) ;
#4342 = CARTESIAN_POINT ( 'NONE',  ( 0.000000000000000000, 8.491506350946107062, -14.20772043263246154 ) ) ;
#4343 = CIRCLE ( 'NONE', #1019, 2.000000000000000000 ) ;
#4344 = DIRECTION ( 'NONE',  ( 0.000000000000000000, 0.000000000000000000, 1.000000000000000000 ) ) ;
#4345 = CARTESIAN_POINT ( 'NONE',  ( 0.000000000000000000, -15.25000000000000000, 0.2500000000000002220 ) ) ;
#4346 = CARTESIAN_POINT ( 'NONE',  ( 0.2000000000000000111, -15.50000000000000000, -1.300000000000000711 ) ) ;
#4347 = CARTESIAN_POINT ( 'NONE',  ( 0.000000000000000000, 1.836970198721029441E-16, 13.99999999999999822 ) ) ;
#4348 = AXIS2_PLACEMENT_3D ( 'NONE', #1353, #4577, #2066 ) ;
#4349 = PRESENTATION_STYLE_ASSIGNMENT (( #1484 ) ) ;
#4350 =( GEOMETRIC_REPRESENTATION_CONTEXT ( 3 ) GLOBAL_UNCERTAINTY_ASSIGNED_CONTEXT ( ( #250 ) ) GLOBAL_UNIT_ASSIGNED_CONTEXT ( ( #4359, #3214, #1774 ) ) REPRESENTATION_CONTEXT ( 'NONE', 'WORKASPACE' ) );
#4351 = LINE ( 'NONE', #3662, #3360 ) ;
#4352 = PLANE ( 'NONE',  #64 ) ;
#4353 = VERTEX_POINT ( 'NONE', #395 ) ;
#4354 = ADVANCED_FACE ( 'NONE', ( #43 ), #1465, .F. ) ;
#4355 = ORIENTED_EDGE ( 'NONE', *, *, #2819, .F. ) ;
#4356 = AXIS2_PLACEMENT_3D ( 'NONE', #744, #1792, #2201 ) ;
#4357 = STYLED_ITEM ( 'NONE', ( #3271 ), #2441 ) ;
#4358 =( NAMED_UNIT ( * ) PLANE_ANGLE_UNIT ( ) SI_UNIT ( $, .RADIAN. ) );
#4359 =( LENGTH_UNIT ( ) NAMED_UNIT ( * ) SI_UNIT ( .MILLI., .METRE. ) );
#4360 = ORIENTED_EDGE ( 'NONE', *, *, #2005, .T. ) ;
#4361 = DIRECTION ( 'NONE',  ( 0.000000000000000000, 0.000000000000000000, -1.000000000000000000 ) ) ;
#4362 = CARTESIAN_POINT ( 'NONE',  ( 44.00000000000000000, 0.000000000000000000, 0.000000000000000000 ) ) ;
#4363 = VERTEX_POINT ( 'NONE', #521 ) ;
#4364 = ORIENTED_EDGE ( 'NONE', *, *, #4083, .T. ) ;
#4365 = LINE ( 'NONE', #4342, #3961 ) ;
#4366 =( NAMED_UNIT ( * ) PLANE_ANGLE_UNIT ( ) SI_UNIT ( $, .RADIAN. ) );
#4367 = CARTESIAN_POINT ( 'NONE',  ( -8.300000000000002487, 7.000000000000000000, 0.000000000000000000 ) ) ;
#4368 = DIRECTION ( 'NONE',  ( 0.000000000000000000, 0.5000000000000009992, 0.8660254037844380415 ) ) ;
#4369 = CARTESIAN_POINT ( 'NONE',  ( 0.000000000000000000, -14.45000000000000107, -0.2500000000000002220 ) ) ;
#4370 = ADVANCED_FACE ( 'NONE', ( #1236 ), #3712, .F. ) ;
#4371 = UNCERTAINTY_MEASURE_WITH_UNIT (LENGTH_MEASURE( 1.000000000000000082E-05 ), #2009, 'distance_accuracy_value', 'NONE');
#4372 = EDGE_CURVE ( 'NONE', #1162, #1262, #3077, .T. ) ;
#4373 = LINE ( 'NONE', #812, #1384 ) ;
#4374 =( NAMED_UNIT ( * ) SI_UNIT ( $, .STERADIAN. ) SOLID_ANGLE_UNIT ( ) );
#4375 = EDGE_LOOP ( 'NONE', ( #37, #1126, #1965, #1145 ) ) ;
#4376 = EDGE_CURVE ( 'NONE', #1420, #1578, #3033, .T. ) ;
#4377 = VERTEX_POINT ( 'NONE', #863 ) ;
#4378 = PLANE ( 'NONE',  #251 ) ;
#4379 = ADVANCED_FACE ( 'NONE', ( #3763 ), #2461, .T. ) ;
#4380 = DIRECTION ( 'NONE',  ( -0.000000000000000000, 0.5000000000000002220, -0.8660254037844384856 ) ) ;
#4381 = FACE_OUTER_BOUND ( 'NONE', #2241, .T. ) ;
#4382 = DIRECTION ( 'NONE',  ( -0.000000000000000000, 0.000000000000000000, 1.000000000000000000 ) ) ;
#4383 = ORIENTED_EDGE ( 'NONE', *, *, #2271, .T. ) ;
#4384 = ORIENTED_EDGE ( 'NONE', *, *, #300, .F. ) ;
#4385 = CARTESIAN_POINT ( 'NONE',  ( 0.000000000000000000, -15.75000000000000000, -0.2500000000000002220 ) ) ;
#4386 = ORIENTED_EDGE ( 'NONE', *, *, #2997, .T. ) ;
#4387 = CARTESIAN_POINT ( 'NONE',  ( 6.000000000000000000, 0.000000000000000000, -15.50000000000000000 ) ) ;
#4388 = CARTESIAN_POINT ( 'NONE',  ( 46.69999999999999574, -8.750000000000000000, 8.500000000000001776 ) ) ;
#4389 = CARTESIAN_POINT ( 'NONE',  ( 0.000000000000000000, 7.163571428571429145, 9.998662129892933237 ) ) ;
#4390 = DIRECTION ( 'NONE',  ( -0.000000000000000000, -0.000000000000000000, 1.000000000000000000 ) ) ;
#4391 = DIRECTION ( 'NONE',  ( 0.000000000000000000, 0.000000000000000000, -1.000000000000000000 ) ) ;
#4392 = SURFACE_STYLE_FILL_AREA ( #2957 ) ;
#4393 =( GEOMETRIC_REPRESENTATION_CONTEXT ( 3 ) GLOBAL_UNCERTAINTY_ASSIGNED_CONTEXT ( ( #4086 ) ) GLOBAL_UNIT_ASSIGNED_CONTEXT ( ( #1536, #2965, #861 ) ) REPRESENTATION_CONTEXT ( 'NONE', 'WORKASPACE' ) );
#4394 = DIRECTION ( 'NONE',  ( -1.000000000000000000, 0.000000000000000000, 0.000000000000000000 ) ) ;
#4395 = ORIENTED_EDGE ( 'NONE', *, *, #2766, .F. ) ;
#4396 = ORIENTED_EDGE ( 'NONE', *, *, #2276, .F. ) ;
#4397 = DIRECTION ( 'NONE',  ( 0.000000000000000000, 0.4999999999999992784, -0.8660254037844390407 ) ) ;
#4398 = TOROIDAL_SURFACE ( 'NONE', #34, 1.300000000000000711, 0.2000000000000000111 ) ;
#4399 = DIRECTION ( 'NONE',  ( 0.000000000000000000, -0.000000000000000000, 1.000000000000000000 ) ) ;
#4400 = PRESENTATION_STYLE_ASSIGNMENT (( #449 ) ) ;
#4401 = VERTEX_POINT ( 'NONE', #2712 ) ;
#4402 = VECTOR ( 'NONE', #1185, 1000.000000000000000 ) ;
#4403 = VECTOR ( 'NONE', #3003, 1000.000000000000000 ) ;
#4404 = ORIENTED_EDGE ( 'NONE', *, *, #2121, .F. ) ;
#4405 = AXIS2_PLACEMENT_3D ( 'NONE', #3, #4206, #969 ) ;
#4406 = DIRECTION ( 'NONE',  ( -0.000000000000000000, -0.000000000000000000, 1.000000000000000000 ) ) ;
#4407 = DIRECTION ( 'NONE',  ( -1.000000000000000000, 0.000000000000000000, 0.000000000000000000 ) ) ;
#4408 = EDGE_LOOP ( 'NONE', ( #2202, #567, #3031, #11 ) ) ;
#4409 = CARTESIAN_POINT ( 'NONE',  ( 2.000000000000000000, 8.784326673973657407, -13.11490010960491226 ) ) ;
#4410 = VECTOR ( 'NONE', #1400, 1000.000000000000000 ) ;
#4411 = DIRECTION ( 'NONE',  ( 0.000000000000000000, 0.5000000000000013323, 0.8660254037844379305 ) ) ;
#4412 = CARTESIAN_POINT ( 'NONE',  ( 2.000000000000000000, 7.750000000000006217, 15.42339375865879880 ) ) ;
#4413 =( GEOMETRIC_REPRESENTATION_CONTEXT ( 3 ) GLOBAL_UNCERTAINTY_ASSIGNED_CONTEXT ( ( #2914 ) ) GLOBAL_UNIT_ASSIGNED_CONTEXT ( ( #1497, #1071, #4677 ) ) REPRESENTATION_CONTEXT ( 'NONE', 'WORKASPACE' ) );
#4414 = DIRECTION ( 'NONE',  ( 1.000000000000000000, -0.000000000000000000, -0.000000000000000000 ) ) ;
#4415 = CARTESIAN_POINT ( 'NONE',  ( 2.000000000000000000, -15.50000000000000000, 1.999999999999999112 ) ) ;
#4416 = AXIS2_PLACEMENT_3D ( 'NONE', #2330, #1165, #4122 ) ;
#4417 = EDGE_CURVE ( 'NONE', #2193, #2895, #1322, .T. ) ;
#4418 = FILL_AREA_STYLE ('',( #3280 ) ) ;
#4419 = PRESENTATION_LAYER_ASSIGNMENT (  '', '', ( #583 ) ) ;
#4420 =( NAMED_UNIT ( * ) SI_UNIT ( $, .STERADIAN. ) SOLID_ANGLE_UNIT ( ) );
#4421 = DIRECTION ( 'NONE',  ( 0.000000000000000000, -0.5000000000000002220, -0.8660254037844384856 ) ) ;
#4422 = ORIENTED_EDGE ( 'NONE', *, *, #1876, .F. ) ;
#4423 = VECTOR ( 'NONE', #308, 1000.000000000000000 ) ;
#4424 = SURFACE_STYLE_FILL_AREA ( #137 ) ;
#4425 = LINE ( 'NONE', #889, #125 ) ;
#4426 = LINE ( 'NONE', #86, #874 ) ;
#4427 = ORIENTED_EDGE ( 'NONE', *, *, #195, .F. ) ;
#4428 = AXIS2_PLACEMENT_3D ( 'NONE', #1822, #3604, #4303 ) ;
#4429 = ORIENTED_EDGE ( 'NONE', *, *, #2516, .T. ) ;
#4430 = AXIS2_PLACEMENT_3D ( 'NONE', #972, #2410, #2081 ) ;
#4431 = ADVANCED_FACE ( 'NONE', ( #1273 ), #4164, .F. ) ;
#4432 =( NAMED_UNIT ( * ) SI_UNIT ( $, .STERADIAN. ) SOLID_ANGLE_UNIT ( ) );
#4433 = CARTESIAN_POINT ( 'NONE',  ( 2.000000000000000000, 6.715673326026347034, 13.73188740771268890 ) ) ;
#4434 = ORIENTED_EDGE ( 'NONE', *, *, #4612, .F. ) ;
#4435 = EDGE_CURVE ( 'NONE', #3078, #3827, #3162, .T. ) ;
#4436 = AXIS2_PLACEMENT_3D ( 'NONE', #1183, #3322, #1807 ) ;
#4437 = ADVANCED_FACE ( 'NONE', ( #4603 ), #4211, .F. ) ;
#4438 = CARTESIAN_POINT ( 'NONE',  ( -8.300000000000002487, 4.500000000000000888, 1.658312395177700349 ) ) ;
#4439 = EDGE_CURVE ( 'NONE', #4264, #4579, #1039, .T. ) ;
#4440 = CARTESIAN_POINT ( 'NONE',  ( 52.50000000000000000, 0.000000000000000000, 0.000000000000000000 ) ) ;
#4441 = LINE ( 'NONE', #2649, #726 ) ;
#4442 = CARTESIAN_POINT ( 'NONE',  ( 46.69999999999999574, 8.750000000000000000, 15.70000000000000284 ) ) ;
#4443 = DIRECTION ( 'NONE',  ( -0.000000000000000000, 0.5000000000000009992, 0.8660254037844380415 ) ) ;
#4444 = CARTESIAN_POINT ( 'NONE',  ( 0.000000000000000000, 7.008493649053888497, -12.63906708468514140 ) ) ;
#4445 = CARTESIAN_POINT ( 'NONE',  ( 2.000000000000000000, 8.534326673973666288, 12.68188740771268641 ) ) ;
#4446 = CARTESIAN_POINT ( 'NONE',  ( 0.000000000000000000, -15.75000000000000000, -1.050000000000000044 ) ) ;
#4447 = VERTEX_POINT ( 'NONE', #2793 ) ;
#4448 = ADVANCED_FACE ( 'NONE', ( #297 ), #1014, .F. ) ;
#4449 = DIRECTION ( 'NONE',  ( 1.000000000000000000, 0.000000000000000000, -0.000000000000000000 ) ) ;
#4450 = DIRECTION ( 'NONE',  ( -1.000000000000000000, -0.000000000000000000, -0.000000000000000000 ) ) ;
#4451 = CARTESIAN_POINT ( 'NONE',  ( 0.000000000000000000, 13.42339375865881657, -6.249999999999968026 ) ) ;
#4452 = ORIENTED_EDGE ( 'NONE', *, *, #3934, .T. ) ;
#4453 = ORIENTED_EDGE ( 'NONE', *, *, #2055, .T. ) ;
#4454 = CYLINDRICAL_SURFACE ( 'NONE', #2906, 12.30000000000000071 ) ;
#4455 = DIRECTION ( 'NONE',  ( 0.000000000000000000, 0.000000000000000000, -1.000000000000000000 ) ) ;
#4456 = ORIENTED_EDGE ( 'NONE', *, *, #1918, .T. ) ;
#4457 = FACE_BOUND ( 'NONE', #1969, .T. ) ;
#4458 = LINE ( 'NONE', #194, #2144 ) ;
#4459 = CARTESIAN_POINT ( 'NONE',  ( 2.000000000000000000, -15.75000000000000000, 1.050000000000000044 ) ) ;
#4460 = CARTESIAN_POINT ( 'NONE',  ( 0.000000000000000000, -13.42339375865870998, -9.250000000000158096 ) ) ;
#4461 = UNCERTAINTY_MEASURE_WITH_UNIT (LENGTH_MEASURE( 1.000000000000000082E-05 ), #3547, 'distance_accuracy_value', 'NONE');
#4462 = DIRECTION ( 'NONE',  ( 0.000000000000000000, 0.000000000000000000, 1.000000000000000000 ) ) ;
#4463 = CARTESIAN_POINT ( 'NONE',  ( 0.000000000000000000, 6.715673326026336376, -13.73188740771269245 ) ) ;
#4464 = ORIENTED_EDGE ( 'NONE', *, *, #3940, .T. ) ;
#4465 = AXIS2_PLACEMENT_3D ( 'NONE', #2179, #5, #3658 ) ;
#4466 = CARTESIAN_POINT ( 'NONE',  ( 47.50000000000000000, 7.950000000000000178, 10.90000000000000391 ) ) ;
#4467 = LINE ( 'NONE', #539, #484 ) ;
#4468 = SURFACE_STYLE_FILL_AREA ( #2966 ) ;
#4469 =( LENGTH_UNIT ( ) NAMED_UNIT ( * ) SI_UNIT ( .MILLI., .METRE. ) );
#4470 = ORIENTED_EDGE ( 'NONE', *, *, #129, .F. ) ;
#4471 = EDGE_LOOP ( 'NONE', ( #3019, #2574, #2594, #3333 ) ) ;
#4472 = VECTOR ( 'NONE', #2784, 1000.000000000000000 ) ;
#4473 = EDGE_CURVE ( 'NONE', #1737, #2861, #2394, .T. ) ;
#4474 = CARTESIAN_POINT ( 'NONE',  ( 0.5000000000000000000, 0.000000000000000000, 0.000000000000000000 ) ) ;
#4475 = PRESENTATION_LAYER_ASSIGNMENT (  '', '', ( #1297 ) ) ;
#4476 = DIRECTION ( 'NONE',  ( -1.000000000000000000, 0.000000000000000000, 0.000000000000000000 ) ) ;
#4477 = ORIENTED_EDGE ( 'NONE', *, *, #2984, .F. ) ;
#4478 = ORIENTED_EDGE ( 'NONE', *, *, #2025, .F. ) ;
#4479 = MECHANICAL_DESIGN_GEOMETRIC_PRESENTATION_REPRESENTATION (  '', ( #569 ), #3489 ) ;
#4480 = FACE_BOUND ( 'NONE', #1237, .T. ) ;
#4481 = DIRECTION ( 'NONE',  ( 0.000000000000000000, 0.000000000000000000, 1.000000000000000000 ) ) ;
#4482 = AXIS2_PLACEMENT_3D ( 'NONE', #491, #139, #1272 ) ;
#4483 = CARTESIAN_POINT ( 'NONE',  ( 0.000000000000000000, 8.058493649053897201, 14.45772043263245621 ) ) ;
#4484 = CARTESIAN_POINT ( 'NONE',  ( 0.5000000000000000000, 7.163571428571426480, -9.998662129892933237 ) ) ;
#4485 = FACE_OUTER_BOUND ( 'NONE', #2190, .T. ) ;
#4486 = STYLED_ITEM ( 'NONE', ( #2106 ), #2973 ) ;
#4487 =( NAMED_UNIT ( * ) PLANE_ANGLE_UNIT ( ) SI_UNIT ( $, .RADIAN. ) );
#4488 = ADVANCED_FACE ( 'NONE', ( #3905 ), #625, .F. ) ;
#4489 = CARTESIAN_POINT ( 'NONE',  ( 56.20000000000000284, 2.008420750601658954E-15, -16.39999999999999858 ) ) ;
#4490 = DIRECTION ( 'NONE',  ( -0.000000000000000000, -0.000000000000000000, -1.000000000000000000 ) ) ;
#4491 = ADVANCED_FACE ( 'NONE', ( #10 ), #2538, .T. ) ;
#4492 = DIRECTION ( 'NONE',  ( 0.000000000000000000, -0.8660254037844363761, -0.5000000000000039968 ) ) ;
#4493 = EDGE_CURVE ( 'NONE', #2666, #1851, #3295, .T. ) ;
#4494 = CARTESIAN_POINT ( 'NONE',  ( 2.000000000000000000, -16.74038207405221002, 0.2500000000000004996 ) ) ;
#4495 =( NAMED_UNIT ( * ) PLANE_ANGLE_UNIT ( ) SI_UNIT ( $, .RADIAN. ) );
#4496 = AXIS2_PLACEMENT_3D ( 'NONE', #2722, #3044, #152 ) ;
#4497 = EDGE_CURVE ( 'NONE', #120, #543, #1458, .T. ) ;
#4498 = CARTESIAN_POINT ( 'NONE',  ( 0.000000000000000000, 7.658493649053887076, -13.76490010960491261 ) ) ;
#4499 = DIRECTION ( 'NONE',  ( 1.000000000000000000, 0.000000000000000000, 0.000000000000000000 ) ) ;
#4500 = SURFACE_SIDE_STYLE ('',( #841 ) ) ;
#4501 = VERTEX_POINT ( 'NONE', #80 ) ;
#4502 = ORIENTED_EDGE ( 'NONE', *, *, #2468, .F. ) ;
#4503 = AXIS2_PLACEMENT_3D ( 'NONE', #4616, #1373, #4650 ) ;
#4504 = CARTESIAN_POINT ( 'NONE',  ( 46.69999999999999574, 0.000000000000000000, 0.000000000000000000 ) ) ;
#4505 = LINE ( 'NONE', #4433, #1776 ) ;
#4506 = ORIENTED_EDGE ( 'NONE', *, *, #4516, .T. ) ;
#4507 = CIRCLE ( 'NONE', #2324, 3.000000000000000000 ) ;
#4508 = CARTESIAN_POINT ( 'NONE',  ( 0.000000000000000000, -15.50000000000000000, -1.300000000000000711 ) ) ;
#4509 = DIRECTION ( 'NONE',  ( 0.000000000000000000, 0.000000000000000000, -1.000000000000000000 ) ) ;
#4510 = FACE_OUTER_BOUND ( 'NONE', #1418, .T. ) ;
#4511 = SURFACE_STYLE_USAGE ( .BOTH. , #3704 ) ;
#4512 = CARTESIAN_POINT ( 'NONE',  ( 0.5000000000000004441, 0.000000000000000000, 0.000000000000000000 ) ) ;
#4513 = ADVANCED_FACE ( 'NONE', ( #416 ), #4352, .T. ) ;
#4514 = DIRECTION ( 'NONE',  ( 0.000000000000000000, -2.736828040640475774E-16, -1.000000000000000000 ) ) ;
#4515 = EDGE_CURVE ( 'NONE', #3344, #2211, #2547, .T. ) ;
#4516 = EDGE_CURVE ( 'NONE', #2429, #2546, #523, .T. ) ;
#4517 = FILL_AREA_STYLE ('',( #608 ) ) ;
#4518 = DIRECTION ( 'NONE',  ( -0.000000000000000000, 0.8660254037844378194, -0.5000000000000013323 ) ) ;
#4519 = EDGE_CURVE ( 'NONE', #164, #753, #2869, .T. ) ;
#4520 = ORIENTED_EDGE ( 'NONE', *, *, #3537, .T. ) ;
#4521 = ORIENTED_EDGE ( 'NONE', *, *, #2363, .F. ) ;
#4522 = EDGE_CURVE ( 'NONE', #1886, #4363, #2183, .T. ) ;
#4523 = EDGE_CURVE ( 'NONE', #1314, #3013, #4507, .T. ) ;
#4524 = PLANE ( 'NONE',  #350 ) ;
#4525 = CARTESIAN_POINT ( 'NONE',  ( 0.000000000000000000, 7.000000000000002665, -10.00000000000000000 ) ) ;
#4526 = ORIENTED_EDGE ( 'NONE', *, *, #688, .F. ) ;
#4527 = VERTEX_POINT ( 'NONE', #3331 ) ;
#4528 = CARTESIAN_POINT ( 'NONE',  ( 2.000000000000000000, 8.534326673973666288, 12.68188740771268641 ) ) ;
#4529 = DIRECTION ( 'NONE',  ( -1.000000000000000000, 0.000000000000000000, 0.000000000000000000 ) ) ;
#4530 = CARTESIAN_POINT ( 'NONE',  ( 0.000000000000000000, 8.586697387972222373, 14.37259614518684181 ) ) ;
#4531 = ORIENTED_EDGE ( 'NONE', *, *, #1266, .T. ) ;
#4532 = ADVANCED_FACE ( 'NONE', ( #3012, #176 ), #466, .T. ) ;
#4533 = DIRECTION ( 'NONE',  ( 1.000000000000000000, -0.000000000000000000, -0.000000000000000000 ) ) ;
#4534 = DIRECTION ( 'NONE',  ( 0.000000000000000000, 0.000000000000000000, -1.000000000000000000 ) ) ;
#4535 =( LENGTH_UNIT ( ) NAMED_UNIT ( * ) SI_UNIT ( .MILLI., .METRE. ) );
#4536 = ORIENTED_EDGE ( 'NONE', *, *, #3677, .T. ) ;
#4537 = ORIENTED_EDGE ( 'NONE', *, *, #4148, .F. ) ;
#4538 = UNCERTAINTY_MEASURE_WITH_UNIT (LENGTH_MEASURE( 1.000000000000000082E-05 ), #4535, 'distance_accuracy_value', 'NONE');
#4539 = AXIS2_PLACEMENT_3D ( 'NONE', #1971, #2265, #3750 ) ;
#4540 = DIRECTION ( 'NONE',  ( -0.000000000000000000, -0.000000000000000000, -1.000000000000000000 ) ) ;
#4541 = ORIENTED_EDGE ( 'NONE', *, *, #2378, .F. ) ;
#4542 = AXIS2_PLACEMENT_3D ( 'NONE', #4545, #3863, #3505 ) ;
#4543 = ORIENTED_EDGE ( 'NONE', *, *, #3306, .T. ) ;
#4545 = CARTESIAN_POINT ( 'NONE',  ( 0.000000000000000000, 13.42339375865881657, -7.749999999999968914 ) ) ;
#4544 = CIRCLE ( 'NONE', #1983, 1.500000000000001110 ) ;
#4546 = ORIENTED_EDGE ( 'NONE', *, *, #2853, .F. ) ;
#4547 = AXIS2_PLACEMENT_3D ( 'NONE', #761, #1812, #4391 ) ;
#4548 = CARTESIAN_POINT ( 'NONE',  ( 0.000000000000000000, -16.74038207405221002, 0.2500000000000004996 ) ) ;
#4549 = FACE_OUTER_BOUND ( 'NONE', #1117, .T. ) ;
#4550 = ORIENTED_EDGE ( 'NONE', *, *, #551, .T. ) ;
#4551 = PRESENTATION_LAYER_ASSIGNMENT (  '', '', ( #3418 ) ) ;
#4552 = VECTOR ( 'NONE', #3937, 999.9999999999998863 ) ;
#4553 = LINE ( 'NONE', #1313, #2896 ) ;
#4554 = VECTOR ( 'NONE', #900, 1000.000000000000000 ) ;
#4555 = FILL_AREA_STYLE ('',( #1381 ) ) ;
#4556 = ORIENTED_EDGE ( 'NONE', *, *, #1321, .T. ) ;
#4557 = STYLED_ITEM ( 'NONE', ( #3623 ), #2814 ) ;
#4558 = CYLINDRICAL_SURFACE ( 'NONE', #2817, 3.000000000000000000 ) ;
#4559 = VECTOR ( 'NONE', #2781, 1000.000000000000000 ) ;
#4560 = STYLED_ITEM ( 'NONE', ( #1406 ), #3334 ) ;
#4561 = FACE_OUTER_BOUND ( 'NONE', #561, .T. ) ;
#4562 = SURFACE_STYLE_USAGE ( .BOTH. , #655 ) ;
#4563 = ORIENTED_EDGE ( 'NONE', *, *, #3632, .F. ) ;
#4564 = ORIENTED_EDGE ( 'NONE', *, *, #3632, .T. ) ;
#4565 = MANIFOLD_SOLID_BREP ( '切除-拉伸9', #4034 ) ;
#4566 = AXIS2_PLACEMENT_3D ( 'NONE', #2365, #3796, #2002 ) ;
#4567 = DIRECTION ( 'NONE',  ( 1.000000000000000000, -0.000000000000000000, -0.000000000000000000 ) ) ;
#4568 = FACE_OUTER_BOUND ( 'NONE', #1473, .T. ) ;
#4569 = CARTESIAN_POINT ( 'NONE',  ( 0.000000000000000000, -13.42339375865870998, -6.250000000000156319 ) ) ;
#4570 = ORIENTED_EDGE ( 'NONE', *, *, #3845, .T. ) ;
#4571 =( GEOMETRIC_REPRESENTATION_CONTEXT ( 3 ) GLOBAL_UNCERTAINTY_ASSIGNED_CONTEXT ( ( #3123 ) ) GLOBAL_UNIT_ASSIGNED_CONTEXT ( ( #3534, #4242, #3896 ) ) REPRESENTATION_CONTEXT ( 'NONE', 'WORKASPACE' ) );
#4572 = ORIENTED_EDGE ( 'NONE', *, *, #885, .T. ) ;
#4573 = ADVANCED_FACE ( 'NONE', ( #3052 ), #1161, .T. ) ;
#4574 =( GEOMETRIC_REPRESENTATION_CONTEXT ( 3 ) GLOBAL_UNCERTAINTY_ASSIGNED_CONTEXT ( ( #2036 ) ) GLOBAL_UNIT_ASSIGNED_CONTEXT ( ( #3927, #3148, #1301 ) ) REPRESENTATION_CONTEXT ( 'NONE', 'WORKASPACE' ) );
#4575 = LINE ( 'NONE', #1330, #4472 ) ;
#4576 = FILL_AREA_STYLE_COLOUR ( '', #3421 ) ;
#4577 = DIRECTION ( 'NONE',  ( -1.000000000000000000, 0.000000000000000000, 0.000000000000000000 ) ) ;
#4578 = EDGE_CURVE ( 'NONE', #1702, #1660, #4115, .T. ) ;
#4579 = VERTEX_POINT ( 'NONE', #813 ) ;
#4580 = ADVANCED_FACE ( 'NONE', ( #1251, #2274 ), #4044, .F. ) ;
#4581 = ADVANCED_FACE ( 'NONE', ( #1559 ), #101, .T. ) ;
#4582 = DIRECTION ( 'NONE',  ( -1.000000000000000000, 0.000000000000000000, 0.000000000000000000 ) ) ;
#4583 = PRODUCT_DEFINITION_FORMATION_WITH_SPECIFIED_SOURCE ( '任何', '', #3227, .NOT_KNOWN. ) ;
#4584 = DIRECTION ( 'NONE',  ( 0.000000000000000000, 0.000000000000000000, 1.000000000000000000 ) ) ;
#4585 = DIRECTION ( 'NONE',  ( -1.000000000000000000, 0.000000000000000000, 0.000000000000000000 ) ) ;
#4586 = CARTESIAN_POINT ( 'NONE',  ( 0.5000000000000000000, 7.000000000000001776, 0.000000000000000000 ) ) ;
#4587 = VERTEX_POINT ( 'NONE', #133 ) ;
#4588 = ORIENTED_EDGE ( 'NONE', *, *, #3352, .T. ) ;
#4589 = FILL_AREA_STYLE ('',( #4214 ) ) ;
#4590 = DIRECTION ( 'NONE',  ( -1.000000000000000000, 0.000000000000000000, 0.000000000000000000 ) ) ;
#4591 = DIRECTION ( 'NONE',  ( -0.000000000000000000, 0.000000000000000000, -1.000000000000000000 ) ) ;
#4592 = ORIENTED_EDGE ( 'NONE', *, *, #3397, .F. ) ;
#4593 = VERTEX_POINT ( 'NONE', #4089 ) ;
#4594 = CARTESIAN_POINT ( 'NONE',  ( 0.000000000000000000, -15.25000000000000000, -0.2500000000000002220 ) ) ;
#4595 = DIRECTION ( 'NONE',  ( -0.000000000000000000, -0.3558417043170685745, 0.9345462436223923586 ) ) ;
#4596 = CYLINDRICAL_SURFACE ( 'NONE', #2316, 2.000000000000000000 ) ;
#4597 = ORIENTED_EDGE ( 'NONE', *, *, #3449, .F. ) ;
#4598 = FACE_OUTER_BOUND ( 'NONE', #2918, .T. ) ;
#4599 = CYLINDRICAL_SURFACE ( 'NONE', #2454, 1.500000000000001332 ) ;
#4600 = EDGE_CURVE ( 'NONE', #2185, #1239, #2297, .T. ) ;
#4601 = DIRECTION ( 'NONE',  ( 1.000000000000000000, 0.000000000000000000, 0.000000000000000000 ) ) ;
#4602 = CARTESIAN_POINT ( 'NONE',  ( 0.000000000000000000, 6.965673326026347034, 14.16490010960490764 ) ) ;
#4603 = FACE_OUTER_BOUND ( 'NONE', #2842, .T. ) ;
#4604 = ORIENTED_EDGE ( 'NONE', *, *, #845, .F. ) ;
#4605 = ORIENTED_EDGE ( 'NONE', *, *, #3239, .F. ) ;
#4606 = DIRECTION ( 'NONE',  ( 1.000000000000000000, 0.000000000000000000, 0.000000000000000000 ) ) ;
#4607 = LINE ( 'NONE', #4281, #3061 ) ;
#4608 = CARTESIAN_POINT ( 'NONE',  ( 52.50000000000000000, -8.750000000000000000, 8.500000000000001776 ) ) ;
#4609 = VERTEX_POINT ( 'NONE', #1577 ) ;
#4610 = MECHANICAL_DESIGN_GEOMETRIC_PRESENTATION_REPRESENTATION (  '', ( #3475 ), #3706 ) ;
#4611 = COLOUR_RGB ( '',0.7960784313725489669, 0.8235294117647058432, 0.9372549019607843146 ) ;
#4612 = EDGE_CURVE ( 'NONE', #2977, #3707, #3030, .T. ) ;
#4613 = CARTESIAN_POINT ( 'NONE',  ( 6.000000000000000000, 0.000000000000000000, 15.50000000000000000 ) ) ;
#4614 = CARTESIAN_POINT ( 'NONE',  ( 21.50000000000000000, 0.000000000000000000, -17.30000000000000071 ) ) ;
#4615 = CIRCLE ( 'NONE', #1825, 0.2000000000000005107 ) ;
#4616 = CARTESIAN_POINT ( 'NONE',  ( 0.000000000000000000, 7.750000000000006217, 13.42339375865879703 ) ) ;
#4617 = ORIENTED_EDGE ( 'NONE', *, *, #2398, .T. ) ;
#4618 = VECTOR ( 'NONE', #2064, 1000.000000000000000 ) ;
#4619 = ORIENTED_EDGE ( 'NONE', *, *, #3881, .T. ) ;
#4620 = VERTEX_POINT ( 'NONE', #1079 ) ;
#4621 = FACE_OUTER_BOUND ( 'NONE', #4198, .T. ) ;
#4622 = DIRECTION ( 'NONE',  ( 0.000000000000000000, -0.4999999999999992784, 0.8660254037844390407 ) ) ;
#4623 = AXIS2_PLACEMENT_3D ( 'NONE', #3593, #3920, #2455 ) ;
#4624 = COLOUR_RGB ( '',0.7960784313725489669, 0.8235294117647058432, 0.9372549019607843146 ) ;
#4625 = CARTESIAN_POINT ( 'NONE',  ( 0.000000000000000000, 8.784326673973666288, 13.11490010960490515 ) ) ;
#4626 = CIRCLE ( 'NONE', #3804, 0.5000000000000004441 ) ;
#4627 = PRESENTATION_LAYER_ASSIGNMENT (  '', '', ( #1005 ) ) ;
#4628 = EDGE_CURVE ( 'NONE', #4334, #2235, #67, .T. ) ;
#4629 = LINE ( 'NONE', #717, #564 ) ;
#4630 = SURFACE_SIDE_STYLE ('',( #2482 ) ) ;
#4631 = DIRECTION ( 'NONE',  ( -0.000000000000000000, 0.5000000000000009992, 0.8660254037844380415 ) ) ;
#4632 = ORIENTED_EDGE ( 'NONE', *, *, #1407, .T. ) ;
#4633 = VECTOR ( 'NONE', #3069, 1000.000000000000227 ) ;
#4634 = EDGE_CURVE ( 'NONE', #1026, #1396, #2526, .T. ) ;
#4635 = ORIENTED_EDGE ( 'NONE', *, *, #4523, .F. ) ;
#4636 = EDGE_CURVE ( 'NONE', #2138, #366, #3610, .T. ) ;
#4637 = MECHANICAL_DESIGN_GEOMETRIC_PRESENTATION_REPRESENTATION (  '', ( #1386 ), #3809 ) ;
#4638 = AXIS2_PLACEMENT_3D ( 'NONE', #2548, #4004, #3986 ) ;
#4639 = LINE ( 'NONE', #2056, #2607 ) ;
#4640 = CARTESIAN_POINT ( 'NONE',  ( 0.000000000000000000, 8.586697387972222373, 14.37259614518684181 ) ) ;
#4641 = DIRECTION ( 'NONE',  ( -1.000000000000000000, 0.000000000000000000, 0.000000000000000000 ) ) ;
#4642 = VERTEX_POINT ( 'NONE', #2981 ) ;
#4643 = VECTOR ( 'NONE', #3653, 1000.000000000000000 ) ;
#4644 = ORIENTED_EDGE ( 'NONE', *, *, #784, .T. ) ;
#4645 = PRESENTATION_LAYER_ASSIGNMENT (  '', '', ( #4560 ) ) ;
#4646 = LINE ( 'NONE', #306, #2591 ) ;
#4647 = ORIENTED_EDGE ( 'NONE', *, *, #4298, .T. ) ;
#4648 = CARTESIAN_POINT ( 'NONE',  ( 6.000000000000000000, 0.000000000000000000, -13.99999999999999822 ) ) ;
#4649 = CIRCLE ( 'NONE', #3591, 3.000000000000000000 ) ;
#4650 = DIRECTION ( 'NONE',  ( 0.000000000000000000, 0.000000000000000000, -1.000000000000000000 ) ) ;
#4651 = CYLINDRICAL_SURFACE ( 'NONE', #415, 1.500000000000001332 ) ;
#4652 = ORIENTED_EDGE ( 'NONE', *, *, #3654, .F. ) ;
#4653 = DIRECTION ( 'NONE',  ( 1.000000000000000000, -0.000000000000000000, -0.000000000000000000 ) ) ;
#4654 = AXIS2_PLACEMENT_3D ( 'NONE', #1950, #147, #1568 ) ;
#4655 = EDGE_CURVE ( 'NONE', #3405, #2733, #2931, .T. ) ;
#4656 = EDGE_LOOP ( 'NONE', ( #3528, #2970 ) ) ;
#4657 = DIRECTION ( 'NONE',  ( -1.000000000000000000, -0.000000000000000000, -0.000000000000000000 ) ) ;
#4658 = FILL_AREA_STYLE ('',( #1756 ) ) ;
#4659 = PRESENTATION_LAYER_ASSIGNMENT (  '', '', ( #667 ) ) ;
#4660 = SURFACE_STYLE_FILL_AREA ( #1135 ) ;
#4661 = AXIS2_PLACEMENT_3D ( 'NONE', #1119, #3946, #3283 ) ;
#4662 = PLANE ( 'NONE',  #487 ) ;
#4663 = LINE ( 'NONE', #4299, #2234 ) ;
#4664 = DIRECTION ( 'NONE',  ( 1.000000000000000000, 0.000000000000000000, -0.000000000000000000 ) ) ;
#4665 = ORIENTED_EDGE ( 'NONE', *, *, #1016, .F. ) ;
#4666 = VECTOR ( 'NONE', #4311, 999.9999999999998863 ) ;
#4667 = ORIENTED_EDGE ( 'NONE', *, *, #1078, .F. ) ;
#4668 = EDGE_CURVE ( 'NONE', #450, #1994, #3300, .T. ) ;
#4669 = EDGE_CURVE ( 'NONE', #1702, #1461, #776, .T. ) ;
#4670 =( NAMED_UNIT ( * ) PLANE_ANGLE_UNIT ( ) SI_UNIT ( $, .RADIAN. ) );
#4671 = CARTESIAN_POINT ( 'NONE',  ( 6.000000000000000000, -13.42339375865870998, -6.250000000000156319 ) ) ;
#4672 = DIRECTION ( 'NONE',  ( -1.000000000000000000, 0.000000000000000000, 0.000000000000000000 ) ) ;
#4673 = EDGE_LOOP ( 'NONE', ( #3312, #4062, #2767, #4383 ) ) ;
#4674 = ADVANCED_FACE ( 'NONE', ( #2933 ), #1523, .T. ) ;
#4675 = EDGE_CURVE ( 'NONE', #4609, #2685, #457, .T. ) ;
#4676 = ORIENTED_EDGE ( 'NONE', *, *, #691, .T. ) ;
#4677 =( NAMED_UNIT ( * ) SI_UNIT ( $, .STERADIAN. ) SOLID_ANGLE_UNIT ( ) );
#4678 = DIRECTION ( 'NONE',  ( -1.000000000000000000, 0.000000000000000000, 0.000000000000000000 ) ) ;
#4679 = DIRECTION ( 'NONE',  ( -1.000000000000000000, -0.000000000000000000, -0.000000000000000000 ) ) ;
ENDSEC;
END-ISO-10303-21;
