ISO-10303-21;
HEADER;
FILE_DESCRIPTION (( 'STEP AP214' ),
    '1' );
FILE_NAME ('MC520编码器电机模型-高精款.STEP',
    '2026-03-21T12:41:24',
    ( '' ),
    ( '' ),
    'SwSTEP 2.0',
    'SolidWorks 2022',
    '' );
FILE_SCHEMA (( 'AUTOMOTIVE_DESIGN' ));
ENDSEC;

DATA;
#1 = SURFACE_STYLE_USAGE ( .BOTH. , #3572 ) ;
#2 = EDGE_CURVE ( 'NONE', #3364, #3358, #390, .T. ) ;
#3 = CARTESIAN_POINT ( 'NONE',  ( 2.000000000000000000, -15.50000000000000000, 1.999999999999999112 ) ) ;
#4 = DIRECTION ( 'NONE',  ( 0.000000000000000000, -0.1591051661466641176, -0.9872616401468470304 ) ) ;
#5 = FILL_AREA_STYLE ('',( #2473 ) ) ;
#6 = ORIENTED_EDGE ( 'NONE', *, *, #3959, .T. ) ;
#7 = CARTESIAN_POINT ( 'NONE',  ( 0.000000000000000000, 7.008493649053896490, 12.63906708468513784 ) ) ;
#8 = CARTESIAN_POINT ( 'NONE',  ( 2.000000000000000000, -15.25000000000000000, 1.050000000000000044 ) ) ;
#9 = DIRECTION ( 'NONE',  ( 1.000000000000000000, -0.000000000000000000, -0.000000000000000000 ) ) ;
#10 = ORIENTED_EDGE ( 'NONE', *, *, #3708, .T. ) ;
#11 = VERTEX_POINT ( 'NONE', #2273 ) ;
#12 = SURFACE_STYLE_USAGE ( .BOTH. , #3263 ) ;
#13 = AXIS2_PLACEMENT_3D ( 'NONE', #470, #3620, #2963 ) ;
#14 = DIRECTION ( 'NONE',  ( 0.000000000000000000, -0.8660254037844385966, 0.5000000000000000000 ) ) ;
#15 = EDGE_LOOP ( 'NONE', ( #3921, #3798, #3449, #2822 ) ) ;
#16 = VERTEX_POINT ( 'NONE', #3340 ) ;
#17 = PRESENTATION_STYLE_ASSIGNMENT (( #1906 ) ) ;
#18 = DIRECTION ( 'NONE',  ( -1.000000000000000000, 0.000000000000000000, 0.000000000000000000 ) ) ;
#19 = UNCERTAINTY_MEASURE_WITH_UNIT (LENGTH_MEASURE( 1.000000000000000082E-05 ), #1384, 'distance_accuracy_value', 'NONE');
#20 = DIRECTION ( 'NONE',  ( 0.000000000000000000, 0.000000000000000000, 1.000000000000000000 ) ) ;
#21 = CARTESIAN_POINT ( 'NONE',  ( 46.10000000000000142, 8.750000000000000000, 8.500000000000001776 ) ) ;
#22 =( NAMED_UNIT ( * ) PLANE_ANGLE_UNIT ( ) SI_UNIT ( $, .RADIAN. ) );
#23 = CARTESIAN_POINT ( 'NONE',  ( 51.89999999999999858, -8.750000000000000000, 13.87074259007065180 ) ) ;
#24 = ADVANCED_FACE ( 'NONE', ( #1919 ), #90, .T. ) ;
#25 = LINE ( 'NONE', #381, #1448 ) ;
#26 = DIRECTION ( 'NONE',  ( 1.000000000000000000, -0.000000000000000000, -0.000000000000000000 ) ) ;
#27 = CARTESIAN_POINT ( 'NONE',  ( 47.70000000000000284, 7.950000000000000178, 15.70000000000000284 ) ) ;
#28 = AXIS2_PLACEMENT_3D ( 'NONE', #3412, #4475, #938 ) ;
#29 = VERTEX_POINT ( 'NONE', #63 ) ;
#30 = DIRECTION ( 'NONE',  ( 0.000000000000000000, 0.8660254037844380415, -0.5000000000000009992 ) ) ;
#31 = CARTESIAN_POINT ( 'NONE',  ( 0.000000000000000000, -15.50000000000000000, 1.299999999999999156 ) ) ;
#32 = CARTESIAN_POINT ( 'NONE',  ( -19.80000000000000071, 7.000000000000000000, 0.000000000000000000 ) ) ;
#33 = CARTESIAN_POINT ( 'NONE',  ( 0.2000000000000000111, 7.749999999999998224, -13.42339375865880058 ) ) ;
#34 = ORIENTED_EDGE ( 'NONE', *, *, #4186, .F. ) ;
#35 =( LENGTH_UNIT ( ) NAMED_UNIT ( * ) SI_UNIT ( .MILLI., .METRE. ) );
#36 = FILL_AREA_STYLE_COLOUR ( '', #1691 ) ;
#37 = DIRECTION ( 'NONE',  ( 0.000000000000000000, -1.000000000000000000, 0.000000000000000000 ) ) ;
#38 = ORIENTED_EDGE ( 'NONE', *, *, #265, .F. ) ;
#39 = ORIENTED_EDGE ( 'NONE', *, *, #238, .F. ) ;
#40 = CIRCLE ( 'NONE', #3673, 6.000000000000000888 ) ;
#41 = PRESENTATION_STYLE_ASSIGNMENT (( #3289 ) ) ;
#42 = SHAPE_DEFINITION_REPRESENTATION ( #1183, #4001 ) ;
#43 = AXIS2_PLACEMENT_3D ( 'NONE', #4081, #2742, #4170 ) ;
#44 = DIRECTION ( 'NONE',  ( 1.000000000000000000, 0.000000000000000000, -0.000000000000000000 ) ) ;
#45 = ORIENTED_EDGE ( 'NONE', *, *, #3446, .T. ) ;
#46 = AXIS2_PLACEMENT_3D ( 'NONE', #3880, #1305, #241 ) ;
#47 = AXIS2_PLACEMENT_3D ( 'NONE', #3248, #1119, #3574 ) ;
#48 = CARTESIAN_POINT ( 'NONE',  ( 0.000000000000000000, 0.000000000000000000, 15.50000000000000000 ) ) ;
#49 = CARTESIAN_POINT ( 'NONE',  ( 46.10000000000000142, 8.750000000000000000, 15.70000000000000284 ) ) ;
#50 = ADVANCED_FACE ( 'NONE', ( #4470 ), #2557, .F. ) ;
#51 = VECTOR ( 'NONE', #4425, 1000.000000000000000 ) ;
#52 = CARTESIAN_POINT ( 'NONE',  ( 0.000000000000000000, -15.25000000000000000, 0.2500000000000002220 ) ) ;
#53 = CARTESIAN_POINT ( 'NONE',  ( 2.000000000000000000, 7.408493649053887076, -13.33188740771269210 ) ) ;
#54 = EDGE_CURVE ( 'NONE', #1112, #1399, #2493, .T. ) ;
#55 = FILL_AREA_STYLE ('',( #3982 ) ) ;
#56 = ORIENTED_EDGE ( 'NONE', *, *, #2400, .F. ) ;
#57 = DIRECTION ( 'NONE',  ( -1.000000000000000000, 0.000000000000000000, 0.000000000000000000 ) ) ;
#58 = MECHANICAL_DESIGN_GEOMETRIC_PRESENTATION_REPRESENTATION (  '', ( #1805 ), #2796 ) ;
#59 = LINE ( 'NONE', #607, #3404 ) ;
#60 = CARTESIAN_POINT ( 'NONE',  ( 2.000000000000000000, 8.784326673973666288, 13.11490010960490515 ) ) ;
#61 = CIRCLE ( 'NONE', #2721, 6.000000000000000888 ) ;
#62 = VERTEX_POINT ( 'NONE', #232 ) ;
#63 = CARTESIAN_POINT ( 'NONE',  ( 0.000000000000000000, 8.091506350946115589, 13.51490010960490729 ) ) ;
#64 = VECTOR ( 'NONE', #877, 1000.000000000000000 ) ;
#65 = DIRECTION ( 'NONE',  ( 0.000000000000000000, 0.000000000000000000, -1.000000000000000000 ) ) ;
#66 = ORIENTED_EDGE ( 'NONE', *, *, #2656, .F. ) ;
#67 = ORIENTED_EDGE ( 'NONE', *, *, #1599, .T. ) ;
#68 = PRESENTATION_LAYER_ASSIGNMENT (  '', '', ( #4594 ) ) ;
#69 = CARTESIAN_POINT ( 'NONE',  ( 0.000000000000000000, -13.42339375865870998, -9.250000000000158096 ) ) ;
#70 = UNCERTAINTY_MEASURE_WITH_UNIT (LENGTH_MEASURE( 1.000000000000000082E-05 ), #1980, 'distance_accuracy_value', 'NONE');
#71 =( GEOMETRIC_REPRESENTATION_CONTEXT ( 3 ) GLOBAL_UNCERTAINTY_ASSIGNED_CONTEXT ( ( #4042 ) ) GLOBAL_UNIT_ASSIGNED_CONTEXT ( ( #885, #3332, #3053 ) ) REPRESENTATION_CONTEXT ( 'NONE', 'WORKASPACE' ) );
#72 = CYLINDRICAL_SURFACE ( 'NONE', #1094, 2.000000000000000000 ) ;
#73 = CARTESIAN_POINT ( 'NONE',  ( 0.000000000000000000, 6.715673326026347034, 13.73188740771268890 ) ) ;
#74 = VERTEX_POINT ( 'NONE', #3778 ) ;
#75 = CIRCLE ( 'NONE', #3930, 3.000000000000000000 ) ;
#76 = CIRCLE ( 'NONE', #3253, 1.500000000000001332 ) ;
#77 = CARTESIAN_POINT ( 'NONE',  ( 0.000000000000000000, 8.534326673973657407, -12.68188740771269352 ) ) ;
#78 = CARTESIAN_POINT ( 'NONE',  ( 2.000000000000000000, -16.74038207405221002, 0.2500000000000004996 ) ) ;
#79 = DIRECTION ( 'NONE',  ( 0.000000000000000000, -0.5000000000000000000, -0.8660254037844385966 ) ) ;
#80 = DIRECTION ( 'NONE',  ( 0.000000000000000000, 0.000000000000000000, -1.000000000000000000 ) ) ;
#81 = LINE ( 'NONE', #789, #2030 ) ;
#82 = ORIENTED_EDGE ( 'NONE', *, *, #4618, .F. ) ;
#83 =( NAMED_UNIT ( * ) SI_UNIT ( $, .STERADIAN. ) SOLID_ANGLE_UNIT ( ) );
#84 = EDGE_CURVE ( 'NONE', #558, #3047, #3851, .T. ) ;
#85 = CARTESIAN_POINT ( 'NONE',  ( 6.000000000000000000, -13.42339375865870998, -9.250000000000158096 ) ) ;
#86 = PRODUCT ( 'MC520\X2\7f16780156687535673a6a21578b\X0\-\X2\9ad87cbe6b3e\X0\', 'MC520\X2\7f16780156687535673a6a21578b\X0\-\X2\9ad87cbe6b3e\X0\', '', ( #1925 ) ) ;
#87 = PRESENTATION_STYLE_ASSIGNMENT (( #793 ) ) ;
#88 = CARTESIAN_POINT ( 'NONE',  ( 46.90000000000000568, -8.750000000000000000, 15.70000000000000284 ) ) ;
#89 = EDGE_LOOP ( 'NONE', ( #260, #415, #3471, #3011 ) ) ;
#90 = PLANE ( 'NONE',  #1658 ) ;
#91 = EDGE_CURVE ( 'NONE', #3586, #699, #4381, .T. ) ;
#92 = ADVANCED_FACE ( 'NONE', ( #1236 ), #864, .F. ) ;
#93 = PRESENTATION_STYLE_ASSIGNMENT (( #12 ) ) ;
#94 = PRESENTATION_STYLE_ASSIGNMENT (( #2051 ) ) ;
#95 = VERTEX_POINT ( 'NONE', #956 ) ;
#96 = ORIENTED_EDGE ( 'NONE', *, *, #91, .F. ) ;
#97 = CARTESIAN_POINT ( 'NONE',  ( 46.10000000000000142, 8.750000000000000000, 15.70000000000000284 ) ) ;
#98 = DIRECTION ( 'NONE',  ( 0.000000000000000000, -0.000000000000000000, 1.000000000000000000 ) ) ;
#99 = PRESENTATION_STYLE_ASSIGNMENT (( #4117 ) ) ;
#100 = ORIENTED_EDGE ( 'NONE', *, *, #4459, .T. ) ;
#101 = DIRECTION ( 'NONE',  ( 1.000000000000000000, 0.000000000000000000, 0.000000000000000000 ) ) ;
#102 = CARTESIAN_POINT ( 'NONE',  ( 2.000000000000000000, 7.658493649053896846, 13.76490010960490729 ) ) ;
#103 = SURFACE_SIDE_STYLE ('',( #3351 ) ) ;
#104 = CARTESIAN_POINT ( 'NONE',  ( 0.000000000000000000, 6.715673326026336376, -13.73188740771269245 ) ) ;
#105 = EDGE_LOOP ( 'NONE', ( #2587, #1065, #2585, #1773 ) ) ;
#106 = CARTESIAN_POINT ( 'NONE',  ( 0.000000000000000000, -15.75000000000000000, -1.050000000000000044 ) ) ;
#107 = ADVANCED_FACE ( 'NONE', ( #1606 ), #4551, .T. ) ;
#108 = PLANE ( 'NONE',  #3226 ) ;
#109 = LINE ( 'NONE', #1210, #2329 ) ;
#110 = ORIENTED_EDGE ( 'NONE', *, *, #4278, .F. ) ;
#111 = ORIENTED_EDGE ( 'NONE', *, *, #3640, .T. ) ;
#112 = ADVANCED_FACE ( 'NONE', ( #508 ), #1668, .T. ) ;
#113 = LINE ( 'NONE', #1216, #4065 ) ;
#114 = ORIENTED_EDGE ( 'NONE', *, *, #2674, .T. ) ;
#115 = EDGE_CURVE ( 'NONE', #2052, #4670, #4457, .T. ) ;
#116 = ORIENTED_EDGE ( 'NONE', *, *, #3187, .T. ) ;
#117 =( LENGTH_UNIT ( ) NAMED_UNIT ( * ) SI_UNIT ( .MILLI., .METRE. ) );
#118 = DIRECTION ( 'NONE',  ( -1.000000000000000000, -0.000000000000000000, -0.000000000000000000 ) ) ;
#119 = FACE_OUTER_BOUND ( 'NONE', #1468, .T. ) ;
#120 = ORIENTED_EDGE ( 'NONE', *, *, #1970, .F. ) ;
#121 = DIRECTION ( 'NONE',  ( 1.000000000000000000, 0.000000000000000000, -0.000000000000000000 ) ) ;
#122 = EDGE_CURVE ( 'NONE', #1351, #488, #4155, .T. ) ;
#123 = VECTOR ( 'NONE', #3934, 1000.000000000000000 ) ;
#124 = DIRECTION ( 'NONE',  ( 0.000000000000000000, -0.4999999999999992784, 0.8660254037844390407 ) ) ;
#125 = DIRECTION ( 'NONE',  ( 0.000000000000000000, 0.000000000000000000, -1.000000000000000000 ) ) ;
#126 = CARTESIAN_POINT ( 'NONE',  ( 2.000000000000000000, 8.586697387972222373, 14.37259614518684181 ) ) ;
#127 = LINE ( 'NONE', #3374, #443 ) ;
#128 = CARTESIAN_POINT ( 'NONE',  ( 0.000000000000000000, 7.750000000000006217, 15.42339375865879880 ) ) ;
#129 = MECHANICAL_DESIGN_GEOMETRIC_PRESENTATION_REPRESENTATION (  '', ( #2405 ), #4213 ) ;
#130 = VECTOR ( 'NONE', #4484, 1000.000000000000000 ) ;
#131 = PLANE ( 'NONE',  #431 ) ;
#132 = DIRECTION ( 'NONE',  ( 0.000000000000000000, 0.000000000000000000, -1.000000000000000000 ) ) ;
#133 = ORIENTED_EDGE ( 'NONE', *, *, #1782, .F. ) ;
#134 = DIRECTION ( 'NONE',  ( 0.000000000000000000, -0.8660254037844381525, 0.5000000000000008882 ) ) ;
#135 =( GEOMETRIC_REPRESENTATION_CONTEXT ( 3 ) GLOBAL_UNCERTAINTY_ASSIGNED_CONTEXT ( ( #2969 ) ) GLOBAL_UNIT_ASSIGNED_CONTEXT ( ( #2128, #1771, #1424 ) ) REPRESENTATION_CONTEXT ( 'NONE', 'WORKASPACE' ) );
#136 = CIRCLE ( 'NONE', #2480, 1.499999999999996225 ) ;
#137 = AXIS2_PLACEMENT_3D ( 'NONE', #2121, #3534, #3559 ) ;
#138 = CARTESIAN_POINT ( 'NONE',  ( 0.000000000000000000, 6.965673326026335488, -14.16490010960491119 ) ) ;
#139 = ORIENTED_EDGE ( 'NONE', *, *, #175, .T. ) ;
#140 = ORIENTED_EDGE ( 'NONE', *, *, #518, .F. ) ;
#141 =( NAMED_UNIT ( * ) PLANE_ANGLE_UNIT ( ) SI_UNIT ( $, .RADIAN. ) );
#142 = EDGE_CURVE ( 'NONE', #344, #1084, #4197, .T. ) ;
#143 = EDGE_CURVE ( 'NONE', #456, #1832, #2655, .T. ) ;
#144 = STYLED_ITEM ( 'NONE', ( #4420 ), #50 ) ;
#145 = FACE_OUTER_BOUND ( 'NONE', #89, .T. ) ;
#146 = MECHANICAL_DESIGN_GEOMETRIC_PRESENTATION_REPRESENTATION (  '', ( #1732 ), #3401 ) ;
#147 = EDGE_LOOP ( 'NONE', ( #3739, #4232, #4023, #2443 ) ) ;
#148 = LINE ( 'NONE', #4560, #449 ) ;
#149 = COLOUR_RGB ( '',0.2039215686274509776, 0.2039215686274509776, 0.2039215686274509776 ) ;
#150 = PLANE ( 'NONE',  #1226 ) ;
#151 = EDGE_CURVE ( 'NONE', #456, #2564, #574, .T. ) ;
#152 = DIRECTION ( 'NONE',  ( 0.000000000000000000, 0.000000000000000000, 1.000000000000000000 ) ) ;
#153 = PRESENTATION_STYLE_ASSIGNMENT (( #1551 ) ) ;
#154 = STYLED_ITEM ( 'NONE', ( #1764 ), #199 ) ;
#155 = AXIS2_PLACEMENT_3D ( 'NONE', #4058, #3748, #4442 ) ;
#156 = DIRECTION ( 'NONE',  ( 1.000000000000000000, 0.000000000000000000, -0.000000000000000000 ) ) ;
#157 = COLOUR_RGB ( '',0.7960784313725489669, 0.8235294117647058432, 0.9372549019607843146 ) ;
#158 = DIRECTION ( 'NONE',  ( 0.000000000000000000, 0.000000000000000000, -1.000000000000000000 ) ) ;
#159 = FACE_OUTER_BOUND ( 'NONE', #254, .T. ) ;
#160 = ORIENTED_EDGE ( 'NONE', *, *, #2409, .T. ) ;
#161 = CARTESIAN_POINT ( 'NONE',  ( 6.000000000000000000, 13.42339375865876505, 7.750000000000063061 ) ) ;
#162 = DIRECTION ( 'NONE',  ( -0.000000000000000000, 0.5000000000000009992, 0.8660254037844380415 ) ) ;
#163 = ORIENTED_EDGE ( 'NONE', *, *, #2294, .F. ) ;
#164 = ORIENTED_EDGE ( 'NONE', *, *, #3361, .F. ) ;
#165 = DIRECTION ( 'NONE',  ( -1.000000000000000000, 0.000000000000000000, -0.000000000000000000 ) ) ;
#166 = DIRECTION ( 'NONE',  ( 0.000000000000000000, 0.8660254037844380415, -0.5000000000000009992 ) ) ;
#167 = EDGE_CURVE ( 'NONE', #2608, #4238, #2384, .T. ) ;
#168 = SURFACE_STYLE_FILL_AREA ( #186 ) ;
#169 = VERTEX_POINT ( 'NONE', #715 ) ;
#170 = LINE ( 'NONE', #2330, #3538 ) ;
#171 = DIRECTION ( 'NONE',  ( 0.000000000000000000, 0.000000000000000000, -1.000000000000000000 ) ) ;
#172 = DIRECTION ( 'NONE',  ( -0.000000000000000000, -0.000000000000000000, -1.000000000000000000 ) ) ;
#173 = CARTESIAN_POINT ( 'NONE',  ( 0.000000000000000000, -15.75000000000000000, 0.2500000000000002220 ) ) ;
#174 = COLOUR_RGB ( '',0.7960784313725489669, 0.8235294117647058432, 0.9372549019607843146 ) ;
#175 = EDGE_CURVE ( 'NONE', #1904, #673, #4226, .T. ) ;
#176 = DIRECTION ( 'NONE',  ( -1.000000000000000000, -0.000000000000000000, 0.000000000000000000 ) ) ;
#177 = DIRECTION ( 'NONE',  ( 0.000000000000000000, -1.000000000000000000, -0.000000000000000000 ) ) ;
#178 = EDGE_LOOP ( 'NONE', ( #39, #4377, #3457, #984 ) ) ;
#179 = SURFACE_SIDE_STYLE ('',( #3491 ) ) ;
#180 = SURFACE_STYLE_USAGE ( .BOTH. , #1655 ) ;
#181 = ORIENTED_EDGE ( 'NONE', *, *, #947, .T. ) ;
#182 = ORIENTED_EDGE ( 'NONE', *, *, #516, .T. ) ;
#183 = EDGE_CURVE ( 'NONE', #3622, #1868, #1443, .T. ) ;
#184 = PLANE ( 'NONE',  #4596 ) ;
#185 = CARTESIAN_POINT ( 'NONE',  ( 0.5000000000000004441, 0.000000000000000000, 18.30000000000000071 ) ) ;
#186 = FILL_AREA_STYLE ('',( #4099 ) ) ;
#187 = ORIENTED_EDGE ( 'NONE', *, *, #1998, .F. ) ;
#188 = ADVANCED_FACE ( 'NONE', ( #3513, #1077, #2527, #642, #1394, #2123, #2506, #3962, #1411, #3536, #622, #360 ), #1343, .F. ) ;
#189 = VERTEX_POINT ( 'NONE', #3229 ) ;
#190 = FACE_OUTER_BOUND ( 'NONE', #2083, .T. ) ;
#191 = EDGE_CURVE ( 'NONE', #4472, #2953, #3561, .T. ) ;
#192 = LINE ( 'NONE', #1671, #3825 ) ;
#193 = CARTESIAN_POINT ( 'NONE',  ( 46.10000000000000142, -8.750000000000000000, 15.70000000000000284 ) ) ;
#194 = FACE_OUTER_BOUND ( 'NONE', #4086, .T. ) ;
#195 = PRESENTATION_LAYER_ASSIGNMENT (  '', '', ( #1025 ) ) ;
#196 = FILL_AREA_STYLE_COLOUR ( '', #3394 ) ;
#197 = CARTESIAN_POINT ( 'NONE',  ( 51.89999999999999858, 8.750000000000000000, 8.500000000000001776 ) ) ;
#198 = EDGE_CURVE ( 'NONE', #833, #230, #368, .T. ) ;
#199 = ADVANCED_FACE ( 'NONE', ( #2478 ), #670, .T. ) ;
#200 = CARTESIAN_POINT ( 'NONE',  ( 0.5000000000000000000, 7.000000000000002665, -10.00000000000000000 ) ) ;
#201 = PRESENTATION_LAYER_ASSIGNMENT (  '', '', ( #2243 ) ) ;
#202 = ORIENTED_EDGE ( 'NONE', *, *, #4087, .T. ) ;
#203 = DIRECTION ( 'NONE',  ( -1.000000000000000000, 0.000000000000000000, 0.000000000000000000 ) ) ;
#204 = AXIS2_PLACEMENT_3D ( 'NONE', #3627, #379, #3554 ) ;
#205 = CLOSED_SHELL ( 'NONE', ( #112, #4111, #4172, #3440, #1483, #2146, #2012, #340, #107, #333, #688, #4083, #3699, #1709, #979, #1738, #4331, #92, #428, #50, #3137, #659, #1066, #3503, #2615, #3783, #199, #3577, #1939, #312, #847, #1088, #3815, #3672, #773, #2169, #2800, #188, #657, #1453, #2554, #3124, #1160, #717, #4192, #2292, #2962, #2818, #2843, #3071, #1653, #2315, #3496, #1688, #3929, #1304, #1008, #1830, #1891, #866, #3104, #3186, #2117, #438, #2074, #3153, #464, #3900, #2436, #1416, #3761, #1387, #4673, #2610, #2526, #562, #3366, #2056, #1097, #1063, #2494, #1590, #3731, #1190, #2286, #4399, #2491, #4244, #2900, #1327, #3334, #1737, #4653, #3268, #3346, #870, #1858, #571, #2901, #290, #1249, #1536, #2255, #1766, #24, #2863, #2456, #484, #1247, #2924, #3853, #3556, #1138, #2220, #750, #922, #3757, #2752, #1455, #1616, #4284, #1942, #2349, #3702, #2984, #4251, #1477, #1563, #2026, #1370, #603, #744, #4639, #3468, #1273 ) ) ;
#206 = DIRECTION ( 'NONE',  ( -0.000000000000000000, 1.000000000000000000, -0.000000000000000000 ) ) ;
#207 = ORIENTED_EDGE ( 'NONE', *, *, #1423, .T. ) ;
#208 = CIRCLE ( 'NONE', #1498, 12.30000000000000071 ) ;
#209 = ORIENTED_EDGE ( 'NONE', *, *, #3282, .T. ) ;
#210 = ORIENTED_EDGE ( 'NONE', *, *, #3616, .F. ) ;
#211 = CARTESIAN_POINT ( 'NONE',  ( 6.000000000000000000, -13.42339375865886986, 7.749999999999874767 ) ) ;
#212 =( GEOMETRIC_REPRESENTATION_CONTEXT ( 3 ) GLOBAL_UNCERTAINTY_ASSIGNED_CONTEXT ( ( #3710 ) ) GLOBAL_UNIT_ASSIGNED_CONTEXT ( ( #2140, #1718, #3203 ) ) REPRESENTATION_CONTEXT ( 'NONE', 'WORKASPACE' ) );
#213 = DIRECTION ( 'NONE',  ( -0.000000000000000000, 1.000000000000000000, -0.000000000000000000 ) ) ;
#214 = CARTESIAN_POINT ( 'NONE',  ( 0.5000000000000000000, 7.163571428571429145, 9.998662129892933237 ) ) ;
#215 = ORIENTED_EDGE ( 'NONE', *, *, #2759, .T. ) ;
#216 = ORIENTED_EDGE ( 'NONE', *, *, #3555, .F. ) ;
#217 = CARTESIAN_POINT ( 'NONE',  ( 46.90000000000000568, 7.950000000000000178, 12.20000000000000284 ) ) ;
#218 = DIRECTION ( 'NONE',  ( -1.000000000000000000, 0.000000000000000000, 0.000000000000000000 ) ) ;
#219 = MECHANICAL_DESIGN_GEOMETRIC_PRESENTATION_REPRESENTATION (  '', ( #2569 ), #3466 ) ;
#220 = CARTESIAN_POINT ( 'NONE',  ( 2.000000000000000000, -15.25000000000000000, 0.2500000000000002220 ) ) ;
#221 = DIRECTION ( 'NONE',  ( 0.000000000000000000, 0.000000000000000000, -1.000000000000000000 ) ) ;
#222 = STYLED_ITEM ( 'NONE', ( #1697 ), #92 ) ;
#223 = VECTOR ( 'NONE', #1661, 1000.000000000000227 ) ;
#224 = CARTESIAN_POINT ( 'NONE',  ( 0.000000000000000000, -15.75000000000000000, 0.2500000000000002220 ) ) ;
#225 = DIRECTION ( 'NONE',  ( -0.000000000000000000, -0.000000000000000000, -1.000000000000000000 ) ) ;
#226 = AXIS2_PLACEMENT_3D ( 'NONE', #2897, #3199, #2496 ) ;
#227 = STYLED_ITEM ( 'NONE', ( #1780 ), #4172 ) ;
#228 = CARTESIAN_POINT ( 'NONE',  ( 0.000000000000000000, 7.008493649053896490, 12.63906708468513784 ) ) ;
#229 = LINE ( 'NONE', #2666, #3610 ) ;
#230 = VERTEX_POINT ( 'NONE', #746 ) ;
#231 = EDGE_CURVE ( 'NONE', #3864, #3497, #674, .T. ) ;
#232 = CARTESIAN_POINT ( 'NONE',  ( 0.000000000000000000, -16.54999999999999716, -0.2500000000000002220 ) ) ;
#233 = AXIS2_PLACEMENT_3D ( 'NONE', #1863, #3305, #3680 ) ;
#234 = AXIS2_PLACEMENT_3D ( 'NONE', #3435, #4214, #972 ) ;
#235 = ORIENTED_EDGE ( 'NONE', *, *, #3988, .F. ) ;
#236 = EDGE_CURVE ( 'NONE', #2556, #1321, #1463, .T. ) ;
#237 = ORIENTED_EDGE ( 'NONE', *, *, #1533, .T. ) ;
#238 = EDGE_CURVE ( 'NONE', #2913, #2866, #1591, .T. ) ;
#239 = DIRECTION ( 'NONE',  ( 0.000000000000000000, -0.3558417043170685745, 0.9345462436223923586 ) ) ;
#240 = CARTESIAN_POINT ( 'NONE',  ( 47.70000000000000284, 8.750000000000000000, 15.70000000000000284 ) ) ;
#241 = DIRECTION ( 'NONE',  ( 0.000000000000000000, 0.000000000000000000, 1.000000000000000000 ) ) ;
#242 = ORIENTED_EDGE ( 'NONE', *, *, #4273, .F. ) ;
#243 = ORIENTED_EDGE ( 'NONE', *, *, #4423, .F. ) ;
#244 = SURFACE_SIDE_STYLE ('',( #1669 ) ) ;
#245 = SURFACE_SIDE_STYLE ('',( #837 ) ) ;
#246 = DIRECTION ( 'NONE',  ( -1.000000000000000000, 0.000000000000000000, 0.000000000000000000 ) ) ;
#247 = CARTESIAN_POINT ( 'NONE',  ( 0.2000000000000000111, 7.749999999999998224, -13.42339375865880058 ) ) ;
#248 = SURFACE_STYLE_USAGE ( .BOTH. , #2048 ) ;
#249 = MECHANICAL_DESIGN_GEOMETRIC_PRESENTATION_REPRESENTATION (  '', ( #4320 ), #3498 ) ;
#250 = VERTEX_POINT ( 'NONE', #1845 ) ;
#251 = CARTESIAN_POINT ( 'NONE',  ( 2.000000000000000000, -15.50000000000000000, -8.673617379884035472E-16 ) ) ;
#252 = DIRECTION ( 'NONE',  ( 0.000000000000000000, 0.000000000000000000, -1.000000000000000000 ) ) ;
#253 = ORIENTED_EDGE ( 'NONE', *, *, #1466, .F. ) ;
#254 = EDGE_LOOP ( 'NONE', ( #2477, #2593 ) ) ;
#255 = CARTESIAN_POINT ( 'NONE',  ( 0.2000000000000000111, 7.750000000000006217, 13.42339375865879703 ) ) ;
#256 = EDGE_CURVE ( 'NONE', #2263, #3904, #2548, .T. ) ;
#257 = LINE ( 'NONE', #3589, #4190 ) ;
#258 = EDGE_CURVE ( 'NONE', #3894, #3310, #1510, .T. ) ;
#259 = LINE ( 'NONE', #3455, #4203 ) ;
#260 = ORIENTED_EDGE ( 'NONE', *, *, #2261, .F. ) ;
#261 = ORIENTED_EDGE ( 'NONE', *, *, #1707, .F. ) ;
#262 = CARTESIAN_POINT ( 'NONE',  ( 46.90000000000000568, 7.950000000000000178, 10.90000000000000391 ) ) ;
#263 = MECHANICAL_DESIGN_GEOMETRIC_PRESENTATION_REPRESENTATION (  '', ( #1017 ), #4632 ) ;
#264 = CARTESIAN_POINT ( 'NONE',  ( 0.000000000000000000, 8.091506350946106707, -13.51490010960491261 ) ) ;
#265 = EDGE_CURVE ( 'NONE', #1351, #1852, #1155, .T. ) ;
#266 = FACE_OUTER_BOUND ( 'NONE', #3665, .T. ) ;
#267 = PLANE ( 'NONE',  #3007 ) ;
#268 = DIRECTION ( 'NONE',  ( 0.000000000000000000, 0.000000000000000000, 1.000000000000000000 ) ) ;
#269 = DIRECTION ( 'NONE',  ( -1.000000000000000000, -0.000000000000000000, -0.000000000000000000 ) ) ;
#270 = DIRECTION ( 'NONE',  ( 0.000000000000000000, -0.8660254037844362651, -0.5000000000000041078 ) ) ;
#271 = DIRECTION ( 'NONE',  ( -0.000000000000000000, 0.5000000000000002220, -0.8660254037844384856 ) ) ;
#272 = VERTEX_POINT ( 'NONE', #4035 ) ;
#273 = DIRECTION ( 'NONE',  ( -1.000000000000000000, 0.000000000000000000, 0.000000000000000000 ) ) ;
#274 = VECTOR ( 'NONE', #172, 1000.000000000000000 ) ;
#275 = DIRECTION ( 'NONE',  ( -0.000000000000000000, -0.6314199358297803988, -0.7754410774757267699 ) ) ;
#276 = ORIENTED_EDGE ( 'NONE', *, *, #4022, .T. ) ;
#277 = ORIENTED_EDGE ( 'NONE', *, *, #3274, .T. ) ;
#278 = AXIS2_PLACEMENT_3D ( 'NONE', #2350, #4492, #3369 ) ;
#279 = CIRCLE ( 'NONE', #4060, 1.500000000000001332 ) ;
#280 = DIRECTION ( 'NONE',  ( -0.000000000000000000, 0.8660254037844390407, 0.4999999999999992228 ) ) ;
#281 = CIRCLE ( 'NONE', #1036, 1.500000000000001110 ) ;
#282 = VECTOR ( 'NONE', #1537, 1000.000000000000000 ) ;
#283 = DIRECTION ( 'NONE',  ( 0.000000000000000000, 1.000000000000000000, 1.224646799147353207E-16 ) ) ;
#284 = EDGE_LOOP ( 'NONE', ( #3342, #3535, #4016, #3262 ) ) ;
#285 = ORIENTED_EDGE ( 'NONE', *, *, #2407, .T. ) ;
#286 = EDGE_CURVE ( 'NONE', #488, #2535, #1127, .T. ) ;
#287 = AXIS2_PLACEMENT_3D ( 'NONE', #3143, #1346, #2438 ) ;
#288 = DIRECTION ( 'NONE',  ( -0.000000000000000000, -0.5000000000000015543, -0.8660254037844378194 ) ) ;
#289 = PRESENTATION_STYLE_ASSIGNMENT (( #2449 ) ) ;
#290 = ADVANCED_FACE ( 'NONE', ( #767 ), #411, .T. ) ;
#291 = DIRECTION ( 'NONE',  ( 0.000000000000000000, 0.000000000000000000, -1.000000000000000000 ) ) ;
#292 = DIRECTION ( 'NONE',  ( 1.000000000000000000, -0.000000000000000000, -0.000000000000000000 ) ) ;
#293 = MECHANICAL_DESIGN_GEOMETRIC_PRESENTATION_REPRESENTATION (  '', ( #4004 ), #1735 ) ;
#294 = ORIENTED_EDGE ( 'NONE', *, *, #370, .F. ) ;
#295 = PRESENTATION_LAYER_ASSIGNMENT (  '', '', ( #222 ) ) ;
#296 = VECTOR ( 'NONE', #3439, 1000.000000000000000 ) ;
#297 = DIRECTION ( 'NONE',  ( -1.000000000000000000, 0.000000000000000000, 0.000000000000000000 ) ) ;
#298 = ORIENTED_EDGE ( 'NONE', *, *, #3876, .F. ) ;
#299 =( GEOMETRIC_REPRESENTATION_CONTEXT ( 3 ) GLOBAL_UNCERTAINTY_ASSIGNED_CONTEXT ( ( #492 ) ) GLOBAL_UNIT_ASSIGNED_CONTEXT ( ( #4225, #1373, #4266 ) ) REPRESENTATION_CONTEXT ( 'NONE', 'WORKASPACE' ) );
#300 = ORIENTED_EDGE ( 'NONE', *, *, #4389, .F. ) ;
#301 = AXIS2_PLACEMENT_3D ( 'NONE', #943, #1995, #4187 ) ;
#302 = LINE ( 'NONE', #1464, #1664 ) ;
#303 = CARTESIAN_POINT ( 'NONE',  ( 0.000000000000000000, -14.45000000000000107, -0.2500000000000002220 ) ) ;
#304 = ORIENTED_EDGE ( 'NONE', *, *, #2177, .F. ) ;
#305 = ORIENTED_EDGE ( 'NONE', *, *, #1808, .F. ) ;
#306 = CARTESIAN_POINT ( 'NONE',  ( 0.2000000000000000111, 7.750000000000006217, 14.72339375865879418 ) ) ;
#307 =( LENGTH_UNIT ( ) NAMED_UNIT ( * ) SI_UNIT ( .MILLI., .METRE. ) );
#308 = DIRECTION ( 'NONE',  ( 0.000000000000000000, 0.5000000000000013323, 0.8660254037844379305 ) ) ;
#309 = SURFACE_STYLE_USAGE ( .BOTH. , #1758 ) ;
#310 = EDGE_CURVE ( 'NONE', #995, #1402, #2235, .T. ) ;
#311 = CARTESIAN_POINT ( 'NONE',  ( 6.000000000000000000, 1.836970198721029441E-16, 13.99999999999999822 ) ) ;
#312 = ADVANCED_FACE ( 'NONE', ( #3257 ), #1100, .F. ) ;
#313 = CARTESIAN_POINT ( 'NONE',  ( 51.89999999999999858, -8.750000000000000000, 8.500000000000001776 ) ) ;
#314 = EDGE_LOOP ( 'NONE', ( #653, #1581 ) ) ;
#315 = SURFACE_STYLE_USAGE ( .BOTH. , #1442 ) ;
#316 = LINE ( 'NONE', #4268, #3764 ) ;
#317 = ORIENTED_EDGE ( 'NONE', *, *, #4309, .T. ) ;
#318 = ORIENTED_EDGE ( 'NONE', *, *, #2733, .F. ) ;
#319 = SURFACE_SIDE_STYLE ('',( #3899 ) ) ;
#320 = ORIENTED_EDGE ( 'NONE', *, *, #3543, .T. ) ;
#321 = ORIENTED_EDGE ( 'NONE', *, *, #2648, .T. ) ;
#322 = DIRECTION ( 'NONE',  ( 1.000000000000000000, -0.000000000000000000, -0.000000000000000000 ) ) ;
#323 = DIRECTION ( 'NONE',  ( 0.000000000000000000, 0.000000000000000000, -1.000000000000000000 ) ) ;
#324 = PLANE ( 'NONE',  #883 ) ;
#325 = MECHANICAL_DESIGN_GEOMETRIC_PRESENTATION_REPRESENTATION (  '', ( #2991 ), #2237 ) ;
#326 = EDGE_CURVE ( 'NONE', #558, #640, #1406, .T. ) ;
#327 =( NAMED_UNIT ( * ) PLANE_ANGLE_UNIT ( ) SI_UNIT ( $, .RADIAN. ) );
#328 = CARTESIAN_POINT ( 'NONE',  ( 0.000000000000000000, -15.50000000000000000, -8.673617379884035472E-16 ) ) ;
#329 = FILL_AREA_STYLE_COLOUR ( '', #2275 ) ;
#330 = DIRECTION ( 'NONE',  ( -1.000000000000000000, -0.000000000000000000, -0.000000000000000000 ) ) ;
#331 = CARTESIAN_POINT ( 'NONE',  ( 6.000000000000000000, -13.42339375865870998, -7.750000000000157208 ) ) ;
#332 = ORIENTED_EDGE ( 'NONE', *, *, #1038, .T. ) ;
#333 = ADVANCED_FACE ( 'NONE', ( #3596 ), #3271, .F. ) ;
#334 = AXIS2_PLACEMENT_3D ( 'NONE', #4116, #2325, #4539 ) ;
#335 = EDGE_CURVE ( 'NONE', #2339, #820, #2831, .T. ) ;
#336 = ORIENTED_EDGE ( 'NONE', *, *, #954, .T. ) ;
#337 = ORIENTED_EDGE ( 'NONE', *, *, #4109, .T. ) ;
#338 = AXIS2_PLACEMENT_3D ( 'NONE', #4501, #1316, #2408 ) ;
#339 = COLOUR_RGB ( '',1.000000000000000000, 1.000000000000000000, 1.000000000000000000 ) ;
#340 = ADVANCED_FACE ( 'NONE', ( #349 ), #2184, .T. ) ;
#341 = MECHANICAL_DESIGN_GEOMETRIC_PRESENTATION_REPRESENTATION (  '', ( #1712 ), #3006 ) ;
#342 = CARTESIAN_POINT ( 'NONE',  ( -19.80000000000000071, 4.500000000000000888, -1.658312395177700793 ) ) ;
#343 = ORIENTED_EDGE ( 'NONE', *, *, #1539, .T. ) ;
#344 = VERTEX_POINT ( 'NONE', #3971 ) ;
#345 =( NAMED_UNIT ( * ) SI_UNIT ( $, .STERADIAN. ) SOLID_ANGLE_UNIT ( ) );
#346 = PRESENTATION_LAYER_ASSIGNMENT (  '', '', ( #2931 ) ) ;
#347 = PRESENTATION_LAYER_ASSIGNMENT (  '', '', ( #4443 ) ) ;
#348 = DIRECTION ( 'NONE',  ( -1.000000000000000000, -0.000000000000000000, -0.000000000000000000 ) ) ;
#349 = FACE_OUTER_BOUND ( 'NONE', #1949, .T. ) ;
#350 = LINE ( 'NONE', #2371, #3830 ) ;
#351 = CARTESIAN_POINT ( 'NONE',  ( 0.000000000000000000, 8.091506350946106707, -13.51490010960491261 ) ) ;
#352 = AXIS2_PLACEMENT_3D ( 'NONE', #1543, #3363, #1558 ) ;
#353 = AXIS2_PLACEMENT_3D ( 'NONE', #2381, #177, #4153 ) ;
#354 = CARTESIAN_POINT ( 'NONE',  ( 6.000000000000000000, -13.42339375865870998, -7.750000000000157208 ) ) ;
#355 = CIRCLE ( 'NONE', #137, 16.39999999999999858 ) ;
#356 = CARTESIAN_POINT ( 'NONE',  ( -8.300000000000002487, 4.500000000000000888, -1.658312395177700793 ) ) ;
#357 = DIRECTION ( 'NONE',  ( -1.000000000000000000, 0.000000000000000000, 0.000000000000000000 ) ) ;
#358 = PRESENTATION_STYLE_ASSIGNMENT (( #2071 ) ) ;
#359 = ORIENTED_EDGE ( 'NONE', *, *, #231, .F. ) ;
#360 = FACE_BOUND ( 'NONE', #3177, .T. ) ;
#361 = AXIS2_PLACEMENT_3D ( 'NONE', #354, #664, #2091 ) ;
#362 = CIRCLE ( 'NONE', #2338, 1.499999999999996225 ) ;
#363 = DIRECTION ( 'NONE',  ( 0.000000000000000000, -1.000000000000000000, 0.000000000000000000 ) ) ;
#364 = VERTEX_POINT ( 'NONE', #3182 ) ;
#365 = ORIENTED_EDGE ( 'NONE', *, *, #3481, .T. ) ;
#366 = AXIS2_PLACEMENT_3D ( 'NONE', #251, #1679, #2003 ) ;
#367 = STYLED_ITEM ( 'NONE', ( #17 ), #3699 ) ;
#368 = CIRCLE ( 'NONE', #4672, 1.500000000000001332 ) ;
#369 = SURFACE_STYLE_FILL_AREA ( #4018 ) ;
#370 = EDGE_CURVE ( 'NONE', #1011, #364, #4327, .T. ) ;
#371 = AXIS2_PLACEMENT_3D ( 'NONE', #4659, #2921, #3252 ) ;
#372 = ORIENTED_EDGE ( 'NONE', *, *, #954, .F. ) ;
#373 = EDGE_CURVE ( 'NONE', #2598, #1284, #2118, .T. ) ;
#374 = ORIENTED_EDGE ( 'NONE', *, *, #236, .F. ) ;
#375 = STYLED_ITEM ( 'NONE', ( #706 ), #428 ) ;
#376 = VECTOR ( 'NONE', #4030, 1000.000000000000227 ) ;
#377 = DIRECTION ( 'NONE',  ( -1.000000000000000000, -0.000000000000000000, -0.000000000000000000 ) ) ;
#378 = CARTESIAN_POINT ( 'NONE',  ( 2.000000000000000000, 7.749999999999999112, -15.42339375865880058 ) ) ;
#379 = DIRECTION ( 'NONE',  ( -1.000000000000000000, 0.000000000000000000, 0.000000000000000000 ) ) ;
#380 = FACE_BOUND ( 'NONE', #4259, .T. ) ;
#381 = CARTESIAN_POINT ( 'NONE',  ( -8.300000000000002487, 4.500000000000000888, -1.658312395177700793 ) ) ;
#382 = PLANE ( 'NONE',  #43 ) ;
#383 = CARTESIAN_POINT ( 'NONE',  ( 2.000000000000000000, 6.715673326026347034, 13.73188740771268712 ) ) ;
#384 = PRESENTATION_STYLE_ASSIGNMENT (( #4054 ) ) ;
#385 = ORIENTED_EDGE ( 'NONE', *, *, #1312, .F. ) ;
#386 = DIRECTION ( 'NONE',  ( 1.000000000000000000, -0.000000000000000000, -0.000000000000000000 ) ) ;
#387 = FACE_OUTER_BOUND ( 'NONE', #4276, .T. ) ;
#388 = DIRECTION ( 'NONE',  ( -0.000000000000000000, 0.000000000000000000, 1.000000000000000000 ) ) ;
#389 = ORIENTED_EDGE ( 'NONE', *, *, #370, .T. ) ;
#390 = LINE ( 'NONE', #1936, #822 ) ;
#391 = EDGE_CURVE ( 'NONE', #169, #1271, #75, .T. ) ;
#392 = UNCERTAINTY_MEASURE_WITH_UNIT (LENGTH_MEASURE( 1.000000000000000082E-05 ), #2515, 'distance_accuracy_value', 'NONE');
#393 = LINE ( 'NONE', #486, #1180 ) ;
#394 = MECHANICAL_DESIGN_GEOMETRIC_PRESENTATION_REPRESENTATION (  '', ( #2683 ), #4483 ) ;
#395 = LINE ( 'NONE', #2179, #1799 ) ;
#396 = EDGE_LOOP ( 'NONE', ( #1540, #1569 ) ) ;
#397 = ORIENTED_EDGE ( 'NONE', *, *, #3543, .F. ) ;
#398 = CARTESIAN_POINT ( 'NONE',  ( 46.90000000000000568, -7.950000000000000178, 10.90000000000000391 ) ) ;
#399 = EDGE_CURVE ( 'NONE', #1582, #4115, #4531, .T. ) ;
#400 =( NAMED_UNIT ( * ) SI_UNIT ( $, .STERADIAN. ) SOLID_ANGLE_UNIT ( ) );
#401 = EDGE_CURVE ( 'NONE', #3759, #1162, #1596, .T. ) ;
#402 = UNCERTAINTY_MEASURE_WITH_UNIT (LENGTH_MEASURE( 1.000000000000000082E-05 ), #4061, 'distance_accuracy_value', 'NONE');
#403 = LINE ( 'NONE', #2945, #3223 ) ;
#404 = ORIENTED_EDGE ( 'NONE', *, *, #4019, .F. ) ;
#405 = CARTESIAN_POINT ( 'NONE',  ( 0.000000000000000000, 8.153684686079991195, -14.62259614518684714 ) ) ;
#406 = DIRECTION ( 'NONE',  ( -0.000000000000000000, -1.000000000000000000, -0.000000000000000000 ) ) ;
#407 = FACE_OUTER_BOUND ( 'NONE', #2823, .T. ) ;
#408 = DIRECTION ( 'NONE',  ( -0.000000000000000000, 0.8660254037844390407, 0.4999999999999992228 ) ) ;
#409 =( NAMED_UNIT ( * ) PLANE_ANGLE_UNIT ( ) SI_UNIT ( $, .RADIAN. ) );
#410 = ORIENTED_EDGE ( 'NONE', *, *, #4641, .F. ) ;
#411 = PLANE ( 'NONE',  #594 ) ;
#412 = DIRECTION ( 'NONE',  ( 1.000000000000000000, -0.000000000000000000, -0.000000000000000000 ) ) ;
#413 = FACE_OUTER_BOUND ( 'NONE', #2682, .T. ) ;
#414 = CARTESIAN_POINT ( 'NONE',  ( 0.000000000000000000, 8.534326673973666288, 12.68188740771268641 ) ) ;
#415 = ORIENTED_EDGE ( 'NONE', *, *, #191, .F. ) ;
#416 =( NAMED_UNIT ( * ) PLANE_ANGLE_UNIT ( ) SI_UNIT ( $, .RADIAN. ) );
#417 = CIRCLE ( 'NONE', #1331, 1.500000000000001110 ) ;
#418 = CARTESIAN_POINT ( 'NONE',  ( 2.000000000000000000, 7.749999999999999112, -13.42339375865880058 ) ) ;
#419 = DIRECTION ( 'NONE',  ( 1.000000000000000000, 0.000000000000000000, 0.000000000000000000 ) ) ;
#420 = ORIENTED_EDGE ( 'NONE', *, *, #544, .T. ) ;
#421 = ORIENTED_EDGE ( 'NONE', *, *, #1315, .F. ) ;
#422 = MECHANICAL_DESIGN_GEOMETRIC_PRESENTATION_REPRESENTATION (  '', ( #2009 ), #4617 ) ;
#423 = AXIS2_PLACEMENT_3D ( 'NONE', #733, #2537, #3969 ) ;
#424 = CYLINDRICAL_SURFACE ( 'NONE', #2192, 10.00000000000000000 ) ;
#425 = CIRCLE ( 'NONE', #3080, 1.500000000000001332 ) ;
#426 =( NAMED_UNIT ( * ) SI_UNIT ( $, .STERADIAN. ) SOLID_ANGLE_UNIT ( ) );
#427 = ORIENTED_EDGE ( 'NONE', *, *, #4369, .F. ) ;
#428 = ADVANCED_FACE ( 'NONE', ( #4310 ), #1069, .F. ) ;
#429 = EDGE_CURVE ( 'NONE', #1342, #1162, #2227, .T. ) ;
#430 = AXIS2_PLACEMENT_3D ( 'NONE', #4075, #1594, #3046 ) ;
#431 = AXIS2_PLACEMENT_3D ( 'NONE', #2908, #2933, #4340 ) ;
#432 = CARTESIAN_POINT ( 'NONE',  ( 2.000000000000000000, 7.008493649053896490, 12.63906708468513784 ) ) ;
#433 = DIRECTION ( 'NONE',  ( -1.000000000000000000, 0.000000000000000000, 0.000000000000000000 ) ) ;
#434 = PRESENTATION_LAYER_ASSIGNMENT (  '', '', ( #1573 ) ) ;
#435 = DIRECTION ( 'NONE',  ( -1.000000000000000000, 0.000000000000000000, 0.000000000000000000 ) ) ;
#436 = DIRECTION ( 'NONE',  ( 0.000000000000000000, -0.8660254037844362651, -0.5000000000000041078 ) ) ;
#437 = STYLED_ITEM ( 'NONE', ( #3488 ), #1709 ) ;
#438 = ADVANCED_FACE ( 'NONE', ( #1194 ), #72, .F. ) ;
#439 = CARTESIAN_POINT ( 'NONE',  ( -19.80000000000000071, 7.000000000000000000, 0.000000000000000000 ) ) ;
#440 = ORIENTED_EDGE ( 'NONE', *, *, #4612, .F. ) ;
#441 = EDGE_CURVE ( 'NONE', #272, #489, #3740, .T. ) ;
#442 = CARTESIAN_POINT ( 'NONE',  ( 55.00000000000000000, 0.000000000000000000, 0.000000000000000000 ) ) ;
#443 = VECTOR ( 'NONE', #3745, 1000.000000000000000 ) ;
#444 = FACE_OUTER_BOUND ( 'NONE', #4490, .T. ) ;
#445 = CARTESIAN_POINT ( 'NONE',  ( 0.000000000000000000, -13.42339375865886986, 9.249999999999875655 ) ) ;
#446 = AXIS2_PLACEMENT_3D ( 'NONE', #4051, #1199, #4029 ) ;
#447 = ORIENTED_EDGE ( 'NONE', *, *, #2363, .F. ) ;
#448 = CARTESIAN_POINT ( 'NONE',  ( 6.000000000000000000, -13.42339375865886986, 7.749999999999874767 ) ) ;
#449 = VECTOR ( 'NONE', #4185, 1000.000000000000000 ) ;
#450 = UNCERTAINTY_MEASURE_WITH_UNIT (LENGTH_MEASURE( 1.000000000000000082E-05 ), #4631, 'distance_accuracy_value', 'NONE');
#451 = FILL_AREA_STYLE ('',( #36 ) ) ;
#452 = DIRECTION ( 'NONE',  ( -0.000000000000000000, -0.4999999999999995559, 0.8660254037844389297 ) ) ;
#453 = ORIENTED_EDGE ( 'NONE', *, *, #256, .T. ) ;
#454 = EDGE_LOOP ( 'NONE', ( #318, #2181, #4092, #4097, #2224, #4292, #321, #1488 ) ) ;
#455 = CARTESIAN_POINT ( 'NONE',  ( 0.000000000000000000, 7.750000000000006217, 12.12339375865879987 ) ) ;
#456 = VERTEX_POINT ( 'NONE', #1908 ) ;
#457 =( GEOMETRIC_REPRESENTATION_CONTEXT ( 3 ) GLOBAL_UNCERTAINTY_ASSIGNED_CONTEXT ( ( #1965 ) ) GLOBAL_UNIT_ASSIGNED_CONTEXT ( ( #1362, #1288, #3839 ) ) REPRESENTATION_CONTEXT ( 'NONE', 'WORKASPACE' ) );
#458 = DIRECTION ( 'NONE',  ( -0.000000000000000000, -0.000000000000000000, 1.000000000000000000 ) ) ;
#459 = DIRECTION ( 'NONE',  ( -1.000000000000000000, 0.000000000000000000, 0.000000000000000000 ) ) ;
#460 = FACE_OUTER_BOUND ( 'NONE', #3146, .T. ) ;
#461 = LINE ( 'NONE', #2602, #737 ) ;
#462 = VERTEX_POINT ( 'NONE', #832 ) ;
#463 = PRESENTATION_STYLE_ASSIGNMENT (( #3681 ) ) ;
#464 = ADVANCED_FACE ( 'NONE', ( #1566 ), #2283, .T. ) ;
#465 = DIRECTION ( 'NONE',  ( 0.000000000000000000, -1.000000000000000000, 0.000000000000000000 ) ) ;
#466 = EDGE_CURVE ( 'NONE', #3393, #1963, #3960, .T. ) ;
#467 = DIRECTION ( 'NONE',  ( 1.000000000000000000, -0.000000000000000000, -0.000000000000000000 ) ) ;
#468 = ORIENTED_EDGE ( 'NONE', *, *, #3545, .F. ) ;
#469 = ORIENTED_EDGE ( 'NONE', *, *, #4109, .F. ) ;
#470 = CARTESIAN_POINT ( 'NONE',  ( 46.90000000000000568, 8.750000000000000000, 12.20000000000000284 ) ) ;
#471 = SURFACE_SIDE_STYLE ('',( #4095 ) ) ;
#472 = ORIENTED_EDGE ( 'NONE', *, *, #1072, .F. ) ;
#473 = ORIENTED_EDGE ( 'NONE', *, *, #4269, .F. ) ;
#474 = VERTEX_POINT ( 'NONE', #1256 ) ;
#475 = DIRECTION ( 'NONE',  ( 1.000000000000000000, -0.000000000000000000, -0.000000000000000000 ) ) ;
#476 = CARTESIAN_POINT ( 'NONE',  ( 0.000000000000000000, -15.25000000000000000, -1.050000000000000044 ) ) ;
#477 = SURFACE_SIDE_STYLE ('',( #1230 ) ) ;
#478 = CARTESIAN_POINT ( 'NONE',  ( 51.89999999999999858, 8.750000000000000000, 8.500000000000000000 ) ) ;
#479 = CARTESIAN_POINT ( 'NONE',  ( 0.000000000000000000, 0.000000000000000000, -17.80000000000000071 ) ) ;
#480 = DIRECTION ( 'NONE',  ( -1.000000000000000000, 0.000000000000000000, 0.000000000000000000 ) ) ;
#481 = VERTEX_POINT ( 'NONE', #1663 ) ;
#482 = EDGE_CURVE ( 'NONE', #1277, #2052, #1611, .T. ) ;
#483 = ORIENTED_EDGE ( 'NONE', *, *, #391, .F. ) ;
#484 = ADVANCED_FACE ( 'NONE', ( #873 ), #2348, .T. ) ;
#485 = UNCERTAINTY_MEASURE_WITH_UNIT (LENGTH_MEASURE( 1.000000000000000082E-05 ), #2092, 'distance_accuracy_value', 'NONE');
#486 = CARTESIAN_POINT ( 'NONE',  ( 2.000000000000000000, 7.408493649053896846, 13.33188740771268677 ) ) ;
#487 = CARTESIAN_POINT ( 'NONE',  ( -19.80000000000000071, 7.000000000000000000, -3.000000000000000000 ) ) ;
#488 = VERTEX_POINT ( 'NONE', #2390 ) ;
#489 = VERTEX_POINT ( 'NONE', #2688 ) ;
#490 = EDGE_CURVE ( 'NONE', #2011, #62, #967, .T. ) ;
#491 = CARTESIAN_POINT ( 'NONE',  ( 55.00000000000000000, 0.000000000000000000, 0.000000000000000000 ) ) ;
#492 = UNCERTAINTY_MEASURE_WITH_UNIT (LENGTH_MEASURE( 1.000000000000000082E-05 ), #4225, 'distance_accuracy_value', 'NONE');
#493 = PRESENTATION_STYLE_ASSIGNMENT (( #3669 ) ) ;
#494 = ORIENTED_EDGE ( 'NONE', *, *, #122, .F. ) ;
#495 = DIRECTION ( 'NONE',  ( 1.000000000000000000, -0.000000000000000000, -0.000000000000000000 ) ) ;
#496 = MECHANICAL_DESIGN_GEOMETRIC_PRESENTATION_REPRESENTATION (  '', ( #1025 ), #4123 ) ;
#497 = LINE ( 'NONE', #3324, #4387 ) ;
#498 = CARTESIAN_POINT ( 'NONE',  ( 44.50000000000000000, -9.300000000000000711, 12.89651115612280208 ) ) ;
#499 = FILL_AREA_STYLE_COLOUR ( '', #2320 ) ;
#500 = FACE_OUTER_BOUND ( 'NONE', #745, .T. ) ;
#501 = VECTOR ( 'NONE', #782, 999.9999999999998863 ) ;
#502 = VECTOR ( 'NONE', #3144, 1000.000000000000114 ) ;
#503 = CARTESIAN_POINT ( 'NONE',  ( 0.000000000000000000, 6.965673326026335488, -14.16490010960491119 ) ) ;
#504 = AXIS2_PLACEMENT_3D ( 'NONE', #3567, #1831, #756 ) ;
#505 = COLOUR_RGB ( '',0.8941176470588234615, 0.9137254901960784048, 0.9294117647058823817 ) ;
#506 = DIRECTION ( 'NONE',  ( 0.000000000000000000, 0.4999999999999992784, -0.8660254037844390407 ) ) ;
#507 = ORIENTED_EDGE ( 'NONE', *, *, #2407, .F. ) ;
#508 = FACE_OUTER_BOUND ( 'NONE', #1473, .T. ) ;
#509 = VECTOR ( 'NONE', #3164, 1000.000000000000000 ) ;
#510 =( GEOMETRIC_REPRESENTATION_CONTEXT ( 3 ) GLOBAL_UNCERTAINTY_ASSIGNED_CONTEXT ( ( #450 ) ) GLOBAL_UNIT_ASSIGNED_CONTEXT ( ( #4631, #3601, #4312 ) ) REPRESENTATION_CONTEXT ( 'NONE', 'WORKASPACE' ) );
#511 = DIRECTION ( 'NONE',  ( 1.000000000000000000, 0.000000000000000000, 0.000000000000000000 ) ) ;
#512 = ORIENTED_EDGE ( 'NONE', *, *, #3425, .T. ) ;
#513 = VERTEX_POINT ( 'NONE', #1240 ) ;
#514 = TOROIDAL_SURFACE ( 'NONE', #1511, 1.300000000000000711, 0.2000000000000000111 ) ;
#515 = FACE_OUTER_BOUND ( 'NONE', #2459, .T. ) ;
#516 = EDGE_CURVE ( 'NONE', #1217, #364, #559, .T. ) ;
#517 = LINE ( 'NONE', #3832, #2158 ) ;
#518 = EDGE_CURVE ( 'NONE', #3881, #4115, #4141, .T. ) ;
#519 = CYLINDRICAL_SURFACE ( 'NONE', #430, 3.000000000000000000 ) ;
#520 = VERTEX_POINT ( 'NONE', #537 ) ;
#521 = DIRECTION ( 'NONE',  ( 0.000000000000000000, 0.000000000000000000, -1.000000000000000000 ) ) ;
#522 = VECTOR ( 'NONE', #225, 1000.000000000000000 ) ;
#523 = DIRECTION ( 'NONE',  ( 1.000000000000000000, -0.000000000000000000, -0.000000000000000000 ) ) ;
#524 = PRESENTATION_STYLE_ASSIGNMENT (( #2950 ) ) ;
#525 = VECTOR ( 'NONE', #2604, 1000.000000000000000 ) ;
#526 = DIRECTION ( 'NONE',  ( 0.000000000000000000, -1.000000000000000000, 0.000000000000000000 ) ) ;
#527 = LINE ( 'NONE', #503, #671 ) ;
#528 = CARTESIAN_POINT ( 'NONE',  ( 51.10000000000000142, -7.950000000000000178, 10.90000000000000391 ) ) ;
#529 = DIRECTION ( 'NONE',  ( 0.000000000000000000, 0.000000000000000000, 1.000000000000000000 ) ) ;
#530 = ORIENTED_EDGE ( 'NONE', *, *, #684, .T. ) ;
#531 = CARTESIAN_POINT ( 'NONE',  ( 44.00000000000000000, 0.000000000000000000, 0.000000000000000000 ) ) ;
#532 = FILL_AREA_STYLE_COLOUR ( '', #2626 ) ;
#533 = EDGE_CURVE ( 'NONE', #2247, #2368, #3765, .T. ) ;
#534 = ORIENTED_EDGE ( 'NONE', *, *, #3129, .F. ) ;
#535 = ORIENTED_EDGE ( 'NONE', *, *, #3051, .T. ) ;
#536 = CARTESIAN_POINT ( 'NONE',  ( 0.000000000000000000, -16.74038207405221002, 0.2500000000000004996 ) ) ;
#537 = CARTESIAN_POINT ( 'NONE',  ( 0.000000000000000000, 7.000000000000002665, -10.00000000000000000 ) ) ;
#538 = EDGE_CURVE ( 'NONE', #513, #4143, #517, .T. ) ;
#539 = DIRECTION ( 'NONE',  ( 0.000000000000000000, 0.000000000000000000, -1.000000000000000000 ) ) ;
#540 = ORIENTED_EDGE ( 'NONE', *, *, #3481, .F. ) ;
#541 = ORIENTED_EDGE ( 'NONE', *, *, #142, .F. ) ;
#542 = EDGE_CURVE ( 'NONE', #2732, #1548, #3786, .T. ) ;
#543 = DIRECTION ( 'NONE',  ( 0.000000000000000000, 0.000000000000000000, 1.000000000000000000 ) ) ;
#544 = EDGE_CURVE ( 'NONE', #3548, #2546, #2737, .T. ) ;
#545 = DIRECTION ( 'NONE',  ( 0.000000000000000000, 0.000000000000000000, 1.000000000000000000 ) ) ;
#546 = CARTESIAN_POINT ( 'NONE',  ( 0.000000000000000000, -15.75000000000000000, 1.050000000000000044 ) ) ;
#547 = SURFACE_SIDE_STYLE ('',( #4171 ) ) ;
#548 = DIRECTION ( 'NONE',  ( -0.000000000000000000, -0.4999999999999992228, 0.8660254037844390407 ) ) ;
#549 = CARTESIAN_POINT ( 'NONE',  ( 2.000000000000000000, 8.784326673973657407, -13.11490010960491226 ) ) ;
#550 = VERTEX_POINT ( 'NONE', #3430 ) ;
#551 = DIRECTION ( 'NONE',  ( -0.000000000000000000, -0.000000000000000000, -1.000000000000000000 ) ) ;
#552 = EDGE_LOOP ( 'NONE', ( #1126, #1417 ) ) ;
#553 = ORIENTED_EDGE ( 'NONE', *, *, #1765, .T. ) ;
#554 =( LENGTH_UNIT ( ) NAMED_UNIT ( * ) SI_UNIT ( .MILLI., .METRE. ) );
#555 = DIRECTION ( 'NONE',  ( 0.000000000000000000, 0.8660254037844387076, -0.5000000000000001110 ) ) ;
#556 = CARTESIAN_POINT ( 'NONE',  ( 46.90000000000000568, -8.750000000000000000, 12.20000000000000284 ) ) ;
#557 = ORIENTED_EDGE ( 'NONE', *, *, #1836, .T. ) ;
#558 = VERTEX_POINT ( 'NONE', #1303 ) ;
#559 = CIRCLE ( 'NONE', #334, 2.000000000000000000 ) ;
#560 = CARTESIAN_POINT ( 'NONE',  ( 0.000000000000000000, 7.841506350946106707, -13.08188740771269210 ) ) ;
#561 = LINE ( 'NONE', #3156, #3147 ) ;
#562 = ADVANCED_FACE ( 'NONE', ( #145 ), #1973, .T. ) ;
#563 = CARTESIAN_POINT ( 'NONE',  ( 20.49999999999999645, 0.000000000000000000, 18.30000000000000071 ) ) ;
#564 = CARTESIAN_POINT ( 'NONE',  ( 0.000000000000000000, 2.210487472460972895E-15, 17.80000000000000071 ) ) ;
#565 = SURFACE_SIDE_STYLE ('',( #3068 ) ) ;
#566 =( NAMED_UNIT ( * ) SI_UNIT ( $, .STERADIAN. ) SOLID_ANGLE_UNIT ( ) );
#567 = EDGE_CURVE ( 'NONE', #29, #1186, #4491, .T. ) ;
#568 = VECTOR ( 'NONE', #523, 1000.000000000000000 ) ;
#569 =( NAMED_UNIT ( * ) PLANE_ANGLE_UNIT ( ) SI_UNIT ( $, .RADIAN. ) );
#570 =( GEOMETRIC_REPRESENTATION_CONTEXT ( 3 ) GLOBAL_UNCERTAINTY_ASSIGNED_CONTEXT ( ( #1500 ) ) GLOBAL_UNIT_ASSIGNED_CONTEXT ( ( #3117, #2429, #4243 ) ) REPRESENTATION_CONTEXT ( 'NONE', 'WORKASPACE' ) );
#571 = ADVANCED_FACE ( 'NONE', ( #1323 ), #2710, .T. ) ;
#572 = LINE ( 'NONE', #487, #2178 ) ;
#573 = VERTEX_POINT ( 'NONE', #185 ) ;
#574 = LINE ( 'NONE', #4530, #1818 ) ;
#575 = VECTOR ( 'NONE', #4540, 1000.000000000000114 ) ;
#576 = VECTOR ( 'NONE', #2162, 1000.000000000000000 ) ;
#577 = ORIENTED_EDGE ( 'NONE', *, *, #2588, .T. ) ;
#578 = CIRCLE ( 'NONE', #2561, 1.299999999999997380 ) ;
#579 = VERTEX_POINT ( 'NONE', #3084 ) ;
#580 = CYLINDRICAL_SURFACE ( 'NONE', #2572, 18.30000000000000071 ) ;
#581 = AXIS2_PLACEMENT_3D ( 'NONE', #1098, #1205, #2925 ) ;
#582 = CARTESIAN_POINT ( 'NONE',  ( 0.000000000000000000, 8.091506350946115589, 13.51490010960490729 ) ) ;
#583 = CARTESIAN_POINT ( 'NONE',  ( 47.70000000000000284, 8.750000000000000000, 12.20000000000000284 ) ) ;
#584 = ORIENTED_EDGE ( 'NONE', *, *, #1423, .F. ) ;
#585 = VERTEX_POINT ( 'NONE', #4516 ) ;
#586 = LINE ( 'NONE', #4144, #4074 ) ;
#587 = FACE_OUTER_BOUND ( 'NONE', #2667, .T. ) ;
#588 = LINE ( 'NONE', #1020, #1561 ) ;
#589 = FACE_OUTER_BOUND ( 'NONE', #4580, .T. ) ;
#590 = AXIS2_PLACEMENT_3D ( 'NONE', #3444, #203, #3100 ) ;
#591 = AXIS2_PLACEMENT_3D ( 'NONE', #3987, #1353, #2419 ) ;
#592 = CARTESIAN_POINT ( 'NONE',  ( 0.000000000000000000, 8.784326673973657407, -13.11490010960491226 ) ) ;
#593 = FACE_OUTER_BOUND ( 'NONE', #962, .T. ) ;
#594 = AXIS2_PLACEMENT_3D ( 'NONE', #791, #30, #1484 ) ;
#595 = PRESENTATION_LAYER_ASSIGNMENT (  '', '', ( #1972 ) ) ;
#596 = FACE_OUTER_BOUND ( 'NONE', #675, .T. ) ;
#597 = CARTESIAN_POINT ( 'NONE',  ( 0.000000000000000000, -16.74038207405221002, 0.2500000000000004996 ) ) ;
#598 = VERTEX_POINT ( 'NONE', #2008 ) ;
#599 = DIRECTION ( 'NONE',  ( 1.000000000000000000, -0.000000000000000000, -0.000000000000000000 ) ) ;
#600 =( GEOMETRIC_REPRESENTATION_CONTEXT ( 3 ) GLOBAL_UNCERTAINTY_ASSIGNED_CONTEXT ( ( #1117 ) ) GLOBAL_UNIT_ASSIGNED_CONTEXT ( ( #4241, #4026, #780 ) ) REPRESENTATION_CONTEXT ( 'NONE', 'WORKASPACE' ) );
#601 = EDGE_CURVE ( 'NONE', #935, #699, #3130, .T. ) ;
#602 = TOROIDAL_SURFACE ( 'NONE', #835, 17.80000000000000071, 0.5000000000000000000 ) ;
#603 = ADVANCED_FACE ( 'NONE', ( #4556 ), #2421, .T. ) ;
#604 = DIRECTION ( 'NONE',  ( 0.000000000000000000, 0.000000000000000000, -1.000000000000000000 ) ) ;
#605 = ORIENTED_EDGE ( 'NONE', *, *, #3238, .T. ) ;
#606 = ORIENTED_EDGE ( 'NONE', *, *, #3238, .F. ) ;
#607 = CARTESIAN_POINT ( 'NONE',  ( 46.10000000000000142, 8.750000000000000000, 15.70000000000000284 ) ) ;
#608 = CARTESIAN_POINT ( 'NONE',  ( 0.000000000000000000, 7.408493649053896846, 13.33188740771268677 ) ) ;
#609 = CARTESIAN_POINT ( 'NONE',  ( 2.000000000000000000, 7.750000000000006217, 13.42339375865879880 ) ) ;
#610 = EDGE_LOOP ( 'NONE', ( #1719, #2425, #3343, #1681 ) ) ;
#611 = ORIENTED_EDGE ( 'NONE', *, *, #1396, .T. ) ;
#612 = DIRECTION ( 'NONE',  ( -1.000000000000000000, 0.000000000000000000, 0.000000000000000000 ) ) ;
#613 = CARTESIAN_POINT ( 'NONE',  ( 2.000000000000000000, 7.441506350946116122, 12.38906708468513784 ) ) ;
#614 = LINE ( 'NONE', #636, #2089 ) ;
#615 = CARTESIAN_POINT ( 'NONE',  ( 46.10000000000000142, 8.750000000000000000, 8.500000000000000000 ) ) ;
#616 = CARTESIAN_POINT ( 'NONE',  ( 0.000000000000000000, 8.586697387972222373, 14.37259614518684181 ) ) ;
#617 = LINE ( 'NONE', #1645, #522 ) ;
#618 = PRESENTATION_LAYER_ASSIGNMENT (  '', '', ( #2683 ) ) ;
#619 = CARTESIAN_POINT ( 'NONE',  ( 2.000000000000000000, 7.408493649053896846, 13.33188740771268677 ) ) ;
#620 = DIRECTION ( 'NONE',  ( 0.000000000000000000, 0.000000000000000000, -1.000000000000000000 ) ) ;
#621 = ORIENTED_EDGE ( 'NONE', *, *, #1388, .T. ) ;
#622 = FACE_BOUND ( 'NONE', #3380, .T. ) ;
#623 = DIRECTION ( 'NONE',  ( -0.000000000000000000, -1.000000000000000000, -0.000000000000000000 ) ) ;
#624 = EDGE_CURVE ( 'NONE', #1746, #1254, #2127, .T. ) ;
#625 = ORIENTED_EDGE ( 'NONE', *, *, #3207, .F. ) ;
#626 = EDGE_LOOP ( 'NONE', ( #1898, #2941 ) ) ;
#627 = AXIS2_PLACEMENT_3D ( 'NONE', #3391, #3019, #1281 ) ;
#628 = LINE ( 'NONE', #3659, #4227 ) ;
#629 = FILL_AREA_STYLE ('',( #1013 ) ) ;
#630 = LINE ( 'NONE', #4181, #4207 ) ;
#631 = ORIENTED_EDGE ( 'NONE', *, *, #3446, .F. ) ;
#632 = EDGE_CURVE ( 'NONE', #11, #3709, #417, .T. ) ;
#633 = ORIENTED_EDGE ( 'NONE', *, *, #678, .T. ) ;
#634 = CARTESIAN_POINT ( 'NONE',  ( 0.000000000000000000, 7.000000000000000000, 0.000000000000000000 ) ) ;
#635 = SURFACE_STYLE_FILL_AREA ( #2517 ) ;
#636 = CARTESIAN_POINT ( 'NONE',  ( 44.50000000000000000, 0.000000000000000000, 16.39999999999999858 ) ) ;
#637 = PRESENTATION_STYLE_ASSIGNMENT (( #1266 ) ) ;
#638 =( LENGTH_UNIT ( ) NAMED_UNIT ( * ) SI_UNIT ( .MILLI., .METRE. ) );
#639 = FILL_AREA_STYLE ('',( #1762 ) ) ;
#640 = VERTEX_POINT ( 'NONE', #2079 ) ;
#641 = AXIS2_PLACEMENT_3D ( 'NONE', #3791, #907, #171 ) ;
#642 = FACE_BOUND ( 'NONE', #3944, .T. ) ;
#643 = COLOUR_RGB ( '',0.7960784313725489669, 0.8235294117647058432, 0.9372549019607843146 ) ;
#644 = DIRECTION ( 'NONE',  ( 1.000000000000000000, 0.000000000000000000, -0.000000000000000000 ) ) ;
#645 = ORIENTED_EDGE ( 'NONE', *, *, #927, .F. ) ;
#646 = EDGE_LOOP ( 'NONE', ( #2302, #720, #3467, #2223 ) ) ;
#647 = CIRCLE ( 'NONE', #2402, 16.39999999999999858 ) ;
#648 = AXIS2_PLACEMENT_3D ( 'NONE', #32, #1895, #2268 ) ;
#649 = PLANE ( 'NONE',  #4651 ) ;
#650 = CYLINDRICAL_SURFACE ( 'NONE', #1440, 16.39999999999999858 ) ;
#651 = CIRCLE ( 'NONE', #2328, 16.39999999999999858 ) ;
#652 = PLANE ( 'NONE',  #1721 ) ;
#653 = ORIENTED_EDGE ( 'NONE', *, *, #3477, .F. ) ;
#654 = ORIENTED_EDGE ( 'NONE', *, *, #3031, .F. ) ;
#655 = PRESENTATION_LAYER_ASSIGNMENT (  '', '', ( #1805 ) ) ;
#656 = DIRECTION ( 'NONE',  ( 0.000000000000000000, 0.000000000000000000, -1.000000000000000000 ) ) ;
#657 = ADVANCED_FACE ( 'NONE', ( #3518 ), #677, .T. ) ;
#658 = CARTESIAN_POINT ( 'NONE',  ( 0.000000000000000000, 7.750000000000006217, 14.92339375865879347 ) ) ;
#659 = ADVANCED_FACE ( 'NONE', ( #1702 ), #4301, .F. ) ;
#660 = PRESENTATION_STYLE_ASSIGNMENT (( #1 ) ) ;
#661 = VECTOR ( 'NONE', #761, 1000.000000000000000 ) ;
#662 = CARTESIAN_POINT ( 'NONE',  ( 0.000000000000000000, -15.25000000000000000, -0.2500000000000002220 ) ) ;
#663 = DIRECTION ( 'NONE',  ( 0.000000000000000000, -0.8660254037844384856, -0.5000000000000002220 ) ) ;
#664 = DIRECTION ( 'NONE',  ( -1.000000000000000000, -0.000000000000000000, -0.000000000000000000 ) ) ;
#665 = FACE_OUTER_BOUND ( 'NONE', #1106, .T. ) ;
#666 = CARTESIAN_POINT ( 'NONE',  ( 0.000000000000000000, 8.534326673973666288, 12.68188740771268641 ) ) ;
#667 = DIRECTION ( 'NONE',  ( -1.000000000000000000, 0.000000000000000000, -0.000000000000000000 ) ) ;
#668 = PRESENTATION_LAYER_ASSIGNMENT (  '', '', ( #2111 ) ) ;
#669 = ORIENTED_EDGE ( 'NONE', *, *, #4671, .F. ) ;
#670 = CYLINDRICAL_SURFACE ( 'NONE', #3407, 16.39999999999999858 ) ;
#671 = VECTOR ( 'NONE', #1982, 1000.000000000000000 ) ;
#672 = SURFACE_SIDE_STYLE ('',( #2454 ) ) ;
#673 = VERTEX_POINT ( 'NONE', #4272 ) ;
#674 = CIRCLE ( 'NONE', #1139, 1.300000000000000044 ) ;
#675 = EDGE_LOOP ( 'NONE', ( #2867, #2965, #3228, #2035 ) ) ;
#676 = AXIS2_PLACEMENT_3D ( 'NONE', #1150, #433, #3652 ) ;
#677 = CYLINDRICAL_SURFACE ( 'NONE', #2458, 18.30000000000000071 ) ;
#678 = EDGE_CURVE ( 'NONE', #2525, #1988, #1037, .T. ) ;
#679 = PRESENTATION_STYLE_ASSIGNMENT (( #2892 ) ) ;
#680 = ORIENTED_EDGE ( 'NONE', *, *, #4048, .F. ) ;
#681 = VERTEX_POINT ( 'NONE', #3210 ) ;
#682 = DIRECTION ( 'NONE',  ( -1.000000000000000000, 0.000000000000000000, 0.000000000000000000 ) ) ;
#683 = CARTESIAN_POINT ( 'NONE',  ( 47.70000000000000284, 8.750000000000000000, 15.70000000000000284 ) ) ;
#684 = EDGE_CURVE ( 'NONE', #2732, #579, #257, .T. ) ;
#685 = CARTESIAN_POINT ( 'NONE',  ( -6.000000000000000000, 7.000000000000000000, 0.000000000000000000 ) ) ;
#686 =( NAMED_UNIT ( * ) SI_UNIT ( $, .STERADIAN. ) SOLID_ANGLE_UNIT ( ) );
#687 =( NAMED_UNIT ( * ) SI_UNIT ( $, .STERADIAN. ) SOLID_ANGLE_UNIT ( ) );
#688 = ADVANCED_FACE ( 'NONE', ( #3879 ), #1519, .F. ) ;
#689 = EDGE_CURVE ( 'NONE', #1747, #474, #2912, .T. ) ;
#690 = CARTESIAN_POINT ( 'NONE',  ( 0.2000000000000000111, -15.50000000000000000, -8.673617379884035472E-16 ) ) ;
#691 = DIRECTION ( 'NONE',  ( -1.000000000000000000, -0.000000000000000000, -0.000000000000000000 ) ) ;
#692 = PLANE ( 'NONE',  #4657 ) ;
#693 = DIRECTION ( 'NONE',  ( 0.000000000000000000, 0.000000000000000000, -1.000000000000000000 ) ) ;
#694 = LINE ( 'NONE', #3511, #2713 ) ;
#695 = ORIENTED_EDGE ( 'NONE', *, *, #841, .F. ) ;
#696 = PRESENTATION_LAYER_ASSIGNMENT (  '', '', ( #4320 ) ) ;
#697 = DIRECTION ( 'NONE',  ( -0.000000000000000000, 0.8660254037844390407, 0.4999999999999992228 ) ) ;
#698 = ORIENTED_EDGE ( 'NONE', *, *, #4588, .T. ) ;
#699 = VERTEX_POINT ( 'NONE', #2664 ) ;
#700 = SURFACE_STYLE_USAGE ( .BOTH. , #3566 ) ;
#701 = CARTESIAN_POINT ( 'NONE',  ( 6.000000000000000000, 0.000000000000000000, -15.50000000000000000 ) ) ;
#702 = ORIENTED_EDGE ( 'NONE', *, *, #4164, .F. ) ;
#703 = ORIENTED_EDGE ( 'NONE', *, *, #1201, .F. ) ;
#704 = CARTESIAN_POINT ( 'NONE',  ( 0.000000000000000000, 6.965673326026347034, 14.16490010960490764 ) ) ;
#705 = DIRECTION ( 'NONE',  ( -1.000000000000000000, 0.000000000000000000, 0.000000000000000000 ) ) ;
#706 = PRESENTATION_STYLE_ASSIGNMENT (( #2087 ) ) ;
#707 = CARTESIAN_POINT ( 'NONE',  ( 2.000000000000000000, 7.749999999999999112, -13.42339375865880058 ) ) ;
#708 = DIRECTION ( 'NONE',  ( 1.000000000000000000, 0.000000000000000000, 0.000000000000000000 ) ) ;
#709 = LINE ( 'NONE', #3023, #1211 ) ;
#710 = PRESENTATION_STYLE_ASSIGNMENT (( #762 ) ) ;
#711 = DIRECTION ( 'NONE',  ( 0.000000000000000000, 0.000000000000000000, -1.000000000000000000 ) ) ;
#712 = CARTESIAN_POINT ( 'NONE',  ( 0.2000000000000000111, -15.50000000000000000, -1.500000000000000888 ) ) ;
#713 = LINE ( 'NONE', #3580, #1344 ) ;
#714 = VERTEX_POINT ( 'NONE', #2633 ) ;
#715 = CARTESIAN_POINT ( 'NONE',  ( -6.000000000000000000, 7.000000000000000000, -3.000000000000000000 ) ) ;
#716 = EDGE_CURVE ( 'NONE', #2365, #1821, #1557, .T. ) ;
#717 = ADVANCED_FACE ( 'NONE', ( #4068, #1542 ), #3711, .T. ) ;
#718 = PRESENTATION_LAYER_ASSIGNMENT (  '', '', ( #2009 ) ) ;
#719 = DIRECTION ( 'NONE',  ( 0.000000000000000000, 0.000000000000000000, 1.000000000000000000 ) ) ;
#720 = ORIENTED_EDGE ( 'NONE', *, *, #3274, .F. ) ;
#721 = EDGE_LOOP ( 'NONE', ( #421, #404, #2100, #4581 ) ) ;
#722 =( GEOMETRIC_REPRESENTATION_CONTEXT ( 3 ) GLOBAL_UNCERTAINTY_ASSIGNED_CONTEXT ( ( #3345 ) ) GLOBAL_UNIT_ASSIGNED_CONTEXT ( ( #3654, #1173, #2999 ) ) REPRESENTATION_CONTEXT ( 'NONE', 'WORKASPACE' ) );
#723 = UNCERTAINTY_MEASURE_WITH_UNIT (LENGTH_MEASURE( 1.000000000000000082E-05 ), #3251, 'distance_accuracy_value', 'NONE');
#724 =( LENGTH_UNIT ( ) NAMED_UNIT ( * ) SI_UNIT ( .MILLI., .METRE. ) );
#725 = VECTOR ( 'NONE', #1703, 1000.000000000000227 ) ;
#726 = DIRECTION ( 'NONE',  ( -0.000000000000000000, 0.4999999999999973910, -0.8660254037844401509 ) ) ;
#727 = ORIENTED_EDGE ( 'NONE', *, *, #2078, .F. ) ;
#728 = VECTOR ( 'NONE', #2743, 1000.000000000000000 ) ;
#729 = EDGE_LOOP ( 'NONE', ( #3865, #2988, #4050, #895, #3317 ) ) ;
#730 = DIRECTION ( 'NONE',  ( -1.000000000000000000, 0.000000000000000000, 0.000000000000000000 ) ) ;
#731 = VECTOR ( 'NONE', #4567, 1000.000000000000000 ) ;
#732 = AXIS2_PLACEMENT_3D ( 'NONE', #1133, #2657, #2979 ) ;
#733 = CARTESIAN_POINT ( 'NONE',  ( 0.000000000000000000, 7.841506350946106707, -13.08188740771269210 ) ) ;
#734 = DIRECTION ( 'NONE',  ( 1.000000000000000000, -0.000000000000000000, -0.000000000000000000 ) ) ;
#735 = DIRECTION ( 'NONE',  ( -1.000000000000000000, 0.000000000000000000, 0.000000000000000000 ) ) ;
#736 = FACE_OUTER_BOUND ( 'NONE', #4161, .T. ) ;
#737 = VECTOR ( 'NONE', #4033, 1000.000000000000000 ) ;
#738 = DIRECTION ( 'NONE',  ( -0.000000000000000000, -0.000000000000000000, 1.000000000000000000 ) ) ;
#739 = CARTESIAN_POINT ( 'NONE',  ( 44.00000000000000000, 2.008420750601658954E-15, -16.39999999999999858 ) ) ;
#740 = AXIS2_PLACEMENT_3D ( 'NONE', #3255, #3889, #1341 ) ;
#741 = CARTESIAN_POINT ( 'NONE',  ( 2.000000000000000000, 7.749999999999999112, -11.42339375865880058 ) ) ;
#742 = CARTESIAN_POINT ( 'NONE',  ( 51.89999999999999858, 0.000000000000000000, 0.000000000000000000 ) ) ;
#743 = DIRECTION ( 'NONE',  ( 1.000000000000000000, 0.000000000000000000, -0.000000000000000000 ) ) ;
#744 = ADVANCED_FACE ( 'NONE', ( #4374 ), #1140, .F. ) ;
#745 = EDGE_LOOP ( 'NONE', ( #3256, #790, #1689, #3802, #2911, #2592, #2565, #2755, #4040, #2827, #3339, #1080 ) ) ;
#746 = CARTESIAN_POINT ( 'NONE',  ( 0.000000000000000000, 0.000000000000000000, -13.99999999999999822 ) ) ;
#747 = STYLED_ITEM ( 'NONE', ( #2021 ), #3137 ) ;
#748 = DIRECTION ( 'NONE',  ( -1.000000000000000000, -0.000000000000000000, -0.000000000000000000 ) ) ;
#749 = ORIENTED_EDGE ( 'NONE', *, *, #231, .T. ) ;
#750 = ADVANCED_FACE ( 'NONE', ( #1921 ), #2136, .T. ) ;
#751 = SURFACE_STYLE_USAGE ( .BOTH. , #4017 ) ;
#752 = AXIS2_PLACEMENT_3D ( 'NONE', #2412, #1964, #2053 ) ;
#753 = EDGE_CURVE ( 'NONE', #3310, #1752, #393, .T. ) ;
#754 = AXIS2_PLACEMENT_3D ( 'NONE', #3804, #937, #3451 ) ;
#755 = MECHANICAL_DESIGN_GEOMETRIC_PRESENTATION_REPRESENTATION (  '', ( #227 ), #2119 ) ;
#756 = DIRECTION ( 'NONE',  ( 0.000000000000000000, -0.4999999999999995004, 0.8660254037844389297 ) ) ;
#757 = ORIENTED_EDGE ( 'NONE', *, *, #624, .T. ) ;
#758 = EDGE_LOOP ( 'NONE', ( #242, #1212, #2630, #4471, #4154, #317, #3928, #4160, #3547, #1170 ) ) ;
#759 = CARTESIAN_POINT ( 'NONE',  ( 2.000000000000000000, 6.715673326026347034, 13.73188740771268890 ) ) ;
#760 = LINE ( 'NONE', #3219, #3160 ) ;
#761 = DIRECTION ( 'NONE',  ( 1.000000000000000000, -0.000000000000000000, -0.000000000000000000 ) ) ;
#762 = SURFACE_STYLE_USAGE ( .BOTH. , #2522 ) ;
#763 = LINE ( 'NONE', #2259, #2025 ) ;
#764 = LINE ( 'NONE', #1347, #1491 ) ;
#765 = DIRECTION ( 'NONE',  ( 0.000000000000000000, 0.000000000000000000, 1.000000000000000000 ) ) ;
#766 = VERTEX_POINT ( 'NONE', #3102 ) ;
#767 = FACE_OUTER_BOUND ( 'NONE', #2488, .T. ) ;
#768 = CARTESIAN_POINT ( 'NONE',  ( 0.000000000000000000, 7.441506350946108128, -12.38906708468514140 ) ) ;
#769 = DIRECTION ( 'NONE',  ( -0.000000000000000000, 1.000000000000000000, -0.000000000000000000 ) ) ;
#770 = DIRECTION ( 'NONE',  ( -0.000000000000000000, 1.000000000000000000, -0.000000000000000000 ) ) ;
#771 = ORIENTED_EDGE ( 'NONE', *, *, #3206, .T. ) ;
#772 = UNCERTAINTY_MEASURE_WITH_UNIT (LENGTH_MEASURE( 1.000000000000000082E-05 ), #3185, 'distance_accuracy_value', 'NONE');
#773 = ADVANCED_FACE ( 'NONE', ( #3126, #4113 ), #4533, .F. ) ;
#774 = SURFACE_SIDE_STYLE ('',( #2611 ) ) ;
#775 =( GEOMETRIC_REPRESENTATION_CONTEXT ( 3 ) GLOBAL_UNCERTAINTY_ASSIGNED_CONTEXT ( ( #1222 ) ) GLOBAL_UNIT_ASSIGNED_CONTEXT ( ( #4043, #2562, #1184 ) ) REPRESENTATION_CONTEXT ( 'NONE', 'WORKASPACE' ) );
#776 = CARTESIAN_POINT ( 'NONE',  ( 2.000000000000000000, -15.25000000000000000, -1.050000000000000044 ) ) ;
#777 = ORIENTED_EDGE ( 'NONE', *, *, #2699, .T. ) ;
#778 = ORIENTED_EDGE ( 'NONE', *, *, #1597, .F. ) ;
#779 = FACE_OUTER_BOUND ( 'NONE', #3961, .T. ) ;
#780 =( NAMED_UNIT ( * ) SI_UNIT ( $, .STERADIAN. ) SOLID_ANGLE_UNIT ( ) );
#781 = EDGE_CURVE ( 'NONE', #714, #3881, #3733, .T. ) ;
#782 = DIRECTION ( 'NONE',  ( -0.000000000000000000, -0.6314199358297803988, -0.7754410774757267699 ) ) ;
#783 = ORIENTED_EDGE ( 'NONE', *, *, #716, .T. ) ;
#784 = CARTESIAN_POINT ( 'NONE',  ( 2.000000000000000000, 7.750000000000006217, 14.92339375865879347 ) ) ;
#785 = DIRECTION ( 'NONE',  ( -1.000000000000000000, -0.000000000000000000, -0.000000000000000000 ) ) ;
#786 = CIRCLE ( 'NONE', #4024, 16.39999999999999858 ) ;
#787 = LINE ( 'NONE', #3604, #1421 ) ;
#788 = CARTESIAN_POINT ( 'NONE',  ( 46.90000000000000568, 7.950000000000000178, 10.90000000000000391 ) ) ;
#789 = CARTESIAN_POINT ( 'NONE',  ( 0.000000000000000000, 7.658493649053896846, 13.76490010960490729 ) ) ;
#790 = ORIENTED_EDGE ( 'NONE', *, *, #4252, .T. ) ;
#791 = CARTESIAN_POINT ( 'NONE',  ( 0.000000000000000000, 8.058493649053897201, 14.45772043263245621 ) ) ;
#792 = FACE_OUTER_BOUND ( 'NONE', #3079, .T. ) ;
#793 = SURFACE_STYLE_USAGE ( .BOTH. , #4037 ) ;
#794 = DIRECTION ( 'NONE',  ( 0.000000000000000000, 1.224646799147349509E-16, 1.000000000000000000 ) ) ;
#795 = ORIENTED_EDGE ( 'NONE', *, *, #4047, .T. ) ;
#796 = VERTEX_POINT ( 'NONE', #4552 ) ;
#797 = DIRECTION ( 'NONE',  ( -1.000000000000000000, -0.000000000000000000, -0.000000000000000000 ) ) ;
#798 = CARTESIAN_POINT ( 'NONE',  ( 0.000000000000000000, -15.25000000000000000, 1.050000000000000044 ) ) ;
#799 = ORIENTED_EDGE ( 'NONE', *, *, #2646, .T. ) ;
#800 = ORIENTED_EDGE ( 'NONE', *, *, #4306, .F. ) ;
#801 = DIRECTION ( 'NONE',  ( -0.000000000000000000, -0.000000000000000000, 1.000000000000000000 ) ) ;
#802 =( GEOMETRIC_REPRESENTATION_CONTEXT ( 3 ) GLOBAL_UNCERTAINTY_ASSIGNED_CONTEXT ( ( #3716 ) ) GLOBAL_UNIT_ASSIGNED_CONTEXT ( ( #1574, #3811, #1931 ) ) REPRESENTATION_CONTEXT ( 'NONE', 'WORKASPACE' ) );
#803 = DIRECTION ( 'NONE',  ( 0.000000000000000000, 0.000000000000000000, 1.000000000000000000 ) ) ;
#804 = ORIENTED_EDGE ( 'NONE', *, *, #2204, .F. ) ;
#805 = MECHANICAL_DESIGN_GEOMETRIC_PRESENTATION_REPRESENTATION (  '', ( #3905 ), #3524 ) ;
#806 = AXIS2_PLACEMENT_3D ( 'NONE', #2528, #465, #3336 ) ;
#807 = CARTESIAN_POINT ( 'NONE',  ( 2.000000000000000000, -15.50000000000000000, 1.999999999999999112 ) ) ;
#808 = EDGE_CURVE ( 'NONE', #2866, #11, #1319, .T. ) ;
#809 = AXIS2_PLACEMENT_3D ( 'NONE', #1111, #2940, #3239 ) ;
#810 = FACE_OUTER_BOUND ( 'NONE', #2712, .T. ) ;
#811 =( LENGTH_UNIT ( ) NAMED_UNIT ( * ) SI_UNIT ( .MILLI., .METRE. ) );
#812 = VECTOR ( 'NONE', #292, 1000.000000000000000 ) ;
#813 = FACE_OUTER_BOUND ( 'NONE', #721, .T. ) ;
#814 = ORIENTED_EDGE ( 'NONE', *, *, #927, .T. ) ;
#815 = LINE ( 'NONE', #4125, #2345 ) ;
#816 = EDGE_CURVE ( 'NONE', #3789, #573, #2773, .T. ) ;
#817 = LINE ( 'NONE', #2605, #4578 ) ;
#818 = DIRECTION ( 'NONE',  ( -1.000000000000000000, 0.000000000000000000, -0.000000000000000000 ) ) ;
#819 = AXIS2_PLACEMENT_3D ( 'NONE', #2379, #526, #884 ) ;
#820 = VERTEX_POINT ( 'NONE', #138 ) ;
#821 = ORIENTED_EDGE ( 'NONE', *, *, #1129, .F. ) ;
#822 = VECTOR ( 'NONE', #2936, 1000.000000000000000 ) ;
#823 =( NAMED_UNIT ( * ) SI_UNIT ( $, .STERADIAN. ) SOLID_ANGLE_UNIT ( ) );
#824 = LINE ( 'NONE', #1317, #1202 ) ;
#825 = VERTEX_POINT ( 'NONE', #2730 ) ;
#826 = ORIENTED_EDGE ( 'NONE', *, *, #1533, .F. ) ;
#827 = STYLED_ITEM ( 'NONE', ( #463 ), #3929 ) ;
#828 = CARTESIAN_POINT ( 'NONE',  ( 0.000000000000000000, 13.42339375865881657, -9.249999999999969802 ) ) ;
#829 =( NAMED_UNIT ( * ) SI_UNIT ( $, .STERADIAN. ) SOLID_ANGLE_UNIT ( ) );
#830 = PRESENTATION_LAYER_ASSIGNMENT (  '', '', ( #3628 ) ) ;
#831 = UNCERTAINTY_MEASURE_WITH_UNIT (LENGTH_MEASURE( 1.000000000000000082E-05 ), #1783, 'distance_accuracy_value', 'NONE');
#832 = CARTESIAN_POINT ( 'NONE',  ( 6.000000000000000000, 13.42339375865876505, 9.250000000000063949 ) ) ;
#833 = VERTEX_POINT ( 'NONE', #1275 ) ;
#834 = PRESENTATION_LAYER_ASSIGNMENT (  '', '', ( #3860 ) ) ;
#835 = AXIS2_PLACEMENT_3D ( 'NONE', #2902, #3977, #1122 ) ;
#836 = LINE ( 'NONE', #2947, #3844 ) ;
#837 = SURFACE_STYLE_FILL_AREA ( #4080 ) ;
#838 = EDGE_CURVE ( 'NONE', #4477, #3310, #3447, .T. ) ;
#839 = CARTESIAN_POINT ( 'NONE',  ( 51.89999999999999858, 0.000000000000000000, 0.000000000000000000 ) ) ;
#840 = CARTESIAN_POINT ( 'NONE',  ( 51.10000000000000142, -7.950000000000000178, 10.90000000000000391 ) ) ;
#841 = EDGE_CURVE ( 'NONE', #890, #3903, #4509, .T. ) ;
#842 = DIRECTION ( 'NONE',  ( -1.000000000000000000, 0.000000000000000000, 0.000000000000000000 ) ) ;
#843 = ORIENTED_EDGE ( 'NONE', *, *, #1969, .T. ) ;
#844 = CARTESIAN_POINT ( 'NONE',  ( 6.000000000000000000, 0.000000000000000000, -15.50000000000000000 ) ) ;
#845 = CARTESIAN_POINT ( 'NONE',  ( 0.000000000000000000, -15.50000000000000000, 1.999999999999999112 ) ) ;
#846 = CARTESIAN_POINT ( 'NONE',  ( 44.50000000000000000, 0.000000000000000000, -15.89999999999999680 ) ) ;
#847 = ADVANCED_FACE ( 'NONE', ( #3780 ), #850, .F. ) ;
#848 = ORIENTED_EDGE ( 'NONE', *, *, #1233, .T. ) ;
#849 = VERTEX_POINT ( 'NONE', #2364 ) ;
#850 = PLANE ( 'NONE',  #1257 ) ;
#851 = DIRECTION ( 'NONE',  ( -1.000000000000000000, 0.000000000000000000, 0.000000000000000000 ) ) ;
#852 = ORIENTED_EDGE ( 'NONE', *, *, #2360, .T. ) ;
#853 = VERTEX_POINT ( 'NONE', #1966 ) ;
#854 = SURFACE_SIDE_STYLE ('',( #4538 ) ) ;
#855 = ORIENTED_EDGE ( 'NONE', *, *, #2108, .T. ) ;
#856 = CARTESIAN_POINT ( 'NONE',  ( -8.300000000000002487, 7.000000000000000000, 0.000000000000000000 ) ) ;
#857 = PLANE ( 'NONE',  #3475 ) ;
#858 = DIRECTION ( 'NONE',  ( -1.000000000000000000, -0.000000000000000000, -0.000000000000000000 ) ) ;
#859 = DIRECTION ( 'NONE',  ( 0.000000000000000000, -0.4999999999999987232, 0.8660254037844393737 ) ) ;
#860 = CYLINDRICAL_SURFACE ( 'NONE', #2952, 1.500000000000000444 ) ;
#861 = DIRECTION ( 'NONE',  ( -1.000000000000000000, -0.000000000000000000, -0.000000000000000000 ) ) ;
#862 = CARTESIAN_POINT ( 'NONE',  ( 6.000000000000000000, 0.000000000000000000, 15.50000000000000000 ) ) ;
#863 = ORIENTED_EDGE ( 'NONE', *, *, #1933, .F. ) ;
#864 = CYLINDRICAL_SURFACE ( 'NONE', #904, 1.500000000000000444 ) ;
#865 = COLOUR_RGB ( '',0.7960784313725489669, 0.8235294117647058432, 0.9372549019607843146 ) ;
#866 = ADVANCED_FACE ( 'NONE', ( #3409 ), #893, .F. ) ;
#867 = CARTESIAN_POINT ( 'NONE',  ( 51.89999999999999858, 0.000000000000000000, 0.000000000000000000 ) ) ;
#868 = ORIENTED_EDGE ( 'NONE', *, *, #4466, .F. ) ;
#869 = ORIENTED_EDGE ( 'NONE', *, *, #2023, .T. ) ;
#870 = ADVANCED_FACE ( 'NONE', ( #2523, #4571 ), #1438, .T. ) ;
#871 = ORIENTED_EDGE ( 'NONE', *, *, #4505, .T. ) ;
#872 = DIRECTION ( 'NONE',  ( 1.000000000000000000, 0.000000000000000000, 0.000000000000000000 ) ) ;
#873 = FACE_OUTER_BOUND ( 'NONE', #1743, .T. ) ;
#874 = VECTOR ( 'NONE', #4177, 1000.000000000000000 ) ;
#875 = DIRECTION ( 'NONE',  ( -0.000000000000000000, 1.000000000000000000, -0.000000000000000000 ) ) ;
#876 = ORIENTED_EDGE ( 'NONE', *, *, #4221, .T. ) ;
#877 = DIRECTION ( 'NONE',  ( 1.000000000000000000, -0.000000000000000000, -0.000000000000000000 ) ) ;
#878 = AXIS2_PLACEMENT_3D ( 'NONE', #662, #4188, #1407 ) ;
#879 = VECTOR ( 'NONE', #3771, 1000.000000000000000 ) ;
#880 = CARTESIAN_POINT ( 'NONE',  ( 44.50000000000000000, 0.000000000000000000, 0.000000000000000000 ) ) ;
#881 = DIRECTION ( 'NONE',  ( -0.000000000000000000, -0.000000000000000000, 1.000000000000000000 ) ) ;
#882 = DIRECTION ( 'NONE',  ( -1.000000000000000000, 0.000000000000000000, 0.000000000000000000 ) ) ;
#883 = AXIS2_PLACEMENT_3D ( 'NONE', #351, #1457, #663 ) ;
#884 = DIRECTION ( 'NONE',  ( 0.000000000000000000, 0.000000000000000000, -1.000000000000000000 ) ) ;
#885 =( LENGTH_UNIT ( ) NAMED_UNIT ( * ) SI_UNIT ( .MILLI., .METRE. ) );
#886 = COLOUR_RGB ( '',0.7960784313725489669, 0.8235294117647058432, 0.9372549019607843146 ) ;
#887 =( GEOMETRIC_REPRESENTATION_CONTEXT ( 3 ) GLOBAL_UNCERTAINTY_ASSIGNED_CONTEXT ( ( #831 ) ) GLOBAL_UNIT_ASSIGNED_CONTEXT ( ( #1783, #4633, #3888 ) ) REPRESENTATION_CONTEXT ( 'NONE', 'WORKASPACE' ) );
#888 = CARTESIAN_POINT ( 'NONE',  ( 44.50000000000000000, 2.008420750601658954E-15, -16.39999999999999858 ) ) ;
#889 = FACE_OUTER_BOUND ( 'NONE', #1187, .T. ) ;
#890 = VERTEX_POINT ( 'NONE', #27 ) ;
#891 = CIRCLE ( 'NONE', #2099, 1.500000000000001332 ) ;
#892 = AXIS2_PLACEMENT_3D ( 'NONE', #690, #1071, #1757 ) ;
#893 = CYLINDRICAL_SURFACE ( 'NONE', #2824, 12.30000000000000071 ) ;
#894 = EDGE_CURVE ( 'NONE', #3265, #1277, #786, .T. ) ;
#895 = ORIENTED_EDGE ( 'NONE', *, *, #1192, .T. ) ;
#896 = EDGE_CURVE ( 'NONE', #2125, #2653, #3303, .T. ) ;
#897 = VERTEX_POINT ( 'NONE', #3958 ) ;
#898 = AXIS2_PLACEMENT_3D ( 'NONE', #3267, #3367, #4046 ) ;
#899 = PRESENTATION_STYLE_ASSIGNMENT (( #1300 ) ) ;
#900 = DIRECTION ( 'NONE',  ( 0.000000000000000000, 0.5000000000000000000, 0.8660254037844385966 ) ) ;
#901 = VECTOR ( 'NONE', #2059, 1000.000000000000000 ) ;
#902 = CARTESIAN_POINT ( 'NONE',  ( 47.70000000000000284, 8.750000000000000000, 12.20000000000000284 ) ) ;
#903 = ORIENTED_EDGE ( 'NONE', *, *, #1978, .F. ) ;
#904 = AXIS2_PLACEMENT_3D ( 'NONE', #161, #3799, #3123 ) ;
#905 = FACE_OUTER_BOUND ( 'NONE', #15, .T. ) ;
#906 = COLOUR_RGB ( '',0.7960784313725489669, 0.8235294117647058432, 0.9372549019607843146 ) ;
#907 = DIRECTION ( 'NONE',  ( -1.000000000000000000, -0.000000000000000000, -0.000000000000000000 ) ) ;
#908 = CARTESIAN_POINT ( 'NONE',  ( 6.000000000000000000, -13.42339375865886986, 9.249999999999875655 ) ) ;
#909 = CARTESIAN_POINT ( 'NONE',  ( -19.80000000000000071, 7.000000000000000000, 0.000000000000000000 ) ) ;
#910 = PRESENTATION_LAYER_ASSIGNMENT (  '', '', ( #2736 ) ) ;
#911 = CARTESIAN_POINT ( 'NONE',  ( 0.5000000000000000000, 7.000000000000001776, 0.000000000000000000 ) ) ;
#912 = CYLINDRICAL_SURFACE ( 'NONE', #1822, 2.000000000000000000 ) ;
#913 = FACE_OUTER_BOUND ( 'NONE', #1787, .T. ) ;
#914 = CARTESIAN_POINT ( 'NONE',  ( 0.000000000000000000, 7.441506350946116122, 12.38906708468513784 ) ) ;
#915 = EDGE_LOOP ( 'NONE', ( #3414, #3967, #4319, #4433 ) ) ;
#916 = DIRECTION ( 'NONE',  ( -0.000000000000000000, 0.5000000000000009992, 0.8660254037844380415 ) ) ;
#917 = UNCERTAINTY_MEASURE_WITH_UNIT (LENGTH_MEASURE( 1.000000000000000082E-05 ), #117, 'distance_accuracy_value', 'NONE');
#918 = PRESENTATION_STYLE_ASSIGNMENT (( #180 ) ) ;
#919 = EDGE_LOOP ( 'NONE', ( #3113, #2416, #1076, #936 ) ) ;
#920 = ORIENTED_EDGE ( 'NONE', *, *, #3131, .F. ) ;
#921 = EDGE_CURVE ( 'NONE', #2629, #3874, #764, .T. ) ;
#922 = ADVANCED_FACE ( 'NONE', ( #3254 ), #4128, .T. ) ;
#923 = CARTESIAN_POINT ( 'NONE',  ( 0.000000000000000000, -16.54999999999999716, -0.2500000000000002220 ) ) ;
#924 = CARTESIAN_POINT ( 'NONE',  ( 0.000000000000000000, 7.408493649053896846, 13.33188740771268677 ) ) ;
#925 = ORIENTED_EDGE ( 'NONE', *, *, #4486, .F. ) ;
#926 = ORIENTED_EDGE ( 'NONE', *, *, #3270, .T. ) ;
#927 = EDGE_CURVE ( 'NONE', #2153, #4535, #2504, .T. ) ;
#928 = EDGE_CURVE ( 'NONE', #1284, #1868, #1717, .T. ) ;
#929 = DIRECTION ( 'NONE',  ( 1.000000000000000000, 0.000000000000000000, 0.000000000000000000 ) ) ;
#930 = PLANE ( 'NONE',  #3383 ) ;
#931 = DIRECTION ( 'NONE',  ( -1.000000000000000000, -0.000000000000000000, -0.000000000000000000 ) ) ;
#932 = SURFACE_SIDE_STYLE ('',( #2725 ) ) ;
#933 = VERTEX_POINT ( 'NONE', #383 ) ;
#934 = CARTESIAN_POINT ( 'NONE',  ( 20.49999999999999645, 0.000000000000000000, 0.000000000000000000 ) ) ;
#935 = VERTEX_POINT ( 'NONE', #712 ) ;
#936 = ORIENTED_EDGE ( 'NONE', *, *, #2786, .T. ) ;
#937 = DIRECTION ( 'NONE',  ( 0.000000000000000000, -0.8660254037844401509, -0.4999999999999973910 ) ) ;
#938 = DIRECTION ( 'NONE',  ( 0.000000000000000000, 0.000000000000000000, -1.000000000000000000 ) ) ;
#939 = DIRECTION ( 'NONE',  ( -0.000000000000000000, -1.000000000000000000, -0.000000000000000000 ) ) ;
#940 = ORIENTED_EDGE ( 'NONE', *, *, #3653, .F. ) ;
#941 = ORIENTED_EDGE ( 'NONE', *, *, #1027, .T. ) ;
#942 = CARTESIAN_POINT ( 'NONE',  ( 47.70000000000000284, 8.750000000000000000, 15.70000000000000284 ) ) ;
#943 = CARTESIAN_POINT ( 'NONE',  ( 0.000000000000000000, 8.153684686079991195, -14.62259614518684714 ) ) ;
#944 = EDGE_CURVE ( 'NONE', #1963, #3393, #2854, .T. ) ;
#945 = DIRECTION ( 'NONE',  ( 1.000000000000000000, -0.000000000000000000, -0.000000000000000000 ) ) ;
#946 = EDGE_CURVE ( 'NONE', #2361, #1825, #3828, .T. ) ;
#947 = EDGE_CURVE ( 'NONE', #1325, #4568, #2904, .T. ) ;
#948 = CIRCLE ( 'NONE', #3595, 1.499999999999996225 ) ;
#949 = VECTOR ( 'NONE', #2811, 1000.000000000000000 ) ;
#950 = FACE_OUTER_BOUND ( 'NONE', #2842, .T. ) ;
#951 = CIRCLE ( 'NONE', #2926, 2.000000000000000000 ) ;
#952 = AXIS2_PLACEMENT_3D ( 'NONE', #4334, #1842, #252 ) ;
#953 =( NAMED_UNIT ( * ) PLANE_ANGLE_UNIT ( ) SI_UNIT ( $, .RADIAN. ) );
#954 = EDGE_CURVE ( 'NONE', #1055, #1381, #4352, .T. ) ;
#955 = ORIENTED_EDGE ( 'NONE', *, *, #1652, .F. ) ;
#956 = CARTESIAN_POINT ( 'NONE',  ( 2.000000000000000000, 7.658493649053887076, -13.76490010960491261 ) ) ;
#957 = VECTOR ( 'NONE', #939, 1000.000000000000000 ) ;
#958 = EDGE_CURVE ( 'NONE', #796, #4115, #1784, .T. ) ;
#959 = DIRECTION ( 'NONE',  ( 0.000000000000000000, 0.000000000000000000, -1.000000000000000000 ) ) ;
#960 = EDGE_CURVE ( 'NONE', #3645, #4477, #4360, .T. ) ;
#961 = COLOUR_RGB ( '',1.000000000000000000, 1.000000000000000000, 1.000000000000000000 ) ;
#962 = EDGE_LOOP ( 'NONE', ( #3565, #139, #4675, #2727 ) ) ;
#963 = MECHANICAL_DESIGN_GEOMETRIC_PRESENTATION_REPRESENTATION (  '', ( #3016 ), #2714 ) ;
#964 = ORIENTED_EDGE ( 'NONE', *, *, #286, .T. ) ;
#965 = DIRECTION ( 'NONE',  ( 0.000000000000000000, 0.000000000000000000, 1.000000000000000000 ) ) ;
#966 = CIRCLE ( 'NONE', #4289, 0.5000000000000004441 ) ;
#967 = LINE ( 'NONE', #923, #2621 ) ;
#968 = FACE_OUTER_BOUND ( 'NONE', #4408, .T. ) ;
#969 = EDGE_LOOP ( 'NONE', ( #3078, #4638, #757, #4518 ) ) ;
#970 = ORIENTED_EDGE ( 'NONE', *, *, #2521, .F. ) ;
#971 = AXIS2_PLACEMENT_3D ( 'NONE', #3795, #2334, #268 ) ;
#972 = DIRECTION ( 'NONE',  ( 0.000000000000000000, 0.000000000000000000, -1.000000000000000000 ) ) ;
#973 = AXIS2_PLACEMENT_3D ( 'NONE', #3395, #612, #3090 ) ;
#974 = FILL_AREA_STYLE_COLOUR ( '', #1193 ) ;
#975 = FILL_AREA_STYLE ('',( #4148 ) ) ;
#976 = COLOUR_RGB ( '',0.2039215686274509776, 0.2039215686274509776, 0.2039215686274509776 ) ;
#977 = CYLINDRICAL_SURFACE ( 'NONE', #1354, 10.00000000000000000 ) ;
#978 = CARTESIAN_POINT ( 'NONE',  ( 51.89999999999999858, 0.000000000000000000, 0.000000000000000000 ) ) ;
#979 = ADVANCED_FACE ( 'NONE', ( #2138 ), #3225, .F. ) ;
#980 = VECTOR ( 'NONE', #2214, 1000.000000000000000 ) ;
#981 = EDGE_CURVE ( 'NONE', #2525, #558, #3352, .T. ) ;
#982 = CIRCLE ( 'NONE', #1592, 18.30000000000000071 ) ;
#983 = CARTESIAN_POINT ( 'NONE',  ( 0.000000000000000000, 6.715673326026336376, -13.73188740771269245 ) ) ;
#984 = ORIENTED_EDGE ( 'NONE', *, *, #808, .F. ) ;
#985 = FILL_AREA_STYLE ('',( #2142 ) ) ;
#986 =( GEOMETRIC_REPRESENTATION_CONTEXT ( 3 ) GLOBAL_UNCERTAINTY_ASSIGNED_CONTEXT ( ( #4430 ) ) GLOBAL_UNIT_ASSIGNED_CONTEXT ( ( #3648, #2970, #426 ) ) REPRESENTATION_CONTEXT ( 'NONE', 'WORKASPACE' ) );
#987 = VECTOR ( 'NONE', #406, 1000.000000000000000 ) ;
#988 = EDGE_CURVE ( 'NONE', #2913, #3709, #2623, .T. ) ;
#989 = FACE_OUTER_BOUND ( 'NONE', #1588, .T. ) ;
#990 = ORIENTED_EDGE ( 'NONE', *, *, #1797, .F. ) ;
#991 = VERTEX_POINT ( 'NONE', #788 ) ;
#992 = LINE ( 'NONE', #1485, #1589 ) ;
#993 = SURFACE_STYLE_USAGE ( .BOTH. , #319 ) ;
#994 = DIRECTION ( 'NONE',  ( 0.000000000000000000, 0.000000000000000000, 1.000000000000000000 ) ) ;
#995 = VERTEX_POINT ( 'NONE', #173 ) ;
#996 = ORIENTED_EDGE ( 'NONE', *, *, #1797, .T. ) ;
#997 = CARTESIAN_POINT ( 'NONE',  ( 0.000000000000000000, -14.45000000000000107, 0.2500000000000002220 ) ) ;
#998 = CARTESIAN_POINT ( 'NONE',  ( 0.000000000000000000, -16.74038207405221002, 0.2500000000000004996 ) ) ;
#999 = SURFACE_SIDE_STYLE ('',( #4242 ) ) ;
#1000 = CYLINDRICAL_SURFACE ( 'NONE', #2782, 3.000000000000000000 ) ;
#1001 = CARTESIAN_POINT ( 'NONE',  ( 0.5000000000000000000, 3.500000000000000888, 0.000000000000000000 ) ) ;
#1002 = SURFACE_SIDE_STYLE ('',( #2745 ) ) ;
#1003 = CARTESIAN_POINT ( 'NONE',  ( 0.000000000000000000, 8.534326673973657407, -12.68188740771269352 ) ) ;
#1004 = LINE ( 'NONE', #313, #576 ) ;
#1005 = ORIENTED_EDGE ( 'NONE', *, *, #4496, .T. ) ;
#1006 = DIRECTION ( 'NONE',  ( 1.000000000000000000, 0.000000000000000000, 0.000000000000000000 ) ) ;
#1007 = ORIENTED_EDGE ( 'NONE', *, *, #1315, .T. ) ;
#1008 = ADVANCED_FACE ( 'NONE', ( #1531 ), #2693, .T. ) ;
#1009 = EDGE_LOOP ( 'NONE', ( #1418, #3001, #1869, #2873 ) ) ;
#1010 = EDGE_CURVE ( 'NONE', #1144, #1497, #425, .T. ) ;
#1011 = VERTEX_POINT ( 'NONE', #4082 ) ;
#1012 = LINE ( 'NONE', #3517, #3541 ) ;
#1013 = FILL_AREA_STYLE_COLOUR ( '', #4421 ) ;
#1014 = DIRECTION ( 'NONE',  ( 1.000000000000000000, -0.000000000000000000, -0.000000000000000000 ) ) ;
#1015 = ORIENTED_EDGE ( 'NONE', *, *, #1915, .T. ) ;
#1016 = ORIENTED_EDGE ( 'NONE', *, *, #4534, .F. ) ;
#1017 = STYLED_ITEM ( 'NONE', ( #2148 ), #659 ) ;
#1018 = CARTESIAN_POINT ( 'NONE',  ( 0.2000000000000000111, 7.750000000000006217, 12.12339375865879987 ) ) ;
#1019 = DIRECTION ( 'NONE',  ( 0.000000000000000000, 0.000000000000000000, 1.000000000000000000 ) ) ;
#1020 = CARTESIAN_POINT ( 'NONE',  ( 0.000000000000000000, 7.441506350946116122, 12.38906708468513784 ) ) ;
#1021 = CARTESIAN_POINT ( 'NONE',  ( 2.000000000000000000, 6.965673326026347034, 14.16490010960490764 ) ) ;
#1022 = PLANE ( 'NONE',  #4287 ) ;
#1023 = PLANE ( 'NONE',  #1348 ) ;
#1024 = VERTEX_POINT ( 'NONE', #3399 ) ;
#1025 = STYLED_ITEM ( 'NONE', ( #1881 ), #4001 ) ;
#1026 = DIRECTION ( 'NONE',  ( 0.000000000000000000, 0.000000000000000000, 1.000000000000000000 ) ) ;
#1027 = EDGE_CURVE ( 'NONE', #2263, #1325, #1029, .T. ) ;
#1028 = AXIS2_PLACEMENT_3D ( 'NONE', #4053, #26, #1459 ) ;
#1029 = CIRCLE ( 'NONE', #2398, 2.000000000000000000 ) ;
#1030 = DIRECTION ( 'NONE',  ( 1.000000000000000000, -0.000000000000000000, -0.000000000000000000 ) ) ;
#1031 = ORIENTED_EDGE ( 'NONE', *, *, #4671, .T. ) ;
#1032 = VERTEX_POINT ( 'NONE', #126 ) ;
#1033 = AXIS2_PLACEMENT_3D ( 'NONE', #4557, #2081, #4275 ) ;
#1034 = VECTOR ( 'NONE', #2519, 1000.000000000000000 ) ;
#1035 = EDGE_CURVE ( 'NONE', #1321, #1154, #4032, .T. ) ;
#1036 = AXIS2_PLACEMENT_3D ( 'NONE', #2279, #3489, #2765 ) ;
#1037 = LINE ( 'NONE', #3500, #1322 ) ;
#1038 = EDGE_CURVE ( 'NONE', #29, #4064, #1957, .T. ) ;
#1039 = LINE ( 'NONE', #2826, #725 ) ;
#1040 = ORIENTED_EDGE ( 'NONE', *, *, #2719, .F. ) ;
#1041 = ORIENTED_EDGE ( 'NONE', *, *, #3442, .T. ) ;
#1042 = VECTOR ( 'NONE', #548, 1000.000000000000227 ) ;
#1043 = CARTESIAN_POINT ( 'NONE',  ( 2.000000000000000000, -15.50000000000000000, 1.499999999999999112 ) ) ;
#1044 = CARTESIAN_POINT ( 'NONE',  ( 0.000000000000000000, 8.091506350946115589, 13.51490010960490729 ) ) ;
#1045 = CIRCLE ( 'NONE', #3168, 1.500000000000000000 ) ;
#1046 = PLANE ( 'NONE',  #878 ) ;
#1047 = DIRECTION ( 'NONE',  ( 0.000000000000000000, -0.8660254037844379305, 0.5000000000000013323 ) ) ;
#1048 = AXIS2_PLACEMENT_3D ( 'NONE', #448, #1182, #3426 ) ;
#1049 = CARTESIAN_POINT ( 'NONE',  ( 2.000000000000000000, -15.75000000000000000, -0.2500000000000002220 ) ) ;
#1050 = AXIS2_PLACEMENT_3D ( 'NONE', #4324, #682, #3213 ) ;
#1051 = CARTESIAN_POINT ( 'NONE',  ( 0.000000000000000000, 6.715673326026347034, 13.73188740771268890 ) ) ;
#1052 = DIRECTION ( 'NONE',  ( 1.000000000000000000, 0.000000000000000000, 0.000000000000000000 ) ) ;
#1053 = SURFACE_SIDE_STYLE ('',( #2835 ) ) ;
#1054 = VECTOR ( 'NONE', #3173, 1000.000000000000000 ) ;
#1055 = VERTEX_POINT ( 'NONE', #2718 ) ;
#1056 =( GEOMETRIC_REPRESENTATION_CONTEXT ( 3 ) GLOBAL_UNCERTAINTY_ASSIGNED_CONTEXT ( ( #485 ) ) GLOBAL_UNIT_ASSIGNED_CONTEXT ( ( #2092, #1620, #2722 ) ) REPRESENTATION_CONTEXT ( 'NONE', 'WORKASPACE' ) );
#1057 = FILL_AREA_STYLE ('',( #3514 ) ) ;
#1058 = ORIENTED_EDGE ( 'NONE', *, *, #624, .F. ) ;
#1059 = AXIS2_PLACEMENT_3D ( 'NONE', #3167, #273, #3891 ) ;
#1060 = ORIENTED_EDGE ( 'NONE', *, *, #4164, .T. ) ;
#1061 = CIRCLE ( 'NONE', #1675, 1.500000000000001110 ) ;
#1062 = VERTEX_POINT ( 'NONE', #4495 ) ;
#1063 = ADVANCED_FACE ( 'NONE', ( #1262 ), #1333, .F. ) ;
#1064 = ORIENTED_EDGE ( 'NONE', *, *, #601, .F. ) ;
#1065 = ORIENTED_EDGE ( 'NONE', *, *, #542, .F. ) ;
#1066 = ADVANCED_FACE ( 'NONE', ( #3093 ), #1000, .T. ) ;
#1067 = CARTESIAN_POINT ( 'NONE',  ( 0.000000000000000000, 7.749999999999998224, -12.12339375865879987 ) ) ;
#1068 = CARTESIAN_POINT ( 'NONE',  ( 2.000000000000000000, 7.408493649053887076, -13.33188740771269210 ) ) ;
#1069 = CYLINDRICAL_SURFACE ( 'NONE', #2430, 1.500000000000001332 ) ;
#1070 = DIRECTION ( 'NONE',  ( -1.000000000000000000, -0.000000000000000000, -0.000000000000000000 ) ) ;
#1071 = DIRECTION ( 'NONE',  ( 1.000000000000000000, -0.000000000000000000, -0.000000000000000000 ) ) ;
#1072 = EDGE_CURVE ( 'NONE', #681, #2483, #2088, .T. ) ;
#1073 =( LENGTH_UNIT ( ) NAMED_UNIT ( * ) SI_UNIT ( .MILLI., .METRE. ) );
#1074 = SURFACE_SIDE_STYLE ('',( #2451 ) ) ;
#1075 = CARTESIAN_POINT ( 'NONE',  ( 44.50000000000000000, 0.000000000000000000, 0.000000000000000000 ) ) ;
#1076 = ORIENTED_EDGE ( 'NONE', *, *, #2574, .T. ) ;
#1077 = FACE_BOUND ( 'NONE', #1853, .T. ) ;
#1078 =( NAMED_UNIT ( * ) PLANE_ANGLE_UNIT ( ) SI_UNIT ( $, .RADIAN. ) );
#1079 = ORIENTED_EDGE ( 'NONE', *, *, #3233, .T. ) ;
#1080 = ORIENTED_EDGE ( 'NONE', *, *, #753, .T. ) ;
#1081 = ORIENTED_EDGE ( 'NONE', *, *, #4563, .T. ) ;
#1082 =( NAMED_UNIT ( * ) SI_UNIT ( $, .STERADIAN. ) SOLID_ANGLE_UNIT ( ) );
#1083 = SURFACE_SIDE_STYLE ('',( #3926 ) ) ;
#1084 = VERTEX_POINT ( 'NONE', #615 ) ;
#1085 = ORIENTED_EDGE ( 'NONE', *, *, #4131, .T. ) ;
#1086 = FILL_AREA_STYLE_COLOUR ( '', #2188 ) ;
#1087 = DIRECTION ( 'NONE',  ( -0.000000000000000000, -0.000000000000000000, -1.000000000000000000 ) ) ;
#1088 = ADVANCED_FACE ( 'NONE', ( #194 ), #267, .T. ) ;
#1089 = DIRECTION ( 'NONE',  ( 1.000000000000000000, 0.000000000000000000, 0.000000000000000000 ) ) ;
#1090 = SURFACE_STYLE_USAGE ( .BOTH. , #3910 ) ;
#1091 = CARTESIAN_POINT ( 'NONE',  ( 0.000000000000000000, -15.75000000000000000, 1.050000000000000044 ) ) ;
#1092 = DIRECTION ( 'NONE',  ( 0.000000000000000000, 0.000000000000000000, -1.000000000000000000 ) ) ;
#1093 = EDGE_CURVE ( 'NONE', #3920, #714, #3067, .T. ) ;
#1094 = AXIS2_PLACEMENT_3D ( 'NONE', #2642, #118, #4073 ) ;
#1095 = CARTESIAN_POINT ( 'NONE',  ( 0.000000000000000000, 7.749999999999998224, -14.72339375865880129 ) ) ;
#1096 =( NAMED_UNIT ( * ) PLANE_ANGLE_UNIT ( ) SI_UNIT ( $, .RADIAN. ) );
#1097 = ADVANCED_FACE ( 'NONE', ( #1711 ), #930, .T. ) ;
#1098 = CARTESIAN_POINT ( 'NONE',  ( 6.000000000000000000, 13.42339375865881657, -7.749999999999968914 ) ) ;
#1099 = ORIENTED_EDGE ( 'NONE', *, *, #2023, .F. ) ;
#1100 = PLANE ( 'NONE',  #233 ) ;
#1101 = CARTESIAN_POINT ( 'NONE',  ( 0.5000000000000000000, 0.000000000000000000, 0.000000000000000000 ) ) ;
#1102 = DIRECTION ( 'NONE',  ( 0.000000000000000000, 0.000000000000000000, 1.000000000000000000 ) ) ;
#1103 = DIRECTION ( 'NONE',  ( 0.000000000000000000, 1.000000000000000000, -1.224646799147353207E-16 ) ) ;
#1104 = CIRCLE ( 'NONE', #1634, 12.30000000000000071 ) ;
#1105 = ORIENTED_EDGE ( 'NONE', *, *, #4367, .T. ) ;
#1106 = EDGE_LOOP ( 'NONE', ( #3189, #343, #3670, #920 ) ) ;
#1107 = VECTOR ( 'NONE', #2308, 1000.000000000000227 ) ;
#1108 = AXIS2_PLACEMENT_3D ( 'NONE', #2990, #2595, #98 ) ;
#1109 = DIRECTION ( 'NONE',  ( 0.000000000000000000, 0.000000000000000000, 1.000000000000000000 ) ) ;
#1110 = AXIS2_PLACEMENT_3D ( 'NONE', #4432, #1241, #3413 ) ;
#1111 = CARTESIAN_POINT ( 'NONE',  ( 0.000000000000000000, 7.749999999999998224, -13.42339375865880058 ) ) ;
#1112 = VERTEX_POINT ( 'NONE', #564 ) ;
#1113 = TOROIDAL_SURFACE ( 'NONE', #1951, 1.300000000000000711, 0.2000000000000000111 ) ;
#1114 = ORIENTED_EDGE ( 'NONE', *, *, #2681, .T. ) ;
#1115 = VECTOR ( 'NONE', #861, 1000.000000000000000 ) ;
#1116 =( NAMED_UNIT ( * ) PLANE_ANGLE_UNIT ( ) SI_UNIT ( $, .RADIAN. ) );
#1117 = UNCERTAINTY_MEASURE_WITH_UNIT (LENGTH_MEASURE( 1.000000000000000082E-05 ), #4241, 'distance_accuracy_value', 'NONE');
#1118 = DIRECTION ( 'NONE',  ( -1.000000000000000000, -0.000000000000000000, -0.000000000000000000 ) ) ;
#1119 = DIRECTION ( 'NONE',  ( 1.000000000000000000, -0.000000000000000000, -0.000000000000000000 ) ) ;
#1120 = AXIS2_PLACEMENT_3D ( 'NONE', #1125, #1461, #765 ) ;
#1121 = LINE ( 'NONE', #4409, #661 ) ;
#1122 = DIRECTION ( 'NONE',  ( 0.000000000000000000, 0.000000000000000000, -1.000000000000000000 ) ) ;
#1123 = STYLED_ITEM ( 'NONE', ( #3772 ), #3104 ) ;
#1124 = CARTESIAN_POINT ( 'NONE',  ( 0.000000000000000000, 6.965673326026347034, 14.16490010960490764 ) ) ;
#1125 = CARTESIAN_POINT ( 'NONE',  ( 6.000000000000000000, -13.42339375865870998, -7.750000000000157208 ) ) ;
#1126 = ORIENTED_EDGE ( 'NONE', *, *, #3641, .T. ) ;
#1127 = LINE ( 'NONE', #3331, #2662 ) ;
#1128 = AXIS2_PLACEMENT_3D ( 'NONE', #2536, #4649, #3968 ) ;
#1129 = EDGE_CURVE ( 'NONE', #3548, #2463, #1947, .T. ) ;
#1130 = EDGE_CURVE ( 'NONE', #2894, #3235, #2761, .T. ) ;
#1131 = CARTESIAN_POINT ( 'NONE',  ( 0.000000000000000000, 7.008493649053896490, 12.63906708468513784 ) ) ;
#1132 =( GEOMETRIC_REPRESENTATION_CONTEXT ( 3 ) GLOBAL_UNCERTAINTY_ASSIGNED_CONTEXT ( ( #3018 ) ) GLOBAL_UNIT_ASSIGNED_CONTEXT ( ( #35, #416, #4400 ) ) REPRESENTATION_CONTEXT ( 'NONE', 'WORKASPACE' ) );
#1133 = CARTESIAN_POINT ( 'NONE',  ( 0.000000000000000000, -13.42339375865870998, -7.750000000000157208 ) ) ;
#1134 = CIRCLE ( 'NONE', #2805, 1.500000000000001110 ) ;
#1135 = CARTESIAN_POINT ( 'NONE',  ( 46.90000000000000568, 8.750000000000000000, 12.20000000000000284 ) ) ;
#1136 = ORIENTED_EDGE ( 'NONE', *, *, #1933, .T. ) ;
#1137 = VERTEX_POINT ( 'NONE', #3842 ) ;
#1138 = ADVANCED_FACE ( 'NONE', ( #589 ), #1113, .T. ) ;
#1139 = AXIS2_PLACEMENT_3D ( 'NONE', #3280, #57, #2977 ) ;
#1140 = PLANE ( 'NONE',  #13 ) ;
#1141 = MECHANICAL_DESIGN_GEOMETRIC_PRESENTATION_REPRESENTATION (  '', ( #2736 ), #1902 ) ;
#1142 = CARTESIAN_POINT ( 'NONE',  ( -6.000000000000000000, 7.000000000000000888, 6.000000000000000888 ) ) ;
#1143 = EDGE_LOOP ( 'NONE', ( #3947, #3103, #4196, #2734 ) ) ;
#1144 = VERTEX_POINT ( 'NONE', #1364 ) ;
#1145 = SURFACE_STYLE_FILL_AREA ( #4379 ) ;
#1146 = CARTESIAN_POINT ( 'NONE',  ( 2.000000000000000000, 7.750000000000006217, 11.92339375865880235 ) ) ;
#1147 = CARTESIAN_POINT ( 'NONE',  ( 2.000000000000000000, 6.965673326026335488, -14.16490010960491119 ) ) ;
#1148 = EDGE_LOOP ( 'NONE', ( #1295, #3882, #207, #2062 ) ) ;
#1149 = PLANE ( 'NONE',  #446 ) ;
#1150 = CARTESIAN_POINT ( 'NONE',  ( -19.80000000000000071, 7.000000000000000000, 0.000000000000000000 ) ) ;
#1151 = CARTESIAN_POINT ( 'NONE',  ( -19.80000000000000071, 7.000000000000000000, 3.000000000000000000 ) ) ;
#1152 = SURFACE_STYLE_FILL_AREA ( #3723 ) ;
#1153 = DIRECTION ( 'NONE',  ( 0.000000000000000000, -0.5000000000000002220, -0.8660254037844384856 ) ) ;
#1154 = VERTEX_POINT ( 'NONE', #3485 ) ;
#1155 = LINE ( 'NONE', #2907, #1674 ) ;
#1156 = DIRECTION ( 'NONE',  ( -1.000000000000000000, -0.000000000000000000, -0.000000000000000000 ) ) ;
#1157 = CARTESIAN_POINT ( 'NONE',  ( 0.2000000000000000111, 7.750000000000006217, 13.42339375865879703 ) ) ;
#1158 = ORIENTED_EDGE ( 'NONE', *, *, #335, .T. ) ;
#1159 = VERTEX_POINT ( 'NONE', #1021 ) ;
#1160 = ADVANCED_FACE ( 'NONE', ( #736 ), #2853, .T. ) ;
#1161 = FILL_AREA_STYLE ('',( #1521 ) ) ;
#1162 = VERTEX_POINT ( 'NONE', #1838 ) ;
#1163 = EDGE_CURVE ( 'NONE', #74, #1613, #2833, .T. ) ;
#1164 = EDGE_LOOP ( 'NONE', ( #1306, #2847, #10, #3512 ) ) ;
#1165 =( LENGTH_UNIT ( ) NAMED_UNIT ( * ) SI_UNIT ( .MILLI., .METRE. ) );
#1166 = APPLICATION_PROTOCOL_DEFINITION ( 'draft international standard', 'automotive_design', 1998, #3190 ) ;
#1167 = UNCERTAINTY_MEASURE_WITH_UNIT (LENGTH_MEASURE( 1.000000000000000082E-05 ), #2617, 'distance_accuracy_value', 'NONE');
#1168 = CARTESIAN_POINT ( 'NONE',  ( 2.000000000000000000, 7.749999999999998224, -13.42339375865880058 ) ) ;
#1169 = CARTESIAN_POINT ( 'NONE',  ( 0.2000000000000000111, 7.750000000000006217, 13.42339375865879703 ) ) ;
#1170 = ORIENTED_EDGE ( 'NONE', *, *, #4314, .T. ) ;
#1171 = DIRECTION ( 'NONE',  ( 0.000000000000000000, 0.000000000000000000, 1.000000000000000000 ) ) ;
#1172 = DIRECTION ( 'NONE',  ( 0.000000000000000000, -1.000000000000000000, 0.000000000000000000 ) ) ;
#1173 =( NAMED_UNIT ( * ) PLANE_ANGLE_UNIT ( ) SI_UNIT ( $, .RADIAN. ) );
#1174 = CARTESIAN_POINT ( 'NONE',  ( 0.5000000000000000000, 0.000000000000000000, 0.000000000000000000 ) ) ;
#1175 = SURFACE_SIDE_STYLE ('',( #3724 ) ) ;
#1176 = ORIENTED_EDGE ( 'NONE', *, *, #3051, .F. ) ;
#1177 = FILL_AREA_STYLE_COLOUR ( '', #2877 ) ;
#1178 = CARTESIAN_POINT ( 'NONE',  ( 51.10000000000000142, 7.950000000000000178, 10.90000000000000391 ) ) ;
#1179 = PLANE ( 'NONE',  #3453 ) ;
#1180 = VECTOR ( 'NONE', #162, 1000.000000000000114 ) ;
#1181 = EDGE_LOOP ( 'NONE', ( #3260, #4045, #2174, #3196 ) ) ;
#1182 = DIRECTION ( 'NONE',  ( -1.000000000000000000, -0.000000000000000000, -0.000000000000000000 ) ) ;
#1183 = PRODUCT_DEFINITION_SHAPE ( 'NONE', 'NONE',  #1367 ) ;
#1184 =( NAMED_UNIT ( * ) SI_UNIT ( $, .STERADIAN. ) SOLID_ANGLE_UNIT ( ) );
#1185 = LINE ( 'NONE', #3096, #2862 ) ;
#1186 = VERTEX_POINT ( 'NONE', #3935 ) ;
#1187 = EDGE_LOOP ( 'NONE', ( #4445, #2002, #1924, #3151 ) ) ;
#1188 = AXIS2_PLACEMENT_3D ( 'NONE', #3379, #3776, #132 ) ;
#1189 = VECTOR ( 'NONE', #4380, 1000.000000000000000 ) ;
#1190 = ADVANCED_FACE ( 'NONE', ( #3273 ), #324, .T. ) ;
#1191 = FACE_OUTER_BOUND ( 'NONE', #4452, .T. ) ;
#1192 = EDGE_CURVE ( 'NONE', #4115, #4440, #3981, .T. ) ;
#1193 = COLOUR_RGB ( '',0.7960784313725489669, 0.8235294117647058432, 0.9372549019607843146 ) ;
#1194 = FACE_OUTER_BOUND ( 'NONE', #3826, .T. ) ;
#1195 = CARTESIAN_POINT ( 'NONE',  ( 0.000000000000000000, 8.491506350946107062, -14.20772043263246154 ) ) ;
#1196 = ORIENTED_EDGE ( 'NONE', *, *, #2733, .T. ) ;
#1197 = VECTOR ( 'NONE', #4210, 1000.000000000000000 ) ;
#1198 = VECTOR ( 'NONE', #770, 1000.000000000000000 ) ;
#1199 = DIRECTION ( 'NONE',  ( 0.000000000000000000, -1.000000000000000000, 0.000000000000000000 ) ) ;
#1200 = FILL_AREA_STYLE_COLOUR ( '', #2502 ) ;
#1201 = EDGE_CURVE ( 'NONE', #1516, #1624, #2114, .T. ) ;
#1202 = VECTOR ( 'NONE', #3734, 1000.000000000000227 ) ;
#1203 = DIRECTION ( 'NONE',  ( -1.000000000000000000, -0.000000000000000000, -0.000000000000000000 ) ) ;
#1204 = PRESENTATION_LAYER_ASSIGNMENT (  '', '', ( #437 ) ) ;
#1205 = DIRECTION ( 'NONE',  ( -1.000000000000000000, 0.000000000000000000, 0.000000000000000000 ) ) ;
#1206 = ORIENTED_EDGE ( 'NONE', *, *, #2031, .F. ) ;
#1207 = VECTOR ( 'NONE', #3562, 1000.000000000000000 ) ;
#1208 = CARTESIAN_POINT ( 'NONE',  ( 0.000000000000000000, 7.841506350946106707, -13.08188740771269210 ) ) ;
#1209 = CARTESIAN_POINT ( 'NONE',  ( 51.89999999999999858, 9.300000000000000711, 8.500000000000000000 ) ) ;
#1210 = CARTESIAN_POINT ( 'NONE',  ( 2.000000000000000000, 8.491506350946107062, -14.20772043263246154 ) ) ;
#1211 = VECTOR ( 'NONE', #1952, 1000.000000000000227 ) ;
#1212 = ORIENTED_EDGE ( 'NONE', *, *, #3847, .T. ) ;
#1213 = ORIENTED_EDGE ( 'NONE', *, *, #1163, .F. ) ;
#1214 = CIRCLE ( 'NONE', #4522, 18.30000000000000071 ) ;
#1215 = UNCERTAINTY_MEASURE_WITH_UNIT (LENGTH_MEASURE( 1.000000000000000082E-05 ), #554, 'distance_accuracy_value', 'NONE');
#1216 = CARTESIAN_POINT ( 'NONE',  ( 0.000000000000000000, 7.441506350946108128, -12.38906708468514140 ) ) ;
#1217 = VERTEX_POINT ( 'NONE', #2133 ) ;
#1218 = COLOUR_RGB ( '',0.7960784313725489669, 0.8235294117647058432, 0.9372549019607843146 ) ;
#1219 = ORIENTED_EDGE ( 'NONE', *, *, #2922, .T. ) ;
#1220 = VECTOR ( 'NONE', #280, 1000.000000000000227 ) ;
#1221 = MECHANICAL_DESIGN_GEOMETRIC_PRESENTATION_REPRESENTATION (  '', ( #3333 ), #4598 ) ;
#1222 = UNCERTAINTY_MEASURE_WITH_UNIT (LENGTH_MEASURE( 1.000000000000000082E-05 ), #4043, 'distance_accuracy_value', 'NONE');
#1223 = CIRCLE ( 'NONE', #4600, 1.500000000000001110 ) ;
#1224 =( LENGTH_UNIT ( ) NAMED_UNIT ( * ) SI_UNIT ( .MILLI., .METRE. ) );
#1225 = EDGE_LOOP ( 'NONE', ( #1372, #3410, #4413, #3127 ) ) ;
#1226 = AXIS2_PLACEMENT_3D ( 'NONE', #2288, #124, #4119 ) ;
#1227 = DIRECTION ( 'NONE',  ( -1.000000000000000000, 0.000000000000000000, 0.000000000000000000 ) ) ;
#1228 = LINE ( 'NONE', #49, #3041 ) ;
#1229 = CARTESIAN_POINT ( 'NONE',  ( 0.000000000000000000, -15.50000000000000000, -8.673617379884035472E-16 ) ) ;
#1230 = SURFACE_STYLE_FILL_AREA ( #4463 ) ;
#1231 = EDGE_CURVE ( 'NONE', #513, #825, #4208, .T. ) ;
#1232 = CARTESIAN_POINT ( 'NONE',  ( 0.000000000000000000, 7.658493649053896846, 13.76490010960490729 ) ) ;
#1233 = EDGE_CURVE ( 'NONE', #1608, #3265, #760, .T. ) ;
#1234 = DIRECTION ( 'NONE',  ( -1.000000000000000000, 0.000000000000000000, -0.000000000000000000 ) ) ;
#1235 = EDGE_LOOP ( 'NONE', ( #2388, #2180 ) ) ;
#1236 = FACE_OUTER_BOUND ( 'NONE', #2966, .T. ) ;
#1237 = CARTESIAN_POINT ( 'NONE',  ( 0.5000000000000004441, 0.000000000000000000, 0.000000000000000000 ) ) ;
#1238 = VERTEX_POINT ( 'NONE', #1812 ) ;
#1239 = ORIENTED_EDGE ( 'NONE', *, *, #4369, .T. ) ;
#1240 = CARTESIAN_POINT ( 'NONE',  ( 0.5000000000000000000, 1.506315562951244413E-15, -12.30000000000000071 ) ) ;
#1241 = DIRECTION ( 'NONE',  ( 0.000000000000000000, -0.5000000000000008882, -0.8660254037844381525 ) ) ;
#1242 = ORIENTED_EDGE ( 'NONE', *, *, #4431, .T. ) ;
#1243 = CARTESIAN_POINT ( 'NONE',  ( 2.000000000000000000, -15.25000000000000000, -0.2500000000000002220 ) ) ;
#1244 = LINE ( 'NONE', #546, #4644 ) ;
#1245 =( NAMED_UNIT ( * ) SI_UNIT ( $, .STERADIAN. ) SOLID_ANGLE_UNIT ( ) );
#1246 = CARTESIAN_POINT ( 'NONE',  ( 6.000000000000000000, 13.42339375865876505, 7.750000000000063061 ) ) ;
#1247 = ADVANCED_FACE ( 'NONE', ( #3183 ), #3953, .T. ) ;
#1248 = DIRECTION ( 'NONE',  ( -1.000000000000000000, -0.000000000000000000, -0.000000000000000000 ) ) ;
#1249 = ADVANCED_FACE ( 'NONE', ( #4656 ), #1756, .T. ) ;
#1250 = CARTESIAN_POINT ( 'NONE',  ( 51.89999999999999858, -8.749999999999998224, 8.500000000000000000 ) ) ;
#1251 = VERTEX_POINT ( 'NONE', #3201 ) ;
#1252 =( NAMED_UNIT ( * ) SI_UNIT ( $, .STERADIAN. ) SOLID_ANGLE_UNIT ( ) );
#1253 = DIRECTION ( 'NONE',  ( 1.000000000000000000, 0.000000000000000000, 0.000000000000000000 ) ) ;
#1254 = VERTEX_POINT ( 'NONE', #4630 ) ;
#1255 = VERTEX_POINT ( 'NONE', #1408 ) ;
#1256 = CARTESIAN_POINT ( 'NONE',  ( 0.000000000000000000, 1.836970198721029441E-16, 13.99999999999999822 ) ) ;
#1257 = AXIS2_PLACEMENT_3D ( 'NONE', #867, #511, #2298 ) ;
#1258 = ORIENTED_EDGE ( 'NONE', *, *, #632, .T. ) ;
#1259 = VECTOR ( 'NONE', #288, 1000.000000000000000 ) ;
#1260 = STYLED_ITEM ( 'NONE', ( #289 ), #2117 ) ;
#1261 = DIRECTION ( 'NONE',  ( -1.000000000000000000, -0.000000000000000000, -0.000000000000000000 ) ) ;
#1262 = FACE_OUTER_BOUND ( 'NONE', #1666, .T. ) ;
#1263 = AXIS2_PLACEMENT_3D ( 'NONE', #2392, #2806, #2423 ) ;
#1264 = CIRCLE ( 'NONE', #2176, 1.500000000000001110 ) ;
#1265 = PLANE ( 'NONE',  #4515 ) ;
#1266 = SURFACE_STYLE_USAGE ( .BOTH. , #2789 ) ;
#1267 = AXIS2_PLACEMENT_3D ( 'NONE', #2410, #3341, #851 ) ;
#1268 = AXIS2_PLACEMENT_3D ( 'NONE', #3533, #3558, #2792 ) ;
#1269 = DIRECTION ( 'NONE',  ( 1.000000000000000000, -0.000000000000000000, -0.000000000000000000 ) ) ;
#1270 = CYLINDRICAL_SURFACE ( 'NONE', #3530, 1.500000000000001332 ) ;
#1271 = VERTEX_POINT ( 'NONE', #2157 ) ;
#1272 = EDGE_CURVE ( 'NONE', #2866, #2913, #1264, .T. ) ;
#1273 = ADVANCED_FACE ( 'NONE', ( #1621 ), #4467, .F. ) ;
#1274 = AXIS2_PLACEMENT_3D ( 'NONE', #856, #1227, #1171 ) ;
#1275 = CARTESIAN_POINT ( 'NONE',  ( 0.000000000000000000, 1.836970198721029441E-16, -17.00000000000000000 ) ) ;
#1276 = ORIENTED_EDGE ( 'NONE', *, *, #1388, .F. ) ;
#1277 = VERTEX_POINT ( 'NONE', #4500 ) ;
#1278 = EDGE_CURVE ( 'NONE', #1084, #4044, #3774, .T. ) ;
#1279 = AXIS2_PLACEMENT_3D ( 'NONE', #2809, #1404, #1774 ) ;
#1280 =( NAMED_UNIT ( * ) SI_UNIT ( $, .STERADIAN. ) SOLID_ANGLE_UNIT ( ) );
#1281 = DIRECTION ( 'NONE',  ( 0.000000000000000000, 0.000000000000000000, -1.000000000000000000 ) ) ;
#1282 = TOROIDAL_SURFACE ( 'NONE', #3101, 1.299999999999996714, 0.2000000000000000111 ) ;
#1283 = DIRECTION ( 'NONE',  ( -1.000000000000000000, -0.000000000000000000, -0.000000000000000000 ) ) ;
#1284 = VERTEX_POINT ( 'NONE', #4151 ) ;
#1285 = EDGE_LOOP ( 'NONE', ( #2417, #2614, #771, #4541 ) ) ;
#1286 = DIRECTION ( 'NONE',  ( 0.000000000000000000, 0.000000000000000000, -1.000000000000000000 ) ) ;
#1287 = VECTOR ( 'NONE', #4246, 1000.000000000000000 ) ;
#1288 =( NAMED_UNIT ( * ) PLANE_ANGLE_UNIT ( ) SI_UNIT ( $, .RADIAN. ) );
#1289 = CARTESIAN_POINT ( 'NONE',  ( 0.000000000000000000, 7.750000000000006217, 13.42339375865879703 ) ) ;
#1290 = MECHANICAL_DESIGN_GEOMETRIC_PRESENTATION_REPRESENTATION (  '', ( #3628 ), #299 ) ;
#1291 = FILL_AREA_STYLE ('',( #196 ) ) ;
#1292 = FILL_AREA_STYLE ('',( #2380 ) ) ;
#1293 = CARTESIAN_POINT ( 'NONE',  ( 6.000000000000000000, -13.42339375865886986, 7.749999999999874767 ) ) ;
#1294 = FACE_OUTER_BOUND ( 'NONE', #2006, .T. ) ;
#1295 = ORIENTED_EDGE ( 'NONE', *, *, #151, .F. ) ;
#1296 = DIRECTION ( 'NONE',  ( -0.000000000000000000, -0.000000000000000000, -1.000000000000000000 ) ) ;
#1297 = PRESENTATION_STYLE_ASSIGNMENT (( #4158 ) ) ;
#1298 = ORIENTED_EDGE ( 'NONE', *, *, #958, .F. ) ;
#1299 = ORIENTED_EDGE ( 'NONE', *, *, #2445, .F. ) ;
#1300 = SURFACE_STYLE_USAGE ( .BOTH. , #854 ) ;
#1301 = EDGE_CURVE ( 'NONE', #4063, #456, #3033, .T. ) ;
#1302 = DIRECTION ( 'NONE',  ( 1.000000000000000000, 0.000000000000000000, 0.000000000000000000 ) ) ;
#1303 = CARTESIAN_POINT ( 'NONE',  ( 47.70000000000000284, -7.950000000000000178, 12.20000000000000284 ) ) ;
#1304 = ADVANCED_FACE ( 'NONE', ( #1983 ), #4126, .T. ) ;
#1305 = DIRECTION ( 'NONE',  ( 1.000000000000000000, -0.000000000000000000, -0.000000000000000000 ) ) ;
#1306 = ORIENTED_EDGE ( 'NONE', *, *, #3099, .F. ) ;
#1307 = EDGE_LOOP ( 'NONE', ( #3141, #3782, #557, #3428 ) ) ;
#1308 = LINE ( 'NONE', #3434, #64 ) ;
#1309 = PRESENTATION_STYLE_ASSIGNMENT (( #2018 ) ) ;
#1310 = FACE_OUTER_BOUND ( 'NONE', #1897, .T. ) ;
#1311 = DIRECTION ( 'NONE',  ( 0.000000000000000000, 0.000000000000000000, 1.000000000000000000 ) ) ;
#1312 = EDGE_CURVE ( 'NONE', #4129, #4446, #1961, .T. ) ;
#1313 = CARTESIAN_POINT ( 'NONE',  ( 0.000000000000000000, 7.441506350946108128, -12.38906708468514140 ) ) ;
#1314 = LINE ( 'NONE', #197, #1287 ) ;
#1315 = EDGE_CURVE ( 'NONE', #2145, #2153, #2679, .T. ) ;
#1316 = DIRECTION ( 'NONE',  ( -1.000000000000000000, 0.000000000000000000, 0.000000000000000000 ) ) ;
#1317 = CARTESIAN_POINT ( 'NONE',  ( 0.000000000000000000, 7.841506350946106707, -13.08188740771269210 ) ) ;
#1318 = EDGE_LOOP ( 'NONE', ( #3735, #305, #3021, #2144 ) ) ;
#1319 = LINE ( 'NONE', #1626, #4344 ) ;
#1320 = ORIENTED_EDGE ( 'NONE', *, *, #2501, .F. ) ;
#1321 = VERTEX_POINT ( 'NONE', #528 ) ;
#1322 = VECTOR ( 'NONE', #1770, 1000.000000000000000 ) ;
#1323 = FACE_OUTER_BOUND ( 'NONE', #1225, .T. ) ;
#1324 = CARTESIAN_POINT ( 'NONE',  ( 6.000000000000000000, 0.000000000000000000, -15.50000000000000000 ) ) ;
#1325 = VERTEX_POINT ( 'NONE', #3070 ) ;
#1326 = ORIENTED_EDGE ( 'NONE', *, *, #3187, .F. ) ;
#1327 = ADVANCED_FACE ( 'NONE', ( #913 ), #1578, .T. ) ;
#1328 = CARTESIAN_POINT ( 'NONE',  ( 0.2000000000000000111, 7.749999999999998224, -13.42339375865880058 ) ) ;
#1329 = EDGE_CURVE ( 'NONE', #230, #833, #2787, .T. ) ;
#1330 = LINE ( 'NONE', #1639, #2047 ) ;
#1331 = AXIS2_PLACEMENT_3D ( 'NONE', #3237, #4235, #1749 ) ;
#1332 = CARTESIAN_POINT ( 'NONE',  ( 2.000000000000000000, 8.091506350946106707, -13.51490010960491261 ) ) ;
#1333 = PLANE ( 'NONE',  #3679 ) ;
#1334 = COLOUR_RGB ( '',0.7960784313725489669, 0.8235294117647058432, 0.9372549019607843146 ) ;
#1335 = VECTOR ( 'NONE', #1087, 1000.000000000000000 ) ;
#1336 = DIRECTION ( 'NONE',  ( -0.000000000000000000, 0.4999999999999973910, -0.8660254037844401509 ) ) ;
#1337 = EDGE_CURVE ( 'NONE', #1380, #3261, #4282, .T. ) ;
#1338 = SURFACE_STYLE_FILL_AREA ( #2433 ) ;
#1339 = AXIS2_PLACEMENT_3D ( 'NONE', #4385, #3218, #803 ) ;
#1340 =( GEOMETRIC_REPRESENTATION_CONTEXT ( 3 ) GLOBAL_UNCERTAINTY_ASSIGNED_CONTEXT ( ( #1882 ) ) GLOBAL_UNIT_ASSIGNED_CONTEXT ( ( #811, #3028, #2974 ) ) REPRESENTATION_CONTEXT ( 'NONE', 'WORKASPACE' ) );
#1341 = DIRECTION ( 'NONE',  ( 0.000000000000000000, 0.000000000000000000, 1.000000000000000000 ) ) ;
#1342 = VERTEX_POINT ( 'NONE', #2507 ) ;
#1343 = PLANE ( 'NONE',  #3856 ) ;
#1344 = VECTOR ( 'NONE', #1391, 1000.000000000000114 ) ;
#1345 = COLOUR_RGB ( '',0.7960784313725489669, 0.8235294117647058432, 0.9372549019607843146 ) ;
#1346 = DIRECTION ( 'NONE',  ( 1.000000000000000000, 0.000000000000000000, 0.000000000000000000 ) ) ;
#1347 = CARTESIAN_POINT ( 'NONE',  ( 0.000000000000000000, -15.25000000000000000, 1.050000000000000044 ) ) ;
#1348 = AXIS2_PLACEMENT_3D ( 'NONE', #1075, #3607, #620 ) ;
#1349 = ORIENTED_EDGE ( 'NONE', *, *, #3207, .T. ) ;
#1350 = AXIS2_PLACEMENT_3D ( 'NONE', #1486, #1103, #794 ) ;
#1351 = VERTEX_POINT ( 'NONE', #1414 ) ;
#1352 = ORIENTED_EDGE ( 'NONE', *, *, #981, .T. ) ;
#1353 = DIRECTION ( 'NONE',  ( -1.000000000000000000, 0.000000000000000000, 0.000000000000000000 ) ) ;
#1354 = AXIS2_PLACEMENT_3D ( 'NONE', #911, #931, #3870 ) ;
#1355 = CARTESIAN_POINT ( 'NONE',  ( 21.50000000000000000, 0.000000000000000000, 0.000000000000000000 ) ) ;
#1356 = CARTESIAN_POINT ( 'NONE',  ( 6.000000000000000000, -13.42339375865870998, -6.250000000000156319 ) ) ;
#1357 = DIRECTION ( 'NONE',  ( -1.000000000000000000, 0.000000000000000000, 0.000000000000000000 ) ) ;
#1358 = ORIENTED_EDGE ( 'NONE', *, *, #2400, .T. ) ;
#1359 = ORIENTED_EDGE ( 'NONE', *, *, #4466, .T. ) ;
#1360 =( GEOMETRIC_REPRESENTATION_CONTEXT ( 3 ) GLOBAL_UNCERTAINTY_ASSIGNED_CONTEXT ( ( #4422 ) ) GLOBAL_UNIT_ASSIGNED_CONTEXT ( ( #3486, #1644, #2432 ) ) REPRESENTATION_CONTEXT ( 'NONE', 'WORKASPACE' ) );
#1361 = DIRECTION ( 'NONE',  ( 0.000000000000000000, 0.000000000000000000, -1.000000000000000000 ) ) ;
#1362 =( LENGTH_UNIT ( ) NAMED_UNIT ( * ) SI_UNIT ( .MILLI., .METRE. ) );
#1363 = AXIS2_PLACEMENT_3D ( 'NONE', #1429, #2064, #3505 ) ;
#1364 = CARTESIAN_POINT ( 'NONE',  ( 0.000000000000000000, 13.42339375865876505, 6.250000000000063061 ) ) ;
#1365 = MECHANICAL_DESIGN_GEOMETRIC_PRESENTATION_REPRESENTATION (  '', ( #2111 ), #1820 ) ;
#1366 = DIRECTION ( 'NONE',  ( -0.000000000000000000, 0.8660254037844385966, 0.5000000000000000000 ) ) ;
#1367 = PRODUCT_DEFINITION ( '未知', '', #2394, #1584 ) ;
#1368 = CIRCLE ( 'NONE', #2883, 15.89999999999999680 ) ;
#1369 = SURFACE_STYLE_USAGE ( .BOTH. , #1761 ) ;
#1370 = ADVANCED_FACE ( 'NONE', ( #4294 ), #3584, .F. ) ;
#1371 = PLANE ( 'NONE',  #2716 ) ;
#1372 = ORIENTED_EDGE ( 'NONE', *, *, #4252, .F. ) ;
#1373 =( NAMED_UNIT ( * ) PLANE_ANGLE_UNIT ( ) SI_UNIT ( $, .RADIAN. ) );
#1374 = DIRECTION ( 'NONE',  ( -0.000000000000000000, 0.000000000000000000, -1.000000000000000000 ) ) ;
#1375 = ORIENTED_EDGE ( 'NONE', *, *, #1329, .T. ) ;
#1376 = ORIENTED_EDGE ( 'NONE', *, *, #3494, .T. ) ;
#1377 =( NAMED_UNIT ( * ) PLANE_ANGLE_UNIT ( ) SI_UNIT ( $, .RADIAN. ) );
#1378 = DIRECTION ( 'NONE',  ( -0.000000000000000000, 0.000000000000000000, 1.000000000000000000 ) ) ;
#1379 = CARTESIAN_POINT ( 'NONE',  ( 6.000000000000000000, -13.42339375865886986, 6.249999999999874767 ) ) ;
#1380 = VERTEX_POINT ( 'NONE', #845 ) ;
#1381 = VERTEX_POINT ( 'NONE', #2583 ) ;
#1382 = CARTESIAN_POINT ( 'NONE',  ( 20.49999999999999645, 0.000000000000000000, 0.000000000000000000 ) ) ;
#1383 = DIRECTION ( 'NONE',  ( 1.000000000000000000, -0.000000000000000000, -0.000000000000000000 ) ) ;
#1384 =( LENGTH_UNIT ( ) NAMED_UNIT ( * ) SI_UNIT ( .MILLI., .METRE. ) );
#1385 = PLANE ( 'NONE',  #3220 ) ;
#1386 =( LENGTH_UNIT ( ) NAMED_UNIT ( * ) SI_UNIT ( .MILLI., .METRE. ) );
#1387 = ADVANCED_FACE ( 'NONE', ( #3356 ), #108, .T. ) ;
#1388 = EDGE_CURVE ( 'NONE', #3920, #1608, #2239, .T. ) ;
#1389 =( NAMED_UNIT ( * ) SI_UNIT ( $, .STERADIAN. ) SOLID_ANGLE_UNIT ( ) );
#1390 = FACE_OUTER_BOUND ( 'NONE', #284, .T. ) ;
#1391 = DIRECTION ( 'NONE',  ( -0.000000000000000000, 0.5000000000000009992, 0.8660254037844380415 ) ) ;
#1392 = EDGE_CURVE ( 'NONE', #1989, #2361, #3989, .T. ) ;
#1393 = ORIENTED_EDGE ( 'NONE', *, *, #3492, .T. ) ;
#1394 = FACE_BOUND ( 'NONE', #626, .T. ) ;
#1395 = EDGE_CURVE ( 'NONE', #4063, #189, #817, .T. ) ;
#1396 = EDGE_CURVE ( 'NONE', #3704, #1254, #2559, .T. ) ;
#1397 = DIRECTION ( 'NONE',  ( -1.000000000000000000, -0.000000000000000000, -0.000000000000000000 ) ) ;
#1398 = ORIENTED_EDGE ( 'NONE', *, *, #3282, .F. ) ;
#1399 = VERTEX_POINT ( 'NONE', #479 ) ;
#1400 = CARTESIAN_POINT ( 'NONE',  ( 6.000000000000000000, 13.42339375865881657, -7.749999999999968914 ) ) ;
#1401 = LINE ( 'NONE', #583, #957 ) ;
#1402 = VERTEX_POINT ( 'NONE', #3377 ) ;
#1403 = ORIENTED_EDGE ( 'NONE', *, *, #1392, .T. ) ;
#1404 = DIRECTION ( 'NONE',  ( 1.000000000000000000, -0.000000000000000000, -0.000000000000000000 ) ) ;
#1405 = CARTESIAN_POINT ( 'NONE',  ( 47.70000000000000284, -8.750000000000000000, 15.70000000000000284 ) ) ;
#1406 = LINE ( 'NONE', #2851, #3249 ) ;
#1407 = DIRECTION ( 'NONE',  ( 1.000000000000000000, 0.000000000000000000, -0.000000000000000000 ) ) ;
#1408 = CARTESIAN_POINT ( 'NONE',  ( 6.000000000000000000, -13.42339375865870998, -9.250000000000158096 ) ) ;
#1409 = AXIS2_PLACEMENT_3D ( 'NONE', #3805, #555, #900 ) ;
#1410 = ORIENTED_EDGE ( 'NONE', *, *, #2437, .F. ) ;
#1411 = FACE_BOUND ( 'NONE', #4254, .T. ) ;
#1412 = VECTOR ( 'NONE', #2717, 1000.000000000000000 ) ;
#1413 = AXIS2_PLACEMENT_3D ( 'NONE', #2054, #1508, #2415 ) ;
#1414 = CARTESIAN_POINT ( 'NONE',  ( 0.000000000000000000, 7.658493649053896846, 13.76490010960490729 ) ) ;
#1415 = LINE ( 'NONE', #1791, #1724 ) ;
#1416 = ADVANCED_FACE ( 'NONE', ( #413 ), #131, .T. ) ;
#1417 = ORIENTED_EDGE ( 'NONE', *, *, #2719, .T. ) ;
#1418 = ORIENTED_EDGE ( 'NONE', *, *, #2646, .F. ) ;
#1419 = TOROIDAL_SURFACE ( 'NONE', #2019, 17.80000000000000071, 0.5000000000000000000 ) ;
#1420 = AXIS2_PLACEMENT_3D ( 'NONE', #2627, #818, #388 ) ;
#1421 = VECTOR ( 'NONE', #1841, 1000.000000000000000 ) ;
#1422 =( LENGTH_UNIT ( ) NAMED_UNIT ( * ) SI_UNIT ( .MILLI., .METRE. ) );
#1423 = EDGE_CURVE ( 'NONE', #1832, #1024, #1496, .T. ) ;
#1424 =( NAMED_UNIT ( * ) SI_UNIT ( $, .STERADIAN. ) SOLID_ANGLE_UNIT ( ) );
#1425 = ORIENTED_EDGE ( 'NONE', *, *, #2578, .F. ) ;
#1426 = EDGE_CURVE ( 'NONE', #1321, #3133, #4368, .T. ) ;
#1427 = ORIENTED_EDGE ( 'NONE', *, *, #1130, .T. ) ;
#1428 = MECHANICAL_DESIGN_GEOMETRIC_PRESENTATION_REPRESENTATION (  '', ( #2939 ), #4067 ) ;
#1429 = CARTESIAN_POINT ( 'NONE',  ( 0.000000000000000000, -13.42339375865870998, -7.750000000000157208 ) ) ;
#1430 = FACE_OUTER_BOUND ( 'NONE', #3781, .T. ) ;
#1431 = DIRECTION ( 'NONE',  ( -1.000000000000000000, 0.000000000000000000, 0.000000000000000000 ) ) ;
#1432 = CIRCLE ( 'NONE', #892, 1.500000000000000000 ) ;
#1433 = FILL_AREA_STYLE ('',( #2918 ) ) ;
#1434 = CARTESIAN_POINT ( 'NONE',  ( 0.000000000000000000, 8.586697387972222373, 14.37259614518684181 ) ) ;
#1435 = DIRECTION ( 'NONE',  ( 0.000000000000000000, 0.000000000000000000, -1.000000000000000000 ) ) ;
#1436 = FACE_OUTER_BOUND ( 'NONE', #1148, .T. ) ;
#1437 = SURFACE_STYLE_FILL_AREA ( #4661 ) ;
#1438 = PLANE ( 'NONE',  #3718 ) ;
#1439 = DIRECTION ( 'NONE',  ( 1.000000000000000000, -0.000000000000000000, -0.000000000000000000 ) ) ;
#1440 = AXIS2_PLACEMENT_3D ( 'NONE', #2774, #748, #965 ) ;
#1441 = EDGE_LOOP ( 'NONE', ( #3073, #4398, #3056, #4603 ) ) ;
#1442 = SURFACE_SIDE_STYLE ('',( #2795 ) ) ;
#1443 = CIRCLE ( 'NONE', #1059, 1.300000000000000711 ) ;
#1444 = PLANE ( 'NONE',  #3388 ) ;
#1445 = ORIENTED_EDGE ( 'NONE', *, *, #2221, .F. ) ;
#1446 = PRESENTATION_LAYER_ASSIGNMENT (  '', '', ( #375 ) ) ;
#1447 = ORIENTED_EDGE ( 'NONE', *, *, #678, .F. ) ;
#1448 = VECTOR ( 'NONE', #691, 1000.000000000000000 ) ;
#1449 = SURFACE_STYLE_FILL_AREA ( #629 ) ;
#1450 = CARTESIAN_POINT ( 'NONE',  ( 2.000000000000000000, 8.784326673973657407, -13.11490010960491226 ) ) ;
#1451 = EDGE_LOOP ( 'NONE', ( #120, #3963, #2234, #3857 ) ) ;
#1452 = ORIENTED_EDGE ( 'NONE', *, *, #4314, .F. ) ;
#1453 = ADVANCED_FACE ( 'NONE', ( #1865, #3308 ), #649, .T. ) ;
#1454 = FACE_OUTER_BOUND ( 'NONE', #1451, .T. ) ;
#1455 = ADVANCED_FACE ( 'NONE', ( #4038 ), #1179, .T. ) ;
#1456 = DIRECTION ( 'NONE',  ( -0.000000000000000000, 0.5000000000000000000, 0.8660254037844385966 ) ) ;
#1457 = DIRECTION ( 'NONE',  ( 0.000000000000000000, -0.5000000000000003331, 0.8660254037844385966 ) ) ;
#1458 = SURFACE_SIDE_STYLE ('',( #2116 ) ) ;
#1459 = DIRECTION ( 'NONE',  ( 0.000000000000000000, 0.000000000000000000, -1.000000000000000000 ) ) ;
#1460 = CARTESIAN_POINT ( 'NONE',  ( 2.000000000000000000, -15.50000000000000000, -8.673617379884035472E-16 ) ) ;
#1461 = DIRECTION ( 'NONE',  ( -1.000000000000000000, -0.000000000000000000, -0.000000000000000000 ) ) ;
#1462 = ORIENTED_EDGE ( 'NONE', *, *, #1953, .T. ) ;
#1463 = LINE ( 'NONE', #2194, #980 ) ;
#1464 = CARTESIAN_POINT ( 'NONE',  ( 6.000000000000000000, 0.000000000000000000, 17.00000000000000000 ) ) ;
#1465 = AXIS2_PLACEMENT_3D ( 'NONE', #2201, #3642, #1109 ) ;
#1466 = EDGE_CURVE ( 'NONE', #3480, #1687, #109, .T. ) ;
#1467 = DIRECTION ( 'NONE',  ( 0.000000000000000000, 0.000000000000000000, -1.000000000000000000 ) ) ;
#1468 = EDGE_LOOP ( 'NONE', ( #253, #631, #215, #996 ) ) ;
#1469 = ORIENTED_EDGE ( 'NONE', *, *, #960, .F. ) ;
#1470 = ORIENTED_EDGE ( 'NONE', *, *, #1312, .T. ) ;
#1471 = CARTESIAN_POINT ( 'NONE',  ( 46.90000000000000568, -7.950000000000000178, 10.90000000000000391 ) ) ;
#1472 = EDGE_LOOP ( 'NONE', ( #1943, #1176, #3623 ) ) ;
#1473 = EDGE_LOOP ( 'NONE', ( #243, #4100, #1792, #1482, #1794 ) ) ;
#1474 = LINE ( 'NONE', #4308, #3296 ) ;
#1475 = FACE_OUTER_BOUND ( 'NONE', #1553, .T. ) ;
#1476 = DIRECTION ( 'NONE',  ( 0.000000000000000000, 0.000000000000000000, -1.000000000000000000 ) ) ;
#1477 = ADVANCED_FACE ( 'NONE', ( #1847 ), #3357, .F. ) ;
#1478 = FACE_OUTER_BOUND ( 'NONE', #3122, .T. ) ;
#1479 = DIRECTION ( 'NONE',  ( 0.000000000000000000, -0.8660254037844362651, -0.5000000000000041078 ) ) ;
#1480 = LINE ( 'NONE', #3325, #3459 ) ;
#1481 = CARTESIAN_POINT ( 'NONE',  ( 44.50000000000000000, 0.000000000000000000, 0.000000000000000000 ) ) ;
#1482 = ORIENTED_EDGE ( 'NONE', *, *, #399, .F. ) ;
#1483 = ADVANCED_FACE ( 'NONE', ( #1554 ), #4355, .T. ) ;
#1484 = DIRECTION ( 'NONE',  ( 0.000000000000000000, 0.5000000000000009992, 0.8660254037844380415 ) ) ;
#1485 = CARTESIAN_POINT ( 'NONE',  ( 0.000000000000000000, -15.50000000000000000, 1.499999999999999112 ) ) ;
#1486 = CARTESIAN_POINT ( 'NONE',  ( 0.5000000000000004441, 2.179871302482288714E-15, 17.80000000000000071 ) ) ;
#1487 = ORIENTED_EDGE ( 'NONE', *, *, #115, .T. ) ;
#1488 = ORIENTED_EDGE ( 'NONE', *, *, #391, .T. ) ;
#1489 = VECTOR ( 'NONE', #3527, 1000.000000000000114 ) ;
#1490 = EDGE_LOOP ( 'NONE', ( #483, #1699 ) ) ;
#1491 = VECTOR ( 'NONE', #4229, 1000.000000000000000 ) ;
#1492 = UNCERTAINTY_MEASURE_WITH_UNIT (LENGTH_MEASURE( 1.000000000000000082E-05 ), #1922, 'distance_accuracy_value', 'NONE');
#1493 = MECHANICAL_DESIGN_GEOMETRIC_PRESENTATION_REPRESENTATION (  '', ( #2931 ), #3082 ) ;
#1494 = FACE_OUTER_BOUND ( 'NONE', #1009, .T. ) ;
#1495 = VERTEX_POINT ( 'NONE', #414 ) ;
#1496 = CIRCLE ( 'NONE', #648, 3.000000000000000000 ) ;
#1497 = VERTEX_POINT ( 'NONE', #2270 ) ;
#1498 = AXIS2_PLACEMENT_3D ( 'NONE', #2980, #4127, #4548 ) ;
#1499 = PLANE ( 'NONE',  #1108 ) ;
#1500 = UNCERTAINTY_MEASURE_WITH_UNIT (LENGTH_MEASURE( 1.000000000000000082E-05 ), #3117, 'distance_accuracy_value', 'NONE');
#1501 = CARTESIAN_POINT ( 'NONE',  ( 0.5000000000000000000, 7.000000000000001776, 10.00000000000000000 ) ) ;
#1502 = ORIENTED_EDGE ( 'NONE', *, *, #1514, .F. ) ;
#1503 = AXIS2_PLACEMENT_3D ( 'NONE', #2124, #1397, #719 ) ;
#1504 = CARTESIAN_POINT ( 'NONE',  ( 2.000000000000000000, 8.534326673973657407, -12.68188740771269352 ) ) ;
#1505 = EDGE_CURVE ( 'NONE', #1284, #2598, #279, .T. ) ;
#1506 = DIRECTION ( 'NONE',  ( -0.000000000000000000, -1.000000000000000000, -0.000000000000000000 ) ) ;
#1507 = DIRECTION ( 'NONE',  ( 0.000000000000000000, 1.000000000000000000, 0.000000000000000000 ) ) ;
#1508 = DIRECTION ( 'NONE',  ( 0.000000000000000000, 1.000000000000000000, 1.224646799147353207E-16 ) ) ;
#1509 = ORIENTED_EDGE ( 'NONE', *, *, #4278, .T. ) ;
#1510 = LINE ( 'NONE', #7, #2276 ) ;
#1511 = AXIS2_PLACEMENT_3D ( 'NONE', #1328, #4478, #3809 ) ;
#1512 = LINE ( 'NONE', #3421, #4007 ) ;
#1513 = DIRECTION ( 'NONE',  ( 0.000000000000000000, 0.000000000000000000, -1.000000000000000000 ) ) ;
#1514 = EDGE_CURVE ( 'NONE', #579, #3279, #4418, .T. ) ;
#1515 = PLANE ( 'NONE',  #3824 ) ;
#1516 = VERTEX_POINT ( 'NONE', #2934 ) ;
#1517 = AXIS2_PLACEMENT_3D ( 'NONE', #4607, #4262, #1019 ) ;
#1518 = EDGE_CURVE ( 'NONE', #1032, #1186, #4370, .T. ) ;
#1519 = CYLINDRICAL_SURFACE ( 'NONE', #2216, 2.000000000000000000 ) ;
#1520 = AXIS2_PLACEMENT_3D ( 'NONE', #3483, #218, #2376 ) ;
#1521 = FILL_AREA_STYLE_COLOUR ( '', #3159 ) ;
#1522 = ORIENTED_EDGE ( 'NONE', *, *, #2681, .F. ) ;
#1523 = ORIENTED_EDGE ( 'NONE', *, *, #3653, .T. ) ;
#1524 =( NAMED_UNIT ( * ) PLANE_ANGLE_UNIT ( ) SI_UNIT ( $, .RADIAN. ) );
#1525 = APPLICATION_PROTOCOL_DEFINITION ( 'draft international standard', 'automotive_design', 1998, #4622 ) ;
#1526 = DIRECTION ( 'NONE',  ( -1.000000000000000000, -0.000000000000000000, -0.000000000000000000 ) ) ;
#1527 =( NAMED_UNIT ( * ) SI_UNIT ( $, .STERADIAN. ) SOLID_ANGLE_UNIT ( ) );
#1528 = ORIENTED_EDGE ( 'NONE', *, *, #2445, .T. ) ;
#1529 = CARTESIAN_POINT ( 'NONE',  ( 0.000000000000000000, 7.841506350946115589, 13.08188740771268677 ) ) ;
#1530 = CARTESIAN_POINT ( 'NONE',  ( 0.5000000000000000000, 7.000000000000002665, -10.00000000000000000 ) ) ;
#1531 = FACE_OUTER_BOUND ( 'NONE', #4178, .T. ) ;
#1532 = DIRECTION ( 'NONE',  ( 0.000000000000000000, 0.000000000000000000, 1.000000000000000000 ) ) ;
#1533 = EDGE_CURVE ( 'NONE', #1605, #3874, #2218, .T. ) ;
#1534 = ORIENTED_EDGE ( 'NONE', *, *, #3640, .F. ) ;
#1535 = CARTESIAN_POINT ( 'NONE',  ( 20.49999999999999645, 0.000000000000000000, 0.000000000000000000 ) ) ;
#1536 = ADVANCED_FACE ( 'NONE', ( #3309 ), #4444, .T. ) ;
#1537 = DIRECTION ( 'NONE',  ( 0.000000000000000000, 0.000000000000000000, -1.000000000000000000 ) ) ;
#1538 = ORIENTED_EDGE ( 'NONE', *, *, #838, .F. ) ;
#1539 = EDGE_CURVE ( 'NONE', #1112, #573, #4448, .T. ) ;
#1540 = ORIENTED_EDGE ( 'NONE', *, *, #1272, .T. ) ;
#1541 = EDGE_CURVE ( 'NONE', #1186, #3945, #2240, .T. ) ;
#1542 = FACE_OUTER_BOUND ( 'NONE', #3661, .T. ) ;
#1543 = CARTESIAN_POINT ( 'NONE',  ( 6.000000000000000000, 0.000000000000000000, -15.50000000000000000 ) ) ;
#1544 = EDGE_LOOP ( 'NONE', ( #4493, #1079, #3964, #2219 ) ) ;
#1545 = EDGE_LOOP ( 'NONE', ( #4159, #2807, #332, #3172 ) ) ;
#1546 = DIRECTION ( 'NONE',  ( -0.000000000000000000, 0.000000000000000000, -1.000000000000000000 ) ) ;
#1547 = UNCERTAINTY_MEASURE_WITH_UNIT (LENGTH_MEASURE( 1.000000000000000082E-05 ), #1422, 'distance_accuracy_value', 'NONE');
#1548 = VERTEX_POINT ( 'NONE', #3660 ) ;
#1549 = DIRECTION ( 'NONE',  ( -0.000000000000000000, 0.000000000000000000, -1.000000000000000000 ) ) ;
#1550 = DIRECTION ( 'NONE',  ( -0.000000000000000000, 0.8660254037844378194, -0.5000000000000013323 ) ) ;
#1551 = SURFACE_STYLE_USAGE ( .BOTH. , #2309 ) ;
#1552 = DIRECTION ( 'NONE',  ( -1.000000000000000000, -0.000000000000000000, -0.000000000000000000 ) ) ;
#1553 = EDGE_LOOP ( 'NONE', ( #2890, #2383, #3209, #702 ) ) ;
#1554 = FACE_OUTER_BOUND ( 'NONE', #2976, .T. ) ;
#1555 = EDGE_LOOP ( 'NONE', ( #469, #4136, #577, #1657 ) ) ;
#1556 = ORIENTED_EDGE ( 'NONE', *, *, #3417, .F. ) ;
#1557 = LINE ( 'NONE', #1829, #2367 ) ;
#1558 = DIRECTION ( 'NONE',  ( 0.000000000000000000, 0.000000000000000000, 1.000000000000000000 ) ) ;
#1559 = ORIENTED_EDGE ( 'NONE', *, *, #1808, .T. ) ;
#1560 = ORIENTED_EDGE ( 'NONE', *, *, #4498, .T. ) ;
#1561 = VECTOR ( 'NONE', #4629, 1000.000000000000000 ) ;
#1562 = LINE ( 'NONE', #398, #4591 ) ;
#1563 = ADVANCED_FACE ( 'NONE', ( #1917 ), #1515, .F. ) ;
#1564 = CIRCLE ( 'NONE', #1642, 15.89999999999999680 ) ;
#1565 = PRESENTATION_LAYER_ASSIGNMENT (  '', '', ( #3600 ) ) ;
#1566 = FACE_OUTER_BOUND ( 'NONE', #1544, .T. ) ;
#1567 = EDGE_CURVE ( 'NONE', #1251, #4182, #136, .T. ) ;
#1568 = DIRECTION ( 'NONE',  ( 1.000000000000000000, 0.000000000000000000, 0.000000000000000000 ) ) ;
#1569 = ORIENTED_EDGE ( 'NONE', *, *, #238, .T. ) ;
#1570 = CIRCLE ( 'NONE', #1033, 2.000000000000000000 ) ;
#1571 = CARTESIAN_POINT ( 'NONE',  ( 0.000000000000000000, -15.25000000000000000, -0.2500000000000002220 ) ) ;
#1572 =( NAMED_UNIT ( * ) SI_UNIT ( $, .STERADIAN. ) SOLID_ANGLE_UNIT ( ) );
#1573 = STYLED_ITEM ( 'NONE', ( #358 ), #2746 ) ;
#1574 =( LENGTH_UNIT ( ) NAMED_UNIT ( * ) SI_UNIT ( .MILLI., .METRE. ) );
#1575 = FACE_OUTER_BOUND ( 'NONE', #2942, .T. ) ;
#1576 = CIRCLE ( 'NONE', #2256, 3.000000000000000000 ) ;
#1577 = CARTESIAN_POINT ( 'NONE',  ( 6.000000000000000000, 1.836970198721029441E-16, -17.00000000000000000 ) ) ;
#1578 = PLANE ( 'NONE',  #3831 ) ;
#1579 =( LENGTH_UNIT ( ) NAMED_UNIT ( * ) SI_UNIT ( .MILLI., .METRE. ) );
#1580 = AXIS2_PLACEMENT_3D ( 'NONE', #328, #2159, #4263 ) ;
#1581 = ORIENTED_EDGE ( 'NONE', *, *, #3359, .F. ) ;
#1582 = VERTEX_POINT ( 'NONE', #846 ) ;
#1583 = CIRCLE ( 'NONE', #1363, 1.500000000000001110 ) ;
#1584 = PRODUCT_DEFINITION_CONTEXT ( 'detailed design', #3190, 'design' ) ;
#1585 =( NAMED_UNIT ( * ) PLANE_ANGLE_UNIT ( ) SI_UNIT ( $, .RADIAN. ) );
#1586 = ORIENTED_EDGE ( 'NONE', *, *, #490, .T. ) ;
#1587 = VECTOR ( 'NONE', #551, 1000.000000000000000 ) ;
#1588 = EDGE_LOOP ( 'NONE', ( #2344, #530, #277, #3516, #3348, #4323, #4620, #3086, #541 ) ) ;
#1589 = VECTOR ( 'NONE', #3897, 1000.000000000000000 ) ;
#1590 = ADVANCED_FACE ( 'NONE', ( #1824 ), #2606, .T. ) ;
#1591 = CIRCLE ( 'NONE', #3706, 1.500000000000001110 ) ;
#1592 = AXIS2_PLACEMENT_3D ( 'NONE', #3939, #4009, #3557 ) ;
#1593 = CARTESIAN_POINT ( 'NONE',  ( 0.000000000000000000, -14.45000000000000107, 0.2500000000000002220 ) ) ;
#1594 = DIRECTION ( 'NONE',  ( 1.000000000000000000, -0.000000000000000000, -0.000000000000000000 ) ) ;
#1595 = VERTEX_POINT ( 'NONE', #445 ) ;
#1596 = CIRCLE ( 'NONE', #2886, 10.00000000000000000 ) ;
#1597 = EDGE_CURVE ( 'NONE', #1548, #1988, #3638, .T. ) ;
#1598 = CARTESIAN_POINT ( 'NONE',  ( 2.000000000000000000, 8.091506350946106707, -13.51490010960491261 ) ) ;
#1599 = EDGE_CURVE ( 'NONE', #4143, #2272, #208, .T. ) ;
#1600 = CARTESIAN_POINT ( 'NONE',  ( 44.50000000000000000, -9.300000000000000711, 18.50000000000000355 ) ) ;
#1601 = LINE ( 'NONE', #3050, #1107 ) ;
#1602 = CARTESIAN_POINT ( 'NONE',  ( 0.000000000000000000, 13.42339375865876505, 7.750000000000063061 ) ) ;
#1603 = CARTESIAN_POINT ( 'NONE',  ( 6.000000000000000000, 13.42339375865876505, 7.750000000000063061 ) ) ;
#1604 = DIRECTION ( 'NONE',  ( 0.000000000000000000, 0.000000000000000000, -1.000000000000000000 ) ) ;
#1605 = VERTEX_POINT ( 'NONE', #3751 ) ;
#1606 = FACE_OUTER_BOUND ( 'NONE', #2750, .T. ) ;
#1607 = DIRECTION ( 'NONE',  ( -0.000000000000000000, -0.8660254037844385966, 0.5000000000000000000 ) ) ;
#1608 = VERTEX_POINT ( 'NONE', #1250 ) ;
#1609 = ORIENTED_EDGE ( 'NONE', *, *, #1836, .F. ) ;
#1610 =( LENGTH_UNIT ( ) NAMED_UNIT ( * ) SI_UNIT ( .MILLI., .METRE. ) );
#1611 = LINE ( 'NONE', #2038, #4417 ) ;
#1612 = SURFACE_SIDE_STYLE ('',( #168 ) ) ;
#1613 = VERTEX_POINT ( 'NONE', #549 ) ;
#1614 = DIRECTION ( 'NONE',  ( 1.000000000000000000, -0.000000000000000000, -0.000000000000000000 ) ) ;
#1615 = CARTESIAN_POINT ( 'NONE',  ( 44.50000000000000000, 1.977804580622975167E-15, 15.89999999999999680 ) ) ;
#1616 = ADVANCED_FACE ( 'NONE', ( #2359 ), #3441, .T. ) ;
#1617 = EDGE_CURVE ( 'NONE', #4265, #520, #3797, .T. ) ;
#1618 = DIRECTION ( 'NONE',  ( -1.000000000000000000, -0.000000000000000000, -0.000000000000000000 ) ) ;
#1619 = FILL_AREA_STYLE_COLOUR ( '', #3991 ) ;
#1620 =( NAMED_UNIT ( * ) PLANE_ANGLE_UNIT ( ) SI_UNIT ( $, .RADIAN. ) );
#1621 = FACE_OUTER_BOUND ( 'NONE', #646, .T. ) ;
#1622 = FILL_AREA_STYLE ('',( #3423 ) ) ;
#1623 = EDGE_CURVE ( 'NONE', #3904, #4568, #2938, .T. ) ;
#1624 = VERTEX_POINT ( 'NONE', #3405 ) ;
#1625 = CARTESIAN_POINT ( 'NONE',  ( 0.000000000000000000, 8.058493649053897201, 14.45772043263245621 ) ) ;
#1626 = CARTESIAN_POINT ( 'NONE',  ( 6.000000000000000000, 13.42339375865881657, -6.249999999999968026 ) ) ;
#1627 = ORIENTED_EDGE ( 'NONE', *, *, #2723, .T. ) ;
#1628 = ORIENTED_EDGE ( 'NONE', *, *, #928, .F. ) ;
#1629 = FACE_OUTER_BOUND ( 'NONE', #4427, .T. ) ;
#1630 = AXIS2_PLACEMENT_3D ( 'NONE', #2775, #1378, #3946 ) ;
#1631 = DIRECTION ( 'NONE',  ( 0.000000000000000000, 0.5000000000000009992, 0.8660254037844380415 ) ) ;
#1632 = DIRECTION ( 'NONE',  ( 0.000000000000000000, -1.000000000000000000, 0.000000000000000000 ) ) ;
#1633 = ORIENTED_EDGE ( 'NONE', *, *, #4480, .T. ) ;
#1634 = AXIS2_PLACEMENT_3D ( 'NONE', #3460, #4544, #2045 ) ;
#1635 = VERTEX_POINT ( 'NONE', #1934 ) ;
#1636 = DIRECTION ( 'NONE',  ( 0.000000000000000000, 0.000000000000000000, 1.000000000000000000 ) ) ;
#1637 = PRESENTATION_LAYER_ASSIGNMENT (  '', '', ( #3677 ) ) ;
#1638 = AXIS2_PLACEMENT_3D ( 'NONE', #1460, #4200, #959 ) ;
#1639 = CARTESIAN_POINT ( 'NONE',  ( 51.10000000000000142, 7.950000000000000178, 15.70000000000000284 ) ) ;
#1640 = CARTESIAN_POINT ( 'NONE',  ( 0.000000000000000000, -15.75000000000000000, -0.2500000000000002220 ) ) ;
#1641 = DIRECTION ( 'NONE',  ( 0.000000000000000000, 0.000000000000000000, 1.000000000000000000 ) ) ;
#1642 = AXIS2_PLACEMENT_3D ( 'NONE', #2156, #3972, #2597 ) ;
#1643 = VECTOR ( 'NONE', #2539, 1000.000000000000000 ) ;
#1644 =( NAMED_UNIT ( * ) PLANE_ANGLE_UNIT ( ) SI_UNIT ( $, .RADIAN. ) );
#1645 = CARTESIAN_POINT ( 'NONE',  ( 2.000000000000000000, -14.45000000000000107, -0.2500000000000002220 ) ) ;
#1646 = CIRCLE ( 'NONE', #3088, 1.500000000000001332 ) ;
#1647 = AXIS2_PLACEMENT_3D ( 'NONE', #4613, #1716, #3224 ) ;
#1648 = FILL_AREA_STYLE ('',( #2001 ) ) ;
#1649 = DIRECTION ( 'NONE',  ( 1.000000000000000000, -0.000000000000000000, -0.000000000000000000 ) ) ;
#1650 = ORIENTED_EDGE ( 'NONE', *, *, #2955, .F. ) ;
#1651 = CARTESIAN_POINT ( 'NONE',  ( 0.000000000000000000, -15.50000000000000000, -8.673617379884035472E-16 ) ) ;
#1652 = EDGE_CURVE ( 'NONE', #2653, #2125, #578, .T. ) ;
#1653 = ADVANCED_FACE ( 'NONE', ( #3817 ), #1270, .F. ) ;
#1654 = VECTOR ( 'NONE', #3323, 1000.000000000000000 ) ;
#1655 = SURFACE_SIDE_STYLE ('',( #3427 ) ) ;
#1656 = ORIENTED_EDGE ( 'NONE', *, *, #441, .F. ) ;
#1657 = ORIENTED_EDGE ( 'NONE', *, *, #3823, .T. ) ;
#1658 = AXIS2_PLACEMENT_3D ( 'NONE', #2297, #3381, #134 ) ;
#1659 = VECTOR ( 'NONE', #322, 1000.000000000000000 ) ;
#1660 = ORIENTED_EDGE ( 'NONE', *, *, #2700, .F. ) ;
#1661 = DIRECTION ( 'NONE',  ( -0.000000000000000000, -0.5000000000000000000, -0.8660254037844385966 ) ) ;
#1662 = AXIS2_PLACEMENT_3D ( 'NONE', #531, #2767, #3820 ) ;
#1663 = CARTESIAN_POINT ( 'NONE',  ( 2.000000000000000000, 8.534326673973666288, 12.68188740771268641 ) ) ;
#1664 = VECTOR ( 'NONE', #2581, 1000.000000000000000 ) ;
#1665 = DIRECTION ( 'NONE',  ( -1.000000000000000000, 0.000000000000000000, -0.000000000000000000 ) ) ;
#1666 = EDGE_LOOP ( 'NONE', ( #2530, #1935, #1349, #100, #4393, #285, #3662, #237, #1015, #3686, #795, #3411 ) ) ;
#1667 = ORIENTED_EDGE ( 'NONE', *, *, #3526, .F. ) ;
#1668 = TOROIDAL_SURFACE ( 'NONE', #1662, 15.89999999999999680, 0.5000000000000000000 ) ;
#1669 = SURFACE_STYLE_FILL_AREA ( #3114 ) ;
#1670 = AXIS2_PLACEMENT_3D ( 'NONE', #978, #1676, #4547 ) ;
#1671 = CARTESIAN_POINT ( 'NONE',  ( 46.90000000000000568, 7.950000000000000178, 10.90000000000000391 ) ) ;
#1672 = CARTESIAN_POINT ( 'NONE',  ( 51.89999999999999858, -8.750000000000000000, 15.70000000000000284 ) ) ;
#1673 = CARTESIAN_POINT ( 'NONE',  ( 51.89999999999999858, 9.300000000000000711, 8.500000000000000000 ) ) ;
#1674 = VECTOR ( 'NONE', #4364, 1000.000000000000000 ) ;
#1675 = AXIS2_PLACEMENT_3D ( 'NONE', #4562, #1977, #1692 ) ;
#1676 = DIRECTION ( 'NONE',  ( 1.000000000000000000, 0.000000000000000000, 0.000000000000000000 ) ) ;
#1677 = DIRECTION ( 'NONE',  ( -0.000000000000000000, 0.8660254037844385966, 0.5000000000000000000 ) ) ;
#1678 = ORIENTED_EDGE ( 'NONE', *, *, #2788, .T. ) ;
#1679 = DIRECTION ( 'NONE',  ( -1.000000000000000000, 0.000000000000000000, 0.000000000000000000 ) ) ;
#1680 = EDGE_CURVE ( 'NONE', #3539, #3894, #1984, .T. ) ;
#1681 = ORIENTED_EDGE ( 'NONE', *, *, #4077, .T. ) ;
#1682 = EDGE_CURVE ( 'NONE', #766, #1747, #3986, .T. ) ;
#1683 = VERTEX_POINT ( 'NONE', #3034 ) ;
#1684 = FILL_AREA_STYLE_COLOUR ( '', #4378 ) ;
#1685 = DIRECTION ( 'NONE',  ( 1.000000000000000000, -0.000000000000000000, -0.000000000000000000 ) ) ;
#1686 = CARTESIAN_POINT ( 'NONE',  ( 0.2000000000000000111, -15.50000000000000000, -1.300000000000000711 ) ) ;
#1687 = VERTEX_POINT ( 'NONE', #4468 ) ;
#1688 = ADVANCED_FACE ( 'NONE', ( #159 ), #2680, .T. ) ;
#1689 = ORIENTED_EDGE ( 'NONE', *, *, #4330, .T. ) ;
#1690 = PRESENTATION_STYLE_ASSIGNMENT (( #3482 ) ) ;
#1691 = COLOUR_RGB ( '',0.7960784313725489669, 0.8235294117647058432, 0.9372549019607843146 ) ;
#1692 = DIRECTION ( 'NONE',  ( 0.000000000000000000, 0.8660254037844330455, 0.5000000000000098810 ) ) ;
#1693 = FACE_OUTER_BOUND ( 'NONE', #2129, .T. ) ;
#1694 = CARTESIAN_POINT ( 'NONE',  ( 51.89999999999999858, -9.300000000000000711, 8.500000000000000000 ) ) ;
#1695 =( NAMED_UNIT ( * ) SI_UNIT ( $, .STERADIAN. ) SOLID_ANGLE_UNIT ( ) );
#1696 = ORIENTED_EDGE ( 'NONE', *, *, #538, .F. ) ;
#1697 = PRESENTATION_STYLE_ASSIGNMENT (( #2029 ) ) ;
#1698 = CARTESIAN_POINT ( 'NONE',  ( 0.000000000000000000, 7.750000000000006217, 13.42339375865879703 ) ) ;
#1699 = ORIENTED_EDGE ( 'NONE', *, *, #2994, .F. ) ;
#1700 = ORIENTED_EDGE ( 'NONE', *, *, #1623, .T. ) ;
#1701 = CARTESIAN_POINT ( 'NONE',  ( 51.89999999999999858, 8.750000000000000000, 8.500000000000001776 ) ) ;
#1702 = FACE_OUTER_BOUND ( 'NONE', #178, .T. ) ;
#1703 = DIRECTION ( 'NONE',  ( -0.000000000000000000, -0.8660254037844390407, -0.4999999999999992228 ) ) ;
#1704 = EDGE_LOOP ( 'NONE', ( #472, #4322, #4179, #1136 ) ) ;
#1705 = ORIENTED_EDGE ( 'NONE', *, *, #1337, .F. ) ;
#1706 = DIRECTION ( 'NONE',  ( -0.000000000000000000, -0.000000000000000000, 1.000000000000000000 ) ) ;
#1707 = EDGE_CURVE ( 'NONE', #4404, #3539, #3055, .T. ) ;
#1708 = LINE ( 'NONE', #3768, #2013 ) ;
#1709 = ADVANCED_FACE ( 'NONE', ( #889 ), #2337, .T. ) ;
#1710 = CYLINDRICAL_SURFACE ( 'NONE', #1339, 2.000000000000000000 ) ;
#1711 = FACE_OUTER_BOUND ( 'NONE', #1704, .T. ) ;
#1712 = STYLED_ITEM ( 'NONE', ( #4586 ), #2074 ) ;
#1713 = VECTOR ( 'NONE', #858, 1000.000000000000000 ) ;
#1714 = LINE ( 'NONE', #2744, #1042 ) ;
#1715 =( LENGTH_UNIT ( ) NAMED_UNIT ( * ) SI_UNIT ( .MILLI., .METRE. ) );
#1716 = DIRECTION ( 'NONE',  ( -1.000000000000000000, -0.000000000000000000, -0.000000000000000000 ) ) ;
#1717 = CIRCLE ( 'NONE', #1413, 0.2000000000000005107 ) ;
#1718 =( NAMED_UNIT ( * ) PLANE_ANGLE_UNIT ( ) SI_UNIT ( $, .RADIAN. ) );
#1719 = ORIENTED_EDGE ( 'NONE', *, *, #3436, .F. ) ;
#1720 = SURFACE_STYLE_USAGE ( .BOTH. , #4250 ) ;
#1721 = AXIS2_PLACEMENT_3D ( 'NONE', #2104, #2222, #14 ) ;
#1722 = MECHANICAL_DESIGN_GEOMETRIC_PRESENTATION_REPRESENTATION (  '', ( #4443 ), #4361 ) ;
#1723 = CARTESIAN_POINT ( 'NONE',  ( 0.000000000000000000, -16.54999999999999716, -0.2500000000000002220 ) ) ;
#1724 = VECTOR ( 'NONE', #2864, 1000.000000000000000 ) ;
#1725 = VERTEX_POINT ( 'NONE', #2503 ) ;
#1726 = ORIENTED_EDGE ( 'NONE', *, *, #3994, .F. ) ;
#1727 = SURFACE_STYLE_USAGE ( .BOTH. , #4366 ) ;
#1728 = CIRCLE ( 'NONE', #4520, 1.500000000000001332 ) ;
#1729 = DIRECTION ( 'NONE',  ( 0.000000000000000000, 0.000000000000000000, 1.000000000000000000 ) ) ;
#1730 = ORIENTED_EDGE ( 'NONE', *, *, #2374, .F. ) ;
#1731 = EDGE_LOOP ( 'NONE', ( #2105, #2489 ) ) ;
#1732 = STYLED_ITEM ( 'NONE', ( #1690 ), #3496 ) ;
#1733 =( NAMED_UNIT ( * ) PLANE_ANGLE_UNIT ( ) SI_UNIT ( $, .RADIAN. ) );
#1734 = LINE ( 'NONE', #998, #2701 ) ;
#1735 =( GEOMETRIC_REPRESENTATION_CONTEXT ( 3 ) GLOBAL_UNCERTAINTY_ASSIGNED_CONTEXT ( ( #3384 ) ) GLOBAL_UNIT_ASSIGNED_CONTEXT ( ( #4206, #1377, #3878 ) ) REPRESENTATION_CONTEXT ( 'NONE', 'WORKASPACE' ) );
#1736 = CARTESIAN_POINT ( 'NONE',  ( 0.000000000000000000, 8.784326673973657407, -13.11490010960491226 ) ) ;
#1737 = ADVANCED_FACE ( 'NONE', ( #2474 ), #692, .T. ) ;
#1738 = ADVANCED_FACE ( 'NONE', ( #596 ), #3139, .F. ) ;
#1739 = VECTOR ( 'NONE', #1156, 1000.000000000000000 ) ;
#1740 = FACE_OUTER_BOUND ( 'NONE', #2618, .T. ) ;
#1741 = VECTOR ( 'NONE', #2783, 1000.000000000000000 ) ;
#1742 = DIRECTION ( 'NONE',  ( -1.000000000000000000, -0.000000000000000000, -0.000000000000000000 ) ) ;
#1743 = EDGE_LOOP ( 'NONE', ( #2751, #2910, #4224, #1559 ) ) ;
#1744 = CARTESIAN_POINT ( 'NONE',  ( 0.000000000000000000, 0.000000000000000000, -15.50000000000000000 ) ) ;
#1745 = LINE ( 'NONE', #1723, #1955 ) ;
#1746 = VERTEX_POINT ( 'NONE', #3871 ) ;
#1747 = VERTEX_POINT ( 'NONE', #311 ) ;
#1748 = VERTEX_POINT ( 'NONE', #4290 ) ;
#1749 = DIRECTION ( 'NONE',  ( 0.000000000000000000, -0.8660254037844398178, 0.4999999999999977796 ) ) ;
#1750 = PLANE ( 'NONE',  #2708 ) ;
#1751 = ORIENTED_EDGE ( 'NONE', *, *, #4401, .F. ) ;
#1752 = VERTEX_POINT ( 'NONE', #619 ) ;
#1753 = FACE_OUTER_BOUND ( 'NONE', #1923, .T. ) ;
#1754 = DIRECTION ( 'NONE',  ( 0.000000000000000000, 0.000000000000000000, -1.000000000000000000 ) ) ;
#1755 = CARTESIAN_POINT ( 'NONE',  ( 51.89999999999999858, 4.740253157796518124, 15.70000000000000284 ) ) ;
#1756 = PLANE ( 'NONE',  #3307 ) ;
#1757 = DIRECTION ( 'NONE',  ( 0.000000000000000000, 0.000000000000000000, 1.000000000000000000 ) ) ;
#1758 = SURFACE_SIDE_STYLE ('',( #3531 ) ) ;
#1759 = EDGE_CURVE ( 'NONE', #820, #2794, #2120, .T. ) ;
#1760 = EDGE_CURVE ( 'NONE', #1497, #1144, #3911, .T. ) ;
#1761 = SURFACE_SIDE_STYLE ('',( #1437 ) ) ;
#1762 = FILL_AREA_STYLE_COLOUR ( '', #961 ) ;
#1763 = EDGE_LOOP ( 'NONE', ( #507, #2435, #2766, #2151 ) ) ;
#1764 = PRESENTATION_STYLE_ASSIGNMENT (( #315 ) ) ;
#1765 = EDGE_CURVE ( 'NONE', #2644, #3330, #4592, .T. ) ;
#1766 = ADVANCED_FACE ( 'NONE', ( #1390 ), #1022, .T. ) ;
#1767 = LINE ( 'NONE', #4637, #4140 ) ;
#1768 = ORIENTED_EDGE ( 'NONE', *, *, #958, .T. ) ;
#1769 = ORIENTED_EDGE ( 'NONE', *, *, #1231, .T. ) ;
#1770 = DIRECTION ( 'NONE',  ( -0.000000000000000000, -1.000000000000000000, -0.000000000000000000 ) ) ;
#1771 =( NAMED_UNIT ( * ) PLANE_ANGLE_UNIT ( ) SI_UNIT ( $, .RADIAN. ) );
#1772 = ORIENTED_EDGE ( 'NONE', *, *, #4138, .F. ) ;
#1773 = ORIENTED_EDGE ( 'NONE', *, *, #3792, .F. ) ;
#1774 = DIRECTION ( 'NONE',  ( 0.000000000000000000, 0.000000000000000000, -1.000000000000000000 ) ) ;
#1775 = PRESENTATION_LAYER_ASSIGNMENT (  '', '', ( #1017 ) ) ;
#1776 = DIRECTION ( 'NONE',  ( 1.000000000000000000, -0.000000000000000000, -0.000000000000000000 ) ) ;
#1777 = DIRECTION ( 'NONE',  ( 0.000000000000000000, 0.000000000000000000, -1.000000000000000000 ) ) ;
#1778 = LINE ( 'NONE', #3868, #123 ) ;
#1779 = CARTESIAN_POINT ( 'NONE',  ( 2.000000000000000000, -15.75000000000000000, -1.050000000000000044 ) ) ;
#1780 = PRESENTATION_STYLE_ASSIGNMENT (( #309 ) ) ;
#1781 = PRESENTATION_LAYER_ASSIGNMENT (  '', '', ( #2991 ) ) ;
#1782 = EDGE_CURVE ( 'NONE', #2361, #3696, #1480, .T. ) ;
#1783 =( LENGTH_UNIT ( ) NAMED_UNIT ( * ) SI_UNIT ( .MILLI., .METRE. ) );
#1784 = LINE ( 'NONE', #3277, #1790 ) ;
#1785 = CARTESIAN_POINT ( 'NONE',  ( -19.80000000000000071, 7.000000000000000000, 3.000000000000000000 ) ) ;
#1786 = VECTOR ( 'NONE', #4485, 1000.000000000000114 ) ;
#1787 = EDGE_LOOP ( 'NONE', ( #645, #66, #2993, #2779 ) ) ;
#1788 = CIRCLE ( 'NONE', #3216, 0.2000000000000005107 ) ;
#1789 = DIRECTION ( 'NONE',  ( 0.000000000000000000, 1.224646799147353454E-16, 1.000000000000000000 ) ) ;
#1790 = VECTOR ( 'NONE', #2923, 1000.000000000000000 ) ;
#1791 = CARTESIAN_POINT ( 'NONE',  ( 46.90000000000000568, -7.950000000000000178, 15.70000000000000284 ) ) ;
#1792 = ORIENTED_EDGE ( 'NONE', *, *, #1192, .F. ) ;
#1793 = EDGE_CURVE ( 'NONE', #585, #890, #787, .T. ) ;
#1794 = ORIENTED_EDGE ( 'NONE', *, *, #2226, .F. ) ;
#1795 = AXIS2_PLACEMENT_3D ( 'NONE', #609, #2845, #2061 ) ;
#1796 = AXIS2_PLACEMENT_3D ( 'NONE', #2899, #308, #1047 ) ;
#1797 = EDGE_CURVE ( 'NONE', #4183, #1687, #4437, .T. ) ;
#1798 = VERTEX_POINT ( 'NONE', #1124 ) ;
#1799 = VECTOR ( 'NONE', #3315, 1000.000000000000114 ) ;
#1800 = MECHANICAL_DESIGN_GEOMETRIC_PRESENTATION_REPRESENTATION (  '', ( #2097 ), #3311 ) ;
#1801 = DIRECTION ( 'NONE',  ( 0.000000000000000000, 0.000000000000000000, -1.000000000000000000 ) ) ;
#1802 = PLANE ( 'NONE',  #504 ) ;
#1803 = EDGE_LOOP ( 'NONE', ( #1909, #3504, #4071, #2603 ) ) ;
#1804 = ORIENTED_EDGE ( 'NONE', *, *, #2588, .F. ) ;
#1805 = STYLED_ITEM ( 'NONE', ( #384 ), #2843 ) ;
#1806 = CYLINDRICAL_SURFACE ( 'NONE', #1279, 6.000000000000000888 ) ;
#1807 = DIRECTION ( 'NONE',  ( 1.000000000000000000, -0.000000000000000000, -0.000000000000000000 ) ) ;
#1808 = EDGE_CURVE ( 'NONE', #2285, #1752, #763, .T. ) ;
#1809 = DIRECTION ( 'NONE',  ( 0.000000000000000000, 0.000000000000000000, -1.000000000000000000 ) ) ;
#1810 = CIRCLE ( 'NONE', #3692, 0.2000000000000000944 ) ;
#1811 = LINE ( 'NONE', #4407, #501 ) ;
#1812 = CARTESIAN_POINT ( 'NONE',  ( 0.000000000000000000, 8.091506350946106707, -13.51490010960491261 ) ) ;
#1813 = COLOUR_RGB ( '',0.7960784313725489669, 0.8235294117647058432, 0.9372549019607843146 ) ;
#1814 = CARTESIAN_POINT ( 'NONE',  ( 0.000000000000000000, -15.75000000000000000, 1.050000000000000044 ) ) ;
#1815 = CIRCLE ( 'NONE', #4453, 17.30000000000000071 ) ;
#1816 = PRESENTATION_STYLE_ASSIGNMENT (( #2211 ) ) ;
#1817 = DIRECTION ( 'NONE',  ( -1.000000000000000000, 0.000000000000000000, 0.000000000000000000 ) ) ;
#1818 = VECTOR ( 'NONE', #1296, 1000.000000000000000 ) ;
#1819 = CARTESIAN_POINT ( 'NONE',  ( 51.89999999999999858, 9.300000000000000711, 8.500000000000000000 ) ) ;
#1820 =( GEOMETRIC_REPRESENTATION_CONTEXT ( 3 ) GLOBAL_UNCERTAINTY_ASSIGNED_CONTEXT ( ( #1215 ) ) GLOBAL_UNIT_ASSIGNED_CONTEXT ( ( #554, #3829, #3473 ) ) REPRESENTATION_CONTEXT ( 'NONE', 'WORKASPACE' ) );
#1821 = VERTEX_POINT ( 'NONE', #3700 ) ;
#1822 = AXIS2_PLACEMENT_3D ( 'NONE', #3119, #269, #2816 ) ;
#1823 = DIRECTION ( 'NONE',  ( 0.000000000000000000, 0.000000000000000000, 1.000000000000000000 ) ) ;
#1824 = FACE_OUTER_BOUND ( 'NONE', #3563, .T. ) ;
#1825 = VERTEX_POINT ( 'NONE', #4031 ) ;
#1826 = ORIENTED_EDGE ( 'NONE', *, *, #1970, .T. ) ;
#1827 = VECTOR ( 'NONE', #1550, 1000.000000000000227 ) ;
#1828 = EDGE_CURVE ( 'NONE', #2629, #4472, #2232, .T. ) ;
#1829 = CARTESIAN_POINT ( 'NONE',  ( 6.000000000000000000, -13.42339375865886986, 6.249999999999874767 ) ) ;
#1830 = ADVANCED_FACE ( 'NONE', ( #460 ), #2542, .F. ) ;
#1831 = DIRECTION ( 'NONE',  ( 0.000000000000000000, 0.8660254037844389297, 0.4999999999999995004 ) ) ;
#1832 = VERTEX_POINT ( 'NONE', #1151 ) ;
#1833 = ORIENTED_EDGE ( 'NONE', *, *, #1426, .T. ) ;
#1834 = LINE ( 'NONE', #3552, #4570 ) ;
#1835 = FILL_AREA_STYLE_COLOUR ( '', #3779 ) ;
#1836 = EDGE_CURVE ( 'NONE', #3387, #4676, #948, .T. ) ;
#1837 = CARTESIAN_POINT ( 'NONE',  ( 6.000000000000000000, -13.42339375865886986, 7.749999999999874767 ) ) ;
#1838 = CARTESIAN_POINT ( 'NONE',  ( 0.000000000000000000, 7.000000000000001776, 10.00000000000000000 ) ) ;
#1839 = PRESENTATION_STYLE_ASSIGNMENT (( #2498 ) ) ;
#1840 = FILL_AREA_STYLE_COLOUR ( '', #2347 ) ;
#1841 = DIRECTION ( 'NONE',  ( -1.000000000000000000, -0.000000000000000000, -0.000000000000000000 ) ) ;
#1842 = DIRECTION ( 'NONE',  ( 1.000000000000000000, 0.000000000000000000, 0.000000000000000000 ) ) ;
#1843 = DIRECTION ( 'NONE',  ( -0.000000000000000000, 0.000000000000000000, -1.000000000000000000 ) ) ;
#1844 = ORIENTED_EDGE ( 'NONE', *, *, #1396, .F. ) ;
#1845 = CARTESIAN_POINT ( 'NONE',  ( 51.89999999999999858, 9.300000000000000711, 13.50814569065643234 ) ) ;
#1846 = DIRECTION ( 'NONE',  ( -0.000000000000000000, -1.000000000000000000, -0.000000000000000000 ) ) ;
#1847 = FACE_OUTER_BOUND ( 'NONE', #2738, .T. ) ;
#1848 = EDGE_LOOP ( 'NONE', ( #2772, #783, #202, #3615 ) ) ;
#1849 = ORIENTED_EDGE ( 'NONE', *, *, #3304, .T. ) ;
#1850 = DIRECTION ( 'NONE',  ( -1.000000000000000000, -0.000000000000000000, -0.000000000000000000 ) ) ;
#1851 = CARTESIAN_POINT ( 'NONE',  ( 2.000000000000000000, 7.441506350946108128, -12.38906708468514140 ) ) ;
#1852 = VERTEX_POINT ( 'NONE', #2622 ) ;
#1853 = EDGE_LOOP ( 'NONE', ( #1705, #903 ) ) ;
#1854 = SURFACE_SIDE_STYLE ('',( #2282 ) ) ;
#1855 = SURFACE_STYLE_FILL_AREA ( #1433 ) ;
#1856 = ORIENTED_EDGE ( 'NONE', *, *, #2987, .F. ) ;
#1857 = FACE_OUTER_BOUND ( 'NONE', #2173, .T. ) ;
#1858 = ADVANCED_FACE ( 'NONE', ( #407 ), #2160, .T. ) ;
#1859 = FACE_OUTER_BOUND ( 'NONE', #3753, .T. ) ;
#1860 = FILL_AREA_STYLE ('',( #3276 ) ) ;
#1861 = DIRECTION ( 'NONE',  ( 0.000000000000000000, 0.000000000000000000, 1.000000000000000000 ) ) ;
#1862 = ORIENTED_EDGE ( 'NONE', *, *, #3846, .T. ) ;
#1863 = CARTESIAN_POINT ( 'NONE',  ( 51.89999999999999858, 0.000000000000000000, 0.000000000000000000 ) ) ;
#1864 = PRESENTATION_STYLE_ASSIGNMENT (( #1727 ) ) ;
#1865 = FACE_OUTER_BOUND ( 'NONE', #552, .T. ) ;
#1866 = DIRECTION ( 'NONE',  ( -0.000000000000000000, -1.000000000000000000, -0.000000000000000000 ) ) ;
#1867 = AXIS2_PLACEMENT_3D ( 'NONE', #1018, #2830, #2085 ) ;
#1868 = VERTEX_POINT ( 'NONE', #1095 ) ;
#1869 = ORIENTED_EDGE ( 'NONE', *, *, #2321, .T. ) ;
#1870 = MECHANICAL_DESIGN_GEOMETRIC_PRESENTATION_REPRESENTATION (  '', ( #1260 ), #3755 ) ;
#1871 = AXIS2_PLACEMENT_3D ( 'NONE', #3675, #2651, #4482 ) ;
#1872 = DIRECTION ( 'NONE',  ( 0.000000000000000000, 0.000000000000000000, 1.000000000000000000 ) ) ;
#1873 = CIRCLE ( 'NONE', #1795, 2.000000000000000000 ) ;
#1874 = FACE_OUTER_BOUND ( 'NONE', #3678, .T. ) ;
#1875 = EDGE_LOOP ( 'NONE', ( #3522, #2986, #955, #2771 ) ) ;
#1876 = AXIS2_PLACEMENT_3D ( 'NONE', #4102, #3803, #3125 ) ;
#1877 = ORIENTED_EDGE ( 'NONE', *, *, #4087, .F. ) ;
#1878 = CARTESIAN_POINT ( 'NONE',  ( 0.5000000000000000000, 7.000000000000001776, 0.000000000000000000 ) ) ;
#1879 = AXIS2_PLACEMENT_3D ( 'NONE', #4614, #4291, #3227 ) ;
#1880 = AXIS2_PLACEMENT_3D ( 'NONE', #3510, #3914, #270 ) ;
#1881 = PRESENTATION_STYLE_ASSIGNMENT (( #2968 ) ) ;
#1882 = UNCERTAINTY_MEASURE_WITH_UNIT (LENGTH_MEASURE( 1.000000000000000082E-05 ), #811, 'distance_accuracy_value', 'NONE');
#1883 =( NAMED_UNIT ( * ) PLANE_ANGLE_UNIT ( ) SI_UNIT ( $, .RADIAN. ) );
#1884 = ORIENTED_EDGE ( 'NONE', *, *, #490, .F. ) ;
#1885 = VECTOR ( 'NONE', #2068, 1000.000000000000000 ) ;
#1886 = CARTESIAN_POINT ( 'NONE',  ( 2.000000000000000000, -16.74038207405221002, 0.2500000000000004996 ) ) ;
#1887 = CARTESIAN_POINT ( 'NONE',  ( 0.000000000000000000, -15.25000000000000000, -1.050000000000000044 ) ) ;
#1888 = AXIS2_PLACEMENT_3D ( 'NONE', #2306, #121, #1549 ) ;
#1889 = EDGE_CURVE ( 'NONE', #4553, #1217, #3979, .T. ) ;
#1890 = CARTESIAN_POINT ( 'NONE',  ( 6.000000000000000000, 13.42339375865881657, -9.249999999999969802 ) ) ;
#1891 = ADVANCED_FACE ( 'NONE', ( #810 ), #382, .T. ) ;
#1892 = ORIENTED_EDGE ( 'NONE', *, *, #3294, .F. ) ;
#1893 = AXIS2_PLACEMENT_3D ( 'NONE', #3180, #3949, #656 ) ;
#1894 = FILL_AREA_STYLE ('',( #1177 ) ) ;
#1895 = DIRECTION ( 'NONE',  ( -1.000000000000000000, 0.000000000000000000, 0.000000000000000000 ) ) ;
#1896 = DIRECTION ( 'NONE',  ( 0.000000000000000000, 0.000000000000000000, 1.000000000000000000 ) ) ;
#1897 = EDGE_LOOP ( 'NONE', ( #800, #2229, #320, #4137 ) ) ;
#1898 = ORIENTED_EDGE ( 'NONE', *, *, #1760, .F. ) ;
#1899 = AXIS2_PLACEMENT_3D ( 'NONE', #1651, #599, #4132 ) ;
#1900 = TOROIDAL_SURFACE ( 'NONE', #3703, 17.30000000000000071, 1.000000000000000000 ) ;
#1901 = VECTOR ( 'NONE', #2132, 1000.000000000000000 ) ;
#1902 =( GEOMETRIC_REPRESENTATION_CONTEXT ( 3 ) GLOBAL_UNCERTAINTY_ASSIGNED_CONTEXT ( ( #772 ) ) GLOBAL_UNIT_ASSIGNED_CONTEXT ( ( #3185, #3396, #1572 ) ) REPRESENTATION_CONTEXT ( 'NONE', 'WORKASPACE' ) );
#1903 = CARTESIAN_POINT ( 'NONE',  ( 0.000000000000000000, 7.750000000000006217, 14.72339375865879418 ) ) ;
#1904 = VERTEX_POINT ( 'NONE', #563 ) ;
#1905 = ORIENTED_EDGE ( 'NONE', *, *, #4130, .T. ) ;
#1906 = SURFACE_STYLE_USAGE ( .BOTH. , #1854 ) ;
#1907 = CARTESIAN_POINT ( 'NONE',  ( 0.000000000000000000, 0.000000000000000000, 0.000000000000000000 ) ) ;
#1908 = CARTESIAN_POINT ( 'NONE',  ( -19.80000000000000071, 4.500000000000000888, 1.658312395177700349 ) ) ;
#1909 = ORIENTED_EDGE ( 'NONE', *, *, #2177, .T. ) ;
#1910 = LINE ( 'NONE', #4078, #3397 ) ;
#1911 = LINE ( 'NONE', #4390, #4234 ) ;
#1912 = DIRECTION ( 'NONE',  ( -0.000000000000000000, -0.000000000000000000, -1.000000000000000000 ) ) ;
#1913 = CARTESIAN_POINT ( 'NONE',  ( 0.000000000000000000, -15.75000000000000000, -1.050000000000000044 ) ) ;
#1914 = VERTEX_POINT ( 'NONE', #3373 ) ;
#1915 = EDGE_CURVE ( 'NONE', #3874, #2953, #3462, .T. ) ;
#1916 = CARTESIAN_POINT ( 'NONE',  ( 2.000000000000000000, 8.784326673973666288, 13.11490010960490515 ) ) ;
#1917 = FACE_OUTER_BOUND ( 'NONE', #2660, .T. ) ;
#1918 = VERTEX_POINT ( 'NONE', #1672 ) ;
#1919 = FACE_OUTER_BOUND ( 'NONE', #3850, .T. ) ;
#1920 = EDGE_CURVE ( 'NONE', #2126, #933, #3116, .T. ) ;
#1921 = FACE_OUTER_BOUND ( 'NONE', #4237, .T. ) ;
#1922 =( LENGTH_UNIT ( ) NAMED_UNIT ( * ) SI_UNIT ( .MILLI., .METRE. ) );
#1923 = EDGE_LOOP ( 'NONE', ( #1410, #3472, #209, #427 ) ) ;
#1924 = ORIENTED_EDGE ( 'NONE', *, *, #429, .T. ) ;
#1925 = PRODUCT_CONTEXT ( 'NONE', #4622, 'mechanical' ) ;
#1926 = FILL_AREA_STYLE_COLOUR ( '', #3474 ) ;
#1927 = CARTESIAN_POINT ( 'NONE',  ( 0.000000000000000000, 0.000000000000000000, 12.30000000000000071 ) ) ;
#1928 = ORIENTED_EDGE ( 'NONE', *, *, #816, .T. ) ;
#1929 = FACE_OUTER_BOUND ( 'NONE', #4640, .T. ) ;
#1930 = CARTESIAN_POINT ( 'NONE',  ( 20.49999999999999645, 0.000000000000000000, -17.30000000000000071 ) ) ;
#1931 =( NAMED_UNIT ( * ) SI_UNIT ( $, .STERADIAN. ) SOLID_ANGLE_UNIT ( ) );
#1932 = DIRECTION ( 'NONE',  ( 0.000000000000000000, 1.000000000000000000, -2.736828040640475774E-16 ) ) ;
#1933 = EDGE_CURVE ( 'NONE', #4202, #2483, #2692, .T. ) ;
#1934 = CARTESIAN_POINT ( 'NONE',  ( 6.000000000000000000, 13.42339375865876505, 6.250000000000063061 ) ) ;
#1935 = ORIENTED_EDGE ( 'NONE', *, *, #3031, .T. ) ;
#1936 = CARTESIAN_POINT ( 'NONE',  ( 0.000000000000000000, 8.153684686079991195, -14.62259614518684714 ) ) ;
#1937 = VECTOR ( 'NONE', #1991, 1000.000000000000000 ) ;
#1938 =( LENGTH_UNIT ( ) NAMED_UNIT ( * ) SI_UNIT ( .MILLI., .METRE. ) );
#1939 = ADVANCED_FACE ( 'NONE', ( #2333 ), #3398, .F. ) ;
#1940 = LINE ( 'NONE', #3385, #51 ) ;
#1941 = ORIENTED_EDGE ( 'NONE', *, *, #1889, .F. ) ;
#1942 = ADVANCED_FACE ( 'NONE', ( #3722 ), #1956, .F. ) ;
#1943 = ORIENTED_EDGE ( 'NONE', *, *, #482, .F. ) ;
#1944 = FILL_AREA_STYLE ('',( #1684 ) ) ;
#1945 = SURFACE_SIDE_STYLE ('',( #2251 ) ) ;
#1946 = PRESENTATION_LAYER_ASSIGNMENT (  '', '', ( #3905 ) ) ;
#1947 = CIRCLE ( 'NONE', #4575, 6.000000000000000888 ) ;
#1948 =( NAMED_UNIT ( * ) SI_UNIT ( $, .STERADIAN. ) SOLID_ANGLE_UNIT ( ) );
#1949 = EDGE_LOOP ( 'NONE', ( #3043, #3983, #2072, #4298 ) ) ;
#1950 = VECTOR ( 'NONE', #1014, 1000.000000000000000 ) ;
#1951 = AXIS2_PLACEMENT_3D ( 'NONE', #247, #4565, #3158 ) ;
#1952 = DIRECTION ( 'NONE',  ( -0.000000000000000000, -0.5000000000000000000, -0.8660254037844385966 ) ) ;
#1953 = EDGE_CURVE ( 'NONE', #2395, #3759, #3437, .T. ) ;
#1954 = PLANE ( 'NONE',  #3335 ) ;
#1955 = VECTOR ( 'NONE', #2798, 1000.000000000000000 ) ;
#1956 = PLANE ( 'NONE',  #4055 ) ;
#1957 = LINE ( 'NONE', #4217, #4057 ) ;
#1958 = AXIS2_PLACEMENT_3D ( 'NONE', #2659, #4091, #2197 ) ;
#1959 = VECTOR ( 'NONE', #3508, 1000.000000000000227 ) ;
#1960 = DIRECTION ( 'NONE',  ( 0.000000000000000000, 0.000000000000000000, 1.000000000000000000 ) ) ;
#1961 = LINE ( 'NONE', #888, #1115 ) ;
#1962 = MECHANICAL_DESIGN_GEOMETRIC_PRESENTATION_REPRESENTATION (  '', ( #3321 ), #3999 ) ;
#1963 = VERTEX_POINT ( 'NONE', #4462 ) ;
#1964 = DIRECTION ( 'NONE',  ( -1.000000000000000000, -0.000000000000000000, -0.000000000000000000 ) ) ;
#1965 = UNCERTAINTY_MEASURE_WITH_UNIT (LENGTH_MEASURE( 1.000000000000000082E-05 ), #1362, 'distance_accuracy_value', 'NONE');
#1966 = CARTESIAN_POINT ( 'NONE',  ( 0.000000000000000000, 0.000000000000000000, 17.00000000000000000 ) ) ;
#1967 = VERTEX_POINT ( 'NONE', #908 ) ;
#1968 = ORIENTED_EDGE ( 'NONE', *, *, #2080, .T. ) ;
#1969 = EDGE_CURVE ( 'NONE', #2011, #598, #2355, .T. ) ;
#1970 = EDGE_CURVE ( 'NONE', #2505, #2982, #1601, .T. ) ;
#1971 = VECTOR ( 'NONE', #2112, 1000.000000000000227 ) ;
#1972 = STYLED_ITEM ( 'NONE', ( #2069 ), #4083 ) ;
#1973 = PLANE ( 'NONE',  #2149 ) ;
#1974 =( NAMED_UNIT ( * ) SI_UNIT ( $, .STERADIAN. ) SOLID_ANGLE_UNIT ( ) );
#1975 = EDGE_LOOP ( 'NONE', ( #1352, #2246, #3035, #3288, #374, #1523 ) ) ;
#1976 = DIRECTION ( 'NONE',  ( -1.000000000000000000, 0.000000000000000000, 0.000000000000000000 ) ) ;
#1977 = DIRECTION ( 'NONE',  ( -1.000000000000000000, 0.000000000000000000, 0.000000000000000000 ) ) ;
#1978 = EDGE_CURVE ( 'NONE', #3261, #1380, #951, .T. ) ;
#1979 = FACE_OUTER_BOUND ( 'NONE', #1307, .T. ) ;
#1980 =( LENGTH_UNIT ( ) NAMED_UNIT ( * ) SI_UNIT ( .MILLI., .METRE. ) );
#1981 = CARTESIAN_POINT ( 'NONE',  ( 51.10000000000000142, 7.950000000000000178, 10.90000000000000391 ) ) ;
#1982 = DIRECTION ( 'NONE',  ( 1.000000000000000000, -0.000000000000000000, -0.000000000000000000 ) ) ;
#1983 = FACE_OUTER_BOUND ( 'NONE', #3490, .T. ) ;
#1984 = LINE ( 'NONE', #228, #2791 ) ;
#1985 = ORIENTED_EDGE ( 'NONE', *, *, #2870, .F. ) ;
#1986 = DIRECTION ( 'NONE',  ( 0.000000000000000000, 0.000000000000000000, 1.000000000000000000 ) ) ;
#1987 = FILL_AREA_STYLE ('',( #532 ) ) ;
#1988 = VERTEX_POINT ( 'NONE', #3743 ) ;
#1989 = VERTEX_POINT ( 'NONE', #498 ) ;
#1990 = SURFACE_STYLE_USAGE ( .BOTH. , #3081 ) ;
#1991 = DIRECTION ( 'NONE',  ( 1.000000000000000000, -0.000000000000000000, -0.000000000000000000 ) ) ;
#1992 = PLANE ( 'NONE',  #4133 ) ;
#1993 = ORIENTED_EDGE ( 'NONE', *, *, #2264, .T. ) ;
#1994 = DIRECTION ( 'NONE',  ( 1.000000000000000000, -0.000000000000000000, 0.000000000000000000 ) ) ;
#1995 = DIRECTION ( 'NONE',  ( 0.000000000000000000, -0.7754410774757267699, 0.6314199358297803988 ) ) ;
#1996 = PRESENTATION_STYLE_ASSIGNMENT (( #2067 ) ) ;
#1997 = EDGE_CURVE ( 'NONE', #995, #3145, #1244, .T. ) ;
#1998 = EDGE_CURVE ( 'NONE', #3855, #1918, #3770, .T. ) ;
#1999 = CARTESIAN_POINT ( 'NONE',  ( 0.000000000000000000, 8.534326673973666288, 12.68188740771268641 ) ) ;
#2000 = DIRECTION ( 'NONE',  ( 0.000000000000000000, 0.8660254037844433705, -0.4999999999999920064 ) ) ;
#2001 = FILL_AREA_STYLE_COLOUR ( '', #3215 ) ;
#2002 = ORIENTED_EDGE ( 'NONE', *, *, #3494, .F. ) ;
#2003 = DIRECTION ( 'NONE',  ( 0.000000000000000000, 0.000000000000000000, -1.000000000000000000 ) ) ;
#2004 = ORIENTED_EDGE ( 'NONE', *, *, #3785, .T. ) ;
#2005 = EDGE_LOOP ( 'NONE', ( #1016, #4070, #2820, #2888 ) ) ;
#2006 = EDGE_LOOP ( 'NONE', ( #1299, #777, #3788, #4279 ) ) ;
#2007 = CARTESIAN_POINT ( 'NONE',  ( 0.000000000000000000, 8.534326673973666288, 12.68188740771268641 ) ) ;
#2008 = CARTESIAN_POINT ( 'NONE',  ( 2.000000000000000000, -15.75000000000000000, -0.2500000000000002220 ) ) ;
#2009 = STYLED_ITEM ( 'NONE', ( #918 ), #866 ) ;
#2010 = FACE_OUTER_BOUND ( 'NONE', #2613, .T. ) ;
#2011 = VERTEX_POINT ( 'NONE', #1640 ) ;
#2012 = ADVANCED_FACE ( 'NONE', ( #1979 ), #3066, .T. ) ;
#2013 = VECTOR ( 'NONE', #3810, 1000.000000000000000 ) ;
#2014 = ORIENTED_EDGE ( 'NONE', *, *, #401, .F. ) ;
#2015 = DIRECTION ( 'NONE',  ( 0.000000000000000000, 0.000000000000000000, 1.000000000000000000 ) ) ;
#2016 = VECTOR ( 'NONE', #3793, 1000.000000000000000 ) ;
#2017 = MECHANICAL_DESIGN_GEOMETRIC_PRESENTATION_REPRESENTATION (  '', ( #3975 ), #3752 ) ;
#2018 = SURFACE_STYLE_USAGE ( .BOTH. , #245 ) ;
#2019 = AXIS2_PLACEMENT_3D ( 'NONE', #2992, #1568, #4142 ) ;
#2020 = VECTOR ( 'NONE', #1866, 1000.000000000000000 ) ;
#2021 = PRESENTATION_STYLE_ASSIGNMENT (( #4499 ) ) ;
#2022 = CARTESIAN_POINT ( 'NONE',  ( 0.000000000000000000, -13.42339375865886986, 7.749999999999874767 ) ) ;
#2023 = EDGE_CURVE ( 'NONE', #3539, #4477, #588, .T. ) ;
#2024 = MECHANICAL_DESIGN_GEOMETRIC_PRESENTATION_REPRESENTATION (  '', ( #1573 ), #212 ) ;
#2025 = VECTOR ( 'NONE', #3674, 1000.000000000000000 ) ;
#2026 = ADVANCED_FACE ( 'NONE', ( #1693 ), #1385, .F. ) ;
#2027 = DIRECTION ( 'NONE',  ( -0.000000000000000000, -1.000000000000000000, -0.000000000000000000 ) ) ;
#2028 = ORIENTED_EDGE ( 'NONE', *, *, #1093, .T. ) ;
#2029 = SURFACE_STYLE_USAGE ( .BOTH. , #179 ) ;
#2030 = VECTOR ( 'NONE', #2975, 1000.000000000000227 ) ;
#2031 = EDGE_CURVE ( 'NONE', #1725, #4202, #1778, .T. ) ;
#2032 = COLOUR_RGB ( '',0.7960784313725489669, 0.8235294117647058432, 0.9372549019607843146 ) ;
#2033 = SURFACE_SIDE_STYLE ('',( #369 ) ) ;
#2034 = ORIENTED_EDGE ( 'NONE', *, *, #84, .F. ) ;
#2035 = ORIENTED_EDGE ( 'NONE', *, *, #1953, .F. ) ;
#2036 = CIRCLE ( 'NONE', #973, 1.500000000000001332 ) ;
#2037 = SURFACE_STYLE_FILL_AREA ( #1944 ) ;
#2038 = CARTESIAN_POINT ( 'NONE',  ( 51.89999999999999858, 8.750000000000000000, 15.70000000000000284 ) ) ;
#2039 = PRESENTATION_LAYER_ASSIGNMENT (  '', '', ( #827 ) ) ;
#2040 = CARTESIAN_POINT ( 'NONE',  ( 0.000000000000000000, 7.658493649053887076, -13.76490010960491261 ) ) ;
#2041 = ORIENTED_EDGE ( 'NONE', *, *, #2464, .F. ) ;
#2042 = EDGE_LOOP ( 'NONE', ( #4624, #512, #4093, #300, #2452, #3004, #3166, #2981 ) ) ;
#2043 = VECTOR ( 'NONE', #3942, 1000.000000000000000 ) ;
#2044 = DIRECTION ( 'NONE',  ( -1.000000000000000000, -0.000000000000000000, -0.000000000000000000 ) ) ;
#2045 = DIRECTION ( 'NONE',  ( 0.000000000000000000, 0.000000000000000000, 1.000000000000000000 ) ) ;
#2046 = DIRECTION ( 'NONE',  ( 0.000000000000000000, 0.000000000000000000, 1.000000000000000000 ) ) ;
#2047 = VECTOR ( 'NONE', #2354, 1000.000000000000000 ) ;
#2048 = SURFACE_SIDE_STYLE ('',( #4566 ) ) ;
#2049 = DIRECTION ( 'NONE',  ( 0.000000000000000000, 0.000000000000000000, -1.000000000000000000 ) ) ;
#2050 =( NAMED_UNIT ( * ) SI_UNIT ( $, .STERADIAN. ) SOLID_ANGLE_UNIT ( ) );
#2051 = SURFACE_STYLE_USAGE ( .BOTH. , #471 ) ;
#2052 = VERTEX_POINT ( 'NONE', #1755 ) ;
#2053 = DIRECTION ( 'NONE',  ( 0.000000000000000000, 0.000000000000000000, -1.000000000000000000 ) ) ;
#2054 = CARTESIAN_POINT ( 'NONE',  ( 0.2000000000000000111, 7.749999999999998224, -14.72339375865880129 ) ) ;
#2055 = ORIENTED_EDGE ( 'NONE', *, *, #2058, .F. ) ;
#2056 = ADVANCED_FACE ( 'NONE', ( #1310 ), #1046, .T. ) ;
#2057 = EDGE_LOOP ( 'NONE', ( #298, #1667, #1856, #235 ) ) ;
#2058 = EDGE_CURVE ( 'NONE', #4403, #3714, #614, .T. ) ;
#2059 = DIRECTION ( 'NONE',  ( 1.000000000000000000, -0.000000000000000000, -0.000000000000000000 ) ) ;
#2060 = DIRECTION ( 'NONE',  ( 0.000000000000000000, -1.000000000000000000, 0.000000000000000000 ) ) ;
#2061 = DIRECTION ( 'NONE',  ( 0.000000000000000000, 0.000000000000000000, -1.000000000000000000 ) ) ;
#2062 = ORIENTED_EDGE ( 'NONE', *, *, #2821, .T. ) ;
#2063 = ORIENTED_EDGE ( 'NONE', *, *, #2841, .T. ) ;
#2064 = DIRECTION ( 'NONE',  ( -1.000000000000000000, 0.000000000000000000, 0.000000000000000000 ) ) ;
#2065 = DIRECTION ( 'NONE',  ( -0.000000000000000000, -0.000000000000000000, 1.000000000000000000 ) ) ;
#2066 = DIRECTION ( 'NONE',  ( -1.000000000000000000, 0.000000000000000000, 0.000000000000000000 ) ) ;
#2067 = SURFACE_STYLE_USAGE ( .BOTH. , #547 ) ;
#2068 = DIRECTION ( 'NONE',  ( -0.000000000000000000, 1.000000000000000000, -2.736828040640475774E-16 ) ) ;
#2069 = PRESENTATION_STYLE_ASSIGNMENT (( #4173 ) ) ;
#2070 = CARTESIAN_POINT ( 'NONE',  ( 0.000000000000000000, 6.715673326026336376, -13.73188740771269245 ) ) ;
#2071 = SURFACE_STYLE_USAGE ( .BOTH. , #1053 ) ;
#2072 = ORIENTED_EDGE ( 'NONE', *, *, #441, .T. ) ;
#2073 = SURFACE_STYLE_FILL_AREA ( #985 ) ;
#2074 = ADVANCED_FACE ( 'NONE', ( #2852 ), #2401, .F. ) ;
#2075 = DIRECTION ( 'NONE',  ( -1.000000000000000000, -0.000000000000000000, 0.000000000000000000 ) ) ;
#2076 = ORIENTED_EDGE ( 'NONE', *, *, #236, .T. ) ;
#2077 = ORIENTED_EDGE ( 'NONE', *, *, #3162, .T. ) ;
#2078 = EDGE_CURVE ( 'NONE', #1868, #3622, #3599, .T. ) ;
#2079 = CARTESIAN_POINT ( 'NONE',  ( 47.70000000000000284, -7.949999999999998401, 15.70000000000000284 ) ) ;
#2080 = EDGE_CURVE ( 'NONE', #1613, #3480, #4564, .T. ) ;
#2081 = DIRECTION ( 'NONE',  ( -1.000000000000000000, 0.000000000000000000, 0.000000000000000000 ) ) ;
#2082 = ORIENTED_EDGE ( 'NONE', *, *, #1680, .F. ) ;
#2083 = EDGE_LOOP ( 'NONE', ( #3834, #4550, #2686, #410 ) ) ;
#2084 = FACE_OUTER_BOUND ( 'NONE', #105, .T. ) ;
#2085 = DIRECTION ( 'NONE',  ( 0.000000000000000000, 0.000000000000000000, 1.000000000000000000 ) ) ;
#2086 = VECTOR ( 'NONE', #1776, 1000.000000000000000 ) ;
#2087 = SURFACE_STYLE_USAGE ( .BOTH. , #3951 ) ;
#2088 = LINE ( 'NONE', #3528, #4441 ) ;
#2089 = VECTOR ( 'NONE', #4216, 1000.000000000000000 ) ;
#2090 = MECHANICAL_DESIGN_GEOMETRIC_PRESENTATION_REPRESENTATION (  '', ( #3600 ), #1340 ) ;
#2091 = DIRECTION ( 'NONE',  ( 0.000000000000000000, 0.000000000000000000, 1.000000000000000000 ) ) ;
#2092 =( LENGTH_UNIT ( ) NAMED_UNIT ( * ) SI_UNIT ( .MILLI., .METRE. ) );
#2093 = DIRECTION ( 'NONE',  ( 0.000000000000000000, 0.8660254037844385966, 0.5000000000000000000 ) ) ;
#2094 = ORIENTED_EDGE ( 'NONE', *, *, #1301, .T. ) ;
#2095 = PRESENTATION_STYLE_ASSIGNMENT (( #1720 ) ) ;
#2096 = VECTOR ( 'NONE', #452, 1000.000000000000114 ) ;
#2097 = STYLED_ITEM ( 'NONE', ( #4264 ), #1738 ) ;
#2098 = CARTESIAN_POINT ( 'NONE',  ( 46.10000000000000142, 8.750000000000000000, 8.500000000000001776 ) ) ;
#2099 = AXIS2_PLACEMENT_3D ( 'NONE', #3873, #2075, #4124 ) ;
#2100 = ORIENTED_EDGE ( 'NONE', *, *, #1759, .T. ) ;
#2101 = ORIENTED_EDGE ( 'NONE', *, *, #258, .T. ) ;
#2102 = DIRECTION ( 'NONE',  ( -1.000000000000000000, 0.000000000000000000, 0.000000000000000000 ) ) ;
#2103 = VECTOR ( 'NONE', #2540, 1000.000000000000000 ) ;
#2104 = CARTESIAN_POINT ( 'NONE',  ( 0.000000000000000000, 7.008493649053896490, 12.63906708468513784 ) ) ;
#2105 = ORIENTED_EDGE ( 'NONE', *, *, #4508, .F. ) ;
#2106 = ORIENTED_EDGE ( 'NONE', *, *, #2226, .T. ) ;
#2107 = AXIS2_PLACEMENT_3D ( 'NONE', #4521, #2396, #3048 ) ;
#2108 = EDGE_CURVE ( 'NONE', #2463, #3548, #4569, .T. ) ;
#2109 = FILL_AREA_STYLE ('',( #1086 ) ) ;
#2110 = DIRECTION ( 'NONE',  ( 0.000000000000000000, 0.000000000000000000, -1.000000000000000000 ) ) ;
#2111 = STYLED_ITEM ( 'NONE', ( #899 ), #3757 ) ;
#2112 = DIRECTION ( 'NONE',  ( -0.000000000000000000, -0.8660254037844390407, -0.4999999999999992228 ) ) ;
#2113 = SURFACE_STYLE_FILL_AREA ( #3484 ) ;
#2114 = LINE ( 'NONE', #4006, #1034 ) ;
#2115 = PRESENTATION_LAYER_ASSIGNMENT (  '', '', ( #4527 ) ) ;
#2116 = SURFACE_STYLE_FILL_AREA ( #5 ) ;
#2117 = ADVANCED_FACE ( 'NONE', ( #266 ), #1710, .F. ) ;
#2118 = CIRCLE ( 'NONE', #1517, 1.500000000000001332 ) ;
#2119 =( GEOMETRIC_REPRESENTATION_CONTEXT ( 3 ) GLOBAL_UNCERTAINTY_ASSIGNED_CONTEXT ( ( #2244 ) ) GLOBAL_UNIT_ASSIGNED_CONTEXT ( ( #1073, #3222, #1389 ) ) REPRESENTATION_CONTEXT ( 'NONE', 'WORKASPACE' ) );
#2120 = LINE ( 'NONE', #2070, #509 ) ;
#2121 = CARTESIAN_POINT ( 'NONE',  ( 21.50000000000000000, 0.000000000000000000, 0.000000000000000000 ) ) ;
#2122 = ORIENTED_EDGE ( 'NONE', *, *, #2550, .F. ) ;
#2123 = FACE_BOUND ( 'NONE', #314, .T. ) ;
#2124 = CARTESIAN_POINT ( 'NONE',  ( 6.000000000000000000, 13.42339375865881657, -7.749999999999968914 ) ) ;
#2125 = VERTEX_POINT ( 'NONE', #455 ) ;
#2126 = VERTEX_POINT ( 'NONE', #73 ) ;
#2127 = LINE ( 'NONE', #1356, #3821 ) ;
#2128 =( LENGTH_UNIT ( ) NAMED_UNIT ( * ) SI_UNIT ( .MILLI., .METRE. ) );
#2129 = EDGE_LOOP ( 'NONE', ( #3916, #4201, #4076, #3591 ) ) ;
#2130 = ORIENTED_EDGE ( 'NONE', *, *, #1765, .F. ) ;
#2131 = CARTESIAN_POINT ( 'NONE',  ( 0.2000000000000000111, 7.749999999999998224, -12.12339375865879987 ) ) ;
#2132 = DIRECTION ( 'NONE',  ( -1.000000000000000000, -0.000000000000000000, -0.000000000000000000 ) ) ;
#2133 = CARTESIAN_POINT ( 'NONE',  ( 0.000000000000000000, 7.749999999999999112, -11.42339375865880058 ) ) ;
#2134 = DIRECTION ( 'NONE',  ( 1.000000000000000000, -0.000000000000000000, -0.000000000000000000 ) ) ;
#2135 = EDGE_CURVE ( 'NONE', #1687, #3358, #1811, .T. ) ;
#2136 = TOROIDAL_SURFACE ( 'NONE', #4325, 17.30000000000000071, 1.000000000000000000 ) ;
#2137 = FILL_AREA_STYLE_COLOUR ( '', #3089 ) ;
#2138 = FACE_OUTER_BOUND ( 'NONE', #3211, .T. ) ;
#2139 = EDGE_CURVE ( 'NONE', #3393, #1380, #4311, .T. ) ;
#2140 =( LENGTH_UNIT ( ) NAMED_UNIT ( * ) SI_UNIT ( .MILLI., .METRE. ) );
#2141 = EDGE_LOOP ( 'NONE', ( #2440, #2846 ) ) ;
#2142 = FILL_AREA_STYLE_COLOUR ( '', #2882 ) ;
#2143 = SURFACE_STYLE_USAGE ( .BOTH. , #672 ) ;
#2144 = ORIENTED_EDGE ( 'NONE', *, *, #1920, .T. ) ;
#2145 = VERTEX_POINT ( 'NONE', #1147 ) ;
#2146 = ADVANCED_FACE ( 'NONE', ( #4655 ), #3155, .T. ) ;
#2147 = AXIS2_PLACEMENT_3D ( 'NONE', #608, #166, #1631 ) ;
#2148 = PRESENTATION_STYLE_ASSIGNMENT (( #700 ) ) ;
#2149 = AXIS2_PLACEMENT_3D ( 'NONE', #1593, #4180, #3060 ) ;
#2150 = DIRECTION ( 'NONE',  ( -1.000000000000000000, -0.000000000000000000, -0.000000000000000000 ) ) ;
#2151 = ORIENTED_EDGE ( 'NONE', *, *, #310, .T. ) ;
#2152 = EDGE_CURVE ( 'NONE', #1967, #2365, #2245, .T. ) ;
#2153 = VERTEX_POINT ( 'NONE', #2880 ) ;
#2154 = DIRECTION ( 'NONE',  ( 0.000000000000000000, 0.000000000000000000, -1.000000000000000000 ) ) ;
#2155 = CARTESIAN_POINT ( 'NONE',  ( 46.10000000000000142, 8.750000000000000000, 15.70000000000000284 ) ) ;
#2156 = CARTESIAN_POINT ( 'NONE',  ( 44.50000000000000000, 0.000000000000000000, 0.000000000000000000 ) ) ;
#2157 = CARTESIAN_POINT ( 'NONE',  ( -6.000000000000000000, 7.000000000000000000, 3.000000000000000000 ) ) ;
#2158 = VECTOR ( 'NONE', #2753, 1000.000000000000000 ) ;
#2159 = DIRECTION ( 'NONE',  ( -1.000000000000000000, 0.000000000000000000, 0.000000000000000000 ) ) ;
#2160 = CYLINDRICAL_SURFACE ( 'NONE', #1028, 1.499999999999996225 ) ;
#2161 = CARTESIAN_POINT ( 'NONE',  ( 0.000000000000000000, 7.750000000000006217, 13.42339375865879703 ) ) ;
#2162 = DIRECTION ( 'NONE',  ( 0.000000000000000000, 0.000000000000000000, 1.000000000000000000 ) ) ;
#2163 = AXIS2_PLACEMENT_3D ( 'NONE', #3841, #2784, #2046 ) ;
#2164 = EDGE_CURVE ( 'NONE', #1055, #16, #403, .T. ) ;
#2165 = ORIENTED_EDGE ( 'NONE', *, *, #2, .T. ) ;
#2166 = CIRCLE ( 'NONE', #2850, 0.2000000000000005107 ) ;
#2167 = CARTESIAN_POINT ( 'NONE',  ( 0.000000000000000000, -15.25000000000000000, 0.2500000000000002220 ) ) ;
#2168 = EDGE_CURVE ( 'NONE', #2126, #1798, #3695, .T. ) ;
#2169 = ADVANCED_FACE ( 'NONE', ( #4005, #4328 ), #3952, .F. ) ;
#2170 = AXIS2_PLACEMENT_3D ( 'NONE', #3478, #3519, #2462 ) ;
#2171 = COLOUR_RGB ( '',1.000000000000000000, 1.000000000000000000, 1.000000000000000000 ) ;
#2172 = CARTESIAN_POINT ( 'NONE',  ( -6.000000000000000000, 7.000000000000000000, 0.000000000000000000 ) ) ;
#2173 = EDGE_LOOP ( 'NONE', ( #3998, #703, #3650, #2859 ) ) ;
#2174 = ORIENTED_EDGE ( 'NONE', *, *, #1828, .T. ) ;
#2175 = VECTOR ( 'NONE', #726, 1000.000000000000227 ) ;
#2176 = AXIS2_PLACEMENT_3D ( 'NONE', #2497, #3598, #2312 ) ;
#2177 = EDGE_CURVE ( 'NONE', #1084, #1137, #3272, .T. ) ;
#2178 = VECTOR ( 'NONE', #1649, 1000.000000000000000 ) ;
#2179 = CARTESIAN_POINT ( 'NONE',  ( 2.000000000000000000, 8.058493649053897201, 14.45772043263245621 ) ) ;
#2180 = ORIENTED_EDGE ( 'NONE', *, *, #2374, .T. ) ;
#2181 = ORIENTED_EDGE ( 'NONE', *, *, #143, .F. ) ;
#2182 = CARTESIAN_POINT ( 'NONE',  ( 51.89999999999999858, -9.300000000000000711, 13.50814569065643234 ) ) ;
#2183 = CARTESIAN_POINT ( 'NONE',  ( 51.89999999999999858, 8.750000000000000000, 13.87074259007065180 ) ) ;
#2184 = CYLINDRICAL_SURFACE ( 'NONE', #3549, 1.500000000000001332 ) ;
#2185 = VECTOR ( 'NONE', #738, 1000.000000000000000 ) ;
#2186 = PRESENTATION_STYLE_ASSIGNMENT (( #1090 ) ) ;
#2187 = CARTESIAN_POINT ( 'NONE',  ( 0.000000000000000000, 7.000000000000000000, 0.000000000000000000 ) ) ;
#2188 = COLOUR_RGB ( '',0.7960784313725489669, 0.8235294117647058432, 0.9372549019607843146 ) ;
#2189 = FILL_AREA_STYLE ('',( #2575 ) ) ;
#2190 = DIRECTION ( 'NONE',  ( -1.000000000000000000, 0.000000000000000000, 0.000000000000000000 ) ) ;
#2191 = DIRECTION ( 'NONE',  ( 0.000000000000000000, 1.224646799147349509E-16, 1.000000000000000000 ) ) ;
#2192 = AXIS2_PLACEMENT_3D ( 'NONE', #1878, #4349, #2967 ) ;
#2193 = ORIENTED_EDGE ( 'NONE', *, *, #3017, .T. ) ;
#2194 = CARTESIAN_POINT ( 'NONE',  ( 46.90000000000000568, -7.950000000000000178, 10.90000000000000391 ) ) ;
#2195 = DIRECTION ( 'NONE',  ( 0.000000000000000000, 0.000000000000000000, 1.000000000000000000 ) ) ;
#2196 =( GEOMETRIC_REPRESENTATION_CONTEXT ( 3 ) GLOBAL_UNCERTAINTY_ASSIGNED_CONTEXT ( ( #3800 ) ) GLOBAL_UNIT_ASSIGNED_CONTEXT ( ( #1715, #3487, #566 ) ) REPRESENTATION_CONTEXT ( 'NONE', 'WORKASPACE' ) );
#2197 = DIRECTION ( 'NONE',  ( 0.000000000000000000, -0.5000000000000015543, -0.8660254037844378194 ) ) ;
#2198 = ORIENTED_EDGE ( 'NONE', *, *, #2464, .T. ) ;
#2199 = ORIENTED_EDGE ( 'NONE', *, *, #2994, .T. ) ;
#2200 = UNCERTAINTY_MEASURE_WITH_UNIT (LENGTH_MEASURE( 1.000000000000000082E-05 ), #4362, 'distance_accuracy_value', 'NONE');
#2201 = CARTESIAN_POINT ( 'NONE',  ( -6.000000000000000000, 7.000000000000000000, 0.000000000000000000 ) ) ;
#2202 = LINE ( 'NONE', #2563, #3758 ) ;
#2203 = ORIENTED_EDGE ( 'NONE', *, *, #2586, .F. ) ;
#2204 = EDGE_CURVE ( 'NONE', #1989, #1582, #1564, .T. ) ;
#2205 = ORIENTED_EDGE ( 'NONE', *, *, #1272, .F. ) ;
#2206 = FILL_AREA_STYLE_COLOUR ( '', #339 ) ;
#2207 = UNCERTAINTY_MEASURE_WITH_UNIT (LENGTH_MEASURE( 1.000000000000000082E-05 ), #1386, 'distance_accuracy_value', 'NONE');
#2208 = CARTESIAN_POINT ( 'NONE',  ( 6.000000000000000000, 0.000000000000000000, 15.50000000000000000 ) ) ;
#2209 = SURFACE_SIDE_STYLE ('',( #1855 ) ) ;
#2210 = DIRECTION ( 'NONE',  ( 0.000000000000000000, -0.4999999999999992784, 0.8660254037844390407 ) ) ;
#2211 = SURFACE_STYLE_USAGE ( .BOTH. , #103 ) ;
#2212 = LINE ( 'NONE', #4335, #3688 ) ;
#2213 = ORIENTED_EDGE ( 'NONE', *, *, #1278, .T. ) ;
#2214 = DIRECTION ( 'NONE',  ( 1.000000000000000000, 0.000000000000000000, 0.000000000000000000 ) ) ;
#2215 = SURFACE_STYLE_FILL_AREA ( #3148 ) ;
#2216 = AXIS2_PLACEMENT_3D ( 'NONE', #418, #3008, #1872 ) ;
#2217 = CARTESIAN_POINT ( 'NONE',  ( 0.000000000000000000, -15.75000000000000000, 0.2500000000000002220 ) ) ;
#2218 = LINE ( 'NONE', #2909, #1198 ) ;
#2219 = ORIENTED_EDGE ( 'NONE', *, *, #4618, .T. ) ;
#2220 = ADVANCED_FACE ( 'NONE', ( #1475 ), #1419, .T. ) ;
#2221 = EDGE_CURVE ( 'NONE', #1904, #573, #350, .T. ) ;
#2222 = DIRECTION ( 'NONE',  ( 0.000000000000000000, 0.5000000000000001110, 0.8660254037844387076 ) ) ;
#2223 = ORIENTED_EDGE ( 'NONE', *, *, #3442, .F. ) ;
#2224 = ORIENTED_EDGE ( 'NONE', *, *, #4186, .T. ) ;
#2225 = EDGE_CURVE ( 'NONE', #1381, #1055, #647, .T. ) ;
#2226 = EDGE_CURVE ( 'NONE', #4129, #1582, #3603, .T. ) ;
#2227 = LINE ( 'NONE', #1501, #3039 ) ;
#2228 = DIRECTION ( 'NONE',  ( 0.000000000000000000, -1.000000000000000000, 0.000000000000000000 ) ) ;
#2229 = ORIENTED_EDGE ( 'NONE', *, *, #2455, .F. ) ;
#2230 = PLANE ( 'NONE',  #3917 ) ;
#2231 = DIRECTION ( 'NONE',  ( -1.000000000000000000, 0.000000000000000000, 0.000000000000000000 ) ) ;
#2232 = LINE ( 'NONE', #52, #2640 ) ;
#2233 = CARTESIAN_POINT ( 'NONE',  ( 0.000000000000000000, 0.000000000000000000, 0.000000000000000000 ) ) ;
#2234 = ORIENTED_EDGE ( 'NONE', *, *, #2578, .T. ) ;
#2235 = LINE ( 'NONE', #4414, #3179 ) ;
#2236 = AXIS2_PLACEMENT_3D ( 'NONE', #4135, #2684, #2317 ) ;
#2237 =( GEOMETRIC_REPRESENTATION_CONTEXT ( 3 ) GLOBAL_UNCERTAINTY_ASSIGNED_CONTEXT ( ( #1547 ) ) GLOBAL_UNIT_ASSIGNED_CONTEXT ( ( #1422, #3965, #1082 ) ) REPRESENTATION_CONTEXT ( 'NONE', 'WORKASPACE' ) );
#2238 = CARTESIAN_POINT ( 'NONE',  ( 44.50000000000000000, 0.000000000000000000, 0.000000000000000000 ) ) ;
#2239 = LINE ( 'NONE', #1209, #2475 ) ;
#2240 = LINE ( 'NONE', #60, #2406 ) ;
#2241 = AXIS2_PLACEMENT_3D ( 'NONE', #3525, #18, #3244 ) ;
#2242 = ORIENTED_EDGE ( 'NONE', *, *, #4429, .T. ) ;
#2243 = STYLED_ITEM ( 'NONE', ( #1996 ), #1066 ) ;
#2244 = UNCERTAINTY_MEASURE_WITH_UNIT (LENGTH_MEASURE( 1.000000000000000082E-05 ), #1073, 'distance_accuracy_value', 'NONE');
#2245 = CIRCLE ( 'NONE', #3682, 1.500000000000001110 ) ;
#2246 = ORIENTED_EDGE ( 'NONE', *, *, #326, .T. ) ;
#2247 = VERTEX_POINT ( 'NONE', #902 ) ;
#2248 = FILL_AREA_STYLE_COLOUR ( '', #4149 ) ;
#2249 = AXIS2_PLACEMENT_3D ( 'NONE', #701, #2150, #3590 ) ;
#2250 = MECHANICAL_DESIGN_GEOMETRIC_PRESENTATION_REPRESENTATION (  '', ( #437 ), #887 ) ;
#2251 = SURFACE_STYLE_FILL_AREA ( #2641 ) ;
#2252 = UNCERTAINTY_MEASURE_WITH_UNIT (LENGTH_MEASURE( 1.000000000000000082E-05 ), #638, 'distance_accuracy_value', 'NONE');
#2253 = DIRECTION ( 'NONE',  ( 0.000000000000000000, 0.8660254037844433705, -0.4999999999999920064 ) ) ;
#2254 = ORIENTED_EDGE ( 'NONE', *, *, #2699, .F. ) ;
#2255 = ADVANCED_FACE ( 'NONE', ( #3061 ), #4454, .T. ) ;
#2256 = AXIS2_PLACEMENT_3D ( 'NONE', #439, #842, #3635 ) ;
#2257 = CARTESIAN_POINT ( 'NONE',  ( 51.10000000000000142, 7.950000000000000178, 10.90000000000000391 ) ) ;
#2258 = AXIS2_PLACEMENT_3D ( 'NONE', #1001, #3184, #4288 ) ;
#2259 = CARTESIAN_POINT ( 'NONE',  ( 0.000000000000000000, 7.408493649053896846, 13.33188740771268677 ) ) ;
#2260 = CARTESIAN_POINT ( 'NONE',  ( 46.90000000000000568, -7.950000000000000178, 12.20000000000000284 ) ) ;
#2261 = EDGE_CURVE ( 'NONE', #2953, #1624, #3787, .T. ) ;
#2262 = CARTESIAN_POINT ( 'NONE',  ( 2.000000000000000000, -14.45000000000000107, -0.2500000000000002220 ) ) ;
#2263 = VERTEX_POINT ( 'NONE', #2326 ) ;
#2264 = EDGE_CURVE ( 'NONE', #4129, #4403, #2323, .T. ) ;
#2265 = COLOUR_RGB ( '',0.2039215686274509776, 0.2039215686274509776, 0.2039215686274509776 ) ;
#2266 = DIRECTION ( 'NONE',  ( -0.000000000000000000, 0.8660254037844390407, 0.4999999999999992228 ) ) ;
#2267 = VECTOR ( 'NONE', #916, 1000.000000000000114 ) ;
#2268 = DIRECTION ( 'NONE',  ( 0.000000000000000000, 0.000000000000000000, 1.000000000000000000 ) ) ;
#2269 =( GEOMETRIC_REPRESENTATION_CONTEXT ( 3 ) GLOBAL_UNCERTAINTY_ASSIGNED_CONTEXT ( ( #2589 ) ) GLOBAL_UNIT_ASSIGNED_CONTEXT ( ( #1165, #1524, #2943 ) ) REPRESENTATION_CONTEXT ( 'NONE', 'WORKASPACE' ) );
#2270 = CARTESIAN_POINT ( 'NONE',  ( 0.000000000000000000, 13.42339375865876505, 9.250000000000063949 ) ) ;
#2271 = EDGE_CURVE ( 'NONE', #1402, #1605, #3347, .T. ) ;
#2272 = VERTEX_POINT ( 'NONE', #1927 ) ;
#2273 = CARTESIAN_POINT ( 'NONE',  ( 0.000000000000000000, 13.42339375865881657, -6.249999999999968026 ) ) ;
#2274 = PRESENTATION_LAYER_ASSIGNMENT (  '', '', ( #154 ) ) ;
#2275 = COLOUR_RGB ( '',0.7960784313725489669, 0.8235294117647058432, 0.9372549019607843146 ) ;
#2276 = VECTOR ( 'NONE', #2929, 1000.000000000000000 ) ;
#2277 =( LENGTH_UNIT ( ) NAMED_UNIT ( * ) SI_UNIT ( .MILLI., .METRE. ) );
#2278 = MECHANICAL_DESIGN_GEOMETRIC_PRESENTATION_REPRESENTATION (  '', ( #3633 ), #457 ) ;
#2279 = CARTESIAN_POINT ( 'NONE',  ( 0.000000000000000000, 13.42339375865881657, -7.749999999999968914 ) ) ;
#2280 = EDGE_LOOP ( 'NONE', ( #1730, #389, #1085, #1941 ) ) ;
#2281 = VERTEX_POINT ( 'NONE', #2670 ) ;
#2282 = SURFACE_STYLE_FILL_AREA ( #3693 ) ;
#2283 = CYLINDRICAL_SURFACE ( 'NONE', #627, 1.500000000000000000 ) ;
#2284 = DIRECTION ( 'NONE',  ( 0.000000000000000000, 0.000000000000000000, -1.000000000000000000 ) ) ;
#2285 = VERTEX_POINT ( 'NONE', #924 ) ;
#2286 = ADVANCED_FACE ( 'NONE', ( #119 ), #1992, .T. ) ;
#2287 = CARTESIAN_POINT ( 'NONE',  ( 0.000000000000000000, -15.50000000000000000, -2.000000000000000888 ) ) ;
#2288 = CARTESIAN_POINT ( 'NONE',  ( 0.000000000000000000, 6.965673326026335488, -14.16490010960491119 ) ) ;
#2289 = DIRECTION ( 'NONE',  ( 1.000000000000000000, -0.000000000000000000, -0.000000000000000000 ) ) ;
#2290 = LINE ( 'NONE', #2951, #4215 ) ;
#2291 = DIRECTION ( 'NONE',  ( 1.000000000000000000, -0.000000000000000000, -0.000000000000000000 ) ) ;
#2292 = ADVANCED_FACE ( 'NONE', ( #3020 ), #519, .T. ) ;
#2293 = DIRECTION ( 'NONE',  ( -0.000000000000000000, -0.000000000000000000, -1.000000000000000000 ) ) ;
#2294 = EDGE_CURVE ( 'NONE', #2395, #1342, #2634, .T. ) ;
#2295 = DIRECTION ( 'NONE',  ( -1.000000000000000000, 0.000000000000000000, 0.000000000000000000 ) ) ;
#2296 = ORIENTED_EDGE ( 'NONE', *, *, #2135, .F. ) ;
#2297 = CARTESIAN_POINT ( 'NONE',  ( 0.000000000000000000, 7.841506350946115589, 13.08188740771268677 ) ) ;
#2298 = DIRECTION ( 'NONE',  ( 0.000000000000000000, 0.000000000000000000, -1.000000000000000000 ) ) ;
#2299 = CARTESIAN_POINT ( 'NONE',  ( 2.000000000000000000, 7.658493649053887076, -13.76490010960491261 ) ) ;
#2300 = EDGE_LOOP ( 'NONE', ( #2531, #1656 ) ) ;
#2301 = EDGE_CURVE ( 'NONE', #1988, #3047, #3501, .T. ) ;
#2302 = ORIENTED_EDGE ( 'NONE', *, *, #2360, .F. ) ;
#2303 = UNCERTAINTY_MEASURE_WITH_UNIT (LENGTH_MEASURE( 1.000000000000000082E-05 ), #724, 'distance_accuracy_value', 'NONE');
#2304 = CARTESIAN_POINT ( 'NONE',  ( 44.00000000000000000, 0.000000000000000000, -15.89999999999999680 ) ) ;
#2305 = ORIENTED_EDGE ( 'NONE', *, *, #3585, .T. ) ;
#2306 = CARTESIAN_POINT ( 'NONE',  ( 2.000000000000000000, 7.749999999999999112, -13.42339375865880058 ) ) ;
#2307 = DIRECTION ( 'NONE',  ( 0.000000000000000000, 0.000000000000000000, 1.000000000000000000 ) ) ;
#2308 = DIRECTION ( 'NONE',  ( -0.000000000000000000, 0.4999999999999992228, -0.8660254037844390407 ) ) ;
#2309 = SURFACE_SIDE_STYLE ('',( #1152 ) ) ;
#2310 = PLANE ( 'NONE',  #3461 ) ;
#2311 = DIRECTION ( 'NONE',  ( 0.000000000000000000, 0.000000000000000000, 1.000000000000000000 ) ) ;
#2312 = DIRECTION ( 'NONE',  ( 0.000000000000000000, -0.8660254037844398178, 0.4999999999999977796 ) ) ;
#2313 = DIRECTION ( 'NONE',  ( -1.000000000000000000, 0.000000000000000000, 0.000000000000000000 ) ) ;
#2314 = ORIENTED_EDGE ( 'NONE', *, *, #151, .T. ) ;
#2315 = ADVANCED_FACE ( 'NONE', ( #2010 ), #1750, .T. ) ;
#2316 = FILL_AREA_STYLE_COLOUR ( '', #1218 ) ;
#2317 = DIRECTION ( 'NONE',  ( -0.000000000000000000, 0.000000000000000000, -1.000000000000000000 ) ) ;
#2318 = ORIENTED_EDGE ( 'NONE', *, *, #326, .F. ) ;
#2319 = ORIENTED_EDGE ( 'NONE', *, *, #2817, .F. ) ;
#2320 = COLOUR_RGB ( '',0.8000000000000000444, 0.8078431372549019773, 0.8000000000000000444 ) ;
#2321 = EDGE_CURVE ( 'NONE', #3364, #2339, #3111, .T. ) ;
#2322 = DIRECTION ( 'NONE',  ( 0.000000000000000000, 0.9345462436223923586, 0.3558417043170685745 ) ) ;
#2323 = CIRCLE ( 'NONE', #278, 16.39999999999999858 ) ;
#2324 = AXIS2_PLACEMENT_3D ( 'NONE', #4015, #2295, #3283 ) ;
#2325 = DIRECTION ( 'NONE',  ( -1.000000000000000000, 0.000000000000000000, 0.000000000000000000 ) ) ;
#2326 = CARTESIAN_POINT ( 'NONE',  ( 2.000000000000000000, 7.750000000000006217, 15.42339375865879880 ) ) ;
#2327 = ORIENTED_EDGE ( 'NONE', *, *, #1466, .T. ) ;
#2328 = AXIS2_PLACEMENT_3D ( 'NONE', #4674, #419, #65 ) ;
#2329 = VECTOR ( 'NONE', #4341, 1000.000000000000114 ) ;
#2330 = CARTESIAN_POINT ( 'NONE',  ( 2.000000000000000000, 8.586697387972222373, 14.37259614518684181 ) ) ;
#2331 = CARTESIAN_POINT ( 'NONE',  ( 44.00000000000000000, 0.000000000000000000, 16.39999999999999858 ) ) ;
#2332 = CIRCLE ( 'NONE', #2413, 12.30000000000000071 ) ;
#2333 = FACE_OUTER_BOUND ( 'NONE', #2703, .T. ) ;
#2334 = DIRECTION ( 'NONE',  ( -1.000000000000000000, 0.000000000000000000, 0.000000000000000000 ) ) ;
#2335 = CIRCLE ( 'NONE', #819, 0.5000000000000004441 ) ;
#2336 = DIRECTION ( 'NONE',  ( -0.000000000000000000, 1.000000000000000000, -0.000000000000000000 ) ) ;
#2337 = CYLINDRICAL_SURFACE ( 'NONE', #1647, 10.00000000000000000 ) ;
#2338 = AXIS2_PLACEMENT_3D ( 'NONE', #2757, #2740, #1286 ) ;
#2339 = VERTEX_POINT ( 'NONE', #2442 ) ;
#2340 = DIRECTION ( 'NONE',  ( -1.000000000000000000, 0.000000000000000000, 0.000000000000000000 ) ) ;
#2341 = CIRCLE ( 'NONE', #591, 12.30000000000000071 ) ;
#2342 = DIRECTION ( 'NONE',  ( 0.000000000000000000, 0.000000000000000000, -1.000000000000000000 ) ) ;
#2343 = EDGE_LOOP ( 'NONE', ( #3819, #1528 ) ) ;
#2344 = ORIENTED_EDGE ( 'NONE', *, *, #4536, .T. ) ;
#2345 = VECTOR ( 'NONE', #2336, 1000.000000000000000 ) ;
#2346 = PRODUCT_RELATED_PRODUCT_CATEGORY ( 'part', '', ( #86 ) ) ;
#2347 = COLOUR_RGB ( '',1.000000000000000000, 1.000000000000000000, 1.000000000000000000 ) ;
#2348 = PLANE ( 'NONE',  #2147 ) ;
#2349 = ADVANCED_FACE ( 'NONE', ( #968 ), #4623, .F. ) ;
#2350 = CARTESIAN_POINT ( 'NONE',  ( 44.00000000000000000, 0.000000000000000000, 0.000000000000000000 ) ) ;
#2351 = ORIENTED_EDGE ( 'NONE', *, *, #256, .F. ) ;
#2352 = ORIENTED_EDGE ( 'NONE', *, *, #335, .F. ) ;
#2353 = CARTESIAN_POINT ( 'NONE',  ( 0.000000000000000000, -15.50000000000000000, -1.300000000000000711 ) ) ;
#2354 = DIRECTION ( 'NONE',  ( -0.000000000000000000, 1.000000000000000000, -0.000000000000000000 ) ) ;
#2355 = LINE ( 'NONE', #2675, #2016 ) ;
#2356 = DIRECTION ( 'NONE',  ( 1.000000000000000000, -0.000000000000000000, -0.000000000000000000 ) ) ;
#2357 = DIRECTION ( 'NONE',  ( -1.000000000000000000, 0.000000000000000000, 0.000000000000000000 ) ) ;
#2358 = DIRECTION ( 'NONE',  ( -1.000000000000000000, 0.000000000000000000, -0.000000000000000000 ) ) ;
#2359 = FACE_OUTER_BOUND ( 'NONE', #3827, .T. ) ;
#2360 = EDGE_CURVE ( 'NONE', #2247, #3903, #1401, .T. ) ;
#2361 = VERTEX_POINT ( 'NONE', #3132 ) ;
#2362 = CARTESIAN_POINT ( 'NONE',  ( 46.10000000000000142, 8.750000000000000000, 8.500000000000001776 ) ) ;
#2363 = EDGE_CURVE ( 'NONE', #1325, #2263, #1873, .T. ) ;
#2364 = CARTESIAN_POINT ( 'NONE',  ( 0.000000000000000000, 7.000000000000000888, 6.000000000000000888 ) ) ;
#2365 = VERTEX_POINT ( 'NONE', #1379 ) ;
#2366 = ORIENTED_EDGE ( 'NONE', *, *, #3162, .F. ) ;
#2367 = VECTOR ( 'NONE', #1850, 1000.000000000000000 ) ;
#2368 = VERTEX_POINT ( 'NONE', #2754 ) ;
#2369 = CARTESIAN_POINT ( 'NONE',  ( 0.000000000000000000, 7.163571428571429145, 9.998662129892933237 ) ) ;
#2370 = CARTESIAN_POINT ( 'NONE',  ( 46.90000000000000568, 7.950000000000000178, 15.70000000000000284 ) ) ;
#2371 = CARTESIAN_POINT ( 'NONE',  ( 21.50000000000000000, 0.000000000000000000, 18.30000000000000071 ) ) ;
#2372 = ORIENTED_EDGE ( 'NONE', *, *, #1782, .T. ) ;
#2373 = ORIENTED_EDGE ( 'NONE', *, *, #2758, .F. ) ;
#2374 = EDGE_CURVE ( 'NONE', #1011, #4553, #1570, .T. ) ;
#2375 = EDGE_CURVE ( 'NONE', #4182, #1251, #3306, .T. ) ;
#2376 = DIRECTION ( 'NONE',  ( 0.000000000000000000, 0.000000000000000000, 1.000000000000000000 ) ) ;
#2377 = PRESENTATION_STYLE_ASSIGNMENT (( #4391 ) ) ;
#2378 = DIRECTION ( 'NONE',  ( 0.000000000000000000, -1.000000000000000000, 0.000000000000000000 ) ) ;
#2379 = CARTESIAN_POINT ( 'NONE',  ( 0.5000000000000004441, 0.000000000000000000, -17.80000000000000071 ) ) ;
#2380 = FILL_AREA_STYLE_COLOUR ( '', #906 ) ;
#2381 = CARTESIAN_POINT ( 'NONE',  ( 51.89999999999999858, 9.300000000000000711, 18.50000000000000355 ) ) ;
#2382 = CYLINDRICAL_SURFACE ( 'NONE', #352, 1.500000000000001332 ) ;
#2383 = ORIENTED_EDGE ( 'NONE', *, *, #3585, .F. ) ;
#2384 = LINE ( 'NONE', #2748, #2420 ) ;
#2385 =( NAMED_UNIT ( * ) SI_UNIT ( $, .STERADIAN. ) SOLID_ANGLE_UNIT ( ) );
#2386 = ORIENTED_EDGE ( 'NONE', *, *, #894, .T. ) ;
#2387 = EDGE_LOOP ( 'NONE', ( #3515, #4175, #3360, #1425, #1804, #4114, #1650, #2534, #2352, #3730, #3105, #3581 ) ) ;
#2388 = ORIENTED_EDGE ( 'NONE', *, *, #4401, .T. ) ;
#2389 = FACE_OUTER_BOUND ( 'NONE', #147, .T. ) ;
#2390 = CARTESIAN_POINT ( 'NONE',  ( 0.000000000000000000, 8.058493649053897201, 14.45772043263245621 ) ) ;
#2391 = AXIS2_PLACEMENT_3D ( 'NONE', #3259, #9, #1467 ) ;
#2392 = CARTESIAN_POINT ( 'NONE',  ( 0.2000000000000000111, 7.750000000000006217, 13.42339375865879703 ) ) ;
#2393 = ORIENTED_EDGE ( 'NONE', *, *, #3014, .F. ) ;
#2394 = PRODUCT_DEFINITION_FORMATION_WITH_SPECIFIED_SOURCE ( '任何', '', #86, .NOT_KNOWN. ) ;
#2395 = VERTEX_POINT ( 'NONE', #214 ) ;
#2396 = DIRECTION ( 'NONE',  ( 1.000000000000000000, 0.000000000000000000, 0.000000000000000000 ) ) ;
#2397 = PRESENTATION_LAYER_ASSIGNMENT (  '', '', ( #2631 ) ) ;
#2398 = AXIS2_PLACEMENT_3D ( 'NONE', #3326, #882, #80 ) ;
#2399 = DIRECTION ( 'NONE',  ( -1.000000000000000000, -0.000000000000000000, -0.000000000000000000 ) ) ;
#2400 = EDGE_CURVE ( 'NONE', #3145, #2629, #630, .T. ) ;
#2401 = CYLINDRICAL_SURFACE ( 'NONE', #2163, 2.000000000000000000 ) ;
#2402 = AXIS2_PLACEMENT_3D ( 'NONE', #4476, #2711, #2284 ) ;
#2403 = VECTOR ( 'NONE', #1102, 1000.000000000000000 ) ;
#2404 = LINE ( 'NONE', #3845, #3106 ) ;
#2405 = STYLED_ITEM ( 'NONE', ( #94 ), #2615 ) ;
#2406 = VECTOR ( 'NONE', #2555, 1000.000000000000000 ) ;
#2407 = EDGE_CURVE ( 'NONE', #4238, #1402, #259, .T. ) ;
#2408 = DIRECTION ( 'NONE',  ( 0.000000000000000000, 0.000000000000000000, -1.000000000000000000 ) ) ;
#2409 = EDGE_CURVE ( 'NONE', #95, #2145, #1039, .T. ) ;
#2410 = CARTESIAN_POINT ( 'NONE',  ( 0.000000000000000000, -15.25000000000000000, 1.050000000000000044 ) ) ;
#2411 = VERTEX_POINT ( 'NONE', #3546 ) ;
#2412 = CARTESIAN_POINT ( 'NONE',  ( 0.000000000000000000, 0.000000000000000000, 0.000000000000000000 ) ) ;
#2413 = AXIS2_PLACEMENT_3D ( 'NONE', #2233, #3328, #1532 ) ;
#2414 = CIRCLE ( 'NONE', #1274, 3.000000000000000000 ) ;
#2415 = DIRECTION ( 'NONE',  ( 0.000000000000000000, 0.000000000000000000, 1.000000000000000000 ) ) ;
#2416 = ORIENTED_EDGE ( 'NONE', *, *, #2152, .F. ) ;
#2417 = ORIENTED_EDGE ( 'NONE', *, *, #2108, .F. ) ;
#2418 = PRESENTATION_LAYER_ASSIGNMENT (  '', '', ( #3321 ) ) ;
#2419 = DIRECTION ( 'NONE',  ( 0.000000000000000000, 0.000000000000000000, 1.000000000000000000 ) ) ;
#2420 = VECTOR ( 'NONE', #4176, 1000.000000000000000 ) ;
#2421 = PLANE ( 'NONE',  #1630 ) ;
#2422 = MECHANICAL_DESIGN_GEOMETRIC_PRESENTATION_REPRESENTATION (  '', ( #4594 ), #2729 ) ;
#2423 = DIRECTION ( 'NONE',  ( 0.000000000000000000, 0.000000000000000000, 1.000000000000000000 ) ) ;
#2424 = VERTEX_POINT ( 'NONE', #4257 ) ;
#2425 = ORIENTED_EDGE ( 'NONE', *, *, #286, .F. ) ;
#2426 = COLOUR_RGB ( '',0.2039215686274509776, 0.2039215686274509776, 0.2039215686274509776 ) ;
#2427 = COLOUR_RGB ( '',0.7960784313725489669, 0.8235294117647058432, 0.9372549019607843146 ) ;
#2428 = CARTESIAN_POINT ( 'NONE',  ( -6.000000000000000000, 7.000000000000000000, 0.000000000000000000 ) ) ;
#2429 =( NAMED_UNIT ( * ) PLANE_ANGLE_UNIT ( ) SI_UNIT ( $, .RADIAN. ) );
#2430 = AXIS2_PLACEMENT_3D ( 'NONE', #2208, #2917, #4406 ) ;
#2431 = CIRCLE ( 'NONE', #1520, 1.300000000000000044 ) ;
#2432 =( NAMED_UNIT ( * ) SI_UNIT ( $, .STERADIAN. ) SOLID_ANGLE_UNIT ( ) );
#2433 = FILL_AREA_STYLE ('',( #3138 ) ) ;
#2434 = DIRECTION ( 'NONE',  ( -1.000000000000000000, -0.000000000000000000, -0.000000000000000000 ) ) ;
#2435 = ORIENTED_EDGE ( 'NONE', *, *, #167, .F. ) ;
#2436 = ADVANCED_FACE ( 'NONE', ( #3150 ), #2487, .T. ) ;
#2437 = EDGE_CURVE ( 'NONE', #935, #3497, #3382, .T. ) ;
#2438 = DIRECTION ( 'NONE',  ( 0.000000000000000000, 0.000000000000000000, -1.000000000000000000 ) ) ;
#2439 = EDGE_LOOP ( 'NONE', ( #1452, #1487, #4041 ) ) ;
#2440 = ORIENTED_EDGE ( 'NONE', *, *, #466, .T. ) ;
#2441 = DIRECTION ( 'NONE',  ( 0.000000000000000000, 0.000000000000000000, 1.000000000000000000 ) ) ;
#2442 = CARTESIAN_POINT ( 'NONE',  ( 0.000000000000000000, 7.658493649053887076, -13.76490010960491261 ) ) ;
#2443 = ORIENTED_EDGE ( 'NONE', *, *, #167, .T. ) ;
#2444 = ORIENTED_EDGE ( 'NONE', *, *, #198, .F. ) ;
#2445 = EDGE_CURVE ( 'NONE', #3948, #1748, #1646, .T. ) ;
#2446 = FACE_OUTER_BOUND ( 'NONE', #1285, .T. ) ;
#2447 = DIRECTION ( 'NONE',  ( -0.000000000000000000, -0.3558417043170685745, 0.9345462436223923586 ) ) ;
#2448 = CARTESIAN_POINT ( 'NONE',  ( 0.000000000000000000, 6.965673326026335488, -14.16490010960491119 ) ) ;
#2449 = SURFACE_STYLE_USAGE ( .BOTH. , #999 ) ;
#2450 = CARTESIAN_POINT ( 'NONE',  ( 44.50000000000000000, 9.300000000000000711, 12.89651115612280208 ) ) ;
#2451 = SURFACE_STYLE_FILL_AREA ( #1622 ) ;
#2452 = ORIENTED_EDGE ( 'NONE', *, *, #3526, .T. ) ;
#2453 = DIRECTION ( 'NONE',  ( 0.000000000000000000, 0.000000000000000000, -1.000000000000000000 ) ) ;
#2454 = SURFACE_STYLE_FILL_AREA ( #1057 ) ;
#2455 = EDGE_CURVE ( 'NONE', #550, #2801, #4602, .T. ) ;
#2456 = ADVANCED_FACE ( 'NONE', ( #3902 ), #652, .T. ) ;
#2457 = EDGE_LOOP ( 'NONE', ( #2372, #4559, #2028, #473, #1403 ) ) ;
#2458 = AXIS2_PLACEMENT_3D ( 'NONE', #2461, #3174, #2441 ) ;
#2459 = EDGE_LOOP ( 'NONE', ( #4386, #2063, #1928, #1445 ) ) ;
#2460 = DIRECTION ( 'NONE',  ( 0.000000000000000000, 0.000000000000000000, 1.000000000000000000 ) ) ;
#2461 = CARTESIAN_POINT ( 'NONE',  ( 21.50000000000000000, 0.000000000000000000, 0.000000000000000000 ) ) ;
#2462 = DIRECTION ( 'NONE',  ( 0.000000000000000000, -0.000000000000000000, 1.000000000000000000 ) ) ;
#2463 = VERTEX_POINT ( 'NONE', #1142 ) ;
#2464 = EDGE_CURVE ( 'NONE', #3330, #1613, #4402, .T. ) ;
#2465 = EDGE_LOOP ( 'NONE', ( #826, #1326, #1358, #4342 ) ) ;
#2466 = VECTOR ( 'NONE', #3454, 1000.000000000000000 ) ;
#2467 = CARTESIAN_POINT ( 'NONE',  ( 2.000000000000000000, 7.749999999999999112, -11.42339375865880058 ) ) ;
#2468 = VECTOR ( 'NONE', #2849, 1000.000000000000000 ) ;
#2469 = DIRECTION ( 'NONE',  ( 1.000000000000000000, -0.000000000000000000, -0.000000000000000000 ) ) ;
#2470 = SURFACE_STYLE_USAGE ( .BOTH. , #2760 ) ;
#2471 = FILL_AREA_STYLE_COLOUR ( '', #1345 ) ;
#2472 = VECTOR ( 'NONE', #1618, 1000.000000000000000 ) ;
#2473 = FILL_AREA_STYLE_COLOUR ( '', #2032 ) ;
#2474 = FACE_OUTER_BOUND ( 'NONE', #1555, .T. ) ;
#2475 = VECTOR ( 'NONE', #3727, 1000.000000000000000 ) ;
#2476 = CARTESIAN_POINT ( 'NONE',  ( 6.000000000000000000, 13.42339375865876505, 9.250000000000063949 ) ) ;
#2477 = ORIENTED_EDGE ( 'NONE', *, *, #1682, .T. ) ;
#2478 = FACE_OUTER_BOUND ( 'NONE', #2042, .T. ) ;
#2479 = AXIS2_PLACEMENT_3D ( 'NONE', #331, #3940, #2819 ) ;
#2480 = AXIS2_PLACEMENT_3D ( 'NONE', #1157, #3338, #3685 ) ;
#2481 = CARTESIAN_POINT ( 'NONE',  ( 0.000000000000000000, 7.408493649053887076, -13.33188740771269210 ) ) ;
#2482 = AXIS2_PLACEMENT_3D ( 'NONE', #2172, #297, #2839 ) ;
#2483 = VERTEX_POINT ( 'NONE', #776 ) ;
#2484 = ORIENTED_EDGE ( 'NONE', *, *, #4330, .F. ) ;
#2485 = CIRCLE ( 'NONE', #2797, 10.00000000000000000 ) ;
#2486 = FILL_AREA_STYLE_COLOUR ( '', #3583 ) ;
#2487 = PLANE ( 'NONE',  #2170 ) ;
#2488 = EDGE_LOOP ( 'NONE', ( #970, #38, #3429, #964 ) ) ;
#2489 = ORIENTED_EDGE ( 'NONE', *, *, #3206, .F. ) ;
#2490 = VECTOR ( 'NONE', #4677, 1000.000000000000000 ) ;
#2491 = ADVANCED_FACE ( 'NONE', ( #1494 ), #1802, .T. ) ;
#2492 = CARTESIAN_POINT ( 'NONE',  ( 2.000000000000000000, 7.008493649053888497, -12.63906708468514140 ) ) ;
#2493 = CIRCLE ( 'NONE', #752, 17.80000000000000071 ) ;
#2494 = ADVANCED_FACE ( 'NONE', ( #4346, #2591 ), #4375, .T. ) ;
#2495 = VECTOR ( 'NONE', #4000, 1000.000000000000227 ) ;
#2496 = DIRECTION ( 'NONE',  ( 0.000000000000000000, 0.000000000000000000, 1.000000000000000000 ) ) ;
#2497 = CARTESIAN_POINT ( 'NONE',  ( 6.000000000000000000, 13.42339375865881657, -7.749999999999968914 ) ) ;
#2498 = SURFACE_STYLE_USAGE ( .BOTH. , #1458 ) ;
#2499 = CARTESIAN_POINT ( 'NONE',  ( 6.000000000000000000, 13.42339375865876505, 7.750000000000063061 ) ) ;
#2500 = AXIS2_PLACEMENT_3D ( 'NONE', #3885, #1089, #1777 ) ;
#2501 = EDGE_CURVE ( 'NONE', #4404, #3645, #2202, .T. ) ;
#2502 = COLOUR_RGB ( '',0.8000000000000000444, 0.8078431372549019773, 0.8000000000000000444 ) ;
#2503 = CARTESIAN_POINT ( 'NONE',  ( 0.000000000000000000, -15.25000000000000000, -0.2500000000000002220 ) ) ;
#2504 = LINE ( 'NONE', #53, #3756 ) ;
#2505 = VERTEX_POINT ( 'NONE', #1851 ) ;
#2506 = FACE_BOUND ( 'NONE', #2739, .T. ) ;
#2507 = CARTESIAN_POINT ( 'NONE',  ( 0.5000000000000000000, 7.000000000000001776, 10.00000000000000000 ) ) ;
#2508 = CYLINDRICAL_SURFACE ( 'NONE', #1503, 1.500000000000000444 ) ;
#2509 = ORIENTED_EDGE ( 'NONE', *, *, #4431, .F. ) ;
#2510 = ORIENTED_EDGE ( 'NONE', *, *, #533, .F. ) ;
#2511 = DIRECTION ( 'NONE',  ( -1.000000000000000000, -0.000000000000000000, -0.000000000000000000 ) ) ;
#2512 = CYLINDRICAL_SURFACE ( 'NONE', #2249, 1.500000000000001332 ) ;
#2513 = ORIENTED_EDGE ( 'NONE', *, *, #2058, .T. ) ;
#2514 = ORIENTED_EDGE ( 'NONE', *, *, #3107, .F. ) ;
#2515 =( LENGTH_UNIT ( ) NAMED_UNIT ( * ) SI_UNIT ( .MILLI., .METRE. ) );
#2516 = LINE ( 'NONE', #4652, #4497 ) ;
#2517 = FILL_AREA_STYLE ('',( #2812 ) ) ;
#2518 = DIRECTION ( 'NONE',  ( -1.000000000000000000, 0.000000000000000000, -0.000000000000000000 ) ) ;
#2519 = DIRECTION ( 'NONE',  ( 1.000000000000000000, -0.000000000000000000, -0.000000000000000000 ) ) ;
#2520 = EDGE_CURVE ( 'NONE', #4265, #2828, #4358, .T. ) ;
#2521 = EDGE_CURVE ( 'NONE', #1852, #2535, #395, .T. ) ;
#2522 = SURFACE_SIDE_STYLE ('',( #3275 ) ) ;
#2523 = FACE_OUTER_BOUND ( 'NONE', #3835, .T. ) ;
#2524 = CARTESIAN_POINT ( 'NONE',  ( 0.5000000000000000000, 0.000000000000000000, 12.30000000000000071 ) ) ;
#2525 = VERTEX_POINT ( 'NONE', #2871 ) ;
#2526 = ADVANCED_FACE ( 'NONE', ( #3996 ), #3621, .T. ) ;
#2527 = FACE_BOUND ( 'NONE', #3312, .T. ) ;
#2528 = CARTESIAN_POINT ( 'NONE',  ( 46.90000000000000568, -7.950000000000000178, 10.90000000000000391 ) ) ;
#2529 = CARTESIAN_POINT ( 'NONE',  ( 47.70000000000000284, -8.750000000000000000, 12.20000000000000284 ) ) ;
#2530 = ORIENTED_EDGE ( 'NONE', *, *, #1072, .T. ) ;
#2531 = ORIENTED_EDGE ( 'NONE', *, *, #4498, .F. ) ;
#2532 = UNCERTAINTY_MEASURE_WITH_UNIT (LENGTH_MEASURE( 1.000000000000000082E-05 ), #4317, 'distance_accuracy_value', 'NONE');
#2533 = PRESENTATION_STYLE_ASSIGNMENT (( #993 ) ) ;
#2534 = ORIENTED_EDGE ( 'NONE', *, *, #1759, .F. ) ;
#2535 = VERTEX_POINT ( 'NONE', #4020 ) ;
#2536 = CARTESIAN_POINT ( 'NONE',  ( 46.10000000000000142, 8.750000000000000000, 15.70000000000000284 ) ) ;
#2537 = DIRECTION ( 'NONE',  ( 0.000000000000000000, -0.8660254037844390407, -0.4999999999999992784 ) ) ;
#2538 = DIRECTION ( 'NONE',  ( -0.000000000000000000, 0.000000000000000000, -1.000000000000000000 ) ) ;
#2539 = DIRECTION ( 'NONE',  ( 1.000000000000000000, -0.000000000000000000, -0.000000000000000000 ) ) ;
#2540 = DIRECTION ( 'NONE',  ( 1.000000000000000000, -0.000000000000000000, -0.000000000000000000 ) ) ;
#2541 = FILL_AREA_STYLE ('',( #1840 ) ) ;
#2542 = PLANE ( 'NONE',  #4274 ) ;
#2543 = DIRECTION ( 'NONE',  ( -1.000000000000000000, -0.000000000000000000, -0.000000000000000000 ) ) ;
#2544 = FACE_OUTER_BOUND ( 'NONE', #969, .T. ) ;
#2545 = AXIS2_PLACEMENT_3D ( 'NONE', #839, #929, #125 ) ;
#2546 = VERTEX_POINT ( 'NONE', #3664 ) ;
#2547 = AXIS2_PLACEMENT_3D ( 'NONE', #683, #3181, #4326 ) ;
#2548 = LINE ( 'NONE', #4394, #525 ) ;
#2549 = DIRECTION ( 'NONE',  ( -0.000000000000000000, 1.000000000000000000, -0.000000000000000000 ) ) ;
#2550 = EDGE_CURVE ( 'NONE', #1825, #796, #651, .T. ) ;
#2551 = COLOUR_RGB ( '',0.7960784313725489669, 0.8235294117647058432, 0.9372549019607843146 ) ;
#2552 = VECTOR ( 'NONE', #945, 1000.000000000000000 ) ;
#2553 = FILL_AREA_STYLE_COLOUR ( '', #505 ) ;
#2554 = ADVANCED_FACE ( 'NONE', ( #1874 ), #2512, .F. ) ;
#2555 = DIRECTION ( 'NONE',  ( -0.000000000000000000, 0.8660254037844381525, -0.5000000000000008882 ) ) ;
#2556 = VERTEX_POINT ( 'NONE', #1471 ) ;
#2557 = CYLINDRICAL_SURFACE ( 'NONE', #1048, 1.500000000000001332 ) ;
#2558 = VECTOR ( 'NONE', #2858, 1000.000000000000000 ) ;
#2559 = CIRCLE ( 'NONE', #732, 1.500000000000001110 ) ;
#2560 = PRESENTATION_LAYER_ASSIGNMENT (  '', '', ( #2939 ) ) ;
#2561 = AXIS2_PLACEMENT_3D ( 'NONE', #2764, #480, #529 ) ;
#2562 =( NAMED_UNIT ( * ) PLANE_ANGLE_UNIT ( ) SI_UNIT ( $, .RADIAN. ) );
#2563 = CARTESIAN_POINT ( 'NONE',  ( 0.000000000000000000, 7.841506350946115589, 13.08188740771268677 ) ) ;
#2564 = VERTEX_POINT ( 'NONE', #342 ) ;
#2565 = ORIENTED_EDGE ( 'NONE', *, *, #1541, .T. ) ;
#2566 = MECHANICAL_DESIGN_GEOMETRIC_PRESENTATION_REPRESENTATION (  '', ( #747 ), #510 ) ;
#2567 = CARTESIAN_POINT ( 'NONE',  ( 0.000000000000000000, 7.008493649053888497, -12.63906708468514140 ) ) ;
#2568 = DIRECTION ( 'NONE',  ( -1.000000000000000000, 0.000000000000000000, 0.000000000000000000 ) ) ;
#2569 = STYLED_ITEM ( 'NONE', ( #41 ), #3672 ) ;
#2570 = PRESENTATION_STYLE_ASSIGNMENT (( #4353 ) ) ;
#2571 = LINE ( 'NONE', #1529, #4666 ) ;
#2572 = AXIS2_PLACEMENT_3D ( 'NONE', #2707, #4514, #2735 ) ;
#2573 = CARTESIAN_POINT ( 'NONE',  ( 6.000000000000000000, 0.000000000000000000, 15.50000000000000000 ) ) ;
#2574 = EDGE_CURVE ( 'NONE', #1967, #1595, #229, .T. ) ;
#2575 = FILL_AREA_STYLE_COLOUR ( '', #3970 ) ;
#2576 = CARTESIAN_POINT ( 'NONE',  ( 2.000000000000000000, 7.441506350946116122, 12.38906708468513784 ) ) ;
#2577 = CARTESIAN_POINT ( 'NONE',  ( 2.000000000000000000, -15.50000000000000000, -8.673617379884035472E-16 ) ) ;
#2578 = EDGE_CURVE ( 'NONE', #3087, #3448, #824, .T. ) ;
#2579 = ORIENTED_EDGE ( 'NONE', *, *, #4496, .F. ) ;
#2580 = DIRECTION ( 'NONE',  ( 0.000000000000000000, 0.000000000000000000, 1.000000000000000000 ) ) ;
#2581 = DIRECTION ( 'NONE',  ( -1.000000000000000000, -0.000000000000000000, -0.000000000000000000 ) ) ;
#2582 = MECHANICAL_DESIGN_GEOMETRIC_PRESENTATION_REPRESENTATION (  '', ( #154 ), #3037 ) ;
#2583 = CARTESIAN_POINT ( 'NONE',  ( 55.00000000000000000, 2.008420750601658560E-15, -16.39999999999999858 ) ) ;
#2584 = DIRECTION ( 'NONE',  ( -0.000000000000000000, -0.5000000000000015543, -0.8660254037844378194 ) ) ;
#2585 = ORIENTED_EDGE ( 'NONE', *, *, #4536, .F. ) ;
#2586 = EDGE_CURVE ( 'NONE', #3709, #11, #281, .T. ) ;
#2587 = ORIENTED_EDGE ( 'NONE', *, *, #3806, .T. ) ;
#2588 = EDGE_CURVE ( 'NONE', #2411, #3087, #113, .T. ) ;
#2589 = UNCERTAINTY_MEASURE_WITH_UNIT (LENGTH_MEASURE( 1.000000000000000082E-05 ), #1165, 'distance_accuracy_value', 'NONE');
#2590 = FILL_AREA_STYLE_COLOUR ( '', #174 ) ;
#2591 = FACE_BOUND ( 'NONE', #2387, .T. ) ;
#2592 = ORIENTED_EDGE ( 'NONE', *, *, #1518, .T. ) ;
#2593 = ORIENTED_EDGE ( 'NONE', *, *, #4184, .T. ) ;
#2594 =( NAMED_UNIT ( * ) SI_UNIT ( $, .STERADIAN. ) SOLID_ANGLE_UNIT ( ) );
#2595 = DIRECTION ( 'NONE',  ( 0.000000000000000000, 1.000000000000000000, 0.000000000000000000 ) ) ;
#2596 = UNCERTAINTY_MEASURE_WITH_UNIT (LENGTH_MEASURE( 1.000000000000000082E-05 ), #4027, 'distance_accuracy_value', 'NONE');
#2597 = DIRECTION ( 'NONE',  ( 0.000000000000000000, 0.000000000000000000, -1.000000000000000000 ) ) ;
#2598 = VERTEX_POINT ( 'NONE', #3818 ) ;
#2599 = DIRECTION ( 'NONE',  ( 0.000000000000000000, 0.4999999999999992784, -0.8660254037844390407 ) ) ;
#2600 = DIRECTION ( 'NONE',  ( -0.000000000000000000, 1.000000000000000000, -0.000000000000000000 ) ) ;
#2601 = CARTESIAN_POINT ( 'NONE',  ( 0.000000000000000000, 8.491506350946107062, -14.20772043263246154 ) ) ;
#2602 = CARTESIAN_POINT ( 'NONE',  ( 0.000000000000000000, 7.008493649053888497, -12.63906708468514140 ) ) ;
#2603 = ORIENTED_EDGE ( 'NONE', *, *, #142, .T. ) ;
#2604 = DIRECTION ( 'NONE',  ( -1.000000000000000000, -0.000000000000000000, -0.000000000000000000 ) ) ;
#2605 = CARTESIAN_POINT ( 'NONE',  ( -8.300000000000002487, 4.500000000000000888, -1.658312395177700793 ) ) ;
#2606 = CYLINDRICAL_SURFACE ( 'NONE', #2391, 1.500000000000001332 ) ;
#2607 = ORIENTED_EDGE ( 'NONE', *, *, #988, .F. ) ;
#2608 = VERTEX_POINT ( 'NONE', #597 ) ;
#2609 = EDGE_CURVE ( 'NONE', #1748, #230, #3712, .T. ) ;
#2610 = ADVANCED_FACE ( 'NONE', ( #3010 ), #2612, .T. ) ;
#2611 = SURFACE_STYLE_FILL_AREA ( #4424 ) ;
#2612 = PLANE ( 'NONE',  #1267 ) ;
#2613 = EDGE_LOOP ( 'NONE', ( #4303, #2935 ) ) ;
#2614 = ORIENTED_EDGE ( 'NONE', *, *, #3014, .T. ) ;
#2615 = ADVANCED_FACE ( 'NONE', ( #1294 ), #2382, .F. ) ;
#2616 = EDGE_CURVE ( 'NONE', #2281, #4535, #4450, .T. ) ;
#2617 =( LENGTH_UNIT ( ) NAMED_UNIT ( * ) SI_UNIT ( .MILLI., .METRE. ) );
#2618 = EDGE_LOOP ( 'NONE', ( #3212, #1769, #1862, #3057, #1376, #3657 ) ) ;
#2619 = LINE ( 'NONE', #1571, #3618 ) ;
#2620 = DIRECTION ( 'NONE',  ( 0.000000000000000000, 0.000000000000000000, -1.000000000000000000 ) ) ;
#2621 = VECTOR ( 'NONE', #3476, 1000.000000000000000 ) ;
#2622 = CARTESIAN_POINT ( 'NONE',  ( 2.000000000000000000, 7.658493649053896846, 13.76490010960490729 ) ) ;
#2623 = LINE ( 'NONE', #1890, #1713 ) ;
#2624 = CARTESIAN_POINT ( 'NONE',  ( 6.000000000000000000, 13.42339375865881657, -6.249999999999968026 ) ) ;
#2625 = ORIENTED_EDGE ( 'NONE', *, *, #3847, .F. ) ;
#2626 = COLOUR_RGB ( '',0.7960784313725489669, 0.8235294117647058432, 0.9372549019607843146 ) ;
#2627 = CARTESIAN_POINT ( 'NONE',  ( 46.90000000000000568, 7.950000000000000178, 10.90000000000000391 ) ) ;
#2628 = AXIS2_PLACEMENT_3D ( 'NONE', #1907, #3319, #3290 ) ;
#2629 = VERTEX_POINT ( 'NONE', #798 ) ;
#2630 = ORIENTED_EDGE ( 'NONE', *, *, #1793, .F. ) ;
#2631 = STYLED_ITEM ( 'NONE', ( #2377 ), #1891 ) ;
#2632 = PRESENTATION_LAYER_ASSIGNMENT (  '', '', ( #3975 ) ) ;
#2633 = CARTESIAN_POINT ( 'NONE',  ( 44.50000000000000000, -9.300000000000000711, 8.500000000000000000 ) ) ;
#2634 = CIRCLE ( 'NONE', #46, 10.00000000000000000 ) ;
#2635 = LINE ( 'NONE', #2524, #2558 ) ;
#2636 = EDGE_LOOP ( 'NONE', ( #82, #96 ) ) ;
#2637 = VECTOR ( 'NONE', #2584, 1000.000000000000000 ) ;
#2638 = ORIENTED_EDGE ( 'NONE', *, *, #175, .F. ) ;
#2639 = LINE ( 'NONE', #759, #3769 ) ;
#2640 = VECTOR ( 'NONE', #1912, 1000.000000000000000 ) ;
#2641 = FILL_AREA_STYLE ('',( #2206 ) ) ;
#2642 = CARTESIAN_POINT ( 'NONE',  ( 2.000000000000000000, 7.749999999999999112, -13.42339375865880058 ) ) ;
#2643 = CARTESIAN_POINT ( 'NONE',  ( 2.000000000000000000, -14.45000000000000107, 0.2500000000000002220 ) ) ;
#2644 = VERTEX_POINT ( 'NONE', #2985 ) ;
#2645 = CIRCLE ( 'NONE', #2790, 1.500000000000001110 ) ;
#2646 = EDGE_CURVE ( 'NONE', #3358, #95, #3689, .T. ) ;
#2647 = LINE ( 'NONE', #2257, #4293 ) ;
#2648 = EDGE_CURVE ( 'NONE', #1024, #169, #572, .T. ) ;
#2649 = CARTESIAN_POINT ( 'NONE',  ( 2.000000000000000000, 6.965673326026347034, 14.16490010960490764 ) ) ;
#2650 = MECHANICAL_DESIGN_GEOMETRIC_PRESENTATION_REPRESENTATION (  '', ( #1123 ), #1360 ) ;
#2651 = DIRECTION ( 'NONE',  ( -1.000000000000000000, -0.000000000000000000, -0.000000000000000000 ) ) ;
#2652 = DIRECTION ( 'NONE',  ( 0.000000000000000000, 1.000000000000000000, -1.224646799147353207E-16 ) ) ;
#2653 = VERTEX_POINT ( 'NONE', #1903 ) ;
#2654 = PRESENTATION_LAYER_ASSIGNMENT (  '', '', ( #144 ) ) ;
#2655 = CIRCLE ( 'NONE', #590, 3.000000000000000000 ) ;
#2656 = EDGE_CURVE ( 'NONE', #2794, #2153, #1940, .T. ) ;
#2657 = DIRECTION ( 'NONE',  ( -1.000000000000000000, 0.000000000000000000, 0.000000000000000000 ) ) ;
#2658 = PRESENTATION_LAYER_ASSIGNMENT (  '', '', ( #4004 ) ) ;
#2659 = CARTESIAN_POINT ( 'NONE',  ( 0.000000000000000000, 8.091506350946115589, 13.51490010960490729 ) ) ;
#2660 = EDGE_LOOP ( 'NONE', ( #4166, #4419, #1041, #1534, #2509, #4212 ) ) ;
#2661 = ORIENTED_EDGE ( 'NONE', *, *, #1329, .F. ) ;
#2662 = VECTOR ( 'NONE', #386, 1000.000000000000000 ) ;
#2663 = AXIS2_PLACEMENT_3D ( 'NONE', #2499, #4610, #1479 ) ;
#2664 = CARTESIAN_POINT ( 'NONE',  ( 2.000000000000000000, -15.50000000000000000, -1.500000000000000888 ) ) ;
#2665 = VECTOR ( 'NONE', #4410, 1000.000000000000000 ) ;
#2666 = CARTESIAN_POINT ( 'NONE',  ( 6.000000000000000000, -13.42339375865886986, 9.249999999999875655 ) ) ;
#2667 = EDGE_LOOP ( 'NONE', ( #2296, #990, #2193, #2165 ) ) ;
#2668 = ORIENTED_EDGE ( 'NONE', *, *, #3099, .T. ) ;
#2669 = FACE_OUTER_BOUND ( 'NONE', #758, .T. ) ;
#2670 = CARTESIAN_POINT ( 'NONE',  ( 0.000000000000000000, 7.408493649053887076, -13.33188740771269210 ) ) ;
#2671 = ORIENTED_EDGE ( 'NONE', *, *, #2409, .F. ) ;
#2672 = CARTESIAN_POINT ( 'NONE',  ( 0.000000000000000000, 7.000000000000001776, 0.000000000000000000 ) ) ;
#2673 = DIRECTION ( 'NONE',  ( 1.000000000000000000, 0.000000000000000000, 0.000000000000000000 ) ) ;
#2674 = EDGE_CURVE ( 'NONE', #4202, #2894, #1185, .T. ) ;
#2675 = CARTESIAN_POINT ( 'NONE',  ( 0.000000000000000000, -15.75000000000000000, -0.2500000000000002220 ) ) ;
#2676 = EDGE_CURVE ( 'NONE', #825, #2272, #2635, .T. ) ;
#2677 = DIRECTION ( 'NONE',  ( 0.000000000000000000, 0.8660254037844379305, -0.5000000000000013323 ) ) ;
#2678 = DIRECTION ( 'NONE',  ( -1.000000000000000000, 0.000000000000000000, 0.000000000000000000 ) ) ;
#2679 = LINE ( 'NONE', #3422, #130 ) ;
#2680 = PLANE ( 'NONE',  #3389 ) ;
#2681 = EDGE_CURVE ( 'NONE', #462, #1497, #4663, .T. ) ;
#2682 = EDGE_LOOP ( 'NONE', ( #4635, #3777, #1586, #4255 ) ) ;
#2683 = STYLED_ITEM ( 'NONE', ( #1297 ), #750 ) ;
#2684 = DIRECTION ( 'NONE',  ( 1.000000000000000000, 0.000000000000000000, -0.000000000000000000 ) ) ;
#2685 = ORIENTED_EDGE ( 'NONE', *, *, #2841, .F. ) ;
#2686 = ORIENTED_EDGE ( 'NONE', *, *, #183, .F. ) ;
#2687 = DIRECTION ( 'NONE',  ( 0.000000000000000000, 0.000000000000000000, -1.000000000000000000 ) ) ;
#2688 = CARTESIAN_POINT ( 'NONE',  ( 2.000000000000000000, 7.749999999999998224, -14.92339375865880235 ) ) ;
#2689 = ORIENTED_EDGE ( 'NONE', *, *, #4524, .T. ) ;
#2690 =( NAMED_UNIT ( * ) PLANE_ANGLE_UNIT ( ) SI_UNIT ( $, .RADIAN. ) );
#2691 = LINE ( 'NONE', #3698, #987 ) ;
#2692 = LINE ( 'NONE', #476, #1412 ) ;
#2693 = CYLINDRICAL_SURFACE ( 'NONE', #1871, 16.39999999999999858 ) ;
#2694 = DIRECTION ( 'NONE',  ( 1.000000000000000000, 0.000000000000000000, 0.000000000000000000 ) ) ;
#2695 = CARTESIAN_POINT ( 'NONE',  ( 46.10000000000000142, 8.750000000000000000, 8.500000000000001776 ) ) ;
#2696 = SURFACE_STYLE_USAGE ( .BOTH. , #932 ) ;
#2697 = EDGE_LOOP ( 'NONE', ( #625, #4167, #4558, #843 ) ) ;
#2698 =( LENGTH_UNIT ( ) NAMED_UNIT ( * ) SI_UNIT ( .MILLI., .METRE. ) );
#2699 = EDGE_CURVE ( 'NONE', #3948, #833, #694, .T. ) ;
#2700 = EDGE_CURVE ( 'NONE', #3894, #2285, #713, .T. ) ;
#2701 = VECTOR ( 'NONE', #2447, 1000.000000000000000 ) ;
#2702 = DIRECTION ( 'NONE',  ( 1.000000000000000000, 0.000000000000000000, 0.000000000000000000 ) ) ;
#2703 = EDGE_LOOP ( 'NONE', ( #3568, #1276, #680, #540 ) ) ;
#2704 = ORIENTED_EDGE ( 'NONE', *, *, #2437, .T. ) ;
#2705 = MECHANICAL_DESIGN_GEOMETRIC_PRESENTATION_REPRESENTATION (  '', ( #3677 ), #722 ) ;
#2706 = AXIS2_PLACEMENT_3D ( 'NONE', #3655, #1052, #604 ) ;
#2707 = CARTESIAN_POINT ( 'NONE',  ( 21.50000000000000000, 0.000000000000000000, 0.000000000000000000 ) ) ;
#2708 = AXIS2_PLACEMENT_3D ( 'NONE', #3833, #1665, #3194 ) ;
#2709 = STYLED_ITEM ( 'NONE', ( #2186 ), #1160 ) ;
#2710 = PLANE ( 'NONE',  #1409 ) ;
#2711 = DIRECTION ( 'NONE',  ( 1.000000000000000000, 0.000000000000000000, 0.000000000000000000 ) ) ;
#2712 = EDGE_LOOP ( 'NONE', ( #1849, #3639 ) ) ;
#2713 = VECTOR ( 'NONE', #2434, 1000.000000000000000 ) ;
#2714 =( GEOMETRIC_REPRESENTATION_CONTEXT ( 3 ) GLOBAL_UNCERTAINTY_ASSIGNED_CONTEXT ( ( #3291 ) ) GLOBAL_UNIT_ASSIGNED_CONTEXT ( ( #1579, #569, #4528 ) ) REPRESENTATION_CONTEXT ( 'NONE', 'WORKASPACE' ) );
#2715 = CARTESIAN_POINT ( 'NONE',  ( 6.000000000000000000, 0.000000000000000000, 15.50000000000000000 ) ) ;
#2716 = AXIS2_PLACEMENT_3D ( 'NONE', #2577, #743, #1843 ) ;
#2717 = DIRECTION ( 'NONE',  ( 1.000000000000000000, -0.000000000000000000, -0.000000000000000000 ) ) ;
#2718 = CARTESIAN_POINT ( 'NONE',  ( 55.00000000000000000, 0.000000000000000000, 16.39999999999999858 ) ) ;
#2719 = EDGE_CURVE ( 'NONE', #673, #1914, #3015, .T. ) ;
#2720 = LINE ( 'NONE', #616, #1959 ) ;
#2721 = AXIS2_PLACEMENT_3D ( 'NONE', #2187, #3976, #1435 ) ;
#2722 =( NAMED_UNIT ( * ) SI_UNIT ( $, .STERADIAN. ) SOLID_ANGLE_UNIT ( ) );
#2723 = EDGE_CURVE ( 'NONE', #3265, #1918, #1004, .T. ) ;
#2724 = CARTESIAN_POINT ( 'NONE',  ( 46.90000000000000568, 8.750000000000000000, 12.20000000000000284 ) ) ;
#2725 = SURFACE_STYLE_FILL_AREA ( #1648 ) ;
#2726 = CIRCLE ( 'NONE', #3030, 10.00000000000000000 ) ;
#2727 = ORIENTED_EDGE ( 'NONE', *, *, #4220, .F. ) ;
#2728 = CARTESIAN_POINT ( 'NONE',  ( 47.70000000000000284, 8.750000000000000000, 12.20000000000000284 ) ) ;
#2729 =( GEOMETRIC_REPRESENTATION_CONTEXT ( 3 ) GLOBAL_UNCERTAINTY_ASSIGNED_CONTEXT ( ( #3619 ) ) GLOBAL_UNIT_ASSIGNED_CONTEXT ( ( #1610, #141, #1280 ) ) REPRESENTATION_CONTEXT ( 'NONE', 'WORKASPACE' ) );
#2730 = CARTESIAN_POINT ( 'NONE',  ( 0.5000000000000000000, 0.000000000000000000, 12.30000000000000071 ) ) ;
#2731 = EDGE_CURVE ( 'NONE', #1746, #1255, #4510, .T. ) ;
#2732 = VERTEX_POINT ( 'NONE', #4634 ) ;
#2733 = EDGE_CURVE ( 'NONE', #1832, #1271, #3188, .T. ) ;
#2734 = ORIENTED_EDGE ( 'NONE', *, *, #1337, .T. ) ;
#2735 = DIRECTION ( 'NONE',  ( 0.000000000000000000, 0.000000000000000000, 1.000000000000000000 ) ) ;
#2736 = STYLED_ITEM ( 'NONE', ( #710 ), #4192 ) ;
#2737 = LINE ( 'NONE', #4163, #1937 ) ;
#2738 = EDGE_LOOP ( 'NONE', ( #111, #1502, #4426, #4013, #4230, #1447, #940, #3966 ) ) ;
#2739 = EDGE_LOOP ( 'NONE', ( #3287, #1877 ) ) ;
#2740 = DIRECTION ( 'NONE',  ( -1.000000000000000000, 0.000000000000000000, 0.000000000000000000 ) ) ;
#2741 = CARTESIAN_POINT ( 'NONE',  ( 21.50000000000000000, 2.008420750601658954E-15, -16.39999999999999858 ) ) ;
#2742 = DIRECTION ( 'NONE',  ( -1.000000000000000000, 0.000000000000000000, 0.000000000000000000 ) ) ;
#2743 = DIRECTION ( 'NONE',  ( -1.000000000000000000, 0.000000000000000000, 0.000000000000000000 ) ) ;
#2744 = CARTESIAN_POINT ( 'NONE',  ( 2.000000000000000000, 7.008493649053888497, -12.63906708468514140 ) ) ;
#2745 = SURFACE_STYLE_FILL_AREA ( #1292 ) ;
#2746 = MANIFOLD_SOLID_BREP ( '切除-拉伸9', #205 ) ;
#2747 = ORIENTED_EDGE ( 'NONE', *, *, #4389, .T. ) ;
#2748 = CARTESIAN_POINT ( 'NONE',  ( 0.000000000000000000, -16.74038207405221002, 0.2500000000000004996 ) ) ;
#2749 = DIRECTION ( 'NONE',  ( -1.000000000000000000, -0.000000000000000000, -0.000000000000000000 ) ) ;
#2750 = EDGE_LOOP ( 'NONE', ( #2077, #2004, #4021, #1064 ) ) ;
#2751 = ORIENTED_EDGE ( 'NONE', *, *, #753, .F. ) ;
#2752 = ADVANCED_FACE ( 'NONE', ( #4315 ), #1023, .T. ) ;
#2753 = DIRECTION ( 'NONE',  ( -1.000000000000000000, -0.000000000000000000, -0.000000000000000000 ) ) ;
#2754 = CARTESIAN_POINT ( 'NONE',  ( 47.70000000000000284, 8.750000000000000000, 15.70000000000000284 ) ) ;
#2755 = ORIENTED_EDGE ( 'NONE', *, *, #3241, .T. ) ;
#2756 = VERTEX_POINT ( 'NONE', #1819 ) ;
#2757 = CARTESIAN_POINT ( 'NONE',  ( 2.000000000000000000, 7.750000000000006217, 13.42339375865879703 ) ) ;
#2758 = EDGE_CURVE ( 'NONE', #1162, #520, #3612, .T. ) ;
#2759 = EDGE_CURVE ( 'NONE', #1238, #4183, #2793, .T. ) ;
#2760 = SURFACE_SIDE_STYLE ('',( #2113 ) ) ;
#2761 = LINE ( 'NONE', #4189, #2552 ) ;
#2762 = LINE ( 'NONE', #224, #1885 ) ;
#2763 = CARTESIAN_POINT ( 'NONE',  ( -8.300000000000002487, 4.500000000000000888, 1.658312395177700349 ) ) ;
#2764 = CARTESIAN_POINT ( 'NONE',  ( 0.000000000000000000, 7.750000000000006217, 13.42339375865879703 ) ) ;
#2765 = DIRECTION ( 'NONE',  ( 0.000000000000000000, -0.8660254037844398178, 0.4999999999999977796 ) ) ;
#2766 = ORIENTED_EDGE ( 'NONE', *, *, #3069, .T. ) ;
#2767 = DIRECTION ( 'NONE',  ( 1.000000000000000000, 0.000000000000000000, 0.000000000000000000 ) ) ;
#2768 = VECTOR ( 'NONE', #206, 1000.000000000000000 ) ;
#2769 = DIRECTION ( 'NONE',  ( 0.000000000000000000, 0.000000000000000000, -1.000000000000000000 ) ) ;
#2770 = VECTOR ( 'NONE', #2060, 1000.000000000000000 ) ;
#2771 = ORIENTED_EDGE ( 'NONE', *, *, #4611, .F. ) ;
#2772 = ORIENTED_EDGE ( 'NONE', *, *, #3732, .F. ) ;
#2773 = CIRCLE ( 'NONE', #3075, 18.30000000000000071 ) ;
#2774 = CARTESIAN_POINT ( 'NONE',  ( 55.00000000000000000, 0.000000000000000000, 0.000000000000000000 ) ) ;
#2775 = CARTESIAN_POINT ( 'NONE',  ( 0.000000000000000000, 0.000000000000000000, 10.90000000000000391 ) ) ;
#2776 = AXIS2_PLACEMENT_3D ( 'NONE', #3909, #246, #3135 ) ;
#2777 = DIRECTION ( 'NONE',  ( 0.000000000000000000, 0.000000000000000000, 1.000000000000000000 ) ) ;
#2778 = VECTOR ( 'NONE', #3626, 1000.000000000000000 ) ;
#2779 = ORIENTED_EDGE ( 'NONE', *, *, #2616, .T. ) ;
#2780 = FILL_AREA_STYLE_COLOUR ( '', #2803 ) ;
#2781 = COLOUR_RGB ( '',1.000000000000000000, 1.000000000000000000, 1.000000000000000000 ) ;
#2782 = AXIS2_PLACEMENT_3D ( 'NONE', #909, #2356, #221 ) ;
#2783 = DIRECTION ( 'NONE',  ( -1.000000000000000000, -0.000000000000000000, -0.000000000000000000 ) ) ;
#2784 = DIRECTION ( 'NONE',  ( -1.000000000000000000, -0.000000000000000000, -0.000000000000000000 ) ) ;
#2785 = DIRECTION ( 'NONE',  ( -0.000000000000000000, 0.000000000000000000, -1.000000000000000000 ) ) ;
#2786 = EDGE_CURVE ( 'NONE', #1595, #1821, #2645, .T. ) ;
#2787 = CIRCLE ( 'NONE', #1876, 1.500000000000001332 ) ;
#2788 = EDGE_CURVE ( 'NONE', #3714, #4446, #355, .T. ) ;
#2789 = SURFACE_SIDE_STYLE ('',( #1338 ) ) ;
#2790 = AXIS2_PLACEMENT_3D ( 'NONE', #4248, #667, #4222 ) ;
#2791 = VECTOR ( 'NONE', #3120, 1000.000000000000227 ) ;
#2792 = DIRECTION ( 'NONE',  ( 0.000000000000000000, 0.000000000000000000, 1.000000000000000000 ) ) ;
#2793 = LINE ( 'NONE', #3915, #3532 ) ;
#2794 = VERTEX_POINT ( 'NONE', #983 ) ;
#2795 = SURFACE_STYLE_FILL_AREA ( #3609 ) ;
#2796 =( GEOMETRIC_REPRESENTATION_CONTEXT ( 3 ) GLOBAL_UNCERTAINTY_ASSIGNED_CONTEXT ( ( #2200 ) ) GLOBAL_UNIT_ASSIGNED_CONTEXT ( ( #4362, #409, #4012 ) ) REPRESENTATION_CONTEXT ( 'NONE', 'WORKASPACE' ) );
#2797 = AXIS2_PLACEMENT_3D ( 'NONE', #2672, #495, #3295 ) ;
#2798 = DIRECTION ( 'NONE',  ( 1.000000000000000000, -0.000000000000000000, -0.000000000000000000 ) ) ;
#2799 = DIRECTION ( 'NONE',  ( 0.000000000000000000, 0.000000000000000000, 1.000000000000000000 ) ) ;
#2800 = ADVANCED_FACE ( 'NONE', ( #3165, #4593 ), #1371, .F. ) ;
#2801 = VERTEX_POINT ( 'NONE', #2262 ) ;
#2802 = ORIENTED_EDGE ( 'NONE', *, *, #310, .F. ) ;
#2803 = COLOUR_RGB ( '',0.7960784313725489669, 0.8235294117647058432, 0.9372549019607843146 ) ;
#2804 = CARTESIAN_POINT ( 'NONE',  ( 0.5000000000000004441, 2.241103642439656682E-15, -18.30000000000000071 ) ) ;
#2805 = AXIS2_PLACEMENT_3D ( 'NONE', #211, #165, #4162 ) ;
#2806 = DIRECTION ( 'NONE',  ( 1.000000000000000000, -0.000000000000000000, -0.000000000000000000 ) ) ;
#2807 = ORIENTED_EDGE ( 'NONE', *, *, #567, .F. ) ;
#2808 = ORIENTED_EDGE ( 'NONE', *, *, #2204, .T. ) ;
#2809 = CARTESIAN_POINT ( 'NONE',  ( -6.000000000000000000, 7.000000000000000000, 0.000000000000000000 ) ) ;
#2810 = PRESENTATION_LAYER_ASSIGNMENT (  '', '', ( #227 ) ) ;
#2811 = DIRECTION ( 'NONE',  ( -0.000000000000000000, -1.000000000000000000, -0.000000000000000000 ) ) ;
#2812 = FILL_AREA_STYLE_COLOUR ( '', #157 ) ;
#2813 = FILL_AREA_STYLE ('',( #3157 ) ) ;
#2814 = CARTESIAN_POINT ( 'NONE',  ( 2.000000000000000000, -15.50000000000000000, -8.673617379884035472E-16 ) ) ;
#2815 = PLANE ( 'NONE',  #1580 ) ;
#2816 = DIRECTION ( 'NONE',  ( 0.000000000000000000, 0.000000000000000000, 1.000000000000000000 ) ) ;
#2817 = EDGE_CURVE ( 'NONE', #4403, #4440, #966, .T. ) ;
#2818 = ADVANCED_FACE ( 'NONE', ( #4084 ), #3278, .T. ) ;
#2819 = DIRECTION ( 'NONE',  ( 0.000000000000000000, 0.8660254037844330455, 0.5000000000000098810 ) ) ;
#2820 = ORIENTED_EDGE ( 'NONE', *, *, #4611, .T. ) ;
#2821 = EDGE_CURVE ( 'NONE', #1024, #2564, #1576, .T. ) ;
#2822 = ORIENTED_EDGE ( 'NONE', *, *, #3477, .T. ) ;
#2823 = EDGE_LOOP ( 'NONE', ( #925, #4347, #871, #1393 ) ) ;
#2824 = AXIS2_PLACEMENT_3D ( 'NONE', #3579, #2543, #3299 ) ;
#2825 = FILL_AREA_STYLE ('',( #2486 ) ) ;
#2826 = CARTESIAN_POINT ( 'NONE',  ( 2.000000000000000000, 6.965673326026335488, -14.16490010960491119 ) ) ;
#2827 = ORIENTED_EDGE ( 'NONE', *, *, #960, .T. ) ;
#2828 = VERTEX_POINT ( 'NONE', #3000 ) ;
#2829 = LINE ( 'NONE', #2848, #3918 ) ;
#2830 = DIRECTION ( 'NONE',  ( 0.000000000000000000, 1.000000000000000000, 1.224646799147353207E-16 ) ) ;
#2831 = LINE ( 'NONE', #2448, #1971 ) ;
#2832 = DIRECTION ( 'NONE',  ( 0.000000000000000000, 0.000000000000000000, -1.000000000000000000 ) ) ;
#2833 = LINE ( 'NONE', #1736, #1643 ) ;
#2834 = CARTESIAN_POINT ( 'NONE',  ( 0.000000000000000000, 8.491506350946107062, -14.20772043263246154 ) ) ;
#2835 = SURFACE_STYLE_FILL_AREA ( #639 ) ;
#2836 = ORIENTED_EDGE ( 'NONE', *, *, #781, .F. ) ;
#2837 = CARTESIAN_POINT ( 'NONE',  ( 20.49999999999999645, 2.118638962524921140E-15, 17.30000000000000071 ) ) ;
#2838 = CARTESIAN_POINT ( 'NONE',  ( 0.000000000000000000, -15.50000000000000000, -8.673617379884035472E-16 ) ) ;
#2839 = DIRECTION ( 'NONE',  ( 0.000000000000000000, 0.000000000000000000, 1.000000000000000000 ) ) ;
#2840 = EDGE_LOOP ( 'NONE', ( #2946, #1609 ) ) ;
#2841 = EDGE_CURVE ( 'NONE', #897, #3789, #2290, .T. ) ;
#2842 = EDGE_LOOP ( 'NONE', ( #4595, #1105 ) ) ;
#2843 = ADVANCED_FACE ( 'NONE', ( #2544 ), #3656, .F. ) ;
#2844 =( NAMED_UNIT ( * ) SI_UNIT ( $, .STERADIAN. ) SOLID_ANGLE_UNIT ( ) );
#2845 = DIRECTION ( 'NONE',  ( -1.000000000000000000, 0.000000000000000000, 0.000000000000000000 ) ) ;
#2846 = ORIENTED_EDGE ( 'NONE', *, *, #944, .T. ) ;
#2847 = ORIENTED_EDGE ( 'NONE', *, *, #2616, .F. ) ;
#2848 = CARTESIAN_POINT ( 'NONE',  ( 0.000000000000000000, -15.25000000000000000, -0.2500000000000002220 ) ) ;
#2849 = DIRECTION ( 'NONE',  ( -0.000000000000000000, -0.8660254037844381525, 0.5000000000000008882 ) ) ;
#2850 = AXIS2_PLACEMENT_3D ( 'NONE', #2131, #3571, #323 ) ;
#2851 = CARTESIAN_POINT ( 'NONE',  ( 47.70000000000000284, -7.950000000000000178, 10.90000000000000391 ) ) ;
#2852 = FACE_OUTER_BOUND ( 'NONE', #1143, .T. ) ;
#2853 = CYLINDRICAL_SURFACE ( 'NONE', #47, 6.000000000000000888 ) ;
#2854 = CIRCLE ( 'NONE', #1638, 2.000000000000000000 ) ;
#2855 = PLANE ( 'NONE',  #2258 ) ;
#2856 = CARTESIAN_POINT ( 'NONE',  ( 0.2000000000000000111, 7.750000000000006217, 11.92339375865880235 ) ) ;
#2857 = MECHANICAL_DESIGN_GEOMETRIC_PRESENTATION_REPRESENTATION (  '', ( #2709 ), #2932 ) ;
#2858 = DIRECTION ( 'NONE',  ( -1.000000000000000000, -0.000000000000000000, -0.000000000000000000 ) ) ;
#2859 = ORIENTED_EDGE ( 'NONE', *, *, #2455, .T. ) ;
#2860 = EDGE_CURVE ( 'NONE', #4064, #3945, #2212, .T. ) ;
#2861 = CARTESIAN_POINT ( 'NONE',  ( 0.000000000000000000, 0.000000000000000000, 0.000000000000000000 ) ) ;
#2862 = VECTOR ( 'NONE', #2027, 1000.000000000000000 ) ;
#2863 = ADVANCED_FACE ( 'NONE', ( #3300 ), #4412, .T. ) ;
#2864 = DIRECTION ( 'NONE',  ( 1.000000000000000000, 0.000000000000000000, 0.000000000000000000 ) ) ;
#2865 = AXIS2_PLACEMENT_3D ( 'NONE', #4438, #4392, #1153 ) ;
#2866 = VERTEX_POINT ( 'NONE', #2624 ) ;
#2867 = ORIENTED_EDGE ( 'NONE', *, *, #3846, .F. ) ;
#2868 = PRESENTATION_LAYER_ASSIGNMENT (  '', '', ( #747 ) ) ;
#2869 = EDGE_CURVE ( 'NONE', #2411, #4513, #461, .T. ) ;
#2870 = EDGE_CURVE ( 'NONE', #1798, #1351, #81, .T. ) ;
#2871 = CARTESIAN_POINT ( 'NONE',  ( 46.90000000000000568, -7.949999999999998401, 12.20000000000000284 ) ) ;
#2872 = ORIENTED_EDGE ( 'NONE', *, *, #3806, .F. ) ;
#2873 = ORIENTED_EDGE ( 'NONE', *, *, #3469, .T. ) ;
#2874 = CARTESIAN_POINT ( 'NONE',  ( 0.000000000000000000, 7.441506350946116122, 12.38906708468513784 ) ) ;
#2875 = DIRECTION ( 'NONE',  ( 0.000000000000000000, 0.000000000000000000, -1.000000000000000000 ) ) ;
#2876 = VECTOR ( 'NONE', #3754, 1000.000000000000000 ) ;
#2877 = COLOUR_RGB ( '',0.7960784313725489669, 0.8235294117647058432, 0.9372549019607843146 ) ;
#2878 = DIRECTION ( 'NONE',  ( 0.000000000000000000, 0.000000000000000000, 1.000000000000000000 ) ) ;
#2879 = EDGE_CURVE ( 'NONE', #2272, #3759, #2332, .T. ) ;
#2880 = CARTESIAN_POINT ( 'NONE',  ( 2.000000000000000000, 6.715673326026336376, -13.73188740771269245 ) ) ;
#2881 = SURFACE_STYLE_FILL_AREA ( #2919 ) ;
#2882 = COLOUR_RGB ( '',0.8941176470588234615, 0.9137254901960784048, 0.9294117647058823817 ) ;
#2883 = AXIS2_PLACEMENT_3D ( 'NONE', #2238, #2694, #4108 ) ;
#2884 = DIRECTION ( 'NONE',  ( 1.000000000000000000, -0.000000000000000000, -0.000000000000000000 ) ) ;
#2885 = PLANE ( 'NONE',  #676 ) ;
#2886 = AXIS2_PLACEMENT_3D ( 'NONE', #3217, #734, #2878 ) ;
#2887 = CARTESIAN_POINT ( 'NONE',  ( 0.000000000000000000, 7.441506350946108128, -12.38906708468514140 ) ) ;
#2888 = ORIENTED_EDGE ( 'NONE', *, *, #896, .F. ) ;
#2889 = CARTESIAN_POINT ( 'NONE',  ( 2.000000000000000000, -15.75000000000000000, -1.050000000000000044 ) ) ;
#2890 = ORIENTED_EDGE ( 'NONE', *, *, #1539, .F. ) ;
#2891 = ORIENTED_EDGE ( 'NONE', *, *, #947, .F. ) ;
#2892 = SURFACE_STYLE_USAGE ( .BOTH. , #1083 ) ;
#2893 = ORIENTED_EDGE ( 'NONE', *, *, #2501, .T. ) ;
#2894 = VERTEX_POINT ( 'NONE', #1913 ) ;
#2895 = PRESENTATION_STYLE_ASSIGNMENT (( #4605 ) ) ;
#2896 = PLANE ( 'NONE',  #423 ) ;
#2897 = CARTESIAN_POINT ( 'NONE',  ( 2.000000000000000000, -15.50000000000000000, -8.673617379884035472E-16 ) ) ;
#2898 =( NAMED_UNIT ( * ) PLANE_ANGLE_UNIT ( ) SI_UNIT ( $, .RADIAN. ) );
#2899 = CARTESIAN_POINT ( 'NONE',  ( 0.000000000000000000, 6.715673326026347034, 13.73188740771268890 ) ) ;
#2900 = ADVANCED_FACE ( 'NONE', ( #813 ), #3353, .T. ) ;
#2901 = ADVANCED_FACE ( 'NONE', ( #1575 ), #2310, .T. ) ;
#2902 = CARTESIAN_POINT ( 'NONE',  ( 0.5000000000000004441, 0.000000000000000000, 0.000000000000000000 ) ) ;
#2903 = DIRECTION ( 'NONE',  ( 1.000000000000000000, -0.000000000000000000, -0.000000000000000000 ) ) ;
#2904 = LINE ( 'NONE', #3493, #2928 ) ;
#2905 = DIRECTION ( 'NONE',  ( 1.000000000000000000, -0.000000000000000000, -0.000000000000000000 ) ) ;
#2906 = EDGE_LOOP ( 'NONE', ( #3013, #1213, #1633, #45 ) ) ;
#2907 = CARTESIAN_POINT ( 'NONE',  ( 0.000000000000000000, 7.658493649053896846, 13.76490010960490729 ) ) ;
#2908 = CARTESIAN_POINT ( 'NONE',  ( 0.000000000000000000, -16.54999999999999716, -0.2500000000000002220 ) ) ;
#2909 = CARTESIAN_POINT ( 'NONE',  ( 2.000000000000000000, -15.25000000000000000, 1.050000000000000044 ) ) ;
#2910 = ORIENTED_EDGE ( 'NONE', *, *, #258, .F. ) ;
#2911 = ORIENTED_EDGE ( 'NONE', *, *, #3436, .T. ) ;
#2912 = LINE ( 'NONE', #3314, #3725 ) ;
#2913 = VERTEX_POINT ( 'NONE', #4107 ) ;
#2914 = ORIENTED_EDGE ( 'NONE', *, *, #4022, .F. ) ;
#2915 = FILL_AREA_STYLE_COLOUR ( '', #2265 ) ;
#2916 = AXIS2_PLACEMENT_3D ( 'NONE', #1168, #2568, #3738 ) ;
#2917 = DIRECTION ( 'NONE',  ( -1.000000000000000000, -0.000000000000000000, -0.000000000000000000 ) ) ;
#2918 = FILL_AREA_STYLE_COLOUR ( '', #2551 ) ;
#2919 = FILL_AREA_STYLE ('',( #2471 ) ) ;
#2920 = PLANE ( 'NONE',  #3236 ) ;
#2921 = DIRECTION ( 'NONE',  ( -1.000000000000000000, 0.000000000000000000, 0.000000000000000000 ) ) ;
#2922 = EDGE_CURVE ( 'NONE', #1284, #489, #127, .T. ) ;
#2923 = DIRECTION ( 'NONE',  ( 0.000000000000000000, 0.000000000000000000, -1.000000000000000000 ) ) ;
#2924 = ADVANCED_FACE ( 'NONE', ( #500 ), #1444, .F. ) ;
#2925 = DIRECTION ( 'NONE',  ( 0.000000000000000000, -0.8660254037844397068, 0.4999999999999979461 ) ) ;
#2926 = AXIS2_PLACEMENT_3D ( 'NONE', #1229, #4121, #4105 ) ;
#2927 = EDGE_LOOP ( 'NONE', ( #749, #1239 ) ) ;
#2928 = VECTOR ( 'NONE', #330, 1000.000000000000000 ) ;
#2929 = DIRECTION ( 'NONE',  ( 1.000000000000000000, -0.000000000000000000, -0.000000000000000000 ) ) ;
#2930 = LINE ( 'NONE', #1701, #1054 ) ;
#2931 = STYLED_ITEM ( 'NONE', ( #99 ), #2292 ) ;
#2932 =( GEOMETRIC_REPRESENTATION_CONTEXT ( 3 ) GLOBAL_UNCERTAINTY_ASSIGNED_CONTEXT ( ( #2207 ) ) GLOBAL_UNIT_ASSIGNED_CONTEXT ( ( #1386, #22, #687 ) ) REPRESENTATION_CONTEXT ( 'NONE', 'WORKASPACE' ) );
#2933 = DIRECTION ( 'NONE',  ( 0.000000000000000000, -0.000000000000000000, 1.000000000000000000 ) ) ;
#2934 = CARTESIAN_POINT ( 'NONE',  ( 0.000000000000000000, -14.45000000000000107, 0.2500000000000002220 ) ) ;
#2935 = ORIENTED_EDGE ( 'NONE', *, *, #3732, .T. ) ;
#2936 = DIRECTION ( 'NONE',  ( 1.000000000000000000, -0.000000000000000000, -0.000000000000000000 ) ) ;
#2937 = VECTOR ( 'NONE', #3121, 1000.000000000000000 ) ;
#2938 = CIRCLE ( 'NONE', #338, 2.000000000000000000 ) ;
#2939 = STYLED_ITEM ( 'NONE', ( #3191 ), #2962 ) ;
#2940 = DIRECTION ( 'NONE',  ( -1.000000000000000000, 0.000000000000000000, 0.000000000000000000 ) ) ;
#2941 = ORIENTED_EDGE ( 'NONE', *, *, #1010, .F. ) ;
#2942 = EDGE_LOOP ( 'NONE', ( #2484, #3098, #3762, #3895 ) ) ;
#2943 =( NAMED_UNIT ( * ) SI_UNIT ( $, .STERADIAN. ) SOLID_ANGLE_UNIT ( ) );
#2944 = PRESENTATION_LAYER_ASSIGNMENT (  '', '', ( #2569 ) ) ;
#2945 = CARTESIAN_POINT ( 'NONE',  ( 55.00000000000000000, 0.000000000000000000, 16.39999999999999858 ) ) ;
#2946 = ORIENTED_EDGE ( 'NONE', *, *, #3492, .F. ) ;
#2947 = CARTESIAN_POINT ( 'NONE',  ( 46.90000000000000568, 8.750000000000000000, 12.20000000000000284 ) ) ;
#2948 = CARTESIAN_POINT ( 'NONE',  ( 46.10000000000000142, 0.000000000000000000, 0.000000000000000000 ) ) ;
#2949 = SURFACE_SIDE_STYLE ('',( #3298 ) ) ;
#2950 = SURFACE_STYLE_USAGE ( .BOTH. , #477 ) ;
#2951 = CARTESIAN_POINT ( 'NONE',  ( 21.50000000000000000, 2.241103642439656682E-15, -18.30000000000000071 ) ) ;
#2952 = AXIS2_PLACEMENT_3D ( 'NONE', #1246, #2978, #1960 ) ;
#2953 = VERTEX_POINT ( 'NONE', #4296 ) ;
#2954 = DIRECTION ( 'NONE',  ( 0.000000000000000000, -0.8660254037844398178, 0.4999999999999977796 ) ) ;
#2955 = EDGE_CURVE ( 'NONE', #2794, #2281, #3611, .T. ) ;
#2956 = EDGE_CURVE ( 'NONE', #62, #2424, #1745, .T. ) ;
#2957 = CIRCLE ( 'NONE', #641, 16.39999999999999858 ) ;
#2958 = FILL_AREA_STYLE ('',( #2553 ) ) ;
#2959 = CARTESIAN_POINT ( 'NONE',  ( 46.90000000000000568, 7.950000000000000178, 10.90000000000000391 ) ) ;
#2960 = EDGE_LOOP ( 'NONE', ( #633, #3036, #2034, #4554 ) ) ;
#2961 = ORIENTED_EDGE ( 'NONE', *, *, #1038, .F. ) ;
#2962 = ADVANCED_FACE ( 'NONE', ( #4228 ), #2508, .F. ) ;
#2963 = DIRECTION ( 'NONE',  ( -1.000000000000000000, 0.000000000000000000, -0.000000000000000000 ) ) ;
#2964 = DIRECTION ( 'NONE',  ( 1.000000000000000000, -0.000000000000000000, -0.000000000000000000 ) ) ;
#2965 = ORIENTED_EDGE ( 'NONE', *, *, #2676, .T. ) ;
#2966 = EDGE_LOOP ( 'NONE', ( #3433, #1031, #4625, #1522 ) ) ;
#2967 = DIRECTION ( 'NONE',  ( 0.000000000000000000, 0.000000000000000000, 1.000000000000000000 ) ) ;
#2968 = SURFACE_STYLE_USAGE ( .BOTH. , #1945 ) ;
#2969 = UNCERTAINTY_MEASURE_WITH_UNIT (LENGTH_MEASURE( 1.000000000000000082E-05 ), #2128, 'distance_accuracy_value', 'NONE');
#2970 =( NAMED_UNIT ( * ) PLANE_ANGLE_UNIT ( ) SI_UNIT ( $, .RADIAN. ) );
#2971 = ORIENTED_EDGE ( 'NONE', *, *, #2301, .F. ) ;
#2972 = DIRECTION ( 'NONE',  ( 0.000000000000000000, 0.000000000000000000, -1.000000000000000000 ) ) ;
#2973 = CARTESIAN_POINT ( 'NONE',  ( 21.50000000000000000, 0.000000000000000000, 0.000000000000000000 ) ) ;
#2974 =( NAMED_UNIT ( * ) SI_UNIT ( $, .STERADIAN. ) SOLID_ANGLE_UNIT ( ) );
#2975 = DIRECTION ( 'NONE',  ( -0.000000000000000000, 0.8660254037844378194, -0.5000000000000013323 ) ) ;
#2976 = EDGE_LOOP ( 'NONE', ( #2366, #2704, #359, #1398 ) ) ;
#2977 = DIRECTION ( 'NONE',  ( 0.000000000000000000, 0.000000000000000000, 1.000000000000000000 ) ) ;
#2978 = DIRECTION ( 'NONE',  ( -1.000000000000000000, -0.000000000000000000, -0.000000000000000000 ) ) ;
#2979 = DIRECTION ( 'NONE',  ( 0.000000000000000000, 0.8660254037844330455, 0.5000000000000098810 ) ) ;
#2980 = CARTESIAN_POINT ( 'NONE',  ( 0.000000000000000000, 0.000000000000000000, 0.000000000000000000 ) ) ;
#2981 = ORIENTED_EDGE ( 'NONE', *, *, #2164, .F. ) ;
#2982 = VERTEX_POINT ( 'NONE', #4253 ) ;
#2983 = FILL_AREA_STYLE_COLOUR ( '', #865 ) ;
#2984 = ADVANCED_FACE ( 'NONE', ( #989 ), #3943, .F. ) ;
#2985 = CARTESIAN_POINT ( 'NONE',  ( 0.000000000000000000, 8.534326673973657407, -12.68188740771269352 ) ) ;
#2986 = ORIENTED_EDGE ( 'NONE', *, *, #4534, .T. ) ;
#2987 = EDGE_CURVE ( 'NONE', #2756, #250, #4668, .T. ) ;
#2988 = ORIENTED_EDGE ( 'NONE', *, *, #781, .T. ) ;
#2989 = PLANE ( 'NONE',  #898 ) ;
#2990 = CARTESIAN_POINT ( 'NONE',  ( 0.000000000000000000, -15.75000000000000000, 1.050000000000000044 ) ) ;
#2991 = STYLED_ITEM ( 'NONE', ( #2533 ), #657 ) ;
#2992 = CARTESIAN_POINT ( 'NONE',  ( 0.5000000000000004441, 0.000000000000000000, 0.000000000000000000 ) ) ;
#2993 = ORIENTED_EDGE ( 'NONE', *, *, #2955, .T. ) ;
#2994 = EDGE_CURVE ( 'NONE', #1271, #169, #3022, .T. ) ;
#2995 = PRESENTATION_LAYER_ASSIGNMENT (  '', '', ( #3509 ) ) ;
#2996 = DIRECTION ( 'NONE',  ( 0.000000000000000000, 0.8660254037844390407, 0.4999999999999992784 ) ) ;
#2997 = FACE_OUTER_BOUND ( 'NONE', #4572, .T. ) ;
#2998 = VECTOR ( 'NONE', #3110, 1000.000000000000000 ) ;
#2999 =( NAMED_UNIT ( * ) SI_UNIT ( $, .STERADIAN. ) SOLID_ANGLE_UNIT ( ) );
#3000 = CARTESIAN_POINT ( 'NONE',  ( 0.5000000000000000000, 7.163571428571426480, -9.998662129892933237 ) ) ;
#3001 = ORIENTED_EDGE ( 'NONE', *, *, #2, .F. ) ;
#3002 = LINE ( 'NONE', #85, #1739 ) ;
#3003 = CARTESIAN_POINT ( 'NONE',  ( 2.000000000000000000, 8.091506350946115589, 13.51490010960490729 ) ) ;
#3004 = ORIENTED_EDGE ( 'NONE', *, *, #115, .F. ) ;
#3005 = ORIENTED_EDGE ( 'NONE', *, *, #3984, .F. ) ;
#3006 =( GEOMETRIC_REPRESENTATION_CONTEXT ( 3 ) GLOBAL_UNCERTAINTY_ASSIGNED_CONTEXT ( ( #4098 ) ) GLOBAL_UNIT_ASSIGNED_CONTEXT ( ( #307, #4285, #686 ) ) REPRESENTATION_CONTEXT ( 'NONE', 'WORKASPACE' ) );
#3007 = AXIS2_PLACEMENT_3D ( 'NONE', #1673, #1641, #4523 ) ;
#3008 = DIRECTION ( 'NONE',  ( -1.000000000000000000, -0.000000000000000000, -0.000000000000000000 ) ) ;
#3009 = AXIS2_PLACEMENT_3D ( 'NONE', #3176, #4236, #994 ) ;
#3010 = FACE_OUTER_BOUND ( 'NONE', #2465, .T. ) ;
#3011 = ORIENTED_EDGE ( 'NONE', *, *, #1201, .T. ) ;
#3012 = AXIS2_PLACEMENT_3D ( 'NONE', #2838, #4267, #1823 ) ;
#3013 = ORIENTED_EDGE ( 'NONE', *, *, #2080, .F. ) ;
#3014 = EDGE_CURVE ( 'NONE', #2463, #849, #316, .T. ) ;
#3015 = CIRCLE ( 'NONE', #1879, 17.30000000000000071 ) ;
#3016 = STYLED_ITEM ( 'NONE', ( #4194 ), #1653 ) ;
#3017 = EDGE_CURVE ( 'NONE', #4183, #3364, #1767, .T. ) ;
#3018 = UNCERTAINTY_MEASURE_WITH_UNIT (LENGTH_MEASURE( 1.000000000000000082E-05 ), #35, 'distance_accuracy_value', 'NONE');
#3019 = DIRECTION ( 'NONE',  ( 1.000000000000000000, -0.000000000000000000, -0.000000000000000000 ) ) ;
#3020 = FACE_OUTER_BOUND ( 'NONE', #454, .T. ) ;
#3021 = ORIENTED_EDGE ( 'NONE', *, *, #4138, .T. ) ;
#3022 = CIRCLE ( 'NONE', #2482, 3.000000000000000000 ) ;
#3023 = CARTESIAN_POINT ( 'NONE',  ( 2.000000000000000000, 8.534326673973666288, 12.68188740771268641 ) ) ;
#3024 = DIRECTION ( 'NONE',  ( 1.000000000000000000, -0.000000000000000000, -0.000000000000000000 ) ) ;
#3025 = EDGE_CURVE ( 'NONE', #640, #1154, #1415, .T. ) ;
#3026 =( GEOMETRIC_REPRESENTATION_CONTEXT ( 3 ) GLOBAL_UNCERTAINTY_ASSIGNED_CONTEXT ( ( #723 ) ) GLOBAL_UNIT_ASSIGNED_CONTEXT ( ( #3251, #4245, #3954 ) ) REPRESENTATION_CONTEXT ( 'NONE', 'WORKASPACE' ) );
#3027 = CARTESIAN_POINT ( 'NONE',  ( 0.5000000000000000000, 7.163571428571429145, 9.998662129892933237 ) ) ;
#3028 =( NAMED_UNIT ( * ) PLANE_ANGLE_UNIT ( ) SI_UNIT ( $, .RADIAN. ) );
#3029 = DIRECTION ( 'NONE',  ( 0.000000000000000000, -0.5000000000000013323, -0.8660254037844379305 ) ) ;
#3030 = AXIS2_PLACEMENT_3D ( 'NONE', #4494, #4168, #2015 ) ;
#3031 = EDGE_CURVE ( 'NONE', #2483, #3235, #3232, .T. ) ;
#3032 = DIRECTION ( 'NONE',  ( 0.000000000000000000, -0.000000000000000000, 1.000000000000000000 ) ) ;
#3033 = LINE ( 'NONE', #4110, #3083 ) ;
#3034 = CARTESIAN_POINT ( 'NONE',  ( 46.10000000000000142, -8.750000000000000000, 15.70000000000000284 ) ) ;
#3035 = ORIENTED_EDGE ( 'NONE', *, *, #3025, .T. ) ;
#3036 = ORIENTED_EDGE ( 'NONE', *, *, #2301, .T. ) ;
#3037 =( GEOMETRIC_REPRESENTATION_CONTEXT ( 3 ) GLOBAL_UNCERTAINTY_ASSIGNED_CONTEXT ( ( #4382 ) ) GLOBAL_UNIT_ASSIGNED_CONTEXT ( ( #3205, #3582, #83 ) ) REPRESENTATION_CONTEXT ( 'NONE', 'WORKASPACE' ) );
#3038 = CIRCLE ( 'NONE', #4383, 18.30000000000000071 ) ;
#3039 = VECTOR ( 'NONE', #1526, 1000.000000000000000 ) ;
#3040 = CARTESIAN_POINT ( 'NONE',  ( 47.70000000000000284, 7.950000000000000178, 10.90000000000000391 ) ) ;
#3041 = VECTOR ( 'NONE', #3024, 1000.000000000000000 ) ;
#3042 = ORIENTED_EDGE ( 'NONE', *, *, #373, .T. ) ;
#3043 = ORIENTED_EDGE ( 'NONE', *, *, #1505, .T. ) ;
#3044 = FILL_AREA_STYLE ('',( #3763 ) ) ;
#3045 = DIRECTION ( 'NONE',  ( -0.000000000000000000, -0.000000000000000000, 1.000000000000000000 ) ) ;
#3046 = DIRECTION ( 'NONE',  ( 0.000000000000000000, 0.000000000000000000, -1.000000000000000000 ) ) ;
#3047 = VERTEX_POINT ( 'NONE', #2529 ) ;
#3048 = DIRECTION ( 'NONE',  ( 0.000000000000000000, 0.000000000000000000, -1.000000000000000000 ) ) ;
#3049 = CARTESIAN_POINT ( 'NONE',  ( 51.89999999999999858, 0.000000000000000000, 0.000000000000000000 ) ) ;
#3050 = CARTESIAN_POINT ( 'NONE',  ( 2.000000000000000000, 7.841506350946106707, -13.08188740771269210 ) ) ;
#3051 = EDGE_CURVE ( 'NONE', #16, #1277, #4365, .T. ) ;
#3052 = EDGE_CURVE ( 'NONE', #462, #1635, #891, .T. ) ;
#3053 =( NAMED_UNIT ( * ) SI_UNIT ( $, .STERADIAN. ) SOLID_ANGLE_UNIT ( ) );
#3054 = DIRECTION ( 'NONE',  ( 0.000000000000000000, -0.8660254037844363761, -0.5000000000000039968 ) ) ;
#3055 = LINE ( 'NONE', #914, #1786 ) ;
#3056 = ORIENTED_EDGE ( 'NONE', *, *, #3359, .T. ) ;
#3057 = ORIENTED_EDGE ( 'NONE', *, *, #2294, .T. ) ;
#3058 = EDGE_LOOP ( 'NONE', ( #584, #1196, #2199, #3588 ) ) ;
#3059 = FACE_OUTER_BOUND ( 'NONE', #3302, .T. ) ;
#3060 = DIRECTION ( 'NONE',  ( -1.000000000000000000, 0.000000000000000000, 0.000000000000000000 ) ) ;
#3061 = FACE_OUTER_BOUND ( 'NONE', #1545, .T. ) ;
#3062 = VERTEX_POINT ( 'NONE', #3843 ) ;
#3063 = EDGE_CURVE ( 'NONE', #2644, #74, #4218, .T. ) ;
#3064 = PLANE ( 'NONE',  #3849 ) ;
#3065 = CARTESIAN_POINT ( 'NONE',  ( 0.000000000000000000, -15.25000000000000000, 0.2500000000000002220 ) ) ;
#3066 = CYLINDRICAL_SURFACE ( 'NONE', #3750, 1.499999999999996225 ) ;
#3067 = LINE ( 'NONE', #1694, #728 ) ;
#3068 = SURFACE_STYLE_FILL_AREA ( #3816 ) ;
#3069 = EDGE_CURVE ( 'NONE', #2608, #995, #2762, .T. ) ;
#3070 = CARTESIAN_POINT ( 'NONE',  ( 2.000000000000000000, 7.750000000000006217, 11.42339375865879880 ) ) ;
#3071 = ADVANCED_FACE ( 'NONE', ( #950 ), #1265, .T. ) ;
#3072 = DIRECTION ( 'NONE',  ( -1.000000000000000000, -0.000000000000000000, -0.000000000000000000 ) ) ;
#3073 = ORIENTED_EDGE ( 'NONE', *, *, #4184, .F. ) ;
#3074 = CARTESIAN_POINT ( 'NONE',  ( 51.89999999999999858, 0.000000000000000000, 0.000000000000000000 ) ) ;
#3075 = AXIS2_PLACEMENT_3D ( 'NONE', #1237, #2702, #2769 ) ;
#3076 =( GEOMETRIC_REPRESENTATION_CONTEXT ( 3 ) GLOBAL_UNCERTAINTY_ASSIGNED_CONTEXT ( ( #4094 ) ) GLOBAL_UNIT_ASSIGNED_CONTEXT ( ( #4002, #3647, #829 ) ) REPRESENTATION_CONTEXT ( 'NONE', 'WORKASPACE' ) );
#3077 = CARTESIAN_POINT ( 'NONE',  ( 2.000000000000000000, 7.008493649053896490, 12.63906708468513784 ) ) ;
#3078 = ORIENTED_EDGE ( 'NONE', *, *, #3936, .F. ) ;
#3079 = EDGE_LOOP ( 'NONE', ( #669, #3128, #1114, #4205 ) ) ;
#3080 = AXIS2_PLACEMENT_3D ( 'NONE', #1602, #3701, #436 ) ;
#3081 = SURFACE_SIDE_STYLE ('',( #2037 ) ) ;
#3082 =( GEOMETRIC_REPRESENTATION_CONTEXT ( 3 ) GLOBAL_UNCERTAINTY_ASSIGNED_CONTEXT ( ( #3390 ) ) GLOBAL_UNIT_ASSIGNED_CONTEXT ( ( #1224, #3717, #1948 ) ) REPRESENTATION_CONTEXT ( 'NONE', 'WORKASPACE' ) );
#3083 = VECTOR ( 'NONE', #1248, 1000.000000000000000 ) ;
#3084 = CARTESIAN_POINT ( 'NONE',  ( 46.90000000000000568, 8.750000000000000000, 12.20000000000000284 ) ) ;
#3085 = CARTESIAN_POINT ( 'NONE',  ( 2.000000000000000000, -15.75000000000000000, 1.050000000000000044 ) ) ;
#3086 = ORIENTED_EDGE ( 'NONE', *, *, #1278, .F. ) ;
#3087 = VERTEX_POINT ( 'NONE', #1313 ) ;
#3088 = AXIS2_PLACEMENT_3D ( 'NONE', #1324, #1357, #2777 ) ;
#3089 = COLOUR_RGB ( '',0.7960784313725489669, 0.8235294117647058432, 0.9372549019607843146 ) ;
#3090 = DIRECTION ( 'NONE',  ( 0.000000000000000000, 0.000000000000000000, -1.000000000000000000 ) ) ;
#3091 = LINE ( 'NONE', #4169, #1741 ) ;
#3092 = COLOUR_RGB ( '',0.7960784313725489669, 0.8235294117647058432, 0.9372549019607843146 ) ;
#3093 = FACE_OUTER_BOUND ( 'NONE', #3058, .T. ) ;
#3094 = VECTOR ( 'NONE', #2884, 1000.000000000000000 ) ;
#3095 = FACE_OUTER_BOUND ( 'NONE', #4056, .T. ) ;
#3096 = CARTESIAN_POINT ( 'NONE',  ( 0.000000000000000000, -15.75000000000000000, -1.050000000000000044 ) ) ;
#3097 = PRESENTATION_LAYER_ASSIGNMENT (  '', '', ( #1732 ) ) ;
#3098 = ORIENTED_EDGE ( 'NONE', *, *, #3614, .F. ) ;
#3099 = EDGE_CURVE ( 'NONE', #4535, #4513, #1714, .T. ) ;
#3100 = DIRECTION ( 'NONE',  ( 0.000000000000000000, 0.000000000000000000, 1.000000000000000000 ) ) ;
#3101 = AXIS2_PLACEMENT_3D ( 'NONE', #255, #3281, #2460 ) ;
#3102 = CARTESIAN_POINT ( 'NONE',  ( 6.000000000000000000, 0.000000000000000000, 17.00000000000000000 ) ) ;
#3103 = ORIENTED_EDGE ( 'NONE', *, *, #466, .F. ) ;
#3104 = ADVANCED_FACE ( 'NONE', ( #3118 ), #977, .T. ) ;
#3105 = ORIENTED_EDGE ( 'NONE', *, *, #3017, .F. ) ;
#3106 = VECTOR ( 'NONE', #1366, 1000.000000000000227 ) ;
#3107 = EDGE_CURVE ( 'NONE', #488, #3062, #2720, .T. ) ;
#3108 = PRESENTATION_STYLE_ASSIGNMENT (( #1990 ) ) ;
#3109 = AXIS2_PLACEMENT_3D ( 'NONE', #880, #1261, #545 ) ;
#3110 = DIRECTION ( 'NONE',  ( -0.000000000000000000, -0.000000000000000000, 1.000000000000000000 ) ) ;
#3111 = LINE ( 'NONE', #2040, #575 ) ;
#3112 = ORIENTED_EDGE ( 'NONE', *, *, #1093, .F. ) ;
#3113 = ORIENTED_EDGE ( 'NONE', *, *, #716, .F. ) ;
#3114 = FILL_AREA_STYLE ('',( #2780 ) ) ;
#3115 = LINE ( 'NONE', #3867, #949 ) ;
#3116 = LINE ( 'NONE', #4481, #3450 ) ;
#3117 =( LENGTH_UNIT ( ) NAMED_UNIT ( * ) SI_UNIT ( .MILLI., .METRE. ) );
#3118 = FACE_OUTER_BOUND ( 'NONE', #3370, .T. ) ;
#3119 = CARTESIAN_POINT ( 'NONE',  ( 2.000000000000000000, 7.750000000000006217, 13.42339375865879880 ) ) ;
#3120 = DIRECTION ( 'NONE',  ( -0.000000000000000000, -0.8660254037844385966, 0.5000000000000000000 ) ) ;
#3121 = DIRECTION ( 'NONE',  ( -1.000000000000000000, -0.000000000000000000, -0.000000000000000000 ) ) ;
#3122 = EDGE_LOOP ( 'NONE', ( #2914, #3801, #4519, #553 ) ) ;
#3123 = DIRECTION ( 'NONE',  ( 0.000000000000000000, 0.000000000000000000, 1.000000000000000000 ) ) ;
#3124 = ADVANCED_FACE ( 'NONE', ( #4150 ), #4525, .T. ) ;
#3125 = DIRECTION ( 'NONE',  ( 0.000000000000000000, 0.000000000000000000, 1.000000000000000000 ) ) ;
#3126 = FACE_OUTER_BOUND ( 'NONE', #4537, .T. ) ;
#3127 = ORIENTED_EDGE ( 'NONE', *, *, #3614, .T. ) ;
#3128 = ORIENTED_EDGE ( 'NONE', *, *, #3052, .F. ) ;
#3129 = EDGE_CURVE ( 'NONE', #1495, #481, #3161, .T. ) ;
#3130 = LINE ( 'NONE', #4209, #2466 ) ;
#3131 = EDGE_CURVE ( 'NONE', #1399, #3789, #2335, .T. ) ;
#3132 = CARTESIAN_POINT ( 'NONE',  ( 44.50000000000000000, -9.300000000000000711, 13.50814569065643234 ) ) ;
#3133 = VERTEX_POINT ( 'NONE', #1981 ) ;
#3134 = ORIENTED_EDGE ( 'NONE', *, *, #4423, .T. ) ;
#3135 = DIRECTION ( 'NONE',  ( 0.000000000000000000, 0.000000000000000000, 1.000000000000000000 ) ) ;
#3136 = CARTESIAN_POINT ( 'NONE',  ( 0.000000000000000000, -15.25000000000000000, -1.050000000000000044 ) ) ;
#3137 = ADVANCED_FACE ( 'NONE', ( #3438 ), #3420, .F. ) ;
#3138 = FILL_AREA_STYLE_COLOUR ( '', #2427 ) ;
#3139 = CYLINDRICAL_SURFACE ( 'NONE', #1268, 12.30000000000000071 ) ;
#3140 = CARTESIAN_POINT ( 'NONE',  ( 0.000000000000000000, 7.408493649053887076, -13.33188740771269210 ) ) ;
#3141 = ORIENTED_EDGE ( 'NONE', *, *, #2375, .T. ) ;
#3142 = FILL_AREA_STYLE ('',( #2316 ) ) ;
#3143 = CARTESIAN_POINT ( 'NONE',  ( 51.89999999999999858, 0.000000000000000000, 0.000000000000000000 ) ) ;
#3144 = DIRECTION ( 'NONE',  ( -0.000000000000000000, -0.5000000000000002220, -0.8660254037844384856 ) ) ;
#3145 = VERTEX_POINT ( 'NONE', #1814 ) ;
#3146 = EDGE_LOOP ( 'NONE', ( #2314, #34, #4451, #2094 ) ) ;
#3147 = VECTOR ( 'NONE', #2065, 1000.000000000000000 ) ;
#3148 = FILL_AREA_STYLE ('',( #4576 ) ) ;
#3149 = DIRECTION ( 'NONE',  ( -1.000000000000000000, -0.000000000000000000, -0.000000000000000000 ) ) ;
#3150 = FACE_OUTER_BOUND ( 'NONE', #2697, .T. ) ;
#3151 = ORIENTED_EDGE ( 'NONE', *, *, #2758, .T. ) ;
#3152 = ORIENTED_EDGE ( 'NONE', *, *, #896, .T. ) ;
#3153 = ADVANCED_FACE ( 'NONE', ( #3887, #380 ), #2815, .T. ) ;
#3154 = CARTESIAN_POINT ( 'NONE',  ( 21.50000000000000000, 0.000000000000000000, 0.000000000000000000 ) ) ;
#3155 = TOROIDAL_SURFACE ( 'NONE', #4281, 1.299999999999996714, 0.2000000000000000111 ) ;
#3156 = CARTESIAN_POINT ( 'NONE',  ( 0.000000000000000000, -15.75000000000000000, -0.2500000000000002220 ) ) ;
#3157 = FILL_AREA_STYLE_COLOUR ( '', #1334 ) ;
#3158 = DIRECTION ( 'NONE',  ( 0.000000000000000000, 0.000000000000000000, 1.000000000000000000 ) ) ;
#3159 = COLOUR_RGB ( '',0.7960784313725489669, 0.8235294117647058432, 0.9372549019607843146 ) ;
#3160 = VECTOR ( 'NONE', #4609, 1000.000000000000000 ) ;
#3161 = LINE ( 'NONE', #1999, #4585 ) ;
#3162 = EDGE_CURVE ( 'NONE', #935, #1062, #1432, .T. ) ;
#3163 = LINE ( 'NONE', #4526, #296 ) ;
#3164 = DIRECTION ( 'NONE',  ( -0.000000000000000000, -0.4999999999999987232, 0.8660254037844393737 ) ) ;
#3165 = FACE_OUTER_BOUND ( 'NONE', #2141, .T. ) ;
#3166 = ORIENTED_EDGE ( 'NONE', *, *, #4101, .T. ) ;
#3167 = CARTESIAN_POINT ( 'NONE',  ( 0.000000000000000000, 7.749999999999998224, -13.42339375865880058 ) ) ;
#3168 = AXIS2_PLACEMENT_3D ( 'NONE', #3937, #2134, #3575 ) ;
#3169 = TOROIDAL_SURFACE ( 'NONE', #1050, 1.300000000000000044, 0.2000000000000000111 ) ;
#3170 = DIRECTION ( 'NONE',  ( 0.000000000000000000, -0.000000000000000000, -1.000000000000000000 ) ) ;
#3171 = ORIENTED_EDGE ( 'NONE', *, *, #4309, .F. ) ;
#3172 = ORIENTED_EDGE ( 'NONE', *, *, #2860, .T. ) ;
#3173 = DIRECTION ( 'NONE',  ( -0.000000000000000000, -0.000000000000000000, -1.000000000000000000 ) ) ;
#3174 = DIRECTION ( 'NONE',  ( -1.000000000000000000, -0.000000000000000000, -0.000000000000000000 ) ) ;
#3175 = MECHANICAL_DESIGN_GEOMETRIC_PRESENTATION_REPRESENTATION (  '', ( #1972 ), #2196 ) ;
#3176 = CARTESIAN_POINT ( 'NONE',  ( 46.10000000000000142, -8.750000000000000000, 8.500000000000001776 ) ) ;
#3177 = EDGE_LOOP ( 'NONE', ( #2014, #3193, #3242, #868, #164, #2373 ) ) ;
#3178 = ORIENTED_EDGE ( 'NONE', *, *, #1231, .F. ) ;
#3179 = VECTOR ( 'NONE', #4014, 1000.000000000000000 ) ;
#3180 = CARTESIAN_POINT ( 'NONE',  ( 51.89999999999999858, 0.000000000000000000, 0.000000000000000000 ) ) ;
#3181 = DIRECTION ( 'NONE',  ( 1.000000000000000000, -0.000000000000000000, 0.000000000000000000 ) ) ;
#3182 = CARTESIAN_POINT ( 'NONE',  ( 0.000000000000000000, 7.749999999999999112, -15.42339375865880058 ) ) ;
#3183 = FACE_OUTER_BOUND ( 'NONE', #1318, .T. ) ;
#3184 = DIRECTION ( 'NONE',  ( -1.000000000000000000, 0.000000000000000000, 0.000000000000000000 ) ) ;
#3185 =( LENGTH_UNIT ( ) NAMED_UNIT ( * ) SI_UNIT ( .MILLI., .METRE. ) );
#3186 = ADVANCED_FACE ( 'NONE', ( #1740 ), #2855, .T. ) ;
#3187 = EDGE_CURVE ( 'NONE', #3145, #1605, #4332, .T. ) ;
#3188 = LINE ( 'NONE', #1785, #3687 ) ;
#3189 = ORIENTED_EDGE ( 'NONE', *, *, #54, .F. ) ;
#3190 = APPLICATION_CONTEXT ( 'automotive_design' ) ;
#3191 = PRESENTATION_STYLE_ASSIGNMENT (( #2143 ) ) ;
#3192 = ORIENTED_EDGE ( 'NONE', *, *, #1392, .F. ) ;
#3193 = ORIENTED_EDGE ( 'NONE', *, *, #2879, .F. ) ;
#3194 = DIRECTION ( 'NONE',  ( 0.000000000000000000, 0.8660254037844432595, -0.4999999999999919509 ) ) ;
#3195 = ORIENTED_EDGE ( 'NONE', *, *, #4456, .F. ) ;
#3196 = ORIENTED_EDGE ( 'NONE', *, *, #191, .T. ) ;
#3197 = CARTESIAN_POINT ( 'NONE',  ( 0.000000000000000000, 0.000000000000000000, 0.000000000000000000 ) ) ;
#3198 = LINE ( 'NONE', #4627, #2468 ) ;
#3199 = DIRECTION ( 'NONE',  ( -1.000000000000000000, -0.000000000000000000, -0.000000000000000000 ) ) ;
#3200 = DIRECTION ( 'NONE',  ( 1.000000000000000000, -0.000000000000000000, -0.000000000000000000 ) ) ;
#3201 = CARTESIAN_POINT ( 'NONE',  ( 0.2000000000000000111, 7.750000000000006217, 14.92339375865879347 ) ) ;
#3202 = DIRECTION ( 'NONE',  ( 1.000000000000000000, 0.000000000000000000, 0.000000000000000000 ) ) ;
#3203 =( NAMED_UNIT ( * ) SI_UNIT ( $, .STERADIAN. ) SOLID_ANGLE_UNIT ( ) );
#3204 = ORIENTED_EDGE ( 'NONE', *, *, #399, .T. ) ;
#3205 =( LENGTH_UNIT ( ) NAMED_UNIT ( * ) SI_UNIT ( .MILLI., .METRE. ) );
#3206 = EDGE_CURVE ( 'NONE', #849, #2546, #61, .T. ) ;
#3207 = EDGE_CURVE ( 'NONE', #3235, #598, #3630, .T. ) ;
#3208 = ORIENTED_EDGE ( 'NONE', *, *, #2271, .F. ) ;
#3209 = ORIENTED_EDGE ( 'NONE', *, *, #3131, .T. ) ;
#3210 = CARTESIAN_POINT ( 'NONE',  ( 2.000000000000000000, -15.25000000000000000, -0.2500000000000002220 ) ) ;
#3211 = EDGE_LOOP ( 'NONE', ( #3178, #4371, #67, #3613 ) ) ;
#3212 = ORIENTED_EDGE ( 'NONE', *, *, #3813, .T. ) ;
#3213 = DIRECTION ( 'NONE',  ( 0.000000000000000000, 0.000000000000000000, 1.000000000000000000 ) ) ;
#3214 = DIRECTION ( 'NONE',  ( -0.000000000000000000, -0.8660254037844384856, -0.5000000000000002220 ) ) ;
#3215 = COLOUR_RGB ( '',0.7960784313725489669, 0.8235294117647058432, 0.9372549019607843146 ) ;
#3216 = AXIS2_PLACEMENT_3D ( 'NONE', #306, #3594, #2875 ) ;
#3217 = CARTESIAN_POINT ( 'NONE',  ( 0.000000000000000000, 7.000000000000001776, 0.000000000000000000 ) ) ;
#3218 = DIRECTION ( 'NONE',  ( -1.000000000000000000, -0.000000000000000000, -0.000000000000000000 ) ) ;
#3219 = CARTESIAN_POINT ( 'NONE',  ( 51.89999999999999858, -8.750000000000000000, 8.500000000000001776 ) ) ;
#3220 = AXIS2_PLACEMENT_3D ( 'NONE', #4608, #3886, #2832 ) ;
#3221 = LINE ( 'NONE', #4658, #3094 ) ;
#3222 =( NAMED_UNIT ( * ) PLANE_ANGLE_UNIT ( ) SI_UNIT ( $, .RADIAN. ) );
#3223 = VECTOR ( 'NONE', #1118, 1000.000000000000000 ) ;
#3224 = DIRECTION ( 'NONE',  ( 0.000000000000000000, 0.000000000000000000, 1.000000000000000000 ) ) ;
#3225 = CYLINDRICAL_SURFACE ( 'NONE', #4277, 12.30000000000000071 ) ;
#3226 = AXIS2_PLACEMENT_3D ( 'NONE', #2217, #4416, #1932 ) ;
#3227 = DIRECTION ( 'NONE',  ( 0.000000000000000000, 0.000000000000000000, -1.000000000000000000 ) ) ;
#3228 = ORIENTED_EDGE ( 'NONE', *, *, #2879, .T. ) ;
#3229 = CARTESIAN_POINT ( 'NONE',  ( -8.300000000000002487, 4.500000000000000888, -1.658312395177700793 ) ) ;
#3230 = AXIS2_PLACEMENT_3D ( 'NONE', #1686, #283, #1729 ) ;
#3231 = COLOUR_RGB ( '',0.7960784313725489669, 0.8235294117647058432, 0.9372549019607843146 ) ;
#3232 = LINE ( 'NONE', #2889, #3840 ) ;
#3233 = EDGE_CURVE ( 'NONE', #1062, #935, #1045, .T. ) ;
#3234 = ORIENTED_EDGE ( 'NONE', *, *, #4131, .F. ) ;
#3235 = VERTEX_POINT ( 'NONE', #1779 ) ;
#3236 = AXIS2_PLACEMENT_3D ( 'NONE', #77, #2599, #2996 ) ;
#3237 = CARTESIAN_POINT ( 'NONE',  ( 0.000000000000000000, 13.42339375865881657, -7.749999999999968914 ) ) ;
#3238 = EDGE_CURVE ( 'NONE', #1137, #1608, #3221, .T. ) ;
#3239 = DIRECTION ( 'NONE',  ( 0.000000000000000000, 0.000000000000000000, 1.000000000000000000 ) ) ;
#3240 = ORIENTED_EDGE ( 'NONE', *, *, #2168, .F. ) ;
#3241 = EDGE_CURVE ( 'NONE', #3945, #481, #709, .T. ) ;
#3242 = ORIENTED_EDGE ( 'NONE', *, *, #1599, .F. ) ;
#3243 = VECTOR ( 'NONE', #1976, 1000.000000000000000 ) ;
#3244 = DIRECTION ( 'NONE',  ( 0.000000000000000000, 0.000000000000000000, -1.000000000000000000 ) ) ;
#3245 = CIRCLE ( 'NONE', #3852, 12.30000000000000071 ) ;
#3246 = FILL_AREA_STYLE ('',( #1835 ) ) ;
#3247 = DIRECTION ( 'NONE',  ( 0.000000000000000000, 0.000000000000000000, 1.000000000000000000 ) ) ;
#3248 = CARTESIAN_POINT ( 'NONE',  ( -6.000000000000000000, 7.000000000000000000, 0.000000000000000000 ) ) ;
#3249 = VECTOR ( 'NONE', #20, 1000.000000000000000 ) ;
#3250 = VECTOR ( 'NONE', #2049, 1000.000000000000000 ) ;
#3251 =( LENGTH_UNIT ( ) NAMED_UNIT ( * ) SI_UNIT ( .MILLI., .METRE. ) );
#3252 = DIRECTION ( 'NONE',  ( 0.000000000000000000, 0.000000000000000000, -1.000000000000000000 ) ) ;
#3253 = AXIS2_PLACEMENT_3D ( 'NONE', #2573, #3631, #291 ) ;
#3254 = FACE_OUTER_BOUND ( 'NONE', #3432, .T. ) ;
#3255 = CARTESIAN_POINT ( 'NONE',  ( 0.000000000000000000, 7.000000000000001776, 0.000000000000000000 ) ) ;
#3256 = ORIENTED_EDGE ( 'NONE', *, *, #3649, .T. ) ;
#3257 = FACE_OUTER_BOUND ( 'NONE', #1472, .T. ) ;
#3258 = CARTESIAN_POINT ( 'NONE',  ( 47.70000000000000284, -8.750000000000000000, 15.70000000000000284 ) ) ;
#3259 = CARTESIAN_POINT ( 'NONE',  ( 0.000000000000000000, 7.749999999999998224, -13.42339375865880058 ) ) ;
#3260 = ORIENTED_EDGE ( 'NONE', *, *, #1915, .F. ) ;
#3261 = VERTEX_POINT ( 'NONE', #2287 ) ;
#3262 = ORIENTED_EDGE ( 'NONE', *, *, #3129, .T. ) ;
#3263 = SURFACE_SIDE_STYLE ('',( #4449 ) ) ;
#3264 = CARTESIAN_POINT ( 'NONE',  ( 0.5000000000000000000, 7.000000000000001776, 0.000000000000000000 ) ) ;
#3265 = VERTEX_POINT ( 'NONE', #23 ) ;
#3266 = ORIENTED_EDGE ( 'NONE', *, *, #54, .T. ) ;
#3267 = CARTESIAN_POINT ( 'NONE',  ( 44.50000000000000000, 0.000000000000000000, 0.000000000000000000 ) ) ;
#3268 = ADVANCED_FACE ( 'NONE', ( #1478 ), #2920, .T. ) ;
#3269 = LINE ( 'NONE', #3932, #1335 ) ;
#3270 = EDGE_CURVE ( 'NONE', #1495, #4404, #2571, .T. ) ;
#3271 = CYLINDRICAL_SURFACE ( 'NONE', #226, 2.000000000000000000 ) ;
#3272 = LINE ( 'NONE', #21, #3452 ) ;
#3273 = FACE_OUTER_BOUND ( 'NONE', #2906, .T. ) ;
#3274 = EDGE_CURVE ( 'NONE', #579, #2247, #836, .T. ) ;
#3275 = SURFACE_STYLE_FILL_AREA ( #2541 ) ;
#3276 = FILL_AREA_STYLE_COLOUR ( '', #4198 ) ;
#3277 = CARTESIAN_POINT ( 'NONE',  ( 44.50000000000000000, 9.300000000000000711, 0.000000000000000000 ) ) ;
#3278 = PLANE ( 'NONE',  #581 ) ;
#3279 = VERTEX_POINT ( 'NONE', #4434 ) ;
#3280 = CARTESIAN_POINT ( 'NONE',  ( 0.000000000000000000, -15.50000000000000000, -8.673617379884035472E-16 ) ) ;
#3281 = DIRECTION ( 'NONE',  ( -1.000000000000000000, 0.000000000000000000, 0.000000000000000000 ) ) ;
#3282 = EDGE_CURVE ( 'NONE', #1062, #3864, #1810, .T. ) ;
#3283 = DIRECTION ( 'NONE',  ( 0.000000000000000000, 0.000000000000000000, 1.000000000000000000 ) ) ;
#3284 = VERTEX_POINT ( 'NONE', #3371 ) ;
#3285 = SURFACE_STYLE_FILL_AREA ( #4372 ) ;
#3286 = CARTESIAN_POINT ( 'NONE',  ( 0.000000000000000000, -15.25000000000000000, 0.2500000000000002220 ) ) ;
#3287 = ORIENTED_EDGE ( 'NONE', *, *, #2786, .F. ) ;
#3288 = ORIENTED_EDGE ( 'NONE', *, *, #1035, .F. ) ;
#3289 = SURFACE_STYLE_USAGE ( .BOTH. , #3715 ) ;
#3290 = DIRECTION ( 'NONE',  ( 1.000000000000000000, 0.000000000000000000, 0.000000000000000000 ) ) ;
#3291 = UNCERTAINTY_MEASURE_WITH_UNIT (LENGTH_MEASURE( 1.000000000000000082E-05 ), #1579, 'distance_accuracy_value', 'NONE');
#3292 = FILL_AREA_STYLE ('',( #1926 ) ) ;
#3293 = ORIENTED_EDGE ( 'NONE', *, *, #2674, .F. ) ;
#3294 = EDGE_CURVE ( 'NONE', #2598, #272, #1121, .T. ) ;
#3295 = DIRECTION ( 'NONE',  ( 0.000000000000000000, 0.000000000000000000, 1.000000000000000000 ) ) ;
#3296 = VECTOR ( 'NONE', #1383, 1000.000000000000000 ) ;
#3297 = DIRECTION ( 'NONE',  ( 0.000000000000000000, 0.000000000000000000, -1.000000000000000000 ) ) ;
#3298 = SURFACE_STYLE_FILL_AREA ( #1860 ) ;
#3299 = DIRECTION ( 'NONE',  ( 0.000000000000000000, 0.000000000000000000, 1.000000000000000000 ) ) ;
#3300 = FACE_OUTER_BOUND ( 'NONE', #3736, .T. ) ;
#3301 = AXIS2_PLACEMENT_3D ( 'NONE', #2428, #2066, #3507 ) ;
#3302 = EDGE_LOOP ( 'NONE', ( #2041, #2130, #3540, #3569 ) ) ;
#3303 = CIRCLE ( 'NONE', #4502, 1.299999999999997380 ) ;
#3304 = EDGE_CURVE ( 'NONE', #189, #4063, #2414, .T. ) ;
#3305 = DIRECTION ( 'NONE',  ( 1.000000000000000000, 0.000000000000000000, 0.000000000000000000 ) ) ;
#3306 = CIRCLE ( 'NONE', #1263, 1.499999999999996225 ) ;
#3307 = AXIS2_PLACEMENT_3D ( 'NONE', #1434, #4, #4329 ) ;
#3308 = FACE_BOUND ( 'NONE', #3502, .T. ) ;
#3309 = FACE_OUTER_BOUND ( 'NONE', #3927, .T. ) ;
#3310 = VERTEX_POINT ( 'NONE', #432 ) ;
#3311 =( GEOMETRIC_REPRESENTATION_CONTEXT ( 3 ) GLOBAL_UNCERTAINTY_ASSIGNED_CONTEXT ( ( #2252 ) ) GLOBAL_UNIT_ASSIGNED_CONTEXT ( ( #638, #4313, #2050 ) ) REPRESENTATION_CONTEXT ( 'NONE', 'WORKASPACE' ) );
#3312 = EDGE_LOOP ( 'NONE', ( #3992, #3234 ) ) ;
#3313 = AXIS2_PLACEMENT_3D ( 'NONE', #104, #4464, #859 ) ;
#3314 = CARTESIAN_POINT ( 'NONE',  ( 6.000000000000000000, 1.836970198721030427E-16, 13.99999999999999822 ) ) ;
#3315 = DIRECTION ( 'NONE',  ( -0.000000000000000000, 0.5000000000000009992, 0.8660254037844380415 ) ) ;
#3316 = ORIENTED_EDGE ( 'NONE', *, *, #84, .T. ) ;
#3317 = ORIENTED_EDGE ( 'NONE', *, *, #3938, .T. ) ;
#3318 = PRESENTATION_LAYER_ASSIGNMENT (  '', '', ( #4072 ) ) ;
#3319 = DIRECTION ( 'NONE',  ( 0.000000000000000000, 0.000000000000000000, 1.000000000000000000 ) ) ;
#3320 = SURFACE_SIDE_STYLE ('',( #4384 ) ) ;
#3321 = STYLED_ITEM ( 'NONE', ( #2895 ), #3503 ) ;
#3322 = ORIENTED_EDGE ( 'NONE', *, *, #1889, .T. ) ;
#3323 = DIRECTION ( 'NONE',  ( -0.000000000000000000, -0.3558417043170685745, 0.9345462436223923586 ) ) ;
#3324 = CARTESIAN_POINT ( 'NONE',  ( 2.000000000000000000, -15.50000000000000000, -2.000000000000000888 ) ) ;
#3325 = CARTESIAN_POINT ( 'NONE',  ( 55.00000000000000000, -9.300000000000000711, 13.50814569065643056 ) ) ;
#3326 = CARTESIAN_POINT ( 'NONE',  ( 2.000000000000000000, 7.750000000000006217, 13.42339375865879880 ) ) ;
#3327 = MECHANICAL_DESIGN_GEOMETRIC_PRESENTATION_REPRESENTATION (  '', ( #222 ), #3923 ) ;
#3328 = DIRECTION ( 'NONE',  ( -1.000000000000000000, 0.000000000000000000, 0.000000000000000000 ) ) ;
#3329 = VECTOR ( 'NONE', #4036, 1000.000000000000000 ) ;
#3330 = VERTEX_POINT ( 'NONE', #1504 ) ;
#3331 = CARTESIAN_POINT ( 'NONE',  ( 0.000000000000000000, 8.058493649053897201, 14.45772043263245621 ) ) ;
#3332 =( NAMED_UNIT ( * ) PLANE_ANGLE_UNIT ( ) SI_UNIT ( $, .RADIAN. ) );
#3333 = STYLED_ITEM ( 'NONE', ( #660 ), #333 ) ;
#3334 = ADVANCED_FACE ( 'NONE', ( #3720 ), #2230, .T. ) ;
#3335 = AXIS2_PLACEMENT_3D ( 'NONE', #2948, #459, #2307 ) ;
#3336 = DIRECTION ( 'NONE',  ( 0.000000000000000000, -0.000000000000000000, -1.000000000000000000 ) ) ;
#3337 = EDGE_CURVE ( 'NONE', #1725, #681, #2619, .T. ) ;
#3338 = DIRECTION ( 'NONE',  ( 1.000000000000000000, -0.000000000000000000, -0.000000000000000000 ) ) ;
#3339 = ORIENTED_EDGE ( 'NONE', *, *, #838, .T. ) ;
#3340 = CARTESIAN_POINT ( 'NONE',  ( 51.89999999999999858, 0.000000000000000000, 16.39999999999999858 ) ) ;
#3341 = DIRECTION ( 'NONE',  ( -0.000000000000000000, 0.000000000000000000, -1.000000000000000000 ) ) ;
#3342 = ORIENTED_EDGE ( 'NONE', *, *, #3241, .F. ) ;
#3343 = ORIENTED_EDGE ( 'NONE', *, *, #3107, .T. ) ;
#3344 = PLANE ( 'NONE',  #3922 ) ;
#3345 = UNCERTAINTY_MEASURE_WITH_UNIT (LENGTH_MEASURE( 1.000000000000000082E-05 ), #3654, 'distance_accuracy_value', 'NONE');
#3346 = ADVANCED_FACE ( 'NONE', ( #1929 ), #4388, .F. ) ;
#3347 = LINE ( 'NONE', #3085, #4650 ) ;
#3348 = ORIENTED_EDGE ( 'NONE', *, *, #4273, .T. ) ;
#3349 = DIRECTION ( 'NONE',  ( -0.000000000000000000, -0.8660254037844381525, 0.5000000000000008882 ) ) ;
#3350 = LINE ( 'NONE', #102, #1827 ) ;
#3351 = SURFACE_STYLE_FILL_AREA ( #2189 ) ;
#3352 = LINE ( 'NONE', #2260, #879 ) ;
#3353 = PLANE ( 'NONE',  #3313 ) ;
#3354 = ORIENTED_EDGE ( 'NONE', *, *, #567, .T. ) ;
#3355 = LINE ( 'NONE', #3773, #3329 ) ;
#3356 = FACE_OUTER_BOUND ( 'NONE', #1763, .T. ) ;
#3357 = PLANE ( 'NONE',  #1420 ) ;
#3358 = VERTEX_POINT ( 'NONE', #4103 ) ;
#3359 = EDGE_CURVE ( 'NONE', #474, #853, #1728, .T. ) ;
#3360 = ORIENTED_EDGE ( 'NONE', *, *, #3822, .F. ) ;
#3361 = EDGE_CURVE ( 'NONE', #520, #3284, #2485, .T. ) ;
#3362 = SURFACE_STYLE_USAGE ( .BOTH. , #774 ) ;
#3363 = DIRECTION ( 'NONE',  ( -1.000000000000000000, -0.000000000000000000, -0.000000000000000000 ) ) ;
#3364 = VERTEX_POINT ( 'NONE', #405 ) ;
#3365 = ORIENTED_EDGE ( 'NONE', *, *, #1978, .T. ) ;
#3366 = ADVANCED_FACE ( 'NONE', ( #1857 ), #1149, .T. ) ;
#3367 = DIRECTION ( 'NONE',  ( 1.000000000000000000, 0.000000000000000000, 0.000000000000000000 ) ) ;
#3368 = LINE ( 'NONE', #3667, #1189 ) ;
#3369 = DIRECTION ( 'NONE',  ( 0.000000000000000000, 0.000000000000000000, -1.000000000000000000 ) ) ;
#3370 = EDGE_LOOP ( 'NONE', ( #4489, #163, #1462, #3479 ) ) ;
#3371 = CARTESIAN_POINT ( 'NONE',  ( 0.000000000000000000, 7.163571428571426480, -9.998662129892933237 ) ) ;
#3372 = FACE_OUTER_BOUND ( 'NONE', #1803, .T. ) ;
#3373 = CARTESIAN_POINT ( 'NONE',  ( 21.50000000000000000, 0.000000000000000000, -17.30000000000000071 ) ) ;
#3374 = CARTESIAN_POINT ( 'NONE',  ( 0.000000000000000000, 7.749999999999998224, -14.92339375865880235 ) ) ;
#3375 = VECTOR ( 'NONE', #1685, 1000.000000000000000 ) ;
#3376 = SURFACE_STYLE_FILL_AREA ( #1894 ) ;
#3377 = CARTESIAN_POINT ( 'NONE',  ( 2.000000000000000000, -15.75000000000000000, 0.2500000000000002220 ) ) ;
#3378 = MECHANICAL_DESIGN_GEOMETRIC_PRESENTATION_REPRESENTATION (  '', ( #2631 ), #802 ) ;
#3379 = CARTESIAN_POINT ( 'NONE',  ( 6.000000000000000000, 0.000000000000000000, 15.50000000000000000 ) ) ;
#3380 = EDGE_LOOP ( 'NONE', ( #2661, #2444 ) ) ;
#3381 = DIRECTION ( 'NONE',  ( 0.000000000000000000, 0.5000000000000008882, 0.8660254037844381525 ) ) ;
#3382 = CIRCLE ( 'NONE', #3230, 0.2000000000000000944 ) ;
#3383 = AXIS2_PLACEMENT_3D ( 'NONE', #3136, #2378, #3812 ) ;
#3384 = UNCERTAINTY_MEASURE_WITH_UNIT (LENGTH_MEASURE( 1.000000000000000082E-05 ), #4206, 'distance_accuracy_value', 'NONE');
#3385 = CARTESIAN_POINT ( 'NONE',  ( 0.000000000000000000, 6.715673326026336376, -13.73188740771269245 ) ) ;
#3386 = ORIENTED_EDGE ( 'NONE', *, *, #3469, .F. ) ;
#3387 = VERTEX_POINT ( 'NONE', #784 ) ;
#3388 = AXIS2_PLACEMENT_3D ( 'NONE', #3919, #644, #1374 ) ;
#3389 = AXIS2_PLACEMENT_3D ( 'NONE', #862, #2313, #1604 ) ;
#3390 = UNCERTAINTY_MEASURE_WITH_UNIT (LENGTH_MEASURE( 1.000000000000000082E-05 ), #1224, 'distance_accuracy_value', 'NONE');
#3391 = CARTESIAN_POINT ( 'NONE',  ( 0.000000000000000000, -15.50000000000000000, -8.673617379884035472E-16 ) ) ;
#3392 = EDGE_CURVE ( 'NONE', #2424, #4238, #3671, .T. ) ;
#3393 = VERTEX_POINT ( 'NONE', #807 ) ;
#3394 = COLOUR_RGB ( '',0.7960784313725489669, 0.8235294117647058432, 0.9372549019607843146 ) ;
#3395 = CARTESIAN_POINT ( 'NONE',  ( 0.000000000000000000, 0.000000000000000000, 15.50000000000000000 ) ) ;
#3396 =( NAMED_UNIT ( * ) PLANE_ANGLE_UNIT ( ) SI_UNIT ( $, .RADIAN. ) );
#3397 = VECTOR ( 'NONE', #1636, 1000.000000000000000 ) ;
#3398 = PLANE ( 'NONE',  #2545 ) ;
#3399 = CARTESIAN_POINT ( 'NONE',  ( -19.80000000000000071, 7.000000000000000000, -3.000000000000000000 ) ) ;
#3400 = MECHANICAL_DESIGN_GEOMETRIC_PRESENTATION_REPRESENTATION (  '', ( #144 ), #1132 ) ;
#3401 =( GEOMETRIC_REPRESENTATION_CONTEXT ( 3 ) GLOBAL_UNCERTAINTY_ASSIGNED_CONTEXT ( ( #4373 ) ) GLOBAL_UNIT_ASSIGNED_CONTEXT ( ( #3767, #2690, #3866 ) ) REPRESENTATION_CONTEXT ( 'NONE', 'WORKASPACE' ) );
#3402 = PLANE ( 'NONE',  #4300 ) ;
#3403 = DIRECTION ( 'NONE',  ( 0.000000000000000000, 0.8660254037844390407, 0.4999999999999992784 ) ) ;
#3404 = VECTOR ( 'NONE', #2549, 1000.000000000000000 ) ;
#3405 = CARTESIAN_POINT ( 'NONE',  ( 2.000000000000000000, -14.45000000000000107, 0.2500000000000002220 ) ) ;
#3406 = ORIENTED_EDGE ( 'NONE', *, *, #4641, .T. ) ;
#3407 = AXIS2_PLACEMENT_3D ( 'NONE', #442, #4338, #2580 ) ;
#3408 = CIRCLE ( 'NONE', #371, 2.000000000000000000 ) ;
#3409 = FACE_OUTER_BOUND ( 'NONE', #4599, .T. ) ;
#3410 = ORIENTED_EDGE ( 'NONE', *, *, #1920, .F. ) ;
#3411 = ORIENTED_EDGE ( 'NONE', *, *, #4306, .T. ) ;
#3412 = CARTESIAN_POINT ( 'NONE',  ( 2.000000000000000000, -15.50000000000000000, -8.673617379884035472E-16 ) ) ;
#3413 = DIRECTION ( 'NONE',  ( 0.000000000000000000, 0.8660254037844381525, -0.5000000000000008882 ) ) ;
#3414 = ORIENTED_EDGE ( 'NONE', *, *, #2520, .F. ) ;
#3415 = EDGE_CURVE ( 'NONE', #3133, #585, #2647, .T. ) ;
#3416 = CYLINDRICAL_SURFACE ( 'NONE', #4667, 1.500000000000001332 ) ;
#3417 = EDGE_CURVE ( 'NONE', #1137, #1683, #1910, .T. ) ;
#3418 = CARTESIAN_POINT ( 'NONE',  ( 0.000000000000000000, 7.841506350946115589, 13.08188740771268677 ) ) ;
#3419 = DIRECTION ( 'NONE',  ( -1.000000000000000000, 0.000000000000000000, 0.000000000000000000 ) ) ;
#3420 = CYLINDRICAL_SURFACE ( 'NONE', #361, 1.500000000000000444 ) ;
#3421 = CARTESIAN_POINT ( 'NONE',  ( 2.000000000000000000, 8.534326673973657407, -12.68188740771269352 ) ) ;
#3422 = CARTESIAN_POINT ( 'NONE',  ( 2.000000000000000000, 6.715673326026336376, -13.73188740771269245 ) ) ;
#3423 = FILL_AREA_STYLE_COLOUR ( '', #3231 ) ;
#3424 = ORIENTED_EDGE ( 'NONE', *, *, #4220, .T. ) ;
#3425 = EDGE_CURVE ( 'NONE', #1381, #1825, #148, .T. ) ;
#3426 = DIRECTION ( 'NONE',  ( 0.000000000000000000, 0.000000000000000000, 1.000000000000000000 ) ) ;
#3427 = SURFACE_STYLE_FILL_AREA ( #1987 ) ;
#3428 = ORIENTED_EDGE ( 'NONE', *, *, #4505, .F. ) ;
#3429 = ORIENTED_EDGE ( 'NONE', *, *, #122, .T. ) ;
#3430 = CARTESIAN_POINT ( 'NONE',  ( 0.000000000000000000, -14.45000000000000107, -0.2500000000000002220 ) ) ;
#3431 = DIRECTION ( 'NONE',  ( 0.000000000000000000, 0.5000000000000002220, -0.8660254037844384856 ) ) ;
#3432 = EDGE_LOOP ( 'NONE', ( #2319, #3456, #2106, #804, #4503 ) ) ;
#3433 = ORIENTED_EDGE ( 'NONE', *, *, #4130, .F. ) ;
#3434 = CARTESIAN_POINT ( 'NONE',  ( 0.000000000000000000, 8.091506350946106707, -13.51490010960491261 ) ) ;
#3435 = CARTESIAN_POINT ( 'NONE',  ( 2.000000000000000000, 7.749999999999999112, -13.42339375865880058 ) ) ;
#3436 = EDGE_CURVE ( 'NONE', #2535, #1032, #170, .T. ) ;
#3437 = LINE ( 'NONE', #3027, #2472 ) ;
#3438 = FACE_OUTER_BOUND ( 'NONE', #4034, .T. ) ;
#3439 = DIRECTION ( 'NONE',  ( 1.000000000000000000, -0.000000000000000000, -0.000000000000000000 ) ) ;
#3440 = ADVANCED_FACE ( 'NONE', ( #190 ), #514, .T. ) ;
#3441 = PLANE ( 'NONE',  #353 ) ;
#3442 = EDGE_CURVE ( 'NONE', #3903, #3279, #3838, .T. ) ;
#3443 = ORIENTED_EDGE ( 'NONE', *, *, #4367, .F. ) ;
#3444 = CARTESIAN_POINT ( 'NONE',  ( -19.80000000000000071, 7.000000000000000000, 0.000000000000000000 ) ) ;
#3445 = VECTOR ( 'NONE', #1807, 1000.000000000000000 ) ;
#3446 = EDGE_CURVE ( 'NONE', #1238, #3480, #1308, .T. ) ;
#3447 = LINE ( 'NONE', #3077, #3746 ) ;
#3448 = VERTEX_POINT ( 'NONE', #560 ) ;
#3449 = ORIENTED_EDGE ( 'NONE', *, *, #3898, .T. ) ;
#3450 = VECTOR ( 'NONE', #2289, 1000.000000000000000 ) ;
#3451 = DIRECTION ( 'NONE',  ( 0.000000000000000000, 0.4999999999999973910, -0.8660254037844401509 ) ) ;
#3452 = VECTOR ( 'NONE', #2228, 1000.000000000000000 ) ;
#3453 = AXIS2_PLACEMENT_3D ( 'NONE', #3707, #4062, #3990 ) ;
#3454 = DIRECTION ( 'NONE',  ( 1.000000000000000000, -0.000000000000000000, -0.000000000000000000 ) ) ;
#3455 = CARTESIAN_POINT ( 'NONE',  ( 2.000000000000000000, -15.75000000000000000, 0.2500000000000002220 ) ) ;
#3456 = ORIENTED_EDGE ( 'NONE', *, *, #2264, .F. ) ;
#3457 = ORIENTED_EDGE ( 'NONE', *, *, #2586, .T. ) ;
#3458 = MECHANICAL_DESIGN_GEOMETRIC_PRESENTATION_REPRESENTATION (  '', ( #4577 ), #135 ) ;
#3459 = VECTOR ( 'NONE', #4010, 1000.000000000000000 ) ;
#3460 = CARTESIAN_POINT ( 'NONE',  ( 0.000000000000000000, 0.000000000000000000, 0.000000000000000000 ) ) ;
#3461 = AXIS2_PLACEMENT_3D ( 'NONE', #1232, #3029, #2677 ) ;
#3462 = LINE ( 'NONE', #220, #274 ) ;
#3463 = CARTESIAN_POINT ( 'NONE',  ( -6.000000000000000000, 7.000000000000000000, 0.000000000000000000 ) ) ;
#3464 = CARTESIAN_POINT ( 'NONE',  ( 51.89999999999999858, -9.300000000000000711, 18.50000000000000355 ) ) ;
#3465 = DIRECTION ( 'NONE',  ( -1.000000000000000000, -0.000000000000000000, -0.000000000000000000 ) ) ;
#3466 =( GEOMETRIC_REPRESENTATION_CONTEXT ( 3 ) GLOBAL_UNCERTAINTY_ASSIGNED_CONTEXT ( ( #917 ) ) GLOBAL_UNIT_ASSIGNED_CONTEXT ( ( #117, #3646, #2594 ) ) REPRESENTATION_CONTEXT ( 'NONE', 'WORKASPACE' ) );
#3467 = ORIENTED_EDGE ( 'NONE', *, *, #1514, .T. ) ;
#3468 = ADVANCED_FACE ( 'NONE', ( #4543 ), #3064, .F. ) ;
#3469 = EDGE_CURVE ( 'NONE', #2339, #95, #586, .T. ) ;
#3470 = PRESENTATION_LAYER_ASSIGNMENT (  '', '', ( #367 ) ) ;
#3471 = ORIENTED_EDGE ( 'NONE', *, *, #3555, .T. ) ;
#3472 = ORIENTED_EDGE ( 'NONE', *, *, #3233, .F. ) ;
#3473 =( NAMED_UNIT ( * ) SI_UNIT ( $, .STERADIAN. ) SOLID_ANGLE_UNIT ( ) );
#3474 = COLOUR_RGB ( '',0.7960784313725489669, 0.8235294117647058432, 0.9372549019607843146 ) ;
#3475 = AXIS2_PLACEMENT_3D ( 'NONE', #3049, #2231, #3721 ) ;
#3476 = DIRECTION ( 'NONE',  ( -0.000000000000000000, -1.000000000000000000, -0.000000000000000000 ) ) ;
#3477 = EDGE_CURVE ( 'NONE', #853, #474, #2036, .T. ) ;
#3478 = CARTESIAN_POINT ( 'NONE',  ( 0.000000000000000000, -15.75000000000000000, -0.2500000000000002220 ) ) ;
#3479 = ORIENTED_EDGE ( 'NONE', *, *, #401, .T. ) ;
#3480 = VERTEX_POINT ( 'NONE', #1598 ) ;
#3481 = EDGE_CURVE ( 'NONE', #3265, #3696, #4146, .T. ) ;
#3482 = SURFACE_STYLE_USAGE ( .BOTH. , #244 ) ;
#3483 = CARTESIAN_POINT ( 'NONE',  ( 0.000000000000000000, -15.50000000000000000, -8.673617379884035472E-16 ) ) ;
#3484 = FILL_AREA_STYLE ('',( #974 ) ) ;
#3485 = CARTESIAN_POINT ( 'NONE',  ( 51.10000000000000142, -7.950000000000000178, 15.70000000000000284 ) ) ;
#3486 =( LENGTH_UNIT ( ) NAMED_UNIT ( * ) SI_UNIT ( .MILLI., .METRE. ) );
#3487 =( NAMED_UNIT ( * ) PLANE_ANGLE_UNIT ( ) SI_UNIT ( $, .RADIAN. ) );
#3488 = PRESENTATION_STYLE_ASSIGNMENT (( #3578 ) ) ;
#3489 = DIRECTION ( 'NONE',  ( -1.000000000000000000, 0.000000000000000000, 0.000000000000000000 ) ) ;
#3490 = EDGE_LOOP ( 'NONE', ( #4270, #1905 ) ) ;
#3491 = SURFACE_STYLE_FILL_AREA ( #3142 ) ;
#3492 = EDGE_CURVE ( 'NONE', #4676, #3387, #362, .T. ) ;
#3493 = CARTESIAN_POINT ( 'NONE',  ( 2.000000000000000000, 7.750000000000006217, 11.42339375865879880 ) ) ;
#3494 = EDGE_CURVE ( 'NONE', #1342, #4265, #2726, .T. ) ;
#3495 = ORIENTED_EDGE ( 'NONE', *, *, #3988, .T. ) ;
#3496 = ADVANCED_FACE ( 'NONE', ( #905 ), #3416, .F. ) ;
#3497 = VERTEX_POINT ( 'NONE', #2353 ) ;
#3498 =( GEOMETRIC_REPRESENTATION_CONTEXT ( 3 ) GLOBAL_UNCERTAINTY_ASSIGNED_CONTEXT ( ( #4474 ) ) GLOBAL_UNIT_ASSIGNED_CONTEXT ( ( #2277, #4345, #823 ) ) REPRESENTATION_CONTEXT ( 'NONE', 'WORKASPACE' ) );
#3499 = FACE_OUTER_BOUND ( 'NONE', #2005, .T. ) ;
#3500 = CARTESIAN_POINT ( 'NONE',  ( 46.90000000000000568, 8.750000000000000000, 12.20000000000000284 ) ) ;
#3501 = LINE ( 'NONE', #556, #1197 ) ;
#3502 = EDGE_LOOP ( 'NONE', ( #3636, #110 ) ) ;
#3503 = ADVANCED_FACE ( 'NONE', ( #2446 ), #1806, .T. ) ;
#3504 = ORIENTED_EDGE ( 'NONE', *, *, #3417, .T. ) ;
#3505 = DIRECTION ( 'NONE',  ( 0.000000000000000000, 0.8660254037844330455, 0.5000000000000098810 ) ) ;
#3506 = LINE ( 'NONE', #264, #4642 ) ;
#3507 = DIRECTION ( 'NONE',  ( 0.000000000000000000, 0.000000000000000000, 1.000000000000000000 ) ) ;
#3508 = DIRECTION ( 'NONE',  ( -0.000000000000000000, 0.9872616401468469194, -0.1591051661466640899 ) ) ;
#3509 = STYLED_ITEM ( 'NONE', ( #3995 ), #688 ) ;
#3510 = CARTESIAN_POINT ( 'NONE',  ( 0.000000000000000000, 13.42339375865876505, 7.750000000000063061 ) ) ;
#3511 = CARTESIAN_POINT ( 'NONE',  ( 6.000000000000000000, 1.836970198721030427E-16, -17.00000000000000000 ) ) ;
#3512 = ORIENTED_EDGE ( 'NONE', *, *, #2869, .T. ) ;
#3513 = FACE_OUTER_BOUND ( 'NONE', #3807, .T. ) ;
#3514 = FILL_AREA_STYLE_COLOUR ( '', #4582 ) ;
#3515 = ORIENTED_EDGE ( 'NONE', *, *, #4480, .F. ) ;
#3516 = ORIENTED_EDGE ( 'NONE', *, *, #533, .T. ) ;
#3517 = CARTESIAN_POINT ( 'NONE',  ( 47.70000000000000284, 8.750000000000000000, 15.70000000000000284 ) ) ;
#3518 = FACE_OUTER_BOUND ( 'NONE', #4664, .T. ) ;
#3519 = DIRECTION ( 'NONE',  ( 0.000000000000000000, 1.000000000000000000, 0.000000000000000000 ) ) ;
#3520 = ORIENTED_EDGE ( 'NONE', *, *, #2135, .T. ) ;
#3521 = MECHANICAL_DESIGN_GEOMETRIC_PRESENTATION_REPRESENTATION (  '', ( #2243 ), #570 ) ;
#3522 = ORIENTED_EDGE ( 'NONE', *, *, #2375, .F. ) ;
#3523 = SURFACE_SIDE_STYLE ('',( #4260 ) ) ;
#3524 =( GEOMETRIC_REPRESENTATION_CONTEXT ( 3 ) GLOBAL_UNCERTAINTY_ASSIGNED_CONTEXT ( ( #2596 ) ) GLOBAL_UNIT_ASSIGNED_CONTEXT ( ( #4027, #1883, #1974 ) ) REPRESENTATION_CONTEXT ( 'NONE', 'WORKASPACE' ) );
#3525 = CARTESIAN_POINT ( 'NONE',  ( 2.000000000000000000, -15.50000000000000000, -8.673617379884035472E-16 ) ) ;
#3526 = EDGE_CURVE ( 'NONE', #250, #4670, #3624, .T. ) ;
#3527 = DIRECTION ( 'NONE',  ( -0.000000000000000000, -0.8660254037844384856, -0.5000000000000002220 ) ) ;
#3528 = CARTESIAN_POINT ( 'NONE',  ( 2.000000000000000000, -15.25000000000000000, -1.050000000000000044 ) ) ;
#3529 = PRESENTATION_LAYER_ASSIGNMENT (  '', '', ( #2405 ) ) ;
#3530 = AXIS2_PLACEMENT_3D ( 'NONE', #1293, #3465, #4174 ) ;
#3531 = SURFACE_STYLE_FILL_AREA ( #4333 ) ;
#3532 = VECTOR ( 'NONE', #271, 1000.000000000000114 ) ;
#3533 = CARTESIAN_POINT ( 'NONE',  ( 0.5000000000000000000, 0.000000000000000000, 0.000000000000000000 ) ) ;
#3534 = DIRECTION ( 'NONE',  ( 1.000000000000000000, 0.000000000000000000, 0.000000000000000000 ) ) ;
#3535 = ORIENTED_EDGE ( 'NONE', *, *, #2860, .F. ) ;
#3536 = FACE_BOUND ( 'NONE', #1731, .T. ) ;
#3537 = PRESENTATION_LAYER_ASSIGNMENT (  '', '', ( #1123 ) ) ;
#3538 = VECTOR ( 'NONE', #3790, 1000.000000000000227 ) ;
#3539 = VERTEX_POINT ( 'NONE', #2874 ) ;
#3540 = ORIENTED_EDGE ( 'NONE', *, *, #3063, .T. ) ;
#3541 = VECTOR ( 'NONE', #1846, 1000.000000000000000 ) ;
#3542 = CARTESIAN_POINT ( 'NONE',  ( 44.50000000000000000, 9.300000000000000711, 8.500000000000000000 ) ) ;
#3543 = EDGE_CURVE ( 'NONE', #550, #1725, #2829, .T. ) ;
#3544 = CIRCLE ( 'NONE', #155, 2.000000000000000000 ) ;
#3545 = EDGE_CURVE ( 'NONE', #897, #1904, #1214, .T. ) ;
#3546 = CARTESIAN_POINT ( 'NONE',  ( 0.000000000000000000, 7.008493649053888497, -12.63906708468514140 ) ) ;
#3547 = ORIENTED_EDGE ( 'NONE', *, *, #482, .T. ) ;
#3548 = VERTEX_POINT ( 'NONE', #3550 ) ;
#3549 = AXIS2_PLACEMENT_3D ( 'NONE', #3933, #2469, #1809 ) ;
#3550 = CARTESIAN_POINT ( 'NONE',  ( -6.000000000000000000, 7.000000000000000000, -6.000000000000000888 ) ) ;
#3551 = CIRCLE ( 'NONE', #3861, 16.39999999999999858 ) ;
#3552 = CARTESIAN_POINT ( 'NONE',  ( 51.89999999999999858, 9.300000000000000711, 8.500000000000000000 ) ) ;
#3553 = SURFACE_STYLE_FILL_AREA ( #3246 ) ;
#3554 = DIRECTION ( 'NONE',  ( 0.000000000000000000, 0.000000000000000000, 1.000000000000000000 ) ) ;
#3555 = EDGE_CURVE ( 'NONE', #4472, #1516, #4280, .T. ) ;
#3556 = ADVANCED_FACE ( 'NONE', ( #1753 ), #3169, .T. ) ;
#3557 = DIRECTION ( 'NONE',  ( 0.000000000000000000, 0.000000000000000000, -1.000000000000000000 ) ) ;
#3558 = DIRECTION ( 'NONE',  ( -1.000000000000000000, -0.000000000000000000, -0.000000000000000000 ) ) ;
#3559 = DIRECTION ( 'NONE',  ( 0.000000000000000000, 0.000000000000000000, -1.000000000000000000 ) ) ;
#3560 = ORIENTED_EDGE ( 'NONE', *, *, #944, .F. ) ;
#3561 = LINE ( 'NONE', #2167, #2043 ) ;
#3562 = DIRECTION ( 'NONE',  ( -0.000000000000000000, -0.000000000000000000, 1.000000000000000000 ) ) ;
#3563 = EDGE_LOOP ( 'NONE', ( #1892, #3042, #1219, #1560 ) ) ;
#3564 = ORIENTED_EDGE ( 'NONE', *, *, #4019, .T. ) ;
#3565 = ORIENTED_EDGE ( 'NONE', *, *, #3956, .F. ) ;
#3566 = SURFACE_SIDE_STYLE ('',( #1449 ) ) ;
#3567 = CARTESIAN_POINT ( 'NONE',  ( 0.000000000000000000, 7.658493649053887076, -13.76490010960491261 ) ) ;
#3568 = ORIENTED_EDGE ( 'NONE', *, *, #1233, .F. ) ;
#3569 = ORIENTED_EDGE ( 'NONE', *, *, #1163, .T. ) ;
#3570 = LINE ( 'NONE', #704, #1659 ) ;
#3571 = DIRECTION ( 'NONE',  ( 0.000000000000000000, -1.000000000000000000, 0.000000000000000000 ) ) ;
#3572 = SURFACE_SIDE_STYLE ('',( #3553 ) ) ;
#3573 = DIRECTION ( 'NONE',  ( 0.000000000000000000, 0.000000000000000000, -1.000000000000000000 ) ) ;
#3574 = DIRECTION ( 'NONE',  ( 0.000000000000000000, 0.000000000000000000, -1.000000000000000000 ) ) ;
#3575 = DIRECTION ( 'NONE',  ( 0.000000000000000000, 0.000000000000000000, 1.000000000000000000 ) ) ;
#3576 = LINE ( 'NONE', #1051, #4302 ) ;
#3577 = ADVANCED_FACE ( 'NONE', ( #2084 ), #4305, .F. ) ;
#3578 = SURFACE_STYLE_USAGE ( .BOTH. , #1074 ) ;
#3579 = CARTESIAN_POINT ( 'NONE',  ( 0.5000000000000000000, 0.000000000000000000, 0.000000000000000000 ) ) ;
#3580 = CARTESIAN_POINT ( 'NONE',  ( 0.000000000000000000, 7.408493649053896846, 13.33188740771268677 ) ) ;
#3581 = ORIENTED_EDGE ( 'NONE', *, *, #2759, .F. ) ;
#3582 =( NAMED_UNIT ( * ) PLANE_ANGLE_UNIT ( ) SI_UNIT ( $, .RADIAN. ) );
#3583 = COLOUR_RGB ( '',0.8941176470588234615, 0.9137254901960784048, 0.9294117647058823817 ) ;
#3584 = PLANE ( 'NONE',  #806 ) ;
#3585 = EDGE_CURVE ( 'NONE', #1399, #1112, #4223, .T. ) ;
#3586 = VERTEX_POINT ( 'NONE', #1043 ) ;
#3587 = MECHANICAL_DESIGN_GEOMETRIC_PRESENTATION_REPRESENTATION (  '', ( #3509 ), #775 ) ;
#3588 = ORIENTED_EDGE ( 'NONE', *, *, #2648, .F. ) ;
#3589 = CARTESIAN_POINT ( 'NONE',  ( 46.90000000000000568, 8.750000000000000000, 15.70000000000000284 ) ) ;
#3590 = DIRECTION ( 'NONE',  ( 0.000000000000000000, 0.000000000000000000, 1.000000000000000000 ) ) ;
#3591 = ORIENTED_EDGE ( 'NONE', *, *, #1035, .T. ) ;
#3592 = EDGE_LOOP ( 'NONE', ( #1538, #1099, #3766, #2101 ) ) ;
#3593 = LINE ( 'NONE', #262, #4295 ) ;
#3594 = DIRECTION ( 'NONE',  ( 0.000000000000000000, -1.000000000000000000, 0.000000000000000000 ) ) ;
#3595 = AXIS2_PLACEMENT_3D ( 'NONE', #3957, #435, #711 ) ;
#3596 = FACE_OUTER_BOUND ( 'NONE', #4511, .T. ) ;
#3597 = CARTESIAN_POINT ( 'NONE',  ( 0.000000000000000000, 6.965673326026347034, 14.16490010960490764 ) ) ;
#3598 = DIRECTION ( 'NONE',  ( -1.000000000000000000, 0.000000000000000000, 0.000000000000000000 ) ) ;
#3599 = CIRCLE ( 'NONE', #2776, 1.300000000000000711 ) ;
#3600 = STYLED_ITEM ( 'NONE', ( #153 ), #979 ) ;
#3601 =( NAMED_UNIT ( * ) PLANE_ANGLE_UNIT ( ) SI_UNIT ( $, .RADIAN. ) );
#3602 = CARTESIAN_POINT ( 'NONE',  ( 51.89999999999999858, 8.750000000000000000, 15.70000000000000284 ) ) ;
#3603 = CIRCLE ( 'NONE', #4506, 0.5000000000000004441 ) ;
#3604 = CARTESIAN_POINT ( 'NONE',  ( 46.90000000000000568, 7.950000000000000178, 15.70000000000000284 ) ) ;
#3605 =( LENGTH_UNIT ( ) NAMED_UNIT ( * ) SI_UNIT ( .MILLI., .METRE. ) );
#3606 = PRESENTATION_LAYER_ASSIGNMENT (  '', '', ( #2709 ) ) ;
#3607 = DIRECTION ( 'NONE',  ( 1.000000000000000000, 0.000000000000000000, 0.000000000000000000 ) ) ;
#3608 = ORIENTED_EDGE ( 'NONE', *, *, #3545, .T. ) ;
#3609 = FILL_AREA_STYLE ('',( #4665 ) ) ;
#3610 = VECTOR ( 'NONE', #3848, 1000.000000000000000 ) ;
#3611 = LINE ( 'NONE', #2481, #3985 ) ;
#3612 = CIRCLE ( 'NONE', #740, 10.00000000000000000 ) ;
#3613 = ORIENTED_EDGE ( 'NONE', *, *, #2676, .F. ) ;
#3614 = EDGE_CURVE ( 'NONE', #1798, #1159, #3570, .T. ) ;
#3615 = ORIENTED_EDGE ( 'NONE', *, *, #2574, .F. ) ;
#3616 = EDGE_CURVE ( 'NONE', #1254, #3704, #1583, .T. ) ;
#3617 = EDGE_LOOP ( 'NONE', ( #2607, #2205, #4363, #1258 ) ) ;
#3618 = VECTOR ( 'NONE', #475, 1000.000000000000000 ) ;
#3619 = UNCERTAINTY_MEASURE_WITH_UNIT (LENGTH_MEASURE( 1.000000000000000082E-05 ), #1610, 'distance_accuracy_value', 'NONE');
#3620 = DIRECTION ( 'NONE',  ( 0.000000000000000000, 0.000000000000000000, -1.000000000000000000 ) ) ;
#3621 = PLANE ( 'NONE',  #3978 ) ;
#3622 = VERTEX_POINT ( 'NONE', #1067 ) ;
#3623 = ORIENTED_EDGE ( 'NONE', *, *, #4101, .F. ) ;
#3624 = CIRCLE ( 'NONE', #1893, 16.39999999999999858 ) ;
#3625 = LINE ( 'NONE', #2567, #2495 ) ;
#3626 = DIRECTION ( 'NONE',  ( -0.000000000000000000, -0.000000000000000000, 1.000000000000000000 ) ) ;
#3627 = CARTESIAN_POINT ( 'NONE',  ( 0.5000000000000000000, 0.000000000000000000, 0.000000000000000000 ) ) ;
#3628 = STYLED_ITEM ( 'NONE', ( #2095 ), #188 ) ;
#3629 = AXIS2_PLACEMENT_3D ( 'NONE', #844, #2678, #2311 ) ;
#3630 = LINE ( 'NONE', #1049, #2185 ) ;
#3631 = DIRECTION ( 'NONE',  ( -1.000000000000000000, 0.000000000000000000, 0.000000000000000000 ) ) ;
#3632 = MECHANICAL_DESIGN_GEOMETRIC_PRESENTATION_REPRESENTATION (  '', ( #3860 ), #986 ) ;
#3633 = STYLED_ITEM ( 'NONE', ( #1309 ), #4331 ) ;
#3634 = DIRECTION ( 'NONE',  ( -1.000000000000000000, -0.000000000000000000, -0.000000000000000000 ) ) ;
#3635 = DIRECTION ( 'NONE',  ( 0.000000000000000000, 0.000000000000000000, 1.000000000000000000 ) ) ;
#3636 = ORIENTED_EDGE ( 'NONE', *, *, #2788, .F. ) ;
#3637 = DIRECTION ( 'NONE',  ( -1.000000000000000000, 0.000000000000000000, 0.000000000000000000 ) ) ;
#3638 = LINE ( 'NONE', #88, #282 ) ;
#3639 = ORIENTED_EDGE ( 'NONE', *, *, #1395, .T. ) ;
#3640 = EDGE_CURVE ( 'NONE', #991, #3279, #3593, .T. ) ;
#3641 = EDGE_CURVE ( 'NONE', #1914, #673, #1815, .T. ) ;
#3642 = DIRECTION ( 'NONE',  ( -1.000000000000000000, 0.000000000000000000, 0.000000000000000000 ) ) ;
#3643 = DIRECTION ( 'NONE',  ( 1.000000000000000000, -0.000000000000000000, -0.000000000000000000 ) ) ;
#3644 = ORIENTED_EDGE ( 'NONE', *, *, #3425, .F. ) ;
#3645 = VERTEX_POINT ( 'NONE', #4025 ) ;
#3646 =( NAMED_UNIT ( * ) PLANE_ANGLE_UNIT ( ) SI_UNIT ( $, .RADIAN. ) );
#3647 =( NAMED_UNIT ( * ) PLANE_ANGLE_UNIT ( ) SI_UNIT ( $, .RADIAN. ) );
#3648 =( LENGTH_UNIT ( ) NAMED_UNIT ( * ) SI_UNIT ( .MILLI., .METRE. ) );
#3649 = EDGE_CURVE ( 'NONE', #1752, #933, #2639, .T. ) ;
#3650 = ORIENTED_EDGE ( 'NONE', *, *, #4589, .T. ) ;
#3651 = DIRECTION ( 'NONE',  ( -1.000000000000000000, 0.000000000000000000, 0.000000000000000000 ) ) ;
#3652 = DIRECTION ( 'NONE',  ( 0.000000000000000000, 0.000000000000000000, 1.000000000000000000 ) ) ;
#3653 = EDGE_CURVE ( 'NONE', #2556, #2525, #1562, .T. ) ;
#3654 =( LENGTH_UNIT ( ) NAMED_UNIT ( * ) SI_UNIT ( .MILLI., .METRE. ) );
#3655 = CARTESIAN_POINT ( 'NONE',  ( 44.00000000000000000, 0.000000000000000000, 0.000000000000000000 ) ) ;
#3656 = CYLINDRICAL_SURFACE ( 'NONE', #1120, 1.500000000000000444 ) ;
#3657 = ORIENTED_EDGE ( 'NONE', *, *, #2520, .T. ) ;
#3658 = CARTESIAN_POINT ( 'NONE',  ( 6.000000000000000000, 13.42339375865881657, -7.749999999999968914 ) ) ;
#3659 = CARTESIAN_POINT ( 'NONE',  ( 46.10000000000000142, -8.750000000000000000, 15.70000000000000284 ) ) ;
#3660 = CARTESIAN_POINT ( 'NONE',  ( 46.90000000000000568, -8.750000000000000000, 15.70000000000000284 ) ) ;
#3661 = EDGE_LOOP ( 'NONE', ( #3691, #855 ) ) ;
#3662 = ORIENTED_EDGE ( 'NONE', *, *, #2271, .T. ) ;
#3663 = UNCERTAINTY_MEASURE_WITH_UNIT (LENGTH_MEASURE( 1.000000000000000082E-05 ), #4350, 'distance_accuracy_value', 'NONE');
#3664 = CARTESIAN_POINT ( 'NONE',  ( 0.000000000000000000, 7.000000000000000000, -6.000000000000000888 ) ) ;
#3665 = EDGE_LOOP ( 'NONE', ( #2891, #3713, #453, #1700 ) ) ;
#3666 = ORIENTED_EDGE ( 'NONE', *, *, #4508, .T. ) ;
#3667 = CARTESIAN_POINT ( 'NONE',  ( 6.000000000000000000, 13.42339375865876505, 6.250000000000063061 ) ) ;
#3668 = UNCERTAINTY_MEASURE_WITH_UNIT (LENGTH_MEASURE( 1.000000000000000082E-05 ), #2698, 'distance_accuracy_value', 'NONE');
#3669 = SURFACE_STYLE_USAGE ( .BOTH. , #3320 ) ;
#3670 = ORIENTED_EDGE ( 'NONE', *, *, #816, .F. ) ;
#3671 = LINE ( 'NONE', #1886, #1654 ) ;
#3672 = ADVANCED_FACE ( 'NONE', ( #779 ), #2989, .F. ) ;
#3673 = AXIS2_PLACEMENT_3D ( 'NONE', #634, #348, #1754 ) ;
#3674 = DIRECTION ( 'NONE',  ( 1.000000000000000000, -0.000000000000000000, -0.000000000000000000 ) ) ;
#3675 = CARTESIAN_POINT ( 'NONE',  ( 44.50000000000000000, 0.000000000000000000, 0.000000000000000000 ) ) ;
#3676 = CARTESIAN_POINT ( 'NONE',  ( 44.00000000000000000, 1.947188410644291380E-15, 15.89999999999999680 ) ) ;
#3677 = STYLED_ITEM ( 'NONE', ( #1816 ), #1830 ) ;
#3678 = EDGE_LOOP ( 'NONE', ( #2254, #1726, #4096, #1375 ) ) ;
#3679 = AXIS2_PLACEMENT_3D ( 'NONE', #2814, #4587, #2785 ) ;
#3680 = DIRECTION ( 'NONE',  ( 0.000000000000000000, 0.000000000000000000, -1.000000000000000000 ) ) ;
#3681 = SURFACE_STYLE_USAGE ( .BOTH. , #3726 ) ;
#3682 = AXIS2_PLACEMENT_3D ( 'NONE', #1837, #2518, #2253 ) ;
#3683 = VECTOR ( 'NONE', #1269, 1000.000000000000000 ) ;
#3684 = CARTESIAN_POINT ( 'NONE',  ( 44.50000000000000000, -9.300000000000000711, 0.000000000000000000 ) ) ;
#3685 = DIRECTION ( 'NONE',  ( 0.000000000000000000, 0.000000000000000000, 1.000000000000000000 ) ) ;
#3686 = ORIENTED_EDGE ( 'NONE', *, *, #2261, .T. ) ;
#3687 = VECTOR ( 'NONE', #1439, 1000.000000000000000 ) ;
#3688 = VECTOR ( 'NONE', #2905, 1000.000000000000000 ) ;
#3689 = LINE ( 'NONE', #2299, #2096 ) ;
#3690 = ORIENTED_EDGE ( 'NONE', *, *, #2078, .T. ) ;
#3691 = ORIENTED_EDGE ( 'NONE', *, *, #1129, .T. ) ;
#3692 = AXIS2_PLACEMENT_3D ( 'NONE', #3741, #4356, #2972 ) ;
#3693 = FILL_AREA_STYLE ('',( #2248 ) ) ;
#3694 = AXIS2_PLACEMENT_3D ( 'NONE', #3197, #4626, #2154 ) ;
#3695 = LINE ( 'NONE', #3597, #3974 ) ;
#3696 = VERTEX_POINT ( 'NONE', #2182 ) ;
#3697 = DIRECTION ( 'NONE',  ( 0.000000000000000000, 0.000000000000000000, -1.000000000000000000 ) ) ;
#3698 = CARTESIAN_POINT ( 'NONE',  ( 47.70000000000000284, 8.750000000000000000, 15.70000000000000284 ) ) ;
#3699 = ADVANCED_FACE ( 'NONE', ( #4405 ), #424, .T. ) ;
#3700 = CARTESIAN_POINT ( 'NONE',  ( 0.000000000000000000, -13.42339375865886986, 6.249999999999874767 ) ) ;
#3701 = DIRECTION ( 'NONE',  ( -1.000000000000000000, -0.000000000000000000, 0.000000000000000000 ) ) ;
#3702 = ADVANCED_FACE ( 'NONE', ( #2669 ), #3344, .F. ) ;
#3703 = AXIS2_PLACEMENT_3D ( 'NONE', #3912, #3202, #1092 ) ;
#3704 = VERTEX_POINT ( 'NONE', #69 ) ;
#3705 = LINE ( 'NONE', #1208, #4233 ) ;
#3706 = AXIS2_PLACEMENT_3D ( 'NONE', #3658, #3637, #2954 ) ;
#3707 = CARTESIAN_POINT ( 'NONE',  ( 51.89999999999999858, -9.300000000000000711, 18.50000000000000355 ) ) ;
#3708 = EDGE_CURVE ( 'NONE', #2281, #2411, #3625, .T. ) ;
#3709 = VERTEX_POINT ( 'NONE', #828 ) ;
#3710 = UNCERTAINTY_MEASURE_WITH_UNIT (LENGTH_MEASURE( 1.000000000000000082E-05 ), #2140, 'distance_accuracy_value', 'NONE');
#3711 = PLANE ( 'NONE',  #1465 ) ;
#3712 = LINE ( 'NONE', #4069, #2937 ) ;
#3713 = ORIENTED_EDGE ( 'NONE', *, *, #1027, .F. ) ;
#3714 = VERTEX_POINT ( 'NONE', #4555 ) ;
#3715 = SURFACE_SIDE_STYLE ('',( #1145 ) ) ;
#3716 = UNCERTAINTY_MEASURE_WITH_UNIT (LENGTH_MEASURE( 1.000000000000000082E-05 ), #1574, 'distance_accuracy_value', 'NONE');
#3717 =( NAMED_UNIT ( * ) PLANE_ANGLE_UNIT ( ) SI_UNIT ( $, .RADIAN. ) );
#3718 = AXIS2_PLACEMENT_3D ( 'NONE', #2161, #357, #3980 ) ;
#3719 = EDGE_LOOP ( 'NONE', ( #2242, #2076, #1833, #1242 ) ) ;
#3720 = FACE_OUTER_BOUND ( 'NONE', #1164, .T. ) ;
#3721 = DIRECTION ( 'NONE',  ( 0.000000000000000000, 0.000000000000000000, 1.000000000000000000 ) ) ;
#3722 = FACE_OUTER_BOUND ( 'NONE', #4348, .T. ) ;
#3723 = FILL_AREA_STYLE ('',( #4011 ) ) ;
#3724 = SURFACE_STYLE_FILL_AREA ( #55 ) ;
#3725 = VECTOR ( 'NONE', #797, 1000.000000000000000 ) ;
#3726 = SURFACE_SIDE_STYLE ('',( #3376 ) ) ;
#3727 = DIRECTION ( 'NONE',  ( -0.000000000000000000, 1.000000000000000000, -0.000000000000000000 ) ) ;
#3728 = DIRECTION ( 'NONE',  ( 0.000000000000000000, -0.000000000000000000, 1.000000000000000000 ) ) ;
#3729 = ORIENTED_EDGE ( 'NONE', *, *, #4077, .F. ) ;
#3730 = ORIENTED_EDGE ( 'NONE', *, *, #2321, .F. ) ;
#3731 = ADVANCED_FACE ( 'NONE', ( #3059 ), #4139, .T. ) ;
#3732 = EDGE_CURVE ( 'NONE', #2365, #1967, #1134, .T. ) ;
#3733 = LINE ( 'NONE', #4488, #2768 ) ;
#3734 = DIRECTION ( 'NONE',  ( -0.000000000000000000, 0.4999999999999992228, -0.8660254037844390407 ) ) ;
#3735 = ORIENTED_EDGE ( 'NONE', *, *, #3649, .F. ) ;
#3736 = EDGE_LOOP ( 'NONE', ( #1469, #1320, #4249, #869 ) ) ;
#3737 = EDGE_CURVE ( 'NONE', #4064, #1495, #4473, .T. ) ;
#3738 = DIRECTION ( 'NONE',  ( 0.000000000000000000, 0.000000000000000000, -1.000000000000000000 ) ) ;
#3739 = ORIENTED_EDGE ( 'NONE', *, *, #3392, .F. ) ;
#3740 = CIRCLE ( 'NONE', #2916, 1.500000000000001332 ) ;
#3741 = CARTESIAN_POINT ( 'NONE',  ( 0.2000000000000000111, -15.50000000000000000, 1.299999999999999156 ) ) ;
#3742 = LINE ( 'NONE', #1600, #2665 ) ;
#3743 = CARTESIAN_POINT ( 'NONE',  ( 46.90000000000000568, -8.750000000000000000, 12.20000000000000284 ) ) ;
#3744 =( NAMED_UNIT ( * ) PLANE_ANGLE_UNIT ( ) SI_UNIT ( $, .RADIAN. ) );
#3745 = DIRECTION ( 'NONE',  ( 1.000000000000000000, -0.000000000000000000, -0.000000000000000000 ) ) ;
#3746 = VECTOR ( 'NONE', #1607, 1000.000000000000227 ) ;
#3747 = CIRCLE ( 'NONE', #1867, 0.2000000000000005107 ) ;
#3748 = DIRECTION ( 'NONE',  ( -1.000000000000000000, 0.000000000000000000, 0.000000000000000000 ) ) ;
#3749 = CARTESIAN_POINT ( 'NONE',  ( 0.000000000000000000, 7.408493649053887076, -13.33188740771269210 ) ) ;
#3750 = AXIS2_PLACEMENT_3D ( 'NONE', #1289, #3200, #3573 ) ;
#3751 = CARTESIAN_POINT ( 'NONE',  ( 2.000000000000000000, -15.75000000000000000, 1.050000000000000044 ) ) ;
#3752 =( GEOMETRIC_REPRESENTATION_CONTEXT ( 3 ) GLOBAL_UNCERTAINTY_ASSIGNED_CONTEXT ( ( #70 ) ) GLOBAL_UNIT_ASSIGNED_CONTEXT ( ( #1980, #3744, #1245 ) ) REPRESENTATION_CONTEXT ( 'NONE', 'WORKASPACE' ) );
#3753 = EDGE_LOOP ( 'NONE', ( #2671, #3386, #1158, #3564 ) ) ;
#3754 = DIRECTION ( 'NONE',  ( -0.000000000000000000, -1.000000000000000000, -0.000000000000000000 ) ) ;
#3755 =( GEOMETRIC_REPRESENTATION_CONTEXT ( 3 ) GLOBAL_UNCERTAINTY_ASSIGNED_CONTEXT ( ( #1167 ) ) GLOBAL_UNIT_ASSIGNED_CONTEXT ( ( #2617, #2898, #1527 ) ) REPRESENTATION_CONTEXT ( 'NONE', 'WORKASPACE' ) );
#3756 = VECTOR ( 'NONE', #408, 1000.000000000000227 ) ;
#3757 = ADVANCED_FACE ( 'NONE', ( #1629 ), #3784, .T. ) ;
#3758 = VECTOR ( 'NONE', #3643, 1000.000000000000000 ) ;
#3759 = VERTEX_POINT ( 'NONE', #2369 ) ;
#3760 = VECTOR ( 'NONE', #769, 1000.000000000000000 ) ;
#3761 = ADVANCED_FACE ( 'NONE', ( #2389 ), #184, .T. ) ;
#3762 = ORIENTED_EDGE ( 'NONE', *, *, #2870, .T. ) ;
#3763 = FILL_AREA_STYLE_COLOUR ( '', #976 ) ;
#3764 = VECTOR ( 'NONE', #1030, 1000.000000000000000 ) ;
#3765 = LINE ( 'NONE', #240, #2998 ) ;
#3766 = ORIENTED_EDGE ( 'NONE', *, *, #1680, .T. ) ;
#3767 =( LENGTH_UNIT ( ) NAMED_UNIT ( * ) SI_UNIT ( .MILLI., .METRE. ) );
#3768 = CARTESIAN_POINT ( 'NONE',  ( 46.90000000000000568, 7.950000000000000178, 10.90000000000000391 ) ) ;
#3769 = VECTOR ( 'NONE', #4428, 1000.000000000000227 ) ;
#3770 = LINE ( 'NONE', #193, #568 ) ;
#3771 = DIRECTION ( 'NONE',  ( 1.000000000000000000, 0.000000000000000000, 0.000000000000000000 ) ) ;
#3772 = PRESENTATION_STYLE_ASSIGNMENT (( #248 ) ) ;
#3773 = CARTESIAN_POINT ( 'NONE',  ( 51.89999999999999858, 9.300000000000000711, 8.500000000000000000 ) ) ;
#3774 = LINE ( 'NONE', #2695, #3683 ) ;
#3775 = CIRCLE ( 'NONE', #3629, 1.500000000000001332 ) ;
#3776 = DIRECTION ( 'NONE',  ( -1.000000000000000000, 0.000000000000000000, 0.000000000000000000 ) ) ;
#3777 = ORIENTED_EDGE ( 'NONE', *, *, #1969, .F. ) ;
#3778 = CARTESIAN_POINT ( 'NONE',  ( 0.000000000000000000, 8.784326673973657407, -13.11490010960491226 ) ) ;
#3779 = COLOUR_RGB ( '',0.7960784313725489669, 0.8235294117647058432, 0.9372549019607843146 ) ;
#3780 = FACE_OUTER_BOUND ( 'NONE', #2057, .T. ) ;
#3781 = EDGE_LOOP ( 'NONE', ( #3316, #1005, #3171, #2318 ) ) ;
#3782 = ORIENTED_EDGE ( 'NONE', *, *, #4486, .T. ) ;
#3783 = ADVANCED_FACE ( 'NONE', ( #515 ), #580, .T. ) ;
#3784 = PLANE ( 'NONE',  #4460 ) ;
#3785 = EDGE_CURVE ( 'NONE', #1062, #3586, #992, .T. ) ;
#3786 = LINE ( 'NONE', #2370, #2770 ) ;
#3787 = LINE ( 'NONE', #2643, #4354 ) ;
#3788 = ORIENTED_EDGE ( 'NONE', *, *, #198, .T. ) ;
#3789 = VERTEX_POINT ( 'NONE', #2804 ) ;
#3790 = DIRECTION ( 'NONE',  ( -0.000000000000000000, 0.9872616401468469194, -0.1591051661466640899 ) ) ;
#3791 = CARTESIAN_POINT ( 'NONE',  ( 44.00000000000000000, 0.000000000000000000, 0.000000000000000000 ) ) ;
#3792 = EDGE_CURVE ( 'NONE', #1683, #344, #59, .T. ) ;
#3793 = DIRECTION ( 'NONE',  ( 1.000000000000000000, -0.000000000000000000, -0.000000000000000000 ) ) ;
#3794 = DIRECTION ( 'NONE',  ( -0.000000000000000000, -0.000000000000000000, -1.000000000000000000 ) ) ;
#3795 = CARTESIAN_POINT ( 'NONE',  ( 6.000000000000000000, 0.000000000000000000, -15.50000000000000000 ) ) ;
#3796 = LINE ( 'NONE', #3464, #3250 ) ;
#3797 = LINE ( 'NONE', #200, #4583 ) ;
#3798 = ORIENTED_EDGE ( 'NONE', *, *, #1682, .F. ) ;
#3799 = DIRECTION ( 'NONE',  ( -1.000000000000000000, -0.000000000000000000, -0.000000000000000000 ) ) ;
#3800 = UNCERTAINTY_MEASURE_WITH_UNIT (LENGTH_MEASURE( 1.000000000000000082E-05 ), #1715, 'distance_accuracy_value', 'NONE');
#3801 = ORIENTED_EDGE ( 'NONE', *, *, #4039, .F. ) ;
#3802 = ORIENTED_EDGE ( 'NONE', *, *, #2521, .T. ) ;
#3803 = DIRECTION ( 'NONE',  ( -1.000000000000000000, 0.000000000000000000, 0.000000000000000000 ) ) ;
#3804 = CARTESIAN_POINT ( 'NONE',  ( 0.000000000000000000, 8.784326673973657407, -13.11490010960491226 ) ) ;
#3805 = CARTESIAN_POINT ( 'NONE',  ( 0.000000000000000000, 6.965673326026347034, 14.16490010960490764 ) ) ;
#3806 = EDGE_CURVE ( 'NONE', #1683, #1548, #628, .T. ) ;
#3807 = EDGE_LOOP ( 'NONE', ( #2305, #3266 ) ) ;
#3808 = ORIENTED_EDGE ( 'NONE', *, *, #3813, .F. ) ;
#3809 = DIRECTION ( 'NONE',  ( 0.000000000000000000, 0.000000000000000000, 1.000000000000000000 ) ) ;
#3810 = DIRECTION ( 'NONE',  ( 0.000000000000000000, -1.000000000000000000, 0.000000000000000000 ) ) ;
#3811 =( NAMED_UNIT ( * ) PLANE_ANGLE_UNIT ( ) SI_UNIT ( $, .RADIAN. ) );
#3812 = DIRECTION ( 'NONE',  ( 0.000000000000000000, -0.000000000000000000, -1.000000000000000000 ) ) ;
#3813 = EDGE_CURVE ( 'NONE', #2828, #513, #2341, .T. ) ;
#3814 = AXIS2_PLACEMENT_3D ( 'NONE', #1400, #2511, #3924 ) ;
#3815 = ADVANCED_FACE ( 'NONE', ( #387 ), #650, .T. ) ;
#3816 = FILL_AREA_STYLE ('',( #1619 ) ) ;
#3817 = FACE_OUTER_BOUND ( 'NONE', #919, .T. ) ;
#3818 = CARTESIAN_POINT ( 'NONE',  ( 0.2000000000000000111, 7.749999999999998224, -11.92339375865880058 ) ) ;
#3819 = ORIENTED_EDGE ( 'NONE', *, *, #3994, .T. ) ;
#3820 = DIRECTION ( 'NONE',  ( 0.000000000000000000, 0.000000000000000000, -1.000000000000000000 ) ) ;
#3821 = VECTOR ( 'NONE', #3149, 1000.000000000000000 ) ;
#3822 = EDGE_CURVE ( 'NONE', #3448, #2644, #3859, .T. ) ;
#3823 = EDGE_CURVE ( 'NONE', #3087, #2505, #4256, .T. ) ;
#3824 = AXIS2_PLACEMENT_3D ( 'NONE', #2959, #4397, #3728 ) ;
#3825 = VECTOR ( 'NONE', #2399, 1000.000000000000000 ) ;
#3826 = EDGE_LOOP ( 'NONE', ( #294, #1751, #3322, #182 ) ) ;
#3827 = EDGE_LOOP ( 'NONE', ( #2747, #1768, #140, #3890, #4542 ) ) ;
#3828 = CIRCLE ( 'NONE', #4647, 16.39999999999999858 ) ;
#3829 =( NAMED_UNIT ( * ) PLANE_ANGLE_UNIT ( ) SI_UNIT ( $, .RADIAN. ) );
#3830 = VECTOR ( 'NONE', #1283, 1000.000000000000000 ) ;
#3831 = AXIS2_PLACEMENT_3D ( 'NONE', #3749, #506, #3403 ) ;
#3832 = CARTESIAN_POINT ( 'NONE',  ( 0.5000000000000000000, 1.506315562951244413E-15, -12.30000000000000071 ) ) ;
#3833 = CARTESIAN_POINT ( 'NONE',  ( 6.000000000000000000, -13.42339375865886986, 7.749999999999874767 ) ) ;
#3834 = ORIENTED_EDGE ( 'NONE', *, *, #1505, .F. ) ;
#3835 = EDGE_LOOP ( 'NONE', ( #4336, #3152 ) ) ;
#3836 = AXIS2_PLACEMENT_3D ( 'NONE', #3264, #2964, #4321 ) ;
#3837 = PRESENTATION_LAYER_ASSIGNMENT (  '', '', ( #2097 ) ) ;
#3838 = LINE ( 'NONE', #217, #3243 ) ;
#3839 =( NAMED_UNIT ( * ) SI_UNIT ( $, .STERADIAN. ) SOLID_ANGLE_UNIT ( ) );
#3840 = VECTOR ( 'NONE', #623, 1000.000000000000000 ) ;
#3841 = CARTESIAN_POINT ( 'NONE',  ( 2.000000000000000000, -15.50000000000000000, -8.673617379884035472E-16 ) ) ;
#3842 = CARTESIAN_POINT ( 'NONE',  ( 46.10000000000000142, -8.750000000000000000, 8.500000000000001776 ) ) ;
#3843 = CARTESIAN_POINT ( 'NONE',  ( 0.000000000000000000, 8.586697387972222373, 14.37259614518684181 ) ) ;
#3844 = VECTOR ( 'NONE', #101, 1000.000000000000000 ) ;
#3845 = CARTESIAN_POINT ( 'NONE',  ( 2.000000000000000000, 7.441506350946108128, -12.38906708468514140 ) ) ;
#3846 = EDGE_CURVE ( 'NONE', #825, #2395, #3245, .T. ) ;
#3847 = EDGE_CURVE ( 'NONE', #2368, #890, #1012, .T. ) ;
#3848 = DIRECTION ( 'NONE',  ( -1.000000000000000000, -0.000000000000000000, -0.000000000000000000 ) ) ;
#3849 = AXIS2_PLACEMENT_3D ( 'NONE', #942, #1994, #521 ) ;
#3850 = EDGE_LOOP ( 'NONE', ( #440, #534, #926, #2893 ) ) ;
#3851 = LINE ( 'NONE', #2728, #2876 ) ;
#3852 = AXIS2_PLACEMENT_3D ( 'NONE', #1101, #2102, #2195 ) ;
#3853 = ADVANCED_FACE ( 'NONE', ( #3499 ), #1282, .T. ) ;
#3854 = DIRECTION ( 'NONE',  ( 1.000000000000000000, 0.000000000000000000, 0.000000000000000000 ) ) ;
#3855 = VERTEX_POINT ( 'NONE', #3258 ) ;
#3856 = AXIS2_PLACEMENT_3D ( 'NONE', #2861, #1006, #2453 ) ;
#3857 = ORIENTED_EDGE ( 'NONE', *, *, #4039, .T. ) ;
#3858 = CIRCLE ( 'NONE', #2663, 1.500000000000001332 ) ;
#3859 = LINE ( 'NONE', #4339, #1220 ) ;
#3860 = STYLED_ITEM ( 'NONE', ( #493 ), #438 ) ;
#3861 = AXIS2_PLACEMENT_3D ( 'NONE', #2973, #2673, #2620 ) ;
#3862 = CARTESIAN_POINT ( 'NONE',  ( 44.50000000000000000, 9.300000000000000711, 18.50000000000000355 ) ) ;
#3863 = DIRECTION ( 'NONE',  ( -0.000000000000000000, 1.000000000000000000, -2.736828040640475774E-16 ) ) ;
#3864 = VERTEX_POINT ( 'NONE', #31 ) ;
#3865 = ORIENTED_EDGE ( 'NONE', *, *, #4269, .T. ) ;
#3866 =( NAMED_UNIT ( * ) SI_UNIT ( $, .STERADIAN. ) SOLID_ANGLE_UNIT ( ) );
#3867 = CARTESIAN_POINT ( 'NONE',  ( 2.000000000000000000, -16.54999999999999716, -0.2500000000000002220 ) ) ;
#3868 = CARTESIAN_POINT ( 'NONE',  ( 0.000000000000000000, -15.25000000000000000, -1.050000000000000044 ) ) ;
#3869 = DIRECTION ( 'NONE',  ( -0.000000000000000000, 0.8660254037844381525, -0.5000000000000008882 ) ) ;
#3870 = DIRECTION ( 'NONE',  ( 0.000000000000000000, 0.000000000000000000, 1.000000000000000000 ) ) ;
#3871 = CARTESIAN_POINT ( 'NONE',  ( 6.000000000000000000, -13.42339375865870998, -6.250000000000156319 ) ) ;
#3872 = ORIENTED_EDGE ( 'NONE', *, *, #2723, .F. ) ;
#3873 = CARTESIAN_POINT ( 'NONE',  ( 6.000000000000000000, 13.42339375865876505, 7.750000000000063061 ) ) ;
#3874 = VERTEX_POINT ( 'NONE', #8 ) ;
#3875 = ORIENTED_EDGE ( 'NONE', *, *, #3959, .F. ) ;
#3876 = EDGE_CURVE ( 'NONE', #4670, #4044, #2930, .T. ) ;
#3877 =( NAMED_UNIT ( * ) SI_UNIT ( $, .STERADIAN. ) SOLID_ANGLE_UNIT ( ) );
#3878 =( NAMED_UNIT ( * ) SI_UNIT ( $, .STERADIAN. ) SOLID_ANGLE_UNIT ( ) );
#3879 = FACE_OUTER_BOUND ( 'NONE', #2280, .T. ) ;
#3880 = CARTESIAN_POINT ( 'NONE',  ( 0.5000000000000000000, 7.000000000000001776, 0.000000000000000000 ) ) ;
#3881 = VERTEX_POINT ( 'NONE', #3542 ) ;
#3882 = ORIENTED_EDGE ( 'NONE', *, *, #143, .T. ) ;
#3883 = DIRECTION ( 'NONE',  ( -0.000000000000000000, -1.000000000000000000, -0.000000000000000000 ) ) ;
#3884 = LINE ( 'NONE', #1405, #2778 ) ;
#3885 = CARTESIAN_POINT ( 'NONE',  ( 44.50000000000000000, 0.000000000000000000, 0.000000000000000000 ) ) ;
#3886 = DIRECTION ( 'NONE',  ( 1.000000000000000000, 0.000000000000000000, 0.000000000000000000 ) ) ;
#3887 = FACE_OUTER_BOUND ( 'NONE', #2927, .T. ) ;
#3888 =( NAMED_UNIT ( * ) SI_UNIT ( $, .STERADIAN. ) SOLID_ANGLE_UNIT ( ) );
#3889 = DIRECTION ( 'NONE',  ( 1.000000000000000000, -0.000000000000000000, -0.000000000000000000 ) ) ;
#3890 = ORIENTED_EDGE ( 'NONE', *, *, #4588, .F. ) ;
#3891 = DIRECTION ( 'NONE',  ( 0.000000000000000000, 0.000000000000000000, 1.000000000000000000 ) ) ;
#3892 = CARTESIAN_POINT ( 'NONE',  ( 51.89999999999999858, 9.300000000000000711, 18.50000000000000355 ) ) ;
#3893 = EDGE_LOOP ( 'NONE', ( #1985, #3240, #1772, #1660, #2082, #261, #4597, #3997, #2961, #4271, #2514, #494 ) ) ;
#3894 = VERTEX_POINT ( 'NONE', #1131 ) ;
#3895 = ORIENTED_EDGE ( 'NONE', *, *, #265, .T. ) ;
#3896 = AXIS2_PLACEMENT_3D ( 'NONE', #4606, #4679, #2110 ) ;
#3897 = DIRECTION ( 'NONE',  ( 1.000000000000000000, -0.000000000000000000, -0.000000000000000000 ) ) ;
#3898 = EDGE_CURVE ( 'NONE', #766, #853, #302, .T. ) ;
#3899 = SURFACE_STYLE_FILL_AREA ( #2825 ) ;
#3900 = ADVANCED_FACE ( 'NONE', ( #444 ), #3402, .T. ) ;
#3901 = PRESENTATION_LAYER_ASSIGNMENT (  '', '', ( #1260 ) ) ;
#3902 = FACE_OUTER_BOUND ( 'NONE', #3592, .T. ) ;
#3903 = VERTEX_POINT ( 'NONE', #4465 ) ;
#3904 = VERTEX_POINT ( 'NONE', #128 ) ;
#3905 = STYLED_ITEM ( 'NONE', ( #2570 ), #2220 ) ;
#3906 = AXIS2_PLACEMENT_3D ( 'NONE', #2724, #158, #1234 ) ;
#3907 = LINE ( 'NONE', #658, #2086 ) ;
#3908 =( NAMED_UNIT ( * ) PLANE_ANGLE_UNIT ( ) SI_UNIT ( $, .RADIAN. ) );
#3909 = CARTESIAN_POINT ( 'NONE',  ( 0.000000000000000000, 7.749999999999998224, -13.42339375865880058 ) ) ;
#3910 = SURFACE_SIDE_STYLE ('',( #2881 ) ) ;
#3911 = CIRCLE ( 'NONE', #1880, 1.500000000000001332 ) ;
#3912 = CARTESIAN_POINT ( 'NONE',  ( 20.49999999999999645, 0.000000000000000000, 0.000000000000000000 ) ) ;
#3913 = VECTOR ( 'NONE', #1336, 1000.000000000000227 ) ;
#3914 = DIRECTION ( 'NONE',  ( -1.000000000000000000, -0.000000000000000000, 0.000000000000000000 ) ) ;
#3915 = CARTESIAN_POINT ( 'NONE',  ( 0.000000000000000000, 8.491506350946107062, -14.20772043263246154 ) ) ;
#3916 = ORIENTED_EDGE ( 'NONE', *, *, #4337, .T. ) ;
#3917 = AXIS2_PLACEMENT_3D ( 'NONE', #4008, #4458, #2210 ) ;
#3918 = VECTOR ( 'NONE', #3883, 1000.000000000000000 ) ;
#3919 = CARTESIAN_POINT ( 'NONE',  ( 2.000000000000000000, 7.750000000000006217, 13.42339375865879880 ) ) ;
#3920 = VERTEX_POINT ( 'NONE', #4088 ) ;
#3921 = ORIENTED_EDGE ( 'NONE', *, *, #689, .F. ) ;
#3922 = AXIS2_PLACEMENT_3D ( 'NONE', #97, #1546, #730 ) ;
#3923 =( GEOMETRIC_REPRESENTATION_CONTEXT ( 3 ) GLOBAL_UNCERTAINTY_ASSIGNED_CONTEXT ( ( #3668 ) ) GLOBAL_UNIT_ASSIGNED_CONTEXT ( ( #2698, #4504, #1252 ) ) REPRESENTATION_CONTEXT ( 'NONE', 'WORKASPACE' ) );
#3924 = DIRECTION ( 'NONE',  ( 0.000000000000000000, 0.000000000000000000, 1.000000000000000000 ) ) ;
#3925 = MECHANICAL_DESIGN_GEOMETRIC_PRESENTATION_REPRESENTATION (  '', ( #4527 ), #1056 ) ;
#3926 = SURFACE_STYLE_FILL_AREA ( #1161 ) ;
#3927 = EDGE_LOOP ( 'NONE', ( #4258, #3729, #2689, #3354 ) ) ;
#3928 = ORIENTED_EDGE ( 'NONE', *, *, #1998, .T. ) ;
#3929 = ADVANCED_FACE ( 'NONE', ( #792 ), #860, .F. ) ;
#3930 = AXIS2_PLACEMENT_3D ( 'NONE', #685, #1431, #4628 ) ;
#3931 = DIRECTION ( 'NONE',  ( -1.000000000000000000, -0.000000000000000000, -0.000000000000000000 ) ) ;
#3932 = CARTESIAN_POINT ( 'NONE',  ( 0.000000000000000000, -14.45000000000000107, -0.2500000000000002220 ) ) ;
#3933 = CARTESIAN_POINT ( 'NONE',  ( 0.000000000000000000, 7.749999999999998224, -13.42339375865880058 ) ) ;
#3934 = DIRECTION ( 'NONE',  ( -0.000000000000000000, -0.000000000000000000, -1.000000000000000000 ) ) ;
#3935 = CARTESIAN_POINT ( 'NONE',  ( 2.000000000000000000, 8.091506350946115589, 13.51490010960490729 ) ) ;
#3936 = EDGE_CURVE ( 'NONE', #1255, #3704, #3002, .T. ) ;
#3937 = CARTESIAN_POINT ( 'NONE',  ( 0.2000000000000000111, -15.50000000000000000, -8.673617379884035472E-16 ) ) ;
#3938 = EDGE_CURVE ( 'NONE', #4440, #1989, #1368, .T. ) ;
#3939 = CARTESIAN_POINT ( 'NONE',  ( 0.5000000000000004441, 0.000000000000000000, 0.000000000000000000 ) ) ;
#3940 = DIRECTION ( 'NONE',  ( -1.000000000000000000, 0.000000000000000000, 0.000000000000000000 ) ) ;
#3941 = ORIENTED_EDGE ( 'NONE', *, *, #2164, .T. ) ;
#3942 = DIRECTION ( 'NONE',  ( 1.000000000000000000, -0.000000000000000000, -0.000000000000000000 ) ) ;
#3943 = PLANE ( 'NONE',  #4660 ) ;
#3944 = EDGE_LOOP ( 'NONE', ( #4343, #3875 ) ) ;
#3945 = VERTEX_POINT ( 'NONE', #1916 ) ;
#3946 = DIRECTION ( 'NONE',  ( 1.000000000000000000, 0.000000000000000000, 0.000000000000000000 ) ) ;
#3947 = ORIENTED_EDGE ( 'NONE', *, *, #4221, .F. ) ;
#3948 = VERTEX_POINT ( 'NONE', #1577 ) ;
#3949 = DIRECTION ( 'NONE',  ( 1.000000000000000000, 0.000000000000000000, 0.000000000000000000 ) ) ;
#3950 = CARTESIAN_POINT ( 'NONE',  ( 0.000000000000000000, 7.750000000000006217, 11.42339375865879880 ) ) ;
#3951 = SURFACE_SIDE_STYLE ('',( #635 ) ) ;
#3952 = PLANE ( 'NONE',  #4574 ) ;
#3953 = PLANE ( 'NONE',  #1796 ) ;
#3954 =( NAMED_UNIT ( * ) SI_UNIT ( $, .STERADIAN. ) SOLID_ANGLE_UNIT ( ) );
#3955 = CARTESIAN_POINT ( 'NONE',  ( 0.000000000000000000, 1.506315562951244413E-15, -12.30000000000000071 ) ) ;
#3956 = EDGE_CURVE ( 'NONE', #1904, #897, #3038, .T. ) ;
#3957 = CARTESIAN_POINT ( 'NONE',  ( 2.000000000000000000, 7.750000000000006217, 13.42339375865879703 ) ) ;
#3958 = CARTESIAN_POINT ( 'NONE',  ( 20.49999999999999645, 2.241103642439656682E-15, -18.30000000000000071 ) ) ;
#3959 = EDGE_CURVE ( 'NONE', #4568, #3904, #3544, .T. ) ;
#3960 = CIRCLE ( 'NONE', #28, 2.000000000000000000 ) ;
#3961 = EDGE_LOOP ( 'NONE', ( #3192, #2808, #3204, #1298, #2122, #4469 ) ) ;
#3962 = FACE_BOUND ( 'NONE', #4604, .T. ) ;
#3963 = ORIENTED_EDGE ( 'NONE', *, *, #3823, .F. ) ;
#3964 = ORIENTED_EDGE ( 'NONE', *, *, #601, .T. ) ;
#3965 =( NAMED_UNIT ( * ) PLANE_ANGLE_UNIT ( ) SI_UNIT ( $, .RADIAN. ) );
#3966 = ORIENTED_EDGE ( 'NONE', *, *, #4429, .F. ) ;
#3967 = ORIENTED_EDGE ( 'NONE', *, *, #1617, .T. ) ;
#3968 = DIRECTION ( 'NONE',  ( -1.000000000000000000, 0.000000000000000000, 0.000000000000000000 ) ) ;
#3969 = DIRECTION ( 'NONE',  ( 0.000000000000000000, 0.4999999999999992784, -0.8660254037844390407 ) ) ;
#3970 = COLOUR_RGB ( '',1.000000000000000000, 1.000000000000000000, 1.000000000000000000 ) ;
#3971 = CARTESIAN_POINT ( 'NONE',  ( 46.10000000000000142, 8.750000000000000000, 15.70000000000000284 ) ) ;
#3972 = DIRECTION ( 'NONE',  ( 1.000000000000000000, 0.000000000000000000, 0.000000000000000000 ) ) ;
#3973 = CARTESIAN_POINT ( 'NONE',  ( 44.50000000000000000, 0.000000000000000000, 0.000000000000000000 ) ) ;
#3974 = VECTOR ( 'NONE', #1456, 1000.000000000000227 ) ;
#3975 = STYLED_ITEM ( 'NONE', ( #524 ), #1008 ) ;
#3976 = DIRECTION ( 'NONE',  ( -1.000000000000000000, -0.000000000000000000, -0.000000000000000000 ) ) ;
#3977 = DIRECTION ( 'NONE',  ( 1.000000000000000000, 0.000000000000000000, 0.000000000000000000 ) ) ;
#3978 = AXIS2_PLACEMENT_3D ( 'NONE', #3286, #37, #4645 ) ;
#3979 = LINE ( 'NONE', #741, #4439 ) ;
#3980 = DIRECTION ( 'NONE',  ( 0.000000000000000000, 0.000000000000000000, 1.000000000000000000 ) ) ;
#3981 = CIRCLE ( 'NONE', #4507, 15.89999999999999680 ) ;
#3982 = FILL_AREA_STYLE_COLOUR ( '', #3092 ) ;
#3983 = ORIENTED_EDGE ( 'NONE', *, *, #3294, .T. ) ;
#3984 = EDGE_CURVE ( 'NONE', #1918, #1277, #815, .T. ) ;
#3985 = VECTOR ( 'NONE', #697, 1000.000000000000227 ) ;
#3986 = CIRCLE ( 'NONE', #1188, 1.500000000000001332 ) ;
#3987 = CARTESIAN_POINT ( 'NONE',  ( 0.5000000000000000000, 0.000000000000000000, 0.000000000000000000 ) ) ;
#3988 = EDGE_CURVE ( 'NONE', #4044, #2756, #3355, .T. ) ;
#3989 = LINE ( 'NONE', #3684, #2403 ) ;
#3990 = DIRECTION ( 'NONE',  ( 0.000000000000000000, -0.000000000000000000, 1.000000000000000000 ) ) ;
#3991 = COLOUR_RGB ( '',0.7960784313725489669, 0.8235294117647058432, 0.9372549019607843146 ) ;
#3992 = ORIENTED_EDGE ( 'NONE', *, *, #516, .F. ) ;
#3993 = FILL_AREA_STYLE_COLOUR ( '', #1813 ) ;
#3994 = EDGE_CURVE ( 'NONE', #1748, #3948, #3775, .T. ) ;
#3995 = PRESENTATION_STYLE_ASSIGNMENT (( #3362 ) ) ;
#3996 = FACE_OUTER_BOUND ( 'NONE', #1181, .T. ) ;
#3997 = ORIENTED_EDGE ( 'NONE', *, *, #3737, .F. ) ;
#3998 = ORIENTED_EDGE ( 'NONE', *, *, #4047, .F. ) ;
#3999 =( GEOMETRIC_REPRESENTATION_CONTEXT ( 3 ) GLOBAL_UNCERTAINTY_ASSIGNED_CONTEXT ( ( #392 ) ) GLOBAL_UNIT_ASSIGNED_CONTEXT ( ( #2515, #1733, #345 ) ) REPRESENTATION_CONTEXT ( 'NONE', 'WORKASPACE' ) );
#4000 = DIRECTION ( 'NONE',  ( -0.000000000000000000, -0.4999999999999992228, 0.8660254037844390407 ) ) ;
#4001 = ADVANCED_BREP_SHAPE_REPRESENTATION ( 'MC520\X2\7f16780156687535673a6a21578b\X0\-\X2\9ad87cbe6b3e\X0\', ( #2746, #2628 ), #3076 ) ;
#4002 =( LENGTH_UNIT ( ) NAMED_UNIT ( * ) SI_UNIT ( .MILLI., .METRE. ) );
#4003 = UNCERTAINTY_MEASURE_WITH_UNIT (LENGTH_MEASURE( 1.000000000000000082E-05 ), #1938, 'distance_accuracy_value', 'NONE');
#4004 = STYLED_ITEM ( 'NONE', ( #1864 ), #3815 ) ;
#4005 = FACE_OUTER_BOUND ( 'NONE', #1235, .T. ) ;
#4006 = CARTESIAN_POINT ( 'NONE',  ( 0.000000000000000000, -14.45000000000000107, 0.2500000000000002220 ) ) ;
#4007 = VECTOR ( 'NONE', #2266, 1000.000000000000227 ) ;
#4008 = CARTESIAN_POINT ( 'NONE',  ( 0.000000000000000000, 7.008493649053888497, -12.63906708468514140 ) ) ;
#4009 = DIRECTION ( 'NONE',  ( 1.000000000000000000, 0.000000000000000000, 0.000000000000000000 ) ) ;
#4010 = DIRECTION ( 'NONE',  ( 1.000000000000000000, 0.000000000000000000, 0.000000000000000000 ) ) ;
#4011 = FILL_AREA_STYLE_COLOUR ( '', #643 ) ;
#4012 =( NAMED_UNIT ( * ) SI_UNIT ( $, .STERADIAN. ) SOLID_ANGLE_UNIT ( ) );
#4013 = ORIENTED_EDGE ( 'NONE', *, *, #542, .T. ) ;
#4014 = DIRECTION ( 'NONE',  ( 1.000000000000000000, -0.000000000000000000, -0.000000000000000000 ) ) ;
#4015 = CARTESIAN_POINT ( 'NONE',  ( 0.2000000000000000111, -15.50000000000000000, -8.673617379884035472E-16 ) ) ;
#4016 = ORIENTED_EDGE ( 'NONE', *, *, #3737, .T. ) ;
#4017 = SURFACE_SIDE_STYLE ('',( #3285 ) ) ;
#4018 = FILL_AREA_STYLE ('',( #2590 ) ) ;
#4019 = EDGE_CURVE ( 'NONE', #820, #2145, #527, .T. ) ;
#4020 = CARTESIAN_POINT ( 'NONE',  ( 2.000000000000000000, 8.058493649053897201, 14.45772043263245621 ) ) ;
#4021 = ORIENTED_EDGE ( 'NONE', *, *, #91, .T. ) ;
#4022 = EDGE_CURVE ( 'NONE', #2982, #3330, #1512, .T. ) ;
#4023 = ORIENTED_EDGE ( 'NONE', *, *, #4561, .T. ) ;
#4024 = AXIS2_PLACEMENT_3D ( 'NONE', #742, #1817, #1861 ) ;
#4025 = CARTESIAN_POINT ( 'NONE',  ( 2.000000000000000000, 7.841506350946115589, 13.08188740771268677 ) ) ;
#4026 =( NAMED_UNIT ( * ) PLANE_ANGLE_UNIT ( ) SI_UNIT ( $, .RADIAN. ) );
#4027 =( LENGTH_UNIT ( ) NAMED_UNIT ( * ) SI_UNIT ( .MILLI., .METRE. ) );
#4028 = ORIENTED_EDGE ( 'NONE', *, *, #373, .F. ) ;
#4029 = DIRECTION ( 'NONE',  ( 0.000000000000000000, -0.000000000000000000, -1.000000000000000000 ) ) ;
#4030 = DIRECTION ( 'NONE',  ( -0.000000000000000000, 0.5000000000000000000, 0.8660254037844385966 ) ) ;
#4031 = CARTESIAN_POINT ( 'NONE',  ( 44.50000000000000000, 2.008420750601658560E-15, -16.39999999999999858 ) ) ;
#4032 = LINE ( 'NONE', #840, #4204 ) ;
#4033 = DIRECTION ( 'NONE',  ( 1.000000000000000000, -0.000000000000000000, -0.000000000000000000 ) ) ;
#4034 = EDGE_LOOP ( 'NONE', ( #3443, #4318, #611, #1058 ) ) ;
#4035 = CARTESIAN_POINT ( 'NONE',  ( 2.000000000000000000, 7.749999999999998224, -11.92339375865880058 ) ) ;
#4036 = DIRECTION ( 'NONE',  ( -0.000000000000000000, 1.000000000000000000, -0.000000000000000000 ) ) ;
#4037 = SURFACE_SIDE_STYLE ('',( #4396 ) ) ;
#4038 = FACE_OUTER_BOUND ( 'NONE', #2457, .T. ) ;
#4039 = EDGE_CURVE ( 'NONE', #3448, #2982, #3705, .T. ) ;
#4040 = ORIENTED_EDGE ( 'NONE', *, *, #4612, .T. ) ;
#4041 = ORIENTED_EDGE ( 'NONE', *, *, #4104, .F. ) ;
#4042 = UNCERTAINTY_MEASURE_WITH_UNIT (LENGTH_MEASURE( 1.000000000000000082E-05 ), #885, 'distance_accuracy_value', 'NONE');
#4043 =( LENGTH_UNIT ( ) NAMED_UNIT ( * ) SI_UNIT ( .MILLI., .METRE. ) );
#4044 = VERTEX_POINT ( 'NONE', #478 ) ;
#4045 = ORIENTED_EDGE ( 'NONE', *, *, #921, .F. ) ;
#4046 = DIRECTION ( 'NONE',  ( 0.000000000000000000, 0.000000000000000000, -1.000000000000000000 ) ) ;
#4047 = EDGE_CURVE ( 'NONE', #1624, #2801, #617, .T. ) ;
#4048 = EDGE_CURVE ( 'NONE', #3696, #3920, #3796, .T. ) ;
#4049 = UNCERTAINTY_MEASURE_WITH_UNIT (LENGTH_MEASURE( 1.000000000000000082E-05 ), #3605, 'distance_accuracy_value', 'NONE');
#4050 = ORIENTED_EDGE ( 'NONE', *, *, #518, .T. ) ;
#4051 = CARTESIAN_POINT ( 'NONE',  ( 0.000000000000000000, -14.45000000000000107, -0.2500000000000002220 ) ) ;
#4052 = FACE_OUTER_BOUND ( 'NONE', #2439, .T. ) ;
#4053 = CARTESIAN_POINT ( 'NONE',  ( 0.000000000000000000, 7.750000000000006217, 13.42339375865879703 ) ) ;
#4054 = SURFACE_STYLE_USAGE ( .BOTH. , #1175 ) ;
#4055 = AXIS2_PLACEMENT_3D ( 'NONE', #4147, #3419, #152 ) ;
#4056 = EDGE_LOOP ( 'NONE', ( #447, #181, #6, #2351 ) ) ;
#4057 = VECTOR ( 'NONE', #3869, 1000.000000000000000 ) ;
#4058 = CARTESIAN_POINT ( 'NONE',  ( 0.000000000000000000, 7.750000000000006217, 13.42339375865879880 ) ) ;
#4059 = VECTOR ( 'NONE', #1070, 1000.000000000000000 ) ;
#4060 = AXIS2_PLACEMENT_3D ( 'NONE', #33, #467, #1896 ) ;
#4061 =( LENGTH_UNIT ( ) NAMED_UNIT ( * ) SI_UNIT ( .MILLI., .METRE. ) );
#4062 = DIRECTION ( 'NONE',  ( 0.000000000000000000, 1.000000000000000000, 0.000000000000000000 ) ) ;
#4063 = VERTEX_POINT ( 'NONE', #2763 ) ;
#4064 = VERTEX_POINT ( 'NONE', #4193 ) ;
#4065 = VECTOR ( 'NONE', #1677, 1000.000000000000227 ) ;
#4066 = VECTOR ( 'NONE', #2903, 1000.000000000000000 ) ;
#4067 =( GEOMETRIC_REPRESENTATION_CONTEXT ( 3 ) GLOBAL_UNCERTAINTY_ASSIGNED_CONTEXT ( ( #2532 ) ) GLOBAL_UNIT_ASSIGNED_CONTEXT ( ( #4317, #1078, #4619 ) ) REPRESENTATION_CONTEXT ( 'NONE', 'WORKASPACE' ) );
#4068 = FACE_BOUND ( 'NONE', #1490, .T. ) ;
#4069 = CARTESIAN_POINT ( 'NONE',  ( 6.000000000000000000, 0.000000000000000000, -13.99999999999999822 ) ) ;
#4070 = ORIENTED_EDGE ( 'NONE', *, *, #1567, .F. ) ;
#4071 = ORIENTED_EDGE ( 'NONE', *, *, #3792, .T. ) ;
#4072 = STYLED_ITEM ( 'NONE', ( #1839 ), #3186 ) ;
#4073 = DIRECTION ( 'NONE',  ( 0.000000000000000000, 0.000000000000000000, 1.000000000000000000 ) ) ;
#4074 = VECTOR ( 'NONE', #1614, 1000.000000000000000 ) ;
#4075 = CARTESIAN_POINT ( 'NONE',  ( -19.80000000000000071, 7.000000000000000000, 0.000000000000000000 ) ) ;
#4076 = ORIENTED_EDGE ( 'NONE', *, *, #1426, .F. ) ;
#4077 = EDGE_CURVE ( 'NONE', #3062, #1032, #3163, .T. ) ;
#4078 = CARTESIAN_POINT ( 'NONE',  ( 46.10000000000000142, -8.750000000000000000, 8.500000000000001776 ) ) ;
#4079 = MECHANICAL_DESIGN_GEOMETRIC_PRESENTATION_REPRESENTATION (  '', ( #367 ), #2269 ) ;
#4080 = FILL_AREA_STYLE ('',( #1200 ) ) ;
#4081 = CARTESIAN_POINT ( 'NONE',  ( -8.300000000000002487, 7.000000000000000000, 0.000000000000000000 ) ) ;
#4082 = CARTESIAN_POINT ( 'NONE',  ( 2.000000000000000000, 7.749999999999999112, -15.42339375865880058 ) ) ;
#4083 = ADVANCED_FACE ( 'NONE', ( #3095 ), #912, .F. ) ;
#4084 = FACE_OUTER_BOUND ( 'NONE', #396, .T. ) ;
#4085 = CIRCLE ( 'NONE', #1670, 16.39999999999999858 ) ;
#4086 = EDGE_LOOP ( 'NONE', ( #621, #606, #304, #2213, #3495, #698, #2836, #3112 ) ) ;
#4087 = EDGE_CURVE ( 'NONE', #1821, #1595, #1223, .T. ) ;
#4088 = CARTESIAN_POINT ( 'NONE',  ( 51.89999999999999858, -9.300000000000000711, 8.500000000000000000 ) ) ;
#4089 = MECHANICAL_DESIGN_GEOMETRIC_PRESENTATION_REPRESENTATION (  '', ( #375 ), #600 ) ;
#4090 = PRESENTATION_LAYER_ASSIGNMENT (  '', '', ( #3633 ) ) ;
#4091 = DIRECTION ( 'NONE',  ( 0.000000000000000000, -0.8660254037844378194, 0.5000000000000015543 ) ) ;
#4092 = ORIENTED_EDGE ( 'NONE', *, *, #1301, .F. ) ;
#4093 = ORIENTED_EDGE ( 'NONE', *, *, #2550, .T. ) ;
#4094 = UNCERTAINTY_MEASURE_WITH_UNIT (LENGTH_MEASURE( 1.000000000000000082E-05 ), #4002, 'distance_accuracy_value', 'NONE');
#4095 = SURFACE_STYLE_FILL_AREA ( #4549 ) ;
#4096 = ORIENTED_EDGE ( 'NONE', *, *, #2609, .T. ) ;
#4097 = ORIENTED_EDGE ( 'NONE', *, *, #3304, .F. ) ;
#4098 = UNCERTAINTY_MEASURE_WITH_UNIT (LENGTH_MEASURE( 1.000000000000000082E-05 ), #307, 'distance_accuracy_value', 'NONE');
#4099 = FILL_AREA_STYLE_COLOUR ( '', #2781 ) ;
#4100 = ORIENTED_EDGE ( 'NONE', *, *, #2817, .T. ) ;
#4101 = EDGE_CURVE ( 'NONE', #2052, #16, #4085, .T. ) ;
#4102 = CARTESIAN_POINT ( 'NONE',  ( 0.000000000000000000, 0.000000000000000000, -15.50000000000000000 ) ) ;
#4103 = CARTESIAN_POINT ( 'NONE',  ( 2.000000000000000000, 8.153684686079991195, -14.62259614518684714 ) ) ;
#4104 = EDGE_CURVE ( 'NONE', #4118, #4670, #1314, .T. ) ;
#4105 = DIRECTION ( 'NONE',  ( 0.000000000000000000, 0.000000000000000000, 1.000000000000000000 ) ) ;
#4106 = DIRECTION ( 'NONE',  ( -0.000000000000000000, -0.000000000000000000, 1.000000000000000000 ) ) ;
#4107 = CARTESIAN_POINT ( 'NONE',  ( 6.000000000000000000, 13.42339375865881657, -9.249999999999969802 ) ) ;
#4108 = DIRECTION ( 'NONE',  ( 0.000000000000000000, 0.000000000000000000, -1.000000000000000000 ) ) ;
#4109 = EDGE_CURVE ( 'NONE', #4513, #2505, #2404, .T. ) ;
#4110 = CARTESIAN_POINT ( 'NONE',  ( -8.300000000000002487, 4.500000000000000888, 1.658312395177700349 ) ) ;
#4111 = ADVANCED_FACE ( 'NONE', ( #593 ), #1900, .T. ) ;
#4112 = ORIENTED_EDGE ( 'NONE', *, *, #2139, .F. ) ;
#4113 = FACE_BOUND ( 'NONE', #2840, .T. ) ;
#4114 = ORIENTED_EDGE ( 'NONE', *, *, #3708, .F. ) ;
#4115 = VERTEX_POINT ( 'NONE', #2450 ) ;
#4116 = CARTESIAN_POINT ( 'NONE',  ( 0.000000000000000000, 7.749999999999999112, -13.42339375865880058 ) ) ;
#4117 = SURFACE_STYLE_USAGE ( .BOTH. , #1612 ) ;
#4118 = VERTEX_POINT ( 'NONE', #3602 ) ;
#4119 = DIRECTION ( 'NONE',  ( 0.000000000000000000, -0.8660254037844390407, -0.4999999999999992784 ) ) ;
#4120 = VECTOR ( 'NONE', #3045, 1000.000000000000000 ) ;
#4121 = DIRECTION ( 'NONE',  ( -1.000000000000000000, 0.000000000000000000, 0.000000000000000000 ) ) ;
#4122 = DIRECTION ( 'NONE',  ( 0.000000000000000000, 0.000000000000000000, 1.000000000000000000 ) ) ;
#4123 =( GEOMETRIC_REPRESENTATION_CONTEXT ( 3 ) GLOBAL_UNCERTAINTY_ASSIGNED_CONTEXT ( ( #3663 ) ) GLOBAL_UNIT_ASSIGNED_CONTEXT ( ( #4350, #1116, #400 ) ) REPRESENTATION_CONTEXT ( 'NONE', 'WORKASPACE' ) );
#4124 = DIRECTION ( 'NONE',  ( 0.000000000000000000, -0.8660254037844362651, -0.5000000000000041078 ) ) ;
#4125 = CARTESIAN_POINT ( 'NONE',  ( 51.89999999999999858, 8.750000000000000000, 15.70000000000000284 ) ) ;
#4126 = PLANE ( 'NONE',  #4134 ) ;
#4127 = DIRECTION ( 'NONE',  ( -1.000000000000000000, 0.000000000000000000, 0.000000000000000000 ) ) ;
#4128 = TOROIDAL_SURFACE ( 'NONE', #2706, 15.89999999999999680, 0.5000000000000000000 ) ;
#4129 = VERTEX_POINT ( 'NONE', #739 ) ;
#4130 = EDGE_CURVE ( 'NONE', #1635, #462, #3858, .T. ) ;
#4131 = EDGE_CURVE ( 'NONE', #364, #1217, #3408, .T. ) ;
#4132 = DIRECTION ( 'NONE',  ( 0.000000000000000000, 0.000000000000000000, -1.000000000000000000 ) ) ;
#4133 = AXIS2_PLACEMENT_3D ( 'NONE', #1195, #4517, #3431 ) ;
#4134 = AXIS2_PLACEMENT_3D ( 'NONE', #1603, #176, #3054 ) ;
#4135 = CARTESIAN_POINT ( 'NONE',  ( 2.000000000000000000, 7.750000000000006217, 13.42339375865879880 ) ) ;
#4136 = ORIENTED_EDGE ( 'NONE', *, *, #2869, .F. ) ;
#4137 = ORIENTED_EDGE ( 'NONE', *, *, #3337, .T. ) ;
#4138 = EDGE_CURVE ( 'NONE', #2285, #2126, #3576, .T. ) ;
#4139 = PLANE ( 'NONE',  #754 ) ;
#4140 = VECTOR ( 'NONE', #275, 999.9999999999998863 ) ;
#4141 = LINE ( 'NONE', #3862, #4120 ) ;
#4142 = DIRECTION ( 'NONE',  ( 0.000000000000000000, 0.000000000000000000, -1.000000000000000000 ) ) ;
#4143 = VERTEX_POINT ( 'NONE', #3955 ) ;
#4144 = CARTESIAN_POINT ( 'NONE',  ( 0.000000000000000000, 7.658493649053887076, -13.76490010960491261 ) ) ;
#4145 = PLANE ( 'NONE',  #301 ) ;
#4146 = CIRCLE ( 'NONE', #2107, 16.39999999999999858 ) ;
#4147 = CARTESIAN_POINT ( 'NONE',  ( 51.89999999999999858, 0.000000000000000000, 0.000000000000000000 ) ) ;
#4148 = FILL_AREA_STYLE_COLOUR ( '', #2171 ) ;
#4149 = COLOUR_RGB ( '',0.7960784313725489669, 0.8235294117647058432, 0.9372549019607843146 ) ;
#4150 = FACE_OUTER_BOUND ( 'NONE', #2343, .T. ) ;
#4151 = CARTESIAN_POINT ( 'NONE',  ( 0.2000000000000000111, 7.749999999999998224, -14.92339375865880235 ) ) ;
#4152 = MECHANICAL_DESIGN_GEOMETRIC_PRESENTATION_REPRESENTATION (  '', ( #827 ), #71 ) ;
#4153 = DIRECTION ( 'NONE',  ( 0.000000000000000000, 0.000000000000000000, -1.000000000000000000 ) ) ;
#4154 = ORIENTED_EDGE ( 'NONE', *, *, #3025, .F. ) ;
#4155 = LINE ( 'NONE', #1625, #2267 ) ;
#4156 = AXIS2_PLACEMENT_3D ( 'NONE', #2837, #4636, #1789 ) ;
#4157 = CIRCLE ( 'NONE', #234, 2.000000000000000000 ) ;
#4158 = SURFACE_STYLE_USAGE ( .BOTH. , #2033 ) ;
#4159 = ORIENTED_EDGE ( 'NONE', *, *, #1541, .F. ) ;
#4160 = ORIENTED_EDGE ( 'NONE', *, *, #3984, .T. ) ;
#4161 = EDGE_LOOP ( 'NONE', ( #2393, #821, #420, #3666 ) ) ;
#4162 = DIRECTION ( 'NONE',  ( 0.000000000000000000, 0.8660254037844433705, -0.4999999999999920064 ) ) ;
#4163 = CARTESIAN_POINT ( 'NONE',  ( -6.000000000000000000, 7.000000000000000000, -6.000000000000000888 ) ) ;
#4164 = EDGE_CURVE ( 'NONE', #573, #3789, #982, .T. ) ;
#4165 = DIRECTION ( 'NONE',  ( -0.000000000000000000, -0.000000000000000000, 1.000000000000000000 ) ) ;
#4166 = ORIENTED_EDGE ( 'NONE', *, *, #1793, .T. ) ;
#4167 = ORIENTED_EDGE ( 'NONE', *, *, #1130, .F. ) ;
#4168 = DIRECTION ( 'NONE',  ( 1.000000000000000000, -0.000000000000000000, -0.000000000000000000 ) ) ;
#4169 = CARTESIAN_POINT ( 'NONE',  ( 55.00000000000000000, 9.300000000000000711, 13.50814569065643056 ) ) ;
#4170 = DIRECTION ( 'NONE',  ( 0.000000000000000000, 0.000000000000000000, 1.000000000000000000 ) ) ;
#4171 = SURFACE_STYLE_FILL_AREA ( #975 ) ;
#4172 = ADVANCED_FACE ( 'NONE', ( #665 ), #602, .T. ) ;
#4173 = SURFACE_STYLE_USAGE ( .BOTH. , #1002 ) ;
#4174 = DIRECTION ( 'NONE',  ( 0.000000000000000000, 0.000000000000000000, 1.000000000000000000 ) ) ;
#4175 = ORIENTED_EDGE ( 'NONE', *, *, #3063, .F. ) ;
#4176 = DIRECTION ( 'NONE',  ( 1.000000000000000000, -0.000000000000000000, -0.000000000000000000 ) ) ;
#4177 = DIRECTION ( 'NONE',  ( 0.000000000000000000, 0.000000000000000000, -1.000000000000000000 ) ) ;
#4178 = EDGE_LOOP ( 'NONE', ( #385, #1993, #2513, #1678 ) ) ;
#4179 = ORIENTED_EDGE ( 'NONE', *, *, #2031, .T. ) ;
#4180 = DIRECTION ( 'NONE',  ( -0.000000000000000000, 0.000000000000000000, -1.000000000000000000 ) ) ;
#4181 = CARTESIAN_POINT ( 'NONE',  ( 0.000000000000000000, -15.25000000000000000, 1.050000000000000044 ) ) ;
#4182 = VERTEX_POINT ( 'NONE', #2856 ) ;
#4183 = VERTEX_POINT ( 'NONE', #2834 ) ;
#4184 = EDGE_CURVE ( 'NONE', #1747, #766, #76, .T. ) ;
#4185 = DIRECTION ( 'NONE',  ( -1.000000000000000000, -0.000000000000000000, -0.000000000000000000 ) ) ;
#4186 = EDGE_CURVE ( 'NONE', #189, #2564, #25, .T. ) ;
#4187 = DIRECTION ( 'NONE',  ( 0.000000000000000000, -0.6314199358297803988, -0.7754410774757267699 ) ) ;
#4188 = DIRECTION ( 'NONE',  ( 0.000000000000000000, -0.000000000000000000, 1.000000000000000000 ) ) ;
#4189 = CARTESIAN_POINT ( 'NONE',  ( 0.000000000000000000, -15.75000000000000000, -1.050000000000000044 ) ) ;
#4190 = VECTOR ( 'NONE', #1801, 1000.000000000000000 ) ;
#4191 = CARTESIAN_POINT ( 'NONE',  ( 6.000000000000000000, -13.42339375865870998, -7.750000000000157208 ) ) ;
#4192 = ADVANCED_FACE ( 'NONE', ( #1436 ), #2885, .T. ) ;
#4193 = CARTESIAN_POINT ( 'NONE',  ( 0.000000000000000000, 8.784326673973666288, 13.11490010960490515 ) ) ;
#4194 = PRESENTATION_STYLE_ASSIGNMENT (( #2696 ) ) ;
#4195 = FILL_AREA_STYLE_COLOUR ( '', #886 ) ;
#4196 = ORIENTED_EDGE ( 'NONE', *, *, #2139, .T. ) ;
#4197 = LINE ( 'NONE', #2362, #1587 ) ;
#4198 = COLOUR_RGB ( '',1.000000000000000000, 1.000000000000000000, 1.000000000000000000 ) ;
#4199 = CIRCLE ( 'NONE', #3896, 1.500000000000001332 ) ;
#4200 = DIRECTION ( 'NONE',  ( -1.000000000000000000, 0.000000000000000000, 0.000000000000000000 ) ) ;
#4201 = ORIENTED_EDGE ( 'NONE', *, *, #3415, .F. ) ;
#4202 = VERTEX_POINT ( 'NONE', #1887 ) ;
#4203 = VECTOR ( 'NONE', #3863, 1000.000000000000000 ) ;
#4204 = VECTOR ( 'NONE', #4106, 1000.000000000000000 ) ;
#4205 = ORIENTED_EDGE ( 'NONE', *, *, #1760, .T. ) ;
#4206 =( LENGTH_UNIT ( ) NAMED_UNIT ( * ) SI_UNIT ( .MILLI., .METRE. ) );
#4207 = VECTOR ( 'NONE', #4579, 1000.000000000000000 ) ;
#4208 = CIRCLE ( 'NONE', #204, 12.30000000000000071 ) ;
#4209 = CARTESIAN_POINT ( 'NONE',  ( 0.000000000000000000, -15.50000000000000000, -1.500000000000000888 ) ) ;
#4210 = DIRECTION ( 'NONE',  ( 1.000000000000000000, 0.000000000000000000, 0.000000000000000000 ) ) ;
#4211 = ORIENTED_EDGE ( 'NONE', *, *, #3069, .F. ) ;
#4212 = ORIENTED_EDGE ( 'NONE', *, *, #3415, .T. ) ;
#4213 =( GEOMETRIC_REPRESENTATION_CONTEXT ( 3 ) GLOBAL_UNCERTAINTY_ASSIGNED_CONTEXT ( ( #1492 ) ) GLOBAL_UNIT_ASSIGNED_CONTEXT ( ( #1922, #953, #1695 ) ) REPRESENTATION_CONTEXT ( 'NONE', 'WORKASPACE' ) );
#4214 = DIRECTION ( 'NONE',  ( -1.000000000000000000, 0.000000000000000000, 0.000000000000000000 ) ) ;
#4215 = VECTOR ( 'NONE', #1552, 1000.000000000000000 ) ;
#4216 = DIRECTION ( 'NONE',  ( -1.000000000000000000, -0.000000000000000000, -0.000000000000000000 ) ) ;
#4217 = CARTESIAN_POINT ( 'NONE',  ( 0.000000000000000000, 8.784326673973666288, 13.11490010960490515 ) ) ;
#4218 = LINE ( 'NONE', #592, #3913 ) ;
#4219 = MECHANICAL_DESIGN_GEOMETRIC_PRESENTATION_REPRESENTATION (  '', ( #4072 ), #3026 ) ;
#4220 = EDGE_CURVE ( 'NONE', #897, #1914, #4307, .T. ) ;
#4221 = EDGE_CURVE ( 'NONE', #1963, #3261, #497, .T. ) ;
#4222 = DIRECTION ( 'NONE',  ( 0.000000000000000000, 0.8660254037844433705, -0.4999999999999920064 ) ) ;
#4223 = CIRCLE ( 'NONE', #3694, 17.80000000000000071 ) ;
#4224 = ORIENTED_EDGE ( 'NONE', *, *, #2700, .T. ) ;
#4225 =( LENGTH_UNIT ( ) NAMED_UNIT ( * ) SI_UNIT ( .MILLI., .METRE. ) );
#4226 = CIRCLE ( 'NONE', #4156, 1.000000000000000888 ) ;
#4227 = VECTOR ( 'NONE', #412, 1000.000000000000000 ) ;
#4228 = FACE_OUTER_BOUND ( 'NONE', #3617, .T. ) ;
#4229 = DIRECTION ( 'NONE',  ( 1.000000000000000000, -0.000000000000000000, -0.000000000000000000 ) ) ;
#4230 = ORIENTED_EDGE ( 'NONE', *, *, #1597, .T. ) ;
#4231 = PRESENTATION_LAYER_ASSIGNMENT (  '', '', ( #3333 ) ) ;
#4232 = ORIENTED_EDGE ( 'NONE', *, *, #2956, .F. ) ;
#4233 = VECTOR ( 'NONE', #2291, 1000.000000000000000 ) ;
#4234 = VECTOR ( 'NONE', #2600, 1000.000000000000000 ) ;
#4235 = DIRECTION ( 'NONE',  ( -1.000000000000000000, 0.000000000000000000, 0.000000000000000000 ) ) ;
#4236 = DIRECTION ( 'NONE',  ( 0.000000000000000000, 1.000000000000000000, -0.000000000000000000 ) ) ;
#4237 = EDGE_LOOP ( 'NONE', ( #2638, #468, #3424, #1040 ) ) ;
#4238 = VERTEX_POINT ( 'NONE', #78 ) ;
#4239 = DIRECTION ( 'NONE',  ( 0.000000000000000000, 0.000000000000000000, -1.000000000000000000 ) ) ;
#4240 = LINE ( 'NONE', #1044, #1259 ) ;
#4241 =( LENGTH_UNIT ( ) NAMED_UNIT ( * ) SI_UNIT ( .MILLI., .METRE. ) );
#4242 = SURFACE_STYLE_FILL_AREA ( #2813 ) ;
#4243 =( NAMED_UNIT ( * ) SI_UNIT ( $, .STERADIAN. ) SOLID_ANGLE_UNIT ( ) );
#4244 = ADVANCED_FACE ( 'NONE', ( #1859 ), #150, .T. ) ;
#4245 =( NAMED_UNIT ( * ) PLANE_ANGLE_UNIT ( ) SI_UNIT ( $, .RADIAN. ) );
#4246 = DIRECTION ( 'NONE',  ( -0.000000000000000000, -0.000000000000000000, -1.000000000000000000 ) ) ;
#4247 = DIRECTION ( 'NONE',  ( 0.000000000000000000, 0.5000000000000001110, -0.8660254037844387076 ) ) ;
#4248 = CARTESIAN_POINT ( 'NONE',  ( 0.000000000000000000, -13.42339375865886986, 7.749999999999874767 ) ) ;
#4249 = ORIENTED_EDGE ( 'NONE', *, *, #1707, .T. ) ;
#4250 = SURFACE_SIDE_STYLE ('',( #2073 ) ) ;
#4251 = ADVANCED_FACE ( 'NONE', ( #3372 ), #1954, .T. ) ;
#4252 = EDGE_CURVE ( 'NONE', #933, #1159, #4461, .T. ) ;
#4253 = CARTESIAN_POINT ( 'NONE',  ( 2.000000000000000000, 7.841506350946106707, -13.08188740771269210 ) ) ;
#4254 = EDGE_LOOP ( 'NONE', ( #4297, #2203 ) ) ;
#4255 = ORIENTED_EDGE ( 'NONE', *, *, #2956, .T. ) ;
#4256 = LINE ( 'NONE', #768, #901 ) ;
#4257 = CARTESIAN_POINT ( 'NONE',  ( 2.000000000000000000, -16.54999999999999716, -0.2500000000000002220 ) ) ;
#4258 = ORIENTED_EDGE ( 'NONE', *, *, #1518, .F. ) ;
#4259 = EDGE_LOOP ( 'NONE', ( #3195, #3293, #1206, #397, #4669, #216, #4601, #56, #4621, #4211, #4316, #1884 ) ) ;
#4260 = SURFACE_STYLE_FILL_AREA ( #2109 ) ;
#4261 = LINE ( 'NONE', #2155, #3445 ) ;
#4262 = DIRECTION ( 'NONE',  ( 1.000000000000000000, -0.000000000000000000, -0.000000000000000000 ) ) ;
#4263 = DIRECTION ( 'NONE',  ( 0.000000000000000000, 0.000000000000000000, 1.000000000000000000 ) ) ;
#4264 = PRESENTATION_STYLE_ASSIGNMENT (( #1369 ) ) ;
#4265 = VERTEX_POINT ( 'NONE', #1530 ) ;
#4266 =( NAMED_UNIT ( * ) SI_UNIT ( $, .STERADIAN. ) SOLID_ANGLE_UNIT ( ) );
#4267 = DIRECTION ( 'NONE',  ( -1.000000000000000000, 0.000000000000000000, 0.000000000000000000 ) ) ;
#4268 = CARTESIAN_POINT ( 'NONE',  ( -6.000000000000000000, 7.000000000000000888, 6.000000000000000888 ) ) ;
#4269 = EDGE_CURVE ( 'NONE', #1989, #714, #3742, .T. ) ;
#4270 = ORIENTED_EDGE ( 'NONE', *, *, #3052, .T. ) ;
#4271 = ORIENTED_EDGE ( 'NONE', *, *, #4524, .F. ) ;
#4272 = CARTESIAN_POINT ( 'NONE',  ( 21.50000000000000000, 2.179871302482289108E-15, 17.30000000000000071 ) ) ;
#4273 = EDGE_CURVE ( 'NONE', #2368, #4118, #1228, .T. ) ;
#4274 = AXIS2_PLACEMENT_3D ( 'NONE', #356, #1507, #4359 ) ;
#4275 = DIRECTION ( 'NONE',  ( 0.000000000000000000, 0.000000000000000000, -1.000000000000000000 ) ) ;
#4276 = EDGE_LOOP ( 'NONE', ( #3644, #372, #3941, #535, #4376, #365, #133, #4573 ) ) ;
#4277 = AXIS2_PLACEMENT_3D ( 'NONE', #1174, #1203, #4122 ) ;
#4278 = EDGE_CURVE ( 'NONE', #4446, #3714, #3551, .T. ) ;
#4279 = ORIENTED_EDGE ( 'NONE', *, *, #2609, .F. ) ;
#4280 = LINE ( 'NONE', #997, #2490 ) ;
#4281 = AXIS2_PLACEMENT_3D ( 'NONE', #1169, #735, #3247 ) ;
#4282 = CIRCLE ( 'NONE', #3012, 2.000000000000000000 ) ;
#4283 = PLANE ( 'NONE',  #2547 ) ;
#4284 = ADVANCED_FACE ( 'NONE', ( #4052 ), #857, .F. ) ;
#4285 =( NAMED_UNIT ( * ) PLANE_ANGLE_UNIT ( ) SI_UNIT ( $, .RADIAN. ) );
#4286 = VECTOR ( 'NONE', #1742, 1000.000000000000000 ) ;
#4287 = AXIS2_PLACEMENT_3D ( 'NONE', #666, #4411, #79 ) ;
#4288 = DIRECTION ( 'NONE',  ( 0.000000000000000000, 0.000000000000000000, 1.000000000000000000 ) ) ;
#4289 = AXIS2_PLACEMENT_3D ( 'NONE', #3676, #2652, #2191 ) ;
#4290 = CARTESIAN_POINT ( 'NONE',  ( 6.000000000000000000, 0.000000000000000000, -13.99999999999999822 ) ) ;
#4291 = DIRECTION ( 'NONE',  ( 1.000000000000000000, 0.000000000000000000, 0.000000000000000000 ) ) ;
#4292 = ORIENTED_EDGE ( 'NONE', *, *, #2821, .F. ) ;
#4293 = VECTOR ( 'NONE', #458, 1000.000000000000000 ) ;
#4294 = FACE_OUTER_BOUND ( 'NONE', #1975, .T. ) ;
#4295 = VECTOR ( 'NONE', #1706, 1000.000000000000000 ) ;
#4296 = CARTESIAN_POINT ( 'NONE',  ( 2.000000000000000000, -15.25000000000000000, 0.2500000000000002220 ) ) ;
#4297 = ORIENTED_EDGE ( 'NONE', *, *, #632, .F. ) ;
#4298 = ORIENTED_EDGE ( 'NONE', *, *, #2922, .F. ) ;
#4299 = AXIS2_PLACEMENT_3D ( 'NONE', #3074, #2340, #1986 ) ;
#4300 = AXIS2_PLACEMENT_3D ( 'NONE', #106, #3032, #156 ) ;
#4301 = CYLINDRICAL_SURFACE ( 'NONE', #3814, 1.500000000000000444 ) ;
#4302 = VECTOR ( 'NONE', #4357, 1000.000000000000227 ) ;
#4303 = ORIENTED_EDGE ( 'NONE', *, *, #2152, .T. ) ;
#4304 = ORIENTED_EDGE ( 'NONE', *, *, #2363, .T. ) ;
#4305 = PLANE ( 'NONE',  #1128 ) ;
#4306 = EDGE_CURVE ( 'NONE', #2801, #681, #4479, .T. ) ;
#4307 = CIRCLE ( 'NONE', #4678, 1.000000000000000888 ) ;
#4308 = CARTESIAN_POINT ( 'NONE',  ( 0.000000000000000000, 7.750000000000006217, 11.92339375865880235 ) ) ;
#4309 = EDGE_CURVE ( 'NONE', #640, #3855, #2691, .T. ) ;
#4310 = FACE_OUTER_BOUND ( 'NONE', #1441, .T. ) ;
#4311 = LINE ( 'NONE', #3, #4059 ) ;
#4312 =( NAMED_UNIT ( * ) SI_UNIT ( $, .STERADIAN. ) SOLID_ANGLE_UNIT ( ) );
#4313 =( NAMED_UNIT ( * ) PLANE_ANGLE_UNIT ( ) SI_UNIT ( $, .RADIAN. ) );
#4314 = EDGE_CURVE ( 'NONE', #2052, #4118, #1911, .T. ) ;
#4315 = FACE_OUTER_BOUND ( 'NONE', #729, .T. ) ;
#4316 = ORIENTED_EDGE ( 'NONE', *, *, #4561, .F. ) ;
#4317 =( LENGTH_UNIT ( ) NAMED_UNIT ( * ) SI_UNIT ( .MILLI., .METRE. ) );
#4318 = ORIENTED_EDGE ( 'NONE', *, *, #3936, .T. ) ;
#4319 = ORIENTED_EDGE ( 'NONE', *, *, #3361, .T. ) ;
#4320 = STYLED_ITEM ( 'NONE', ( #93 ), #717 ) ;
#4321 = DIRECTION ( 'NONE',  ( 0.000000000000000000, 0.000000000000000000, 1.000000000000000000 ) ) ;
#4322 = ORIENTED_EDGE ( 'NONE', *, *, #3337, .F. ) ;
#4323 = ORIENTED_EDGE ( 'NONE', *, *, #4104, .T. ) ;
#4324 = CARTESIAN_POINT ( 'NONE',  ( 0.2000000000000000111, -15.50000000000000000, -8.673617379884035472E-16 ) ) ;
#4325 = AXIS2_PLACEMENT_3D ( 'NONE', #934, #1253, #2342 ) ;
#4326 = DIRECTION ( 'NONE',  ( 0.000000000000000000, 0.000000000000000000, -1.000000000000000000 ) ) ;
#4327 = LINE ( 'NONE', #378, #1901 ) ;
#4328 = FACE_BOUND ( 'NONE', #2300, .T. ) ;
#4329 = DIRECTION ( 'NONE',  ( 0.000000000000000000, 0.9872616401468469194, -0.1591051661466640899 ) ) ;
#4330 = EDGE_CURVE ( 'NONE', #1159, #1852, #3350, .T. ) ;
#4331 = ADVANCED_FACE ( 'NONE', ( #2997 ), #4436, .T. ) ;
#4332 = LINE ( 'NONE', #1091, #2103 ) ;
#4333 = FILL_AREA_STYLE ('',( #329 ) ) ;
#4334 = CARTESIAN_POINT ( 'NONE',  ( 55.00000000000000000, 0.000000000000000000, 0.000000000000000000 ) ) ;
#4335 = CARTESIAN_POINT ( 'NONE',  ( 0.000000000000000000, 8.784326673973666288, 13.11490010960490515 ) ) ;
#4336 = ORIENTED_EDGE ( 'NONE', *, *, #1652, .T. ) ;
#4337 = EDGE_CURVE ( 'NONE', #1154, #585, #1330, .T. ) ;
#4338 = DIRECTION ( 'NONE',  ( -1.000000000000000000, -0.000000000000000000, -0.000000000000000000 ) ) ;
#4339 = CARTESIAN_POINT ( 'NONE',  ( 0.000000000000000000, 8.534326673973657407, -12.68188740771269352 ) ) ;
#4340 = DIRECTION ( 'NONE',  ( 1.000000000000000000, 0.000000000000000000, -0.000000000000000000 ) ) ;
#4341 = DIRECTION ( 'NONE',  ( -0.000000000000000000, 0.5000000000000002220, -0.8660254037844384856 ) ) ;
#4342 = ORIENTED_EDGE ( 'NONE', *, *, #921, .T. ) ;
#4343 = ORIENTED_EDGE ( 'NONE', *, *, #1623, .F. ) ;
#4344 = VECTOR ( 'NONE', #2749, 1000.000000000000000 ) ;
#4345 =( NAMED_UNIT ( * ) PLANE_ANGLE_UNIT ( ) SI_UNIT ( $, .RADIAN. ) );
#4346 = FACE_OUTER_BOUND ( 'NONE', #4648, .T. ) ;
#4347 = ORIENTED_EDGE ( 'NONE', *, *, #1567, .T. ) ;
#4348 = EDGE_LOOP ( 'NONE', ( #3872, #2386, #3005 ) ) ;
#4349 = DIRECTION ( 'NONE',  ( -1.000000000000000000, -0.000000000000000000, -0.000000000000000000 ) ) ;
#4350 =( LENGTH_UNIT ( ) NAMED_UNIT ( * ) SI_UNIT ( .MILLI., .METRE. ) );
#4351 = PRESENTATION_LAYER_ASSIGNMENT (  '', '', ( #1712 ) ) ;
#4352 = CIRCLE ( 'NONE', #952, 16.39999999999999858 ) ;
#4353 = SURFACE_STYLE_USAGE ( .BOTH. , #2209 ) ;
#4354 = VECTOR ( 'NONE', #875, 1000.000000000000000 ) ;
#4355 = TOROIDAL_SURFACE ( 'NONE', #2324, 1.300000000000000044, 0.2000000000000000111 ) ;
#4356 = DIRECTION ( 'NONE',  ( 0.000000000000000000, -1.000000000000000000, 0.000000000000000000 ) ) ;
#4357 = DIRECTION ( 'NONE',  ( -0.000000000000000000, -0.8660254037844378194, 0.5000000000000013323 ) ) ;
#4358 = CIRCLE ( 'NONE', #3836, 10.00000000000000000 ) ;
#4359 = DIRECTION ( 'NONE',  ( 0.000000000000000000, -0.000000000000000000, 1.000000000000000000 ) ) ;
#4360 = LINE ( 'NONE', #2576, #502 ) ;
#4361 =( GEOMETRIC_REPRESENTATION_CONTEXT ( 3 ) GLOBAL_UNCERTAINTY_ASSIGNED_CONTEXT ( ( #402 ) ) GLOBAL_UNIT_ASSIGNED_CONTEXT ( ( #4061, #327, #3877 ) ) REPRESENTATION_CONTEXT ( 'NONE', 'WORKASPACE' ) );
#4362 =( LENGTH_UNIT ( ) NAMED_UNIT ( * ) SI_UNIT ( .MILLI., .METRE. ) );
#4363 = ORIENTED_EDGE ( 'NONE', *, *, #808, .T. ) ;
#4364 = DIRECTION ( 'NONE',  ( 1.000000000000000000, -0.000000000000000000, -0.000000000000000000 ) ) ;
#4365 = CIRCLE ( 'NONE', #287, 16.39999999999999858 ) ;
#4366 = SURFACE_SIDE_STYLE ('',( #2215 ) ) ;
#4367 = EDGE_CURVE ( 'NONE', #1255, #1746, #1061, .T. ) ;
#4368 = LINE ( 'NONE', #1178, #3760 ) ;
#4369 = EDGE_CURVE ( 'NONE', #3497, #3864, #2431, .T. ) ;
#4370 = LINE ( 'NONE', #3003, #2637 ) ;
#4371 = ORIENTED_EDGE ( 'NONE', *, *, #538, .T. ) ;
#4372 = FILL_AREA_STYLE ('',( #3993 ) ) ;
#4373 = UNCERTAINTY_MEASURE_WITH_UNIT (LENGTH_MEASURE( 1.000000000000000082E-05 ), #3767, 'distance_accuracy_value', 'NONE');
#4374 = FACE_OUTER_BOUND ( 'NONE', #2960, .T. ) ;
#4375 = PLANE ( 'NONE',  #809 ) ;
#4376 = ORIENTED_EDGE ( 'NONE', *, *, #894, .F. ) ;
#4377 = ORIENTED_EDGE ( 'NONE', *, *, #988, .T. ) ;
#4378 = COLOUR_RGB ( '',0.8941176470588234615, 0.9137254901960784048, 0.9294117647058823817 ) ;
#4379 = FILL_AREA_STYLE ('',( #2915 ) ) ;
#4380 = DIRECTION ( 'NONE',  ( -1.000000000000000000, -0.000000000000000000, -0.000000000000000000 ) ) ;
#4381 = CIRCLE ( 'NONE', #366, 1.500000000000000000 ) ;
#4382 = UNCERTAINTY_MEASURE_WITH_UNIT (LENGTH_MEASURE( 1.000000000000000082E-05 ), #3205, 'distance_accuracy_value', 'NONE');
#4383 = AXIS2_PLACEMENT_3D ( 'NONE', #1535, #4415, #4395 ) ;
#4384 = SURFACE_STYLE_FILL_AREA ( #3292 ) ;
#4385 = CARTESIAN_POINT ( 'NONE',  ( 2.000000000000000000, 7.750000000000006217, 13.42339375865879880 ) ) ;
#4386 = ORIENTED_EDGE ( 'NONE', *, *, #3956, .T. ) ;
#4387 = VECTOR ( 'NONE', #785, 1000.000000000000000 ) ;
#4388 = PLANE ( 'NONE',  #1888 ) ;
#4389 = EDGE_CURVE ( 'NONE', #250, #796, #3091, .T. ) ;
#4390 = CARTESIAN_POINT ( 'NONE',  ( 51.89999999999999858, 8.750000000000000000, 15.70000000000000284 ) ) ;
#4391 = SURFACE_STYLE_USAGE ( .BOTH. , #2949 ) ;
#4392 = DIRECTION ( 'NONE',  ( 0.000000000000000000, -0.8660254037844385966, 0.5000000000000003331 ) ) ;
#4393 = ORIENTED_EDGE ( 'NONE', *, *, #3392, .T. ) ;
#4394 = CARTESIAN_POINT ( 'NONE',  ( 2.000000000000000000, 7.750000000000006217, 15.42339375865879880 ) ) ;
#4395 = DIRECTION ( 'NONE',  ( 0.000000000000000000, 0.000000000000000000, -1.000000000000000000 ) ) ;
#4396 = SURFACE_STYLE_FILL_AREA ( #2958 ) ;
#4397 = DIRECTION ( 'NONE',  ( -0.000000000000000000, 1.000000000000000000, 0.000000000000000000 ) ) ;
#4398 = ORIENTED_EDGE ( 'NONE', *, *, #689, .T. ) ;
#4399 = ADVANCED_FACE ( 'NONE', ( #587 ), #4145, .T. ) ;
#4400 =( NAMED_UNIT ( * ) SI_UNIT ( $, .STERADIAN. ) SOLID_ANGLE_UNIT ( ) );
#4401 = EDGE_CURVE ( 'NONE', #4553, #1011, #4157, .T. ) ;
#4402 = LINE ( 'NONE', #1450, #2175 ) ;
#4403 = VERTEX_POINT ( 'NONE', #2331 ) ;
#4404 = VERTEX_POINT ( 'NONE', #3418 ) ;
#4405 = FACE_OUTER_BOUND ( 'NONE', #915, .T. ) ;
#4406 = DIRECTION ( 'NONE',  ( 0.000000000000000000, 0.000000000000000000, 1.000000000000000000 ) ) ;
#4407 = CARTESIAN_POINT ( 'NONE',  ( 2.000000000000000000, 8.153684686079991195, -14.62259614518684714 ) ) ;
#4408 = EDGE_LOOP ( 'NONE', ( #2971, #778, #2872, #1556, #605, #848, #1627, #187, #2579 ) ) ;
#4409 = CARTESIAN_POINT ( 'NONE',  ( 0.000000000000000000, 7.749999999999998224, -11.92339375865880058 ) ) ;
#4410 = DIRECTION ( 'NONE',  ( 0.000000000000000000, 0.000000000000000000, -1.000000000000000000 ) ) ;
#4411 = DIRECTION ( 'NONE',  ( 0.000000000000000000, -0.8660254037844387076, 0.5000000000000001110 ) ) ;
#4412 = PLANE ( 'NONE',  #2865 ) ;
#4413 = ORIENTED_EDGE ( 'NONE', *, *, #2168, .T. ) ;
#4414 = CARTESIAN_POINT ( 'NONE',  ( 0.000000000000000000, -15.75000000000000000, 0.2500000000000002220 ) ) ;
#4415 = DIRECTION ( 'NONE',  ( -1.000000000000000000, -0.000000000000000000, -0.000000000000000000 ) ) ;
#4416 = DIRECTION ( 'NONE',  ( 0.000000000000000000, -2.736828040640475774E-16, -1.000000000000000000 ) ) ;
#4417 = VECTOR ( 'NONE', #213, 1000.000000000000000 ) ;
#4418 = LINE ( 'NONE', #1135, #2020 ) ;
#4419 = ORIENTED_EDGE ( 'NONE', *, *, #841, .T. ) ;
#4420 = PRESENTATION_STYLE_ASSIGNMENT (( #751 ) ) ;
#4421 = COLOUR_RGB ( '',0.7960784313725489669, 0.8235294117647058432, 0.9372549019607843146 ) ;
#4422 = UNCERTAINTY_MEASURE_WITH_UNIT (LENGTH_MEASURE( 1.000000000000000082E-05 ), #3486, 'distance_accuracy_value', 'NONE');
#4423 = EDGE_CURVE ( 'NONE', #4403, #4129, #2957, .T. ) ;
#4424 = FILL_AREA_STYLE ('',( #2983 ) ) ;
#4425 = DIRECTION ( 'NONE',  ( 1.000000000000000000, -0.000000000000000000, -0.000000000000000000 ) ) ;
#4426 = ORIENTED_EDGE ( 'NONE', *, *, #684, .F. ) ;
#4427 = EDGE_LOOP ( 'NONE', ( #336, #4487 ) ) ;
#4428 = DIRECTION ( 'NONE',  ( -0.000000000000000000, -0.8660254037844378194, 0.5000000000000013323 ) ) ;
#4429 = EDGE_CURVE ( 'NONE', #991, #2556, #1708, .T. ) ;
#4430 = UNCERTAINTY_MEASURE_WITH_UNIT (LENGTH_MEASURE( 1.000000000000000082E-05 ), #3648, 'distance_accuracy_value', 'NONE');
#4431 = EDGE_CURVE ( 'NONE', #3133, #991, #192, .T. ) ;
#4432 = CARTESIAN_POINT ( 'NONE',  ( 0.000000000000000000, 8.784326673973666288, 13.11490010960490515 ) ) ;
#4433 = ORIENTED_EDGE ( 'NONE', *, *, #4563, .F. ) ;
#4434 = CARTESIAN_POINT ( 'NONE',  ( 46.90000000000000568, 7.950000000000000178, 12.20000000000000284 ) ) ;
#4435 = CIRCLE ( 'NONE', #2241, 1.500000000000000000 ) ;
#4436 = CYLINDRICAL_SURFACE ( 'NONE', #3109, 16.39999999999999858 ) ;
#4437 = LINE ( 'NONE', #2601, #4066 ) ;
#4438 = CARTESIAN_POINT ( 'NONE',  ( 0.000000000000000000, 7.441506350946116122, 12.38906708468513784 ) ) ;
#4439 = VECTOR ( 'NONE', #3634, 1000.000000000000000 ) ;
#4440 = VERTEX_POINT ( 'NONE', #1615 ) ;
#4441 = VECTOR ( 'NONE', #3794, 1000.000000000000000 ) ;
#4442 = DIRECTION ( 'NONE',  ( 0.000000000000000000, 0.000000000000000000, -1.000000000000000000 ) ) ;
#4443 = STYLED_ITEM ( 'NONE', ( #87 ), #1453 ) ;
#4444 = PLANE ( 'NONE',  #1958 ) ;
#4445 = ORIENTED_EDGE ( 'NONE', *, *, #1617, .F. ) ;
#4446 = VERTEX_POINT ( 'NONE', #2741 ) ;
#4447 = PRESENTATION_LAYER_ASSIGNMENT (  '', '', ( #4577 ) ) ;
#4448 = CIRCLE ( 'NONE', #1350, 0.5000000000000004441 ) ;
#4449 = SURFACE_STYLE_FILL_AREA ( #451 ) ;
#4450 = LINE ( 'NONE', #3140, #731 ) ;
#4451 = ORIENTED_EDGE ( 'NONE', *, *, #1395, .F. ) ;
#4452 = EDGE_LOOP ( 'NONE', ( #3208, #2802, #4615, #116 ) ) ;
#4453 = AXIS2_PLACEMENT_3D ( 'NONE', #3154, #4584, #1361 ) ;
#4454 = PLANE ( 'NONE',  #1110 ) ;
#4455 = ORIENTED_EDGE ( 'NONE', *, *, #2221, .T. ) ;
#4456 = EDGE_CURVE ( 'NONE', #2894, #2011, #561, .T. ) ;
#4457 = CIRCLE ( 'NONE', #4299, 16.39999999999999858 ) ;
#4458 = DIRECTION ( 'NONE',  ( 0.000000000000000000, 0.8660254037844390407, 0.4999999999999992784 ) ) ;
#4459 = EDGE_CURVE ( 'NONE', #598, #2424, #3115, .T. ) ;
#4460 = AXIS2_PLACEMENT_3D ( 'NONE', #491, #872, #2687 ) ;
#4461 = LINE ( 'NONE', #2649, #376 ) ;
#4462 = CARTESIAN_POINT ( 'NONE',  ( 2.000000000000000000, -15.50000000000000000, -2.000000000000000888 ) ) ;
#4463 = FILL_AREA_STYLE ('',( #499 ) ) ;
#4464 = DIRECTION ( 'NONE',  ( 0.000000000000000000, 0.8660254037844393737, 0.4999999999999987232 ) ) ;
#4465 = CARTESIAN_POINT ( 'NONE',  ( 47.70000000000000284, 7.950000000000000178, 12.20000000000000284 ) ) ;
#4466 = EDGE_CURVE ( 'NONE', #3284, #4143, #1104, .T. ) ;
#4467 = PLANE ( 'NONE',  #3906 ) ;
#4468 = CARTESIAN_POINT ( 'NONE',  ( 2.000000000000000000, 8.491506350946107062, -14.20772043263246154 ) ) ;
#4469 = ORIENTED_EDGE ( 'NONE', *, *, #946, .F. ) ;
#4470 = FACE_OUTER_BOUND ( 'NONE', #1848, .T. ) ;
#4471 = ORIENTED_EDGE ( 'NONE', *, *, #4337, .F. ) ;
#4472 = VERTEX_POINT ( 'NONE', #3065 ) ;
#4473 = LINE ( 'NONE', #2007, #223 ) ;
#4474 = UNCERTAINTY_MEASURE_WITH_UNIT (LENGTH_MEASURE( 1.000000000000000082E-05 ), #2277, 'distance_accuracy_value', 'NONE');
#4475 = DIRECTION ( 'NONE',  ( -1.000000000000000000, 0.000000000000000000, 0.000000000000000000 ) ) ;
#4476 = CARTESIAN_POINT ( 'NONE',  ( 55.00000000000000000, 0.000000000000000000, 0.000000000000000000 ) ) ;
#4477 = VERTEX_POINT ( 'NONE', #613 ) ;
#4478 = DIRECTION ( 'NONE',  ( -1.000000000000000000, 0.000000000000000000, 0.000000000000000000 ) ) ;
#4479 = LINE ( 'NONE', #1243, #4532 ) ;
#4480 = EDGE_CURVE ( 'NONE', #74, #1238, #3506, .T. ) ;
#4481 = CARTESIAN_POINT ( 'NONE',  ( 0.000000000000000000, 6.715673326026347034, 13.73188740771268890 ) ) ;
#4482 = DIRECTION ( 'NONE',  ( 0.000000000000000000, 0.000000000000000000, 1.000000000000000000 ) ) ;
#4483 =( GEOMETRIC_REPRESENTATION_CONTEXT ( 3 ) GLOBAL_UNCERTAINTY_ASSIGNED_CONTEXT ( ( #4003 ) ) GLOBAL_UNIT_ASSIGNED_CONTEXT ( ( #1938, #1585, #2385 ) ) REPRESENTATION_CONTEXT ( 'NONE', 'WORKASPACE' ) );
#4484 = DIRECTION ( 'NONE',  ( -0.000000000000000000, -0.4999999999999987232, 0.8660254037844393737 ) ) ;
#4485 = DIRECTION ( 'NONE',  ( -0.000000000000000000, -0.5000000000000002220, -0.8660254037844384856 ) ) ;
#4486 = EDGE_CURVE ( 'NONE', #1251, #3387, #3907, .T. ) ;
#4487 = ORIENTED_EDGE ( 'NONE', *, *, #2225, .T. ) ;
#4488 = CARTESIAN_POINT ( 'NONE',  ( 44.50000000000000000, 9.300000000000000711, 8.500000000000000000 ) ) ;
#4489 = ORIENTED_EDGE ( 'NONE', *, *, #429, .F. ) ;
#4490 = EDGE_LOOP ( 'NONE', ( #654, #863, #114, #1427 ) ) ;
#4491 = LINE ( 'NONE', #582, #3375 ) ;
#4492 = DIRECTION ( 'NONE',  ( -1.000000000000000000, -0.000000000000000000, -0.000000000000000000 ) ) ;
#4493 = ORIENTED_EDGE ( 'NONE', *, *, #3785, .F. ) ;
#4494 = CARTESIAN_POINT ( 'NONE',  ( 0.5000000000000000000, 7.000000000000001776, 0.000000000000000000 ) ) ;
#4495 = CARTESIAN_POINT ( 'NONE',  ( 0.2000000000000000111, -15.50000000000000000, 1.499999999999999112 ) ) ;
#4496 = EDGE_CURVE ( 'NONE', #3047, #3855, #3884, .T. ) ;
#4497 = VECTOR ( 'NONE', #377, 1000.000000000000000 ) ;
#4498 = EDGE_CURVE ( 'NONE', #489, #272, #4199, .T. ) ;
#4499 = SURFACE_STYLE_USAGE ( .BOTH. , #565 ) ;
#4500 = CARTESIAN_POINT ( 'NONE',  ( 51.89999999999999858, -4.740253157796518124, 15.70000000000000284 ) ) ;
#4501 = CARTESIAN_POINT ( 'NONE',  ( 0.000000000000000000, 7.750000000000006217, 13.42339375865879880 ) ) ;
#4502 = AXIS2_PLACEMENT_3D ( 'NONE', #1698, #2190, #2799 ) ;
#4503 = ORIENTED_EDGE ( 'NONE', *, *, #3938, .F. ) ;
#4504 =( NAMED_UNIT ( * ) PLANE_ANGLE_UNIT ( ) SI_UNIT ( $, .RADIAN. ) );
#4505 = EDGE_CURVE ( 'NONE', #4182, #4676, #1474, .T. ) ;
#4506 = AXIS2_PLACEMENT_3D ( 'NONE', #2304, #1632, #539 ) ;
#4507 = AXIS2_PLACEMENT_3D ( 'NONE', #3973, #708, #1476 ) ;
#4508 = EDGE_CURVE ( 'NONE', #2546, #849, #40, .T. ) ;
#4509 = LINE ( 'NONE', #3040, #874 ) ;
#4510 = CIRCLE ( 'NONE', #2479, 1.500000000000001110 ) ;
#4511 = EDGE_LOOP ( 'NONE', ( #3560, #876, #3365, #4112 ) ) ;
#4512 = PRESENTATION_LAYER_ASSIGNMENT (  '', '', ( #3016 ) ) ;
#4513 = VERTEX_POINT ( 'NONE', #2492 ) ;
#4514 = DIRECTION ( 'NONE',  ( -1.000000000000000000, -0.000000000000000000, -0.000000000000000000 ) ) ;
#4515 = AXIS2_PLACEMENT_3D ( 'NONE', #4191, #2357, #4546 ) ;
#4516 = CARTESIAN_POINT ( 'NONE',  ( 51.10000000000000142, 7.950000000000000178, 15.70000000000000284 ) ) ;
#4517 = DIRECTION ( 'NONE',  ( 0.000000000000000000, -0.8660254037844385966, -0.5000000000000003331 ) ) ;
#4518 = ORIENTED_EDGE ( 'NONE', *, *, #3616, .T. ) ;
#4519 = ORIENTED_EDGE ( 'NONE', *, *, #3822, .T. ) ;
#4520 = AXIS2_PLACEMENT_3D ( 'NONE', #48, #3651, #3697 ) ;
#4521 = CARTESIAN_POINT ( 'NONE',  ( 51.89999999999999858, 0.000000000000000000, 0.000000000000000000 ) ) ;
#4522 = AXIS2_PLACEMENT_3D ( 'NONE', #1382, #3931, #4239 ) ;
#4523 = DIRECTION ( 'NONE',  ( 1.000000000000000000, 0.000000000000000000, -0.000000000000000000 ) ) ;
#4524 = EDGE_CURVE ( 'NONE', #3062, #29, #4240, .T. ) ;
#4525 = PLANE ( 'NONE',  #971 ) ;
#4526 = CARTESIAN_POINT ( 'NONE',  ( 0.000000000000000000, 8.586697387972222373, 14.37259614518684181 ) ) ;
#4527 = STYLED_ITEM ( 'NONE', ( #637 ), #4111 ) ;
#4528 =( NAMED_UNIT ( * ) SI_UNIT ( $, .STERADIAN. ) SOLID_ANGLE_UNIT ( ) );
#4529 = ORIENTED_EDGE ( 'NONE', *, *, #183, .T. ) ;
#4530 = CARTESIAN_POINT ( 'NONE',  ( -19.80000000000000071, 4.500000000000000888, -1.658312395177700793 ) ) ;
#4531 = CIRCLE ( 'NONE', #2500, 15.89999999999999680 ) ;
#4532 = VECTOR ( 'NONE', #1506, 1000.000000000000000 ) ;
#4533 = PLANE ( 'NONE',  #2236 ) ;
#4534 = EDGE_CURVE ( 'NONE', #4182, #2125, #3747, .T. ) ;
#4535 = VERTEX_POINT ( 'NONE', #1068 ) ;
#4536 = EDGE_CURVE ( 'NONE', #344, #2732, #4261, .T. ) ;
#4537 = EDGE_LOOP ( 'NONE', ( #941, #4304 ) ) ;
#4538 = SURFACE_STYLE_FILL_AREA ( #3044 ) ;
#4539 = DIRECTION ( 'NONE',  ( 0.000000000000000000, 0.000000000000000000, -1.000000000000000000 ) ) ;
#4540 = DIRECTION ( 'NONE',  ( -0.000000000000000000, -0.4999999999999995559, 0.8660254037844389297 ) ) ;
#4541 = ORIENTED_EDGE ( 'NONE', *, *, #544, .F. ) ;
#4542 = ORIENTED_EDGE ( 'NONE', *, *, #2987, .T. ) ;
#4543 = FACE_OUTER_BOUND ( 'NONE', #4646, .T. ) ;
#4544 = DIRECTION ( 'NONE',  ( -1.000000000000000000, 0.000000000000000000, 0.000000000000000000 ) ) ;
#4545 = DIRECTION ( 'NONE',  ( -1.000000000000000000, 0.000000000000000000, 0.000000000000000000 ) ) ;
#4546 = DIRECTION ( 'NONE',  ( 0.000000000000000000, 0.8660254037844328234, 0.5000000000000101030 ) ) ;
#4547 = DIRECTION ( 'NONE',  ( 0.000000000000000000, 0.000000000000000000, -1.000000000000000000 ) ) ;
#4548 = DIRECTION ( 'NONE',  ( 0.000000000000000000, 0.000000000000000000, 1.000000000000000000 ) ) ;
#4549 = FILL_AREA_STYLE ('',( #4195 ) ) ;
#4550 = ORIENTED_EDGE ( 'NONE', *, *, #928, .T. ) ;
#4551 = CYLINDRICAL_SURFACE ( 'NONE', #1899, 1.500000000000000000 ) ;
#4552 = CARTESIAN_POINT ( 'NONE',  ( 44.50000000000000000, 9.300000000000000711, 13.50814569065643234 ) ) ;
#4553 = VERTEX_POINT ( 'NONE', #2467 ) ;
#4554 = ORIENTED_EDGE ( 'NONE', *, *, #981, .F. ) ;
#4555 = CARTESIAN_POINT ( 'NONE',  ( 21.50000000000000000, 0.000000000000000000, 16.39999999999999858 ) ) ;
#4556 = FACE_OUTER_BOUND ( 'NONE', #3719, .T. ) ;
#4557 = CARTESIAN_POINT ( 'NONE',  ( 2.000000000000000000, 7.749999999999999112, -13.42339375865880058 ) ) ;
#4558 = ORIENTED_EDGE ( 'NONE', *, *, #4456, .T. ) ;
#4559 = ORIENTED_EDGE ( 'NONE', *, *, #4048, .T. ) ;
#4560 = CARTESIAN_POINT ( 'NONE',  ( 55.00000000000000000, 2.008420750601658560E-15, -16.39999999999999858 ) ) ;
#4561 = EDGE_CURVE ( 'NONE', #62, #2608, #1734, .T. ) ;
#4562 = CARTESIAN_POINT ( 'NONE',  ( 6.000000000000000000, -13.42339375865870998, -7.750000000000157208 ) ) ;
#4563 = EDGE_CURVE ( 'NONE', #2828, #3284, #2516, .T. ) ;
#4564 = LINE ( 'NONE', #1332, #1489 ) ;
#4565 = DIRECTION ( 'NONE',  ( -1.000000000000000000, 0.000000000000000000, 0.000000000000000000 ) ) ;
#4566 = SURFACE_STYLE_FILL_AREA ( #1291 ) ;
#4567 = DIRECTION ( 'NONE',  ( 1.000000000000000000, -0.000000000000000000, -0.000000000000000000 ) ) ;
#4568 = VERTEX_POINT ( 'NONE', #3950 ) ;
#4569 = CIRCLE ( 'NONE', #3301, 6.000000000000000888 ) ;
#4570 = VECTOR ( 'NONE', #705, 1000.000000000000000 ) ;
#4571 = FACE_BOUND ( 'NONE', #3893, .T. ) ;
#4572 = EDGE_LOOP ( 'NONE', ( #3134, #1470, #1509, #2055 ) ) ;
#4573 = ORIENTED_EDGE ( 'NONE', *, *, #946, .T. ) ;
#4574 = AXIS2_PLACEMENT_3D ( 'NONE', #707, #44, #2538 ) ;
#4575 = AXIS2_PLACEMENT_3D ( 'NONE', #3463, #4545, #1311 ) ;
#4576 = FILL_AREA_STYLE_COLOUR ( '', #149 ) ;
#4577 = STYLED_ITEM ( 'NONE', ( #679 ), #2554 ) ;
#4578 = VECTOR ( 'NONE', #2293, 1000.000000000000000 ) ;
#4579 = DIRECTION ( 'NONE',  ( -0.000000000000000000, 1.000000000000000000, -0.000000000000000000 ) ) ;
#4580 = EDGE_LOOP ( 'NONE', ( #1628, #4028, #3406, #727 ) ) ;
#4581 = ORIENTED_EDGE ( 'NONE', *, *, #2656, .T. ) ;
#4582 = COLOUR_RGB ( '',0.7960784313725489669, 0.8235294117647058432, 0.9372549019607843146 ) ;
#4583 = VECTOR ( 'NONE', #3072, 1000.000000000000000 ) ;
#4584 = DIRECTION ( 'NONE',  ( 1.000000000000000000, 0.000000000000000000, 0.000000000000000000 ) ) ;
#4585 = VECTOR ( 'NONE', #4590, 1000.000000000000000 ) ;
#4586 = PRESENTATION_STYLE_ASSIGNMENT (( #2470 ) ) ;
#4587 = DIRECTION ( 'NONE',  ( 1.000000000000000000, 0.000000000000000000, -0.000000000000000000 ) ) ;
#4588 = EDGE_CURVE ( 'NONE', #2756, #3881, #1834, .T. ) ;
#4589 = EDGE_CURVE ( 'NONE', #1516, #550, #3269, .T. ) ;
#4590 = DIRECTION ( 'NONE',  ( 1.000000000000000000, -0.000000000000000000, -0.000000000000000000 ) ) ;
#4591 = VECTOR ( 'NONE', #801, 1000.000000000000000 ) ;
#4592 = LINE ( 'NONE', #1003, #812 ) ;
#4593 = FACE_BOUND ( 'NONE', #2636, .T. ) ;
#4594 = STYLED_ITEM ( 'NONE', ( #3108 ), #3783 ) ;
#4595 = ORIENTED_EDGE ( 'NONE', *, *, #2731, .T. ) ;
#4596 = AXIS2_PLACEMENT_3D ( 'NONE', #536, #2322, #239 ) ;
#4597 = ORIENTED_EDGE ( 'NONE', *, *, #3270, .F. ) ;
#4598 =( GEOMETRIC_REPRESENTATION_CONTEXT ( 3 ) GLOBAL_UNCERTAINTY_ASSIGNED_CONTEXT ( ( #19 ) ) GLOBAL_UNIT_ASSIGNED_CONTEXT ( ( #1384, #3908, #4654 ) ) REPRESENTATION_CONTEXT ( 'NONE', 'WORKASPACE' ) );
#4599 = EDGE_LOOP ( 'NONE', ( #1696, #3808, #1081, #1359 ) ) ;
#4600 = AXIS2_PLACEMENT_3D ( 'NONE', #2022, #2358, #2000 ) ;
#4601 = ORIENTED_EDGE ( 'NONE', *, *, #1828, .F. ) ;
#4602 = LINE ( 'NONE', #303, #1950 ) ;
#4603 = ORIENTED_EDGE ( 'NONE', *, *, #3898, .F. ) ;
#4604 = EDGE_LOOP ( 'NONE', ( #210, #1844 ) ) ;
#4605 = SURFACE_STYLE_USAGE ( .BOTH. , #3523 ) ;
#4606 = CARTESIAN_POINT ( 'NONE',  ( 2.000000000000000000, 7.749999999999998224, -13.42339375865880058 ) ) ;
#4607 = CARTESIAN_POINT ( 'NONE',  ( 0.2000000000000000111, 7.749999999999998224, -13.42339375865880058 ) ) ;
#4608 = CARTESIAN_POINT ( 'NONE',  ( 51.10000000000000142, 7.950000000000000178, 10.90000000000000391 ) ) ;
#4609 = DIRECTION ( 'NONE',  ( 0.000000000000000000, 0.000000000000000000, 1.000000000000000000 ) ) ;
#4610 = DIRECTION ( 'NONE',  ( -1.000000000000000000, -0.000000000000000000, 0.000000000000000000 ) ) ;
#4611 = EDGE_CURVE ( 'NONE', #1251, #2653, #1788, .T. ) ;
#4612 = EDGE_CURVE ( 'NONE', #481, #3645, #3198, .T. ) ;
#4613 = CARTESIAN_POINT ( 'NONE',  ( 0.5000000000000000000, 7.000000000000001776, 0.000000000000000000 ) ) ;
#4614 = CARTESIAN_POINT ( 'NONE',  ( 21.50000000000000000, 0.000000000000000000, 0.000000000000000000 ) ) ;
#4615 = ORIENTED_EDGE ( 'NONE', *, *, #1997, .T. ) ;
#4616 = DIRECTION ( 'NONE',  ( -1.000000000000000000, 0.000000000000000000, 0.000000000000000000 ) ) ;
#4617 =( GEOMETRIC_REPRESENTATION_CONTEXT ( 3 ) GLOBAL_UNCERTAINTY_ASSIGNED_CONTEXT ( ( #4049 ) ) GLOBAL_UNIT_ASSIGNED_CONTEXT ( ( #3605, #1096, #4662 ) ) REPRESENTATION_CONTEXT ( 'NONE', 'WORKASPACE' ) );
#4618 = EDGE_CURVE ( 'NONE', #699, #3586, #4435, .T. ) ;
#4619 =( NAMED_UNIT ( * ) SI_UNIT ( $, .STERADIAN. ) SOLID_ANGLE_UNIT ( ) );
#4620 = ORIENTED_EDGE ( 'NONE', *, *, #3876, .T. ) ;
#4621 = ORIENTED_EDGE ( 'NONE', *, *, #1997, .F. ) ;
#4622 = APPLICATION_CONTEXT ( 'automotive_design' ) ;
#4623 = PLANE ( 'NONE',  #3009 ) ;
#4624 = ORIENTED_EDGE ( 'NONE', *, *, #2225, .F. ) ;
#4625 = ORIENTED_EDGE ( 'NONE', *, *, #1010, .T. ) ;
#4626 = DIRECTION ( 'NONE',  ( -1.000000000000000000, -0.000000000000000000, -0.000000000000000000 ) ) ;
#4627 = CARTESIAN_POINT ( 'NONE',  ( 2.000000000000000000, 7.841506350946115589, 13.08188740771268677 ) ) ;
#4628 = DIRECTION ( 'NONE',  ( 0.000000000000000000, 0.000000000000000000, 1.000000000000000000 ) ) ;
#4629 = DIRECTION ( 'NONE',  ( 1.000000000000000000, -0.000000000000000000, -0.000000000000000000 ) ) ;
#4630 = CARTESIAN_POINT ( 'NONE',  ( 0.000000000000000000, -13.42339375865870998, -6.250000000000156319 ) ) ;
#4631 =( LENGTH_UNIT ( ) NAMED_UNIT ( * ) SI_UNIT ( .MILLI., .METRE. ) );
#4632 =( GEOMETRIC_REPRESENTATION_CONTEXT ( 3 ) GLOBAL_UNCERTAINTY_ASSIGNED_CONTEXT ( ( #2303 ) ) GLOBAL_UNIT_ASSIGNED_CONTEXT ( ( #724, #4643, #2844 ) ) REPRESENTATION_CONTEXT ( 'NONE', 'WORKASPACE' ) );
#4633 =( NAMED_UNIT ( * ) PLANE_ANGLE_UNIT ( ) SI_UNIT ( $, .RADIAN. ) );
#4634 = CARTESIAN_POINT ( 'NONE',  ( 46.90000000000000568, 8.750000000000000000, 15.70000000000000284 ) ) ;
#4635 = ORIENTED_EDGE ( 'NONE', *, *, #4459, .F. ) ;
#4636 = DIRECTION ( 'NONE',  ( 0.000000000000000000, 1.000000000000000000, -1.224646799147353207E-16 ) ) ;
#4637 = CARTESIAN_POINT ( 'NONE',  ( 0.000000000000000000, 8.153684686079991195, -14.62259614518684714 ) ) ;
#4638 = ORIENTED_EDGE ( 'NONE', *, *, #2731, .F. ) ;
#4639 = ADVANCED_FACE ( 'NONE', ( #1430 ), #4283, .F. ) ;
#4640 = EDGE_LOOP ( 'NONE', ( #276, #2198, #1968, #2327, #3520, #799, #160, #1007, #814, #2668, #337, #1826 ) ) ;
#4641 = EDGE_CURVE ( 'NONE', #2598, #3622, #2166, .T. ) ;
#4642 = VECTOR ( 'NONE', #3214, 1000.000000000000114 ) ;
#4643 =( NAMED_UNIT ( * ) PLANE_ANGLE_UNIT ( ) SI_UNIT ( $, .RADIAN. ) );
#4644 = VECTOR ( 'NONE', #881, 1000.000000000000000 ) ;
#4645 = DIRECTION ( 'NONE',  ( 0.000000000000000000, -0.000000000000000000, -1.000000000000000000 ) ) ;
#4646 = EDGE_LOOP ( 'NONE', ( #2625, #2510, #852, #695 ) ) ;
#4647 = AXIS2_PLACEMENT_3D ( 'NONE', #1481, #3854, #693 ) ;
#4648 = EDGE_LOOP ( 'NONE', ( #4529, #3690 ) ) ;
#4649 = DIRECTION ( 'NONE',  ( -0.000000000000000000, 0.000000000000000000, -1.000000000000000000 ) ) ;
#4650 = VECTOR ( 'NONE', #4165, 1000.000000000000000 ) ;
#4651 = AXIS2_PLACEMENT_3D ( 'NONE', #1355, #1302, #1513 ) ;
#4652 = CARTESIAN_POINT ( 'NONE',  ( 0.5000000000000000000, 7.163571428571426480, -9.998662129892933237 ) ) ;
#4653 = ADVANCED_FACE ( 'NONE', ( #1454 ), #2896, .T. ) ;
#4654 =( NAMED_UNIT ( * ) SI_UNIT ( $, .STERADIAN. ) SOLID_ANGLE_UNIT ( ) );
#4655 = FACE_OUTER_BOUND ( 'NONE', #1875, .T. ) ;
#4656 = FACE_OUTER_BOUND ( 'NONE', #610, .T. ) ;
#4657 = AXIS2_PLACEMENT_3D ( 'NONE', #2887, #4247, #2093 ) ;
#4658 = CARTESIAN_POINT ( 'NONE',  ( 46.10000000000000142, -8.750000000000000000, 8.500000000000001776 ) ) ;
#4659 = CARTESIAN_POINT ( 'NONE',  ( 0.000000000000000000, 7.749999999999999112, -13.42339375865880058 ) ) ;
#4660 = AXIS2_PLACEMENT_3D ( 'NONE', #2098, #363, #3170 ) ;
#4661 = FILL_AREA_STYLE ('',( #2137 ) ) ;
#4662 =( NAMED_UNIT ( * ) SI_UNIT ( $, .STERADIAN. ) SOLID_ANGLE_UNIT ( ) );
#4663 = LINE ( 'NONE', #2476, #4286 ) ;
#4664 = EDGE_LOOP ( 'NONE', ( #2685, #3608, #4455, #1060 ) ) ;
#4665 = FILL_AREA_STYLE_COLOUR ( '', #2426 ) ;
#4666 = VECTOR ( 'NONE', #3349, 1000.000000000000000 ) ;
#4667 = AXIS2_PLACEMENT_3D ( 'NONE', #2715, #2044, #543 ) ;
#4668 = LINE ( 'NONE', #3892, #1207 ) ;
#4669 = ORIENTED_EDGE ( 'NONE', *, *, #4589, .F. ) ;
#4670 = VERTEX_POINT ( 'NONE', #2183 ) ;
#4671 = EDGE_CURVE ( 'NONE', #1635, #1144, #3368, .T. ) ;
#4672 = AXIS2_PLACEMENT_3D ( 'NONE', #1744, #4616, #1026 ) ;
#4673 = ADVANCED_FACE ( 'NONE', ( #1191 ), #1499, .T. ) ;
#4674 = CARTESIAN_POINT ( 'NONE',  ( 44.50000000000000000, 0.000000000000000000, 0.000000000000000000 ) ) ;
#4675 = ORIENTED_EDGE ( 'NONE', *, *, #3641, .F. ) ;
#4676 = VERTEX_POINT ( 'NONE', #1146 ) ;
#4677 = DIRECTION ( 'NONE',  ( -0.000000000000000000, 1.000000000000000000, -0.000000000000000000 ) ) ;
#4678 = AXIS2_PLACEMENT_3D ( 'NONE', #1930, #1172, #3297 ) ;
#4679 = DIRECTION ( 'NONE',  ( -1.000000000000000000, 0.000000000000000000, 0.000000000000000000 ) ) ;
ENDSEC;
END-ISO-10303-21;
