ISO-10303-21;
HEADER;
FILE_DESCRIPTION (( 'STEP AP214' ),
    '1' );
FILE_NAME ('通用底盘.STEP',
    '2023-01-28T01:16:59',
    ( '' ),
    ( '' ),
    'SwSTEP 2.0',
    'SolidWorks 2022',
    '' );
FILE_SCHEMA (( 'AUTOMOTIVE_DESIGN' ));
ENDSEC;

DATA;
#1 = ORIENTED_EDGE ( 'NONE', *, *, #703, .T. ) ;
#2 = ORIENTED_EDGE ( 'NONE', *, *, #1185, .T. ) ;
#3 = EDGE_LOOP ( 'NONE', ( #4109, #2283, #4597, #4106 ) ) ;
#4 = DIRECTION ( 'NONE',  ( 0.000000000000000000, 0.000000000000000000, 1.000000000000000000 ) ) ;
#5 = DIRECTION ( 'NONE',  ( -1.000000000000000000, 0.000000000000000000, 0.000000000000000000 ) ) ;
#6 = VERTEX_POINT ( 'NONE', #2188 ) ;
#7 = ORIENTED_EDGE ( 'NONE', *, *, #5306, .T. ) ;
#8 = AXIS2_PLACEMENT_3D ( 'NONE', #5684, #2221, #3493 ) ;
#9 = VERTEX_POINT ( 'NONE', #5683 ) ;
#10 = CARTESIAN_POINT ( 'NONE',  ( 26.99999999999999645, 94.99999999999998579, 3.000000000000000000 ) ) ;
#11 = CYLINDRICAL_SURFACE ( 'NONE', #3567, 1.549999999999999378 ) ;
#12 = CARTESIAN_POINT ( 'NONE',  ( 30.79999999999999716, 1.500000000011825430, 0.000000000000000000 ) ) ;
#13 = EDGE_CURVE ( 'NONE', #4732, #5631, #1761, .T. ) ;
#14 = CARTESIAN_POINT ( 'NONE',  ( 27.60000000000150422, 10.90000000001181846, 3.000000000000000000 ) ) ;
#15 = VECTOR ( 'NONE', #345, 1000.000000000000000 ) ;
#16 = AXIS2_PLACEMENT_3D ( 'NONE', #3584, #1428, #5280 ) ;
#17 = ORIENTED_EDGE ( 'NONE', *, *, #346, .T. ) ;
#18 = DIRECTION ( 'NONE',  ( 1.000000000000000000, 0.000000000000000000, 0.000000000000000000 ) ) ;
#19 = CARTESIAN_POINT ( 'NONE',  ( -62.99999999999998579, -114.9999999999965610, 0.000000000000000000 ) ) ;
#20 = DIRECTION ( 'NONE',  ( 0.000000000000000000, 0.000000000000000000, 1.000000000000000000 ) ) ;
#21 = EDGE_CURVE ( 'NONE', #2449, #2801, #5591, .T. ) ;
#22 = DIRECTION ( 'NONE',  ( -0.000000000000000000, -0.000000000000000000, -1.000000000000000000 ) ) ;
#23 = EDGE_LOOP ( 'NONE', ( #4839, #5506, #4320, #2428 ) ) ;
#24 = DIRECTION ( 'NONE',  ( -0.000000000000000000, -0.000000000000000000, -1.000000000000000000 ) ) ;
#25 = ORIENTED_EDGE ( 'NONE', *, *, #3410, .F. ) ;
#26 = EDGE_CURVE ( 'NONE', #1594, #1050, #615, .T. ) ;
#27 = CYLINDRICAL_SURFACE ( 'NONE', #5602, 1.549999999999999378 ) ;
#28 = AXIS2_PLACEMENT_3D ( 'NONE', #2592, #412, #2702 ) ;
#29 = EDGE_CURVE ( 'NONE', #4964, #3335, #3663, .T. ) ;
#30 = AXIS2_PLACEMENT_3D ( 'NONE', #2606, #1643, #4752 ) ;
#31 = ORIENTED_EDGE ( 'NONE', *, *, #3036, .F. ) ;
#32 = FACE_BOUND ( 'NONE', #1484, .T. ) ;
#33 = VERTEX_POINT ( 'NONE', #4504 ) ;
#34 = DIRECTION ( 'NONE',  ( 0.000000000000000000, 0.000000000000000000, 1.000000000000000000 ) ) ;
#35 = CARTESIAN_POINT ( 'NONE',  ( 58.40000000000300417, 10.90000000001181846, 3.000000000000000000 ) ) ;
#36 = VERTEX_POINT ( 'NONE', #2835 ) ;
#37 = ORIENTED_EDGE ( 'NONE', *, *, #900, .T. ) ;
#38 = AXIS2_PLACEMENT_3D ( 'NONE', #5620, #1701, #1261 ) ;
#39 = EDGE_LOOP ( 'NONE', ( #1409, #61, #2089, #4705 ) ) ;
#40 = CARTESIAN_POINT ( 'NONE',  ( 10.00000000000000355, 40.00000000000000000, 3.000000000000000000 ) ) ;
#41 = LINE ( 'NONE', #2263, #2668 ) ;
#42 = DIRECTION ( 'NONE',  ( 0.000000000000000000, 0.000000000000000000, 1.000000000000000000 ) ) ;
#43 = LINE ( 'NONE', #3891, #5381 ) ;
#44 = VERTEX_POINT ( 'NONE', #5355 ) ;
#45 = VERTEX_POINT ( 'NONE', #1411 ) ;
#46 = EDGE_CURVE ( 'NONE', #3765, #5522, #587, .T. ) ;
#47 = CARTESIAN_POINT ( 'NONE',  ( -11.74999999999999645, 110.0000000000000000, 0.000000000000000000 ) ) ;
#48 = CARTESIAN_POINT ( 'NONE',  ( -56.79999999999999716, -47.49999999998818367, 0.000000000000000000 ) ) ;
#49 = DIRECTION ( 'NONE',  ( -0.000000000000000000, -0.000000000000000000, -1.000000000000000000 ) ) ;
#50 = CARTESIAN_POINT ( 'NONE',  ( 56.80000000000000426, 1.500000000011825207, 3.000000000000000000 ) ) ;
#51 = EDGE_CURVE ( 'NONE', #5493, #2148, #3553, .T. ) ;
#52 = ORIENTED_EDGE ( 'NONE', *, *, #1302, .T. ) ;
#53 = LINE ( 'NONE', #2245, #3279 ) ;
#54 = VERTEX_POINT ( 'NONE', #1867 ) ;
#55 = DIRECTION ( 'NONE',  ( 0.000000000000000000, 0.000000000000000000, 1.000000000000000000 ) ) ;
#56 = EDGE_LOOP ( 'NONE', ( #740, #4978, #7, #2644, #380 ) ) ;
#57 = ORIENTED_EDGE ( 'NONE', *, *, #2657, .F. ) ;
#58 = FACE_BOUND ( 'NONE', #4906, .T. ) ;
#59 = ORIENTED_EDGE ( 'NONE', *, *, #3512, .T. ) ;
#60 = CARTESIAN_POINT ( 'NONE',  ( 62.99999999995772981, -63.00000000000000000, 3.000000000000000000 ) ) ;
#61 = ORIENTED_EDGE ( 'NONE', *, *, #1263, .F. ) ;
#62 = LINE ( 'NONE', #5333, #1005 ) ;
#63 = EDGE_LOOP ( 'NONE', ( #2071, #3329 ) ) ;
#64 = ADVANCED_FACE ( 'NONE', ( #2803 ), #5414, .F. ) ;
#65 = ORIENTED_EDGE ( 'NONE', *, *, #3539, .F. ) ;
#66 = CIRCLE ( 'NONE', #4004, 1.600000000000004086 ) ;
#67 = ORIENTED_EDGE ( 'NONE', *, *, #5465, .T. ) ;
#68 = DIRECTION ( 'NONE',  ( -0.000000000000000000, -0.000000000000000000, -1.000000000000000000 ) ) ;
#69 = LINE ( 'NONE', #4909, #4039 ) ;
#70 = CARTESIAN_POINT ( 'NONE',  ( -25.44999999999998863, 94.99999999999998579, 0.000000000000000000 ) ) ;
#71 = LINE ( 'NONE', #3683, #731 ) ;
#72 = ORIENTED_EDGE ( 'NONE', *, *, #2831, .F. ) ;
#73 = CIRCLE ( 'NONE', #3368, 1.600000000000000755 ) ;
#74 = CIRCLE ( 'NONE', #5380, 1.599999999999997202 ) ;
#75 = ORIENTED_EDGE ( 'NONE', *, *, #3851, .T. ) ;
#76 = DIRECTION ( 'NONE',  ( 1.000000000000000000, 0.000000000000000000, 0.000000000000000000 ) ) ;
#77 = AXIS2_PLACEMENT_3D ( 'NONE', #3692, #1528, #2417 ) ;
#78 = CYLINDRICAL_SURFACE ( 'NONE', #1575, 1.550000000000002709 ) ;
#79 = CARTESIAN_POINT ( 'NONE',  ( -56.80000000000300275, 10.90000000001181846, 0.000000000000000000 ) ) ;
#80 = AXIS2_PLACEMENT_3D ( 'NONE', #660, #1659, #4996 ) ;
#81 = CARTESIAN_POINT ( 'NONE',  ( 28.54999999999363780, -73.00000000000000000, 0.000000000000000000 ) ) ;
#82 = AXIS2_PLACEMENT_3D ( 'NONE', #366, #4638, #5613 ) ;
#83 = AXIS2_PLACEMENT_3D ( 'NONE', #5166, #1251, #3185 ) ;
#84 = ORIENTED_EDGE ( 'NONE', *, *, #3438, .F. ) ;
#85 = CARTESIAN_POINT ( 'NONE',  ( 49.44999999999363638, -103.0000000000000000, 3.000000000000000000 ) ) ;
#86 = CARTESIAN_POINT ( 'NONE',  ( 0.000000000000000000, 110.0000000000000000, 3.000000000000000000 ) ) ;
#87 = FACE_OUTER_BOUND ( 'NONE', #4685, .T. ) ;
#88 = CIRCLE ( 'NONE', #3380, 1.599999999999990319 ) ;
#89 = EDGE_CURVE ( 'NONE', #5084, #3308, #4126, .T. ) ;
#90 = FACE_OUTER_BOUND ( 'NONE', #3794, .T. ) ;
#91 = EDGE_LOOP ( 'NONE', ( #3814, #1280, #4313, #5509 ) ) ;
#92 = CARTESIAN_POINT ( 'NONE',  ( -49.44999999999365770, -73.00000000000001421, 0.000000000000000000 ) ) ;
#93 = ORIENTED_EDGE ( 'NONE', *, *, #4778, .F. ) ;
#94 = EDGE_CURVE ( 'NONE', #767, #699, #1439, .T. ) ;
#95 = CARTESIAN_POINT ( 'NONE',  ( 50.99999999999364064, -103.0000000000000000, 3.000000000000000000 ) ) ;
#96 = AXIS2_PLACEMENT_3D ( 'NONE', #5177, #3508, #2212 ) ;
#97 = ORIENTED_EDGE ( 'NONE', *, *, #4829, .F. ) ;
#98 = ORIENTED_EDGE ( 'NONE', *, *, #4987, .F. ) ;
#99 = EDGE_LOOP ( 'NONE', ( #4118, #2220, #3845, #1910 ) ) ;
#100 = CIRCLE ( 'NONE', #2937, 1.550000000000002709 ) ;
#101 = ORIENTED_EDGE ( 'NONE', *, *, #1820, .F. ) ;
#102 = CARTESIAN_POINT ( 'NONE',  ( -26.99999999999366196, -73.00000000000001421, 3.000000000000000000 ) ) ;
#103 = DIRECTION ( 'NONE',  ( -0.000000000000000000, -0.000000000000000000, -1.000000000000000000 ) ) ;
#104 = CARTESIAN_POINT ( 'NONE',  ( -15.99999999999817923, 36.50000000001182343, 3.000000000000000000 ) ) ;
#105 = EDGE_CURVE ( 'NONE', #4624, #2950, #4096, .T. ) ;
#106 = DIRECTION ( 'NONE',  ( 1.000000000000000000, 0.000000000000000000, 0.000000000000000000 ) ) ;
#107 = VECTOR ( 'NONE', #103, 1000.000000000000000 ) ;
#108 = DIRECTION ( 'NONE',  ( -0.3054275543593436004, 0.9522153165319650059, 0.000000000000000000 ) ) ;
#109 = CARTESIAN_POINT ( 'NONE',  ( -25.44999999999998863, 64.99999999999998579, 3.000000000000000000 ) ) ;
#110 = AXIS2_PLACEMENT_3D ( 'NONE', #1427, #1567, #5279 ) ;
#111 = CARTESIAN_POINT ( 'NONE',  ( 10.14999999999999147, 110.0000000000000000, 3.000000000000000000 ) ) ;
#112 = FACE_OUTER_BOUND ( 'NONE', #2483, .T. ) ;
#113 = MANIFOLD_SOLID_BREP ( '凸台-拉伸1', #1204 ) ;
#114 = CARTESIAN_POINT ( 'NONE',  ( -25.44999999999366125, -103.0000000000000142, 3.000000000000000000 ) ) ;
#115 = AXIS2_PLACEMENT_3D ( 'NONE', #224, #658, #4058 ) ;
#116 = ORIENTED_EDGE ( 'NONE', *, *, #5645, .F. ) ;
#117 = DIRECTION ( 'NONE',  ( 1.000000000000000000, 0.000000000000000000, 0.000000000000000000 ) ) ;
#118 = CARTESIAN_POINT ( 'NONE',  ( -8.000000000000000000, -93.00000000000000000, 3.000000000000000000 ) ) ;
#119 = DIRECTION ( 'NONE',  ( 0.000000000000000000, 0.000000000000000000, 1.000000000000000000 ) ) ;
#120 = ORIENTED_EDGE ( 'NONE', *, *, #769, .F. ) ;
#121 = DIRECTION ( 'NONE',  ( 0.000000000000000000, 0.000000000000000000, 1.000000000000000000 ) ) ;
#122 = EDGE_CURVE ( 'NONE', #4656, #3523, #3111, .T. ) ;
#123 = VERTEX_POINT ( 'NONE', #5442 ) ;
#124 = DIRECTION ( 'NONE',  ( 1.000000000000000000, 0.000000000000000000, 0.000000000000000000 ) ) ;
#125 = CARTESIAN_POINT ( 'NONE',  ( 47.00000000000000000, 110.0000000000000000, 0.000000000000000000 ) ) ;
#126 = ORIENTED_EDGE ( 'NONE', *, *, #3936, .F. ) ;
#127 = ORIENTED_EDGE ( 'NONE', *, *, #1783, .F. ) ;
#128 = ADVANCED_FACE ( 'NONE', ( #554 ), #1529, .F. ) ;
#129 = ORIENTED_EDGE ( 'NONE', *, *, #2813, .F. ) ;
#130 = FACE_OUTER_BOUND ( 'NONE', #1544, .T. ) ;
#131 = AXIS2_PLACEMENT_3D ( 'NONE', #3441, #3470, #851 ) ;
#132 = FACE_OUTER_BOUND ( 'NONE', #896, .T. ) ;
#133 = LINE ( 'NONE', #2819, #210 ) ;
#134 = DIRECTION ( 'NONE',  ( 0.000000000000000000, 0.000000000000000000, 1.000000000000000000 ) ) ;
#135 = ORIENTED_EDGE ( 'NONE', *, *, #1927, .T. ) ;
#136 = AXIS2_PLACEMENT_3D ( 'NONE', #3950, #20, #2748 ) ;
#137 = LINE ( 'NONE', #1030, #1641 ) ;
#138 = EDGE_CURVE ( 'NONE', #1505, #3691, #5495, .T. ) ;
#139 = FACE_BOUND ( 'NONE', #3619, .T. ) ;
#140 = LINE ( 'NONE', #111, #2932 ) ;
#141 = DIRECTION ( 'NONE',  ( 1.000000000000000000, 0.000000000000000000, 0.000000000000000000 ) ) ;
#142 = DIRECTION ( 'NONE',  ( -1.000000000000000000, 0.000000000000000000, 0.000000000000000000 ) ) ;
#143 = CIRCLE ( 'NONE', #875, 1.599999999999997202 ) ;
#144 = ADVANCED_FACE ( 'NONE', ( #4955 ), #1039, .F. ) ;
#145 = ORIENTED_EDGE ( 'NONE', *, *, #5268, .T. ) ;
#146 = CYLINDRICAL_SURFACE ( 'NONE', #1732, 1.600000000000004086 ) ;
#147 = CARTESIAN_POINT ( 'NONE',  ( 50.99999999999364064, -103.0000000000000000, 3.000000000000000000 ) ) ;
#148 = CYLINDRICAL_SURFACE ( 'NONE', #4507, 1.549999999999995826 ) ;
#149 = ORIENTED_EDGE ( 'NONE', *, *, #2425, .F. ) ;
#150 = FACE_BOUND ( 'NONE', #3090, .T. ) ;
#151 = VERTEX_POINT ( 'NONE', #1156 ) ;
#152 = CARTESIAN_POINT ( 'NONE',  ( 4.399999999994776090, 19.50000000001181988, 0.000000000000000000 ) ) ;
#153 = DIRECTION ( 'NONE',  ( 0.000000000000000000, 0.000000000000000000, 1.000000000000000000 ) ) ;
#154 = ORIENTED_EDGE ( 'NONE', *, *, #5174, .F. ) ;
#155 = ORIENTED_EDGE ( 'NONE', *, *, #89, .T. ) ;
#156 = EDGE_LOOP ( 'NONE', ( #2805, #157, #3999, #4684 ) ) ;
#157 = ORIENTED_EDGE ( 'NONE', *, *, #2357, .T. ) ;
#158 = DIRECTION ( 'NONE',  ( -0.000000000000000000, -0.000000000000000000, -1.000000000000000000 ) ) ;
#159 = SHAPE_DEFINITION_REPRESENTATION ( #5553, #1984 ) ;
#160 = CYLINDRICAL_SURFACE ( 'NONE', #5105, 1.550000000000002709 ) ;
#162 = EDGE_LOOP ( 'NONE', ( #1422, #1144 ) ) ;
#161 = EDGE_CURVE ( 'NONE', #3988, #5594, #3015, .T. ) ;
#163 = FACE_OUTER_BOUND ( 'NONE', #1506, .T. ) ;
#164 = DIRECTION ( 'NONE',  ( -0.000000000000000000, -0.000000000000000000, -1.000000000000000000 ) ) ;
#165 = DIRECTION ( 'NONE',  ( -0.000000000000000000, -0.000000000000000000, -1.000000000000000000 ) ) ;
#166 = CARTESIAN_POINT ( 'NONE',  ( -25.99999999999999645, -42.09999999998818510, 0.000000000000000000 ) ) ;
#167 = CYLINDRICAL_SURFACE ( 'NONE', #5010, 1.600000000000000755 ) ;
#168 = CIRCLE ( 'NONE', #1086, 1.600000000000000755 ) ;
#169 = VECTOR ( 'NONE', #2415, 1000.000000000000000 ) ;
#170 = EDGE_CURVE ( 'NONE', #4080, #794, #657, .T. ) ;
#171 = EDGE_CURVE ( 'NONE', #954, #4171, #5504, .T. ) ;
#172 = CIRCLE ( 'NONE', #4284, 1.549999999999999378 ) ;
#173 = AXIS2_PLACEMENT_3D ( 'NONE', #1489, #4059, #4459 ) ;
#174 = EDGE_LOOP ( 'NONE', ( #2838, #3770 ) ) ;
#175 = PLANE ( 'NONE',  #3923 ) ;
#176 = DIRECTION ( 'NONE',  ( 0.000000000000000000, 0.000000000000000000, 1.000000000000000000 ) ) ;
#177 = CARTESIAN_POINT ( 'NONE',  ( 61.39999999999408686, 36.50000000001489298, 0.000000000000000000 ) ) ;
#178 = EDGE_CURVE ( 'NONE', #3034, #2062, #1381, .T. ) ;
#179 = CIRCLE ( 'NONE', #5387, 1.600000000001991829 ) ;
#180 = EDGE_CURVE ( 'NONE', #3159, #1813, #3403, .T. ) ;
#181 = AXIS2_PLACEMENT_3D ( 'NONE', #3883, #4766, #5635 ) ;
#182 = EDGE_LOOP ( 'NONE', ( #126, #2167, #5596, #1601 ) ) ;
#183 = FACE_BOUND ( 'NONE', #531, .T. ) ;
#184 = CIRCLE ( 'NONE', #4477, 1.599999999999997202 ) ;
#185 = ORIENTED_EDGE ( 'NONE', *, *, #2944, .F. ) ;
#186 = DIRECTION ( 'NONE',  ( 0.000000000000000000, 0.000000000000000000, 1.000000000000000000 ) ) ;
#187 = ORIENTED_EDGE ( 'NONE', *, *, #276, .F. ) ;
#188 = DIRECTION ( 'NONE',  ( 0.000000000000000000, 0.000000000000000000, 1.000000000000000000 ) ) ;
#189 = ORIENTED_EDGE ( 'NONE', *, *, #877, .T. ) ;
#190 = VECTOR ( 'NONE', #2850, 1000.000000000000114 ) ;
#191 = ORIENTED_EDGE ( 'NONE', *, *, #5573, .T. ) ;
#192 = VERTEX_POINT ( 'NONE', #4644 ) ;
#193 = DIRECTION ( 'NONE',  ( 1.000000000000000000, 0.000000000000000000, -0.000000000000000000 ) ) ;
#194 = CIRCLE ( 'NONE', #1014, 1.600000000000004086 ) ;
#195 = FILL_AREA_STYLE ('',( #1542 ) ) ;
#196 = CARTESIAN_POINT ( 'NONE',  ( 25.99999999999999645, -40.49999999998819078, 3.000000000000000000 ) ) ;
#197 = ORIENTED_EDGE ( 'NONE', *, *, #4258, .T. ) ;
#198 = AXIS2_PLACEMENT_3D ( 'NONE', #1129, #5533, #5067 ) ;
#199 = DIRECTION ( 'NONE',  ( -0.000000000000000000, -0.000000000000000000, -1.000000000000000000 ) ) ;
#200 = FACE_BOUND ( 'NONE', #5550, .T. ) ;
#201 = ADVANCED_FACE ( 'NONE', ( #725 ), #3292, .F. ) ;
#202 = CARTESIAN_POINT ( 'NONE',  ( 50.99999999999364064, -73.00000000000000000, 3.000000000000000000 ) ) ;
#203 = DIRECTION ( 'NONE',  ( -0.000000000000000000, -0.000000000000000000, -1.000000000000000000 ) ) ;
#204 = CARTESIAN_POINT ( 'NONE',  ( -64.59999999999993747, 36.48713711185290975, 3.000000000000000000 ) ) ;
#205 = AXIS2_PLACEMENT_3D ( 'NONE', #1635, #3365, #5113 ) ;
#206 = AXIS2_PLACEMENT_3D ( 'NONE', #1680, #2139, #3437 ) ;
#207 = ORIENTED_EDGE ( 'NONE', *, *, #2268, .T. ) ;
#208 = CARTESIAN_POINT ( 'NONE',  ( -50.99999999999366196, -103.0000000000000142, 0.000000000000000000 ) ) ;
#209 = EDGE_CURVE ( 'NONE', #2171, #4872, #2026, .T. ) ;
#210 = VECTOR ( 'NONE', #1970, 1000.000000000000000 ) ;
#211 = CARTESIAN_POINT ( 'NONE',  ( 0.000000000000000000, 1.500000000011825207, 3.000000000000000000 ) ) ;
#212 = VECTOR ( 'NONE', #5443, 1000.000000000000000 ) ;
#213 = EDGE_LOOP ( 'NONE', ( #1274, #2565, #3960, #3003 ) ) ;
#214 = ORIENTED_EDGE ( 'NONE', *, *, #2291, .F. ) ;
#215 = FACE_BOUND ( 'NONE', #3990, .T. ) ;
#216 = ADVANCED_FACE ( 'NONE', ( #4182 ), #2499, .F. ) ;
#217 = EDGE_CURVE ( 'NONE', #2171, #2084, #2014, .T. ) ;
#218 = ORIENTED_EDGE ( 'NONE', *, *, #599, .T. ) ;
#219 = CARTESIAN_POINT ( 'NONE',  ( -49.44999999999365770, -73.00000000000001421, 3.000000000000000000 ) ) ;
#220 = ORIENTED_EDGE ( 'NONE', *, *, #526, .T. ) ;
#221 = EDGE_CURVE ( 'NONE', #1656, #4799, #194, .T. ) ;
#222 = ORIENTED_EDGE ( 'NONE', *, *, #4169, .T. ) ;
#223 = CARTESIAN_POINT ( 'NONE',  ( 60.00000000000000000, 1.500000000011825430, 3.000000000000000000 ) ) ;
#224 = CARTESIAN_POINT ( 'NONE',  ( 26.99999999999364064, -73.00000000000000000, 3.000000000000000000 ) ) ;
#225 = CARTESIAN_POINT ( 'NONE',  ( -1.600000000001310596, 10.90000000001181846, 0.000000000000000000 ) ) ;
#226 = ORIENTED_EDGE ( 'NONE', *, *, #4265, .T. ) ;
#227 = DIRECTION ( 'NONE',  ( 0.000000000000000000, 0.000000000000000000, 1.000000000000000000 ) ) ;
#228 = FACE_BOUND ( 'NONE', #4026, .T. ) ;
#229 = DIRECTION ( 'NONE',  ( -0.000000000000000000, -0.000000000000000000, -1.000000000000000000 ) ) ;
#230 = CARTESIAN_POINT ( 'NONE',  ( -8.000000000000000000, -82.99999999999998579, 3.000000000000000000 ) ) ;
#231 = CARTESIAN_POINT ( 'NONE',  ( -8.000000000000000000, 85.00000000000000000, 3.000000000000000000 ) ) ;
#232 = VECTOR ( 'NONE', #5260, 1000.000000000000000 ) ;
#233 = EDGE_CURVE ( 'NONE', #535, #1709, #923, .T. ) ;
#234 = EDGE_LOOP ( 'NONE', ( #3469, #2891, #4054, #3187 ) ) ;
#235 = DIRECTION ( 'NONE',  ( 0.000000000000000000, 0.000000000000000000, 1.000000000000000000 ) ) ;
#236 = CIRCLE ( 'NONE', #4402, 1.549999999999995826 ) ;
#237 = CARTESIAN_POINT ( 'NONE',  ( 50.99999999999364064, -73.00000000000000000, 0.000000000000000000 ) ) ;
#238 = DIRECTION ( 'NONE',  ( 0.000000000000000000, 0.000000000000000000, 1.000000000000000000 ) ) ;
#239 = EDGE_CURVE ( 'NONE', #4721, #3230, #1662, .T. ) ;
#240 = ORIENTED_EDGE ( 'NONE', *, *, #51, .T. ) ;
#241 = FACE_BOUND ( 'NONE', #5017, .T. ) ;
#242 = ORIENTED_EDGE ( 'NONE', *, *, #483, .T. ) ;
#243 = DIRECTION ( 'NONE',  ( -1.000000000000000000, 0.000000000000000000, 0.000000000000000000 ) ) ;
#244 = DIRECTION ( 'NONE',  ( -0.000000000000000000, -0.000000000000000000, -1.000000000000000000 ) ) ;
#245 = ADVANCED_FACE ( 'NONE', ( #2419 ), #1981, .T. ) ;
#246 = ORIENTED_EDGE ( 'NONE', *, *, #5592, .T. ) ;
#247 = CYLINDRICAL_SURFACE ( 'NONE', #2923, 1.600000000000004086 ) ;
#248 = DIRECTION ( 'NONE',  ( 1.000000000000000000, 0.000000000000000000, 0.000000000000000000 ) ) ;
#249 = ORIENTED_EDGE ( 'NONE', *, *, #3976, .T. ) ;
#250 = ADVANCED_FACE ( 'NONE', ( #4215 ), #290, .T. ) ;
#251 = CARTESIAN_POINT ( 'NONE',  ( 49.44999999999363638, -103.0000000000000000, 3.000000000000000000 ) ) ;
#252 = FACE_BOUND ( 'NONE', #4544, .T. ) ;
#253 = FACE_OUTER_BOUND ( 'NONE', #23, .T. ) ;
#254 = CARTESIAN_POINT ( 'NONE',  ( 0.000000000000000000, 110.0000000000000000, 3.000000000000000000 ) ) ;
#255 = DIRECTION ( 'NONE',  ( -0.000000000000000000, -0.000000000000000000, -1.000000000000000000 ) ) ;
#256 = ORIENTED_EDGE ( 'NONE', *, *, #835, .F. ) ;
#257 = CARTESIAN_POINT ( 'NONE',  ( 0.000000000000000000, -115.0000000000000000, 3.000000000000000000 ) ) ;
#258 = AXIS2_PLACEMENT_3D ( 'NONE', #5030, #4526, #4973 ) ;
#259 = CARTESIAN_POINT ( 'NONE',  ( 5.999999999994776623, 19.50000000001181988, 3.000000000000000000 ) ) ;
#260 = AXIS2_PLACEMENT_3D ( 'NONE', #4555, #634, #1951 ) ;
#261 = PLANE ( 'NONE',  #5610 ) ;
#262 = VECTOR ( 'NONE', #5085, 1000.000000000000000 ) ;
#263 = AXIS2_PLACEMENT_3D ( 'NONE', #4032, #134, #106 ) ;
#264 = FACE_BOUND ( 'NONE', #4818, .T. ) ;
#265 = ORIENTED_EDGE ( 'NONE', *, *, #1625, .T. ) ;
#266 = ADVANCED_FACE ( 'NONE', ( #2863 ), #1559, .F. ) ;
#267 = DIRECTION ( 'NONE',  ( -1.000000000000000000, 0.000000000000000000, 0.000000000000000000 ) ) ;
#268 = AXIS2_PLACEMENT_3D ( 'NONE', #208, #4214, #1893 ) ;
#269 = AXIS2_PLACEMENT_3D ( 'NONE', #1418, #1357, #5363 ) ;
#270 = EDGE_LOOP ( 'NONE', ( #2484, #1396, #1513, #1683, #5325 ) ) ;
#271 = CYLINDRICAL_SURFACE ( 'NONE', #551, 1.600000000000000089 ) ;
#272 = AXIS2_PLACEMENT_3D ( 'NONE', #3482, #2179, #512 ) ;
#273 = ORIENTED_EDGE ( 'NONE', *, *, #1571, .T. ) ;
#274 = ORIENTED_EDGE ( 'NONE', *, *, #1919, .T. ) ;
#275 = DIRECTION ( 'NONE',  ( 0.000000000000000000, 0.000000000000000000, 1.000000000000000000 ) ) ;
#276 = EDGE_CURVE ( 'NONE', #3696, #3068, #1758, .T. ) ;
#277 = CARTESIAN_POINT ( 'NONE',  ( 5.999999999994776623, 17.90000000001181846, 3.000000000000000000 ) ) ;
#278 = EDGE_LOOP ( 'NONE', ( #3880, #4144, #356, #93 ) ) ;
#279 = LINE ( 'NONE', #1607, #2184 ) ;
#280 = AXIS2_PLACEMENT_3D ( 'NONE', #86, #1068, #4130 ) ;
#281 = DIRECTION ( 'NONE',  ( -1.000000000000000000, 0.000000000000000000, 0.000000000000000000 ) ) ;
#282 = EDGE_CURVE ( 'NONE', #3271, #5277, #1481, .T. ) ;
#283 = DIRECTION ( 'NONE',  ( 0.000000000000000000, 0.000000000000000000, 1.000000000000000000 ) ) ;
#284 = DIRECTION ( 'NONE',  ( 1.000000000000000000, 0.000000000000000000, 0.000000000000000000 ) ) ;
#285 = CARTESIAN_POINT ( 'NONE',  ( 80.00000000000000000, 36.50000000001485034, 0.000000000000000000 ) ) ;
#286 = AXIS2_PLACEMENT_3D ( 'NONE', #756, #4620, #1618 ) ;
#287 = ORIENTED_EDGE ( 'NONE', *, *, #3241, .T. ) ;
#288 = CARTESIAN_POINT ( 'NONE',  ( -8.000000000000000000, -93.00000000000000000, 0.000000000000000000 ) ) ;
#289 = CIRCLE ( 'NONE', #841, 10.00000000000000355 ) ;
#290 = PLANE ( 'NONE',  #2570 ) ;
#291 = DIRECTION ( 'NONE',  ( -1.000000000000000000, 0.000000000000000000, 0.000000000000000000 ) ) ;
#292 = CARTESIAN_POINT ( 'NONE',  ( 48.00000000000000000, -119.9999999999997726, 3.000000000000000000 ) ) ;
#293 = VECTOR ( 'NONE', #4306, 1000.000000000000000 ) ;
#294 = FACE_OUTER_BOUND ( 'NONE', #3443, .T. ) ;
#295 = ORIENTED_EDGE ( 'NONE', *, *, #3422, .F. ) ;
#296 = FACE_OUTER_BOUND ( 'NONE', #2086, .T. ) ;
#297 = AXIS2_PLACEMENT_3D ( 'NONE', #2889, #787, #2526 ) ;
#298 = DIRECTION ( 'NONE',  ( 0.000000000000000000, 0.000000000000000000, 1.000000000000000000 ) ) ;
#299 = VERTEX_POINT ( 'NONE', #19 ) ;
#300 = EDGE_CURVE ( 'NONE', #1490, #3352, #3566, .T. ) ;
#301 = VERTEX_POINT ( 'NONE', #918 ) ;
#302 = EDGE_LOOP ( 'NONE', ( #3243, #3930 ) ) ;
#303 = CARTESIAN_POINT ( 'NONE',  ( 26.00000000000522249, 21.10000000001182130, 3.000000000000000000 ) ) ;
#304 = CYLINDRICAL_SURFACE ( 'NONE', #1822, 1.550000000000002709 ) ;
#305 = ORIENTED_EDGE ( 'NONE', *, *, #5101, .F. ) ;
#306 = ORIENTED_EDGE ( 'NONE', *, *, #5521, .T. ) ;
#307 = EDGE_CURVE ( 'NONE', #3691, #5182, #2605, .T. ) ;
#308 = CARTESIAN_POINT ( 'NONE',  ( 27.60000000000000142, -47.49999999998817657, 3.000000000000000000 ) ) ;
#309 = CARTESIAN_POINT ( 'NONE',  ( 25.99999999999998934, -6.499999999988189003, 3.000000000000000000 ) ) ;
#310 = DIRECTION ( 'NONE',  ( -0.000000000000000000, -0.000000000000000000, -1.000000000000000000 ) ) ;
#311 = CARTESIAN_POINT ( 'NONE',  ( -52.54999999999366622, -103.0000000000000142, 0.000000000000000000 ) ) ;
#312 = LINE ( 'NONE', #5558, #3826 ) ;
#313 = EDGE_CURVE ( 'NONE', #3266, #3707, #2126, .T. ) ;
#314 = EDGE_LOOP ( 'NONE', ( #1527, #498, #1167, #765 ) ) ;
#315 = CYLINDRICAL_SURFACE ( 'NONE', #4745, 1.599999999999997202 ) ;
#316 = DIRECTION ( 'NONE',  ( 0.000000000000000000, 0.000000000000000000, 1.000000000000000000 ) ) ;
#317 = CARTESIAN_POINT ( 'NONE',  ( -35.25000000000000000, 110.0000000000000000, 3.000000000000000000 ) ) ;
#318 = CARTESIAN_POINT ( 'NONE',  ( 52.54999999999364491, -103.0000000000000000, 0.000000000000000000 ) ) ;
#319 = CIRCLE ( 'NONE', #4622, 1.600000000000000755 ) ;
#320 = ORIENTED_EDGE ( 'NONE', *, *, #5428, .F. ) ;
#321 = EDGE_CURVE ( 'NONE', #1813, #2713, #5312, .T. ) ;
#322 = AXIS2_PLACEMENT_3D ( 'NONE', #4178, #3748, #5498 ) ;
#323 = ORIENTED_EDGE ( 'NONE', *, *, #1302, .F. ) ;
#324 = CARTESIAN_POINT ( 'NONE',  ( -26.00000000000522249, 21.10000000001182130, 3.000000000000000000 ) ) ;
#325 = ORIENTED_EDGE ( 'NONE', *, *, #138, .T. ) ;
#326 = DIRECTION ( 'NONE',  ( -0.9946184088907786824, -0.1036060842594474507, 0.000000000000000000 ) ) ;
#327 = ORIENTED_EDGE ( 'NONE', *, *, #3289, .T. ) ;
#328 = ORIENTED_EDGE ( 'NONE', *, *, #337, .T. ) ;
#329 = ORIENTED_EDGE ( 'NONE', *, *, #3987, .F. ) ;
#330 = CARTESIAN_POINT ( 'NONE',  ( -36.85000000000000853, 110.0000000000000000, 3.000000000000000000 ) ) ;
#331 = CARTESIAN_POINT ( 'NONE',  ( 52.54999999999999716, 94.99999999999997158, 3.000000000000000000 ) ) ;
#332 = VERTEX_POINT ( 'NONE', #3949 ) ;
#333 = DIRECTION ( 'NONE',  ( -0.000000000000000000, -0.000000000000000000, -1.000000000000000000 ) ) ;
#334 = CARTESIAN_POINT ( 'NONE',  ( 80.00000000000000000, -10.00000000000000888, 0.000000000000000000 ) ) ;
#335 = DIRECTION ( 'NONE',  ( 1.000000000000000000, 0.000000000000000000, 0.000000000000000000 ) ) ;
#336 = LINE ( 'NONE', #2519, #5165 ) ;
#337 = EDGE_CURVE ( 'NONE', #54, #2503, #455, .T. ) ;
#338 = DIRECTION ( 'NONE',  ( -0.000000000000000000, -0.000000000000000000, -1.000000000000000000 ) ) ;
#339 = ORIENTED_EDGE ( 'NONE', *, *, #2061, .T. ) ;
#340 = ORIENTED_EDGE ( 'NONE', *, *, #4821, .T. ) ;
#341 = FACE_OUTER_BOUND ( 'NONE', #1892, .T. ) ;
#342 = CARTESIAN_POINT ( 'NONE',  ( 47.00000000000000000, 120.0000000000106581, 3.000000000000000000 ) ) ;
#343 = CARTESIAN_POINT ( 'NONE',  ( -26.00000000000522249, 17.90000000001181846, 3.000000000000000000 ) ) ;
#344 = ADVANCED_FACE ( 'NONE', ( #3977 ), #2156, .F. ) ;
#345 = DIRECTION ( 'NONE',  ( -0.000000000000000000, -0.000000000000000000, -1.000000000000000000 ) ) ;
#346 = EDGE_CURVE ( 'NONE', #2407, #4769, #2398, .T. ) ;
#347 = AXIS2_PLACEMENT_3D ( 'NONE', #4204, #3775, #746 ) ;
#348 = EDGE_LOOP ( 'NONE', ( #1744, #305, #4493, #1668 ) ) ;
#349 = CARTESIAN_POINT ( 'NONE',  ( 63.00000000000000000, 104.0000000000106724, 0.000000000000000000 ) ) ;
#350 = ORIENTED_EDGE ( 'NONE', *, *, #4899, .F. ) ;
#351 = EDGE_CURVE ( 'NONE', #3691, #45, #3484, .T. ) ;
#352 = CARTESIAN_POINT ( 'NONE',  ( -35.25000000000000000, 108.3999999999999915, 3.000000000000000000 ) ) ;
#353 = EDGE_CURVE ( 'NONE', #3733, #4570, #4307, .T. ) ;
#354 = AXIS2_PLACEMENT_3D ( 'NONE', #427, #3876, #2187 ) ;
#355 = CIRCLE ( 'NONE', #2993, 1.550000000000002709 ) ;
#356 = ORIENTED_EDGE ( 'NONE', *, *, #1549, .T. ) ;
#357 = ORIENTED_EDGE ( 'NONE', *, *, #4409, .T. ) ;
#358 = AXIS2_PLACEMENT_3D ( 'NONE', #1866, #3514, #3980 ) ;
#359 = ORIENTED_EDGE ( 'NONE', *, *, #5263, .F. ) ;
#360 = AXIS2_PLACEMENT_3D ( 'NONE', #5670, #4345, #5197 ) ;
#361 = LINE ( 'NONE', #3331, #3467 ) ;
#362 = CYLINDRICAL_SURFACE ( 'NONE', #4295, 1.599999999999997202 ) ;
#363 = AXIS2_PLACEMENT_3D ( 'NONE', #4807, #971, #422 ) ;
#364 = AXIS2_PLACEMENT_3D ( 'NONE', #5190, #823, #2593 ) ;
#365 = LINE ( 'NONE', #3861, #262 ) ;
#366 = CARTESIAN_POINT ( 'NONE',  ( -62.99999999999998579, 19.50000000001181988, 0.000000000000000000 ) ) ;
#367 = AXIS2_PLACEMENT_3D ( 'NONE', #1426, #5431, #1969 ) ;
#368 = CARTESIAN_POINT ( 'NONE',  ( -8.000000000000000000, 80.00000000000000000, 0.000000000000000000 ) ) ;
#369 = DIRECTION ( 'NONE',  ( 1.000000000000000000, 0.000000000000000000, 0.000000000000000000 ) ) ;
#370 = FACE_OUTER_BOUND ( 'NONE', #4731, .T. ) ;
#371 = AXIS2_PLACEMENT_3D ( 'NONE', #1325, #4383, #462 ) ;
#372 = ORIENTED_EDGE ( 'NONE', *, *, #3067, .F. ) ;
#373 = EDGE_CURVE ( 'NONE', #426, #2470, #5619, .T. ) ;
#374 = CARTESIAN_POINT ( 'NONE',  ( 63.00000000000000000, 53.50000000001177369, 3.000000000000000000 ) ) ;
#375 = CARTESIAN_POINT ( 'NONE',  ( -35.25000000000000000, 108.3999999999999915, 3.000000000000000000 ) ) ;
#376 = DIRECTION ( 'NONE',  ( -0.000000000000000000, -0.000000000000000000, -1.000000000000000000 ) ) ;
#377 = DIRECTION ( 'NONE',  ( -0.000000000000000000, -0.000000000000000000, -1.000000000000000000 ) ) ;
#378 = AXIS2_PLACEMENT_3D ( 'NONE', #4559, #4534, #4981 ) ;
#379 = VERTEX_POINT ( 'NONE', #1319 ) ;
#380 = ORIENTED_EDGE ( 'NONE', *, *, #4024, .T. ) ;
#381 = CARTESIAN_POINT ( 'NONE',  ( 63.00000000000000000, 104.0000000000106724, 3.000000000000000000 ) ) ;
#382 = ORIENTED_EDGE ( 'NONE', *, *, #1161, .T. ) ;
#383 = DIRECTION ( 'NONE',  ( -1.000000000000000000, 0.000000000000000000, 0.000000000000000000 ) ) ;
#384 = ORIENTED_EDGE ( 'NONE', *, *, #4753, .F. ) ;
#385 = AXIS2_PLACEMENT_3D ( 'NONE', #444, #2624, #2572 ) ;
#386 = ADVANCED_FACE ( 'NONE', ( #1777 ), #5205, .T. ) ;
#387 = ORIENTED_EDGE ( 'NONE', *, *, #513, .T. ) ;
#388 = AXIS2_PLACEMENT_3D ( 'NONE', #522, #4329, #2667 ) ;
#389 = VERTEX_POINT ( 'NONE', #2578 ) ;
#390 = CYLINDRICAL_SURFACE ( 'NONE', #2060, 1.600000000000000755 ) ;
#391 = DIRECTION ( 'NONE',  ( -0.000000000000000000, -0.000000000000000000, -1.000000000000000000 ) ) ;
#392 = EDGE_CURVE ( 'NONE', #4388, #3772, #3206, .T. ) ;
#393 = PLANE ( 'NONE',  #3842 ) ;
#394 = DIRECTION ( 'NONE',  ( 1.000000000000000000, 0.000000000000000000, 0.000000000000000000 ) ) ;
#395 = DIRECTION ( 'NONE',  ( 0.000000000000000000, 0.000000000000000000, 1.000000000000000000 ) ) ;
#396 = DIRECTION ( 'NONE',  ( 1.000000000000000000, 0.000000000000000000, 0.000000000000000000 ) ) ;
#397 = CYLINDRICAL_SURFACE ( 'NONE', #644, 1.600000000000000755 ) ;
#398 = DIRECTION ( 'NONE',  ( -0.000000000000000000, -0.000000000000000000, -1.000000000000000000 ) ) ;
#399 = FACE_OUTER_BOUND ( 'NONE', #4254, .T. ) ;
#400 = CARTESIAN_POINT ( 'NONE',  ( 13.99999999999976197, -106.3999999999999915, 3.000000000000000000 ) ) ;
#401 = ADVANCED_FACE ( 'NONE', ( #486 ), #3029, .F. ) ;
#402 = ORIENTED_EDGE ( 'NONE', *, *, #2727, .F. ) ;
#403 = DIRECTION ( 'NONE',  ( -0.000000000000000000, -0.000000000000000000, -1.000000000000000000 ) ) ;
#404 = VECTOR ( 'NONE', #1479, 1000.000000000000000 ) ;
#405 = ORIENTED_EDGE ( 'NONE', *, *, #4759, .F. ) ;
#406 = CARTESIAN_POINT ( 'NONE',  ( 0.000000000000000000, -115.0000000000000000, 0.000000000000000000 ) ) ;
#407 = EDGE_CURVE ( 'NONE', #2305, #2201, #3757, .T. ) ;
#408 = AXIS2_PLACEMENT_3D ( 'NONE', #254, #2775, #4529 ) ;
#409 = ORIENTED_EDGE ( 'NONE', *, *, #4239, .T. ) ;
#410 = VERTEX_POINT ( 'NONE', #48 ) ;
#411 = VERTEX_POINT ( 'NONE', #861 ) ;
#412 = DIRECTION ( 'NONE',  ( -0.000000000000000000, -0.000000000000000000, -1.000000000000000000 ) ) ;
#413 = VECTOR ( 'NONE', #2966, 1000.000000000000000 ) ;
#414 = DIRECTION ( 'NONE',  ( 1.000000000000000000, 0.000000000000000000, 0.000000000000000000 ) ) ;
#415 = ORIENTED_EDGE ( 'NONE', *, *, #21, .T. ) ;
#416 = EDGE_LOOP ( 'NONE', ( #2545, #5365, #2497, #372 ) ) ;
#417 = FACE_OUTER_BOUND ( 'NONE', #1223, .T. ) ;
#418 = CARTESIAN_POINT ( 'NONE',  ( -58.40000000000300417, 10.90000000001181846, 3.000000000000000000 ) ) ;
#419 = CARTESIAN_POINT ( 'NONE',  ( 50.99999999999364064, -73.00000000000000000, 0.000000000000000000 ) ) ;
#420 = DIRECTION ( 'NONE',  ( 1.000000000000000000, 0.000000000000000000, 0.000000000000000000 ) ) ;
#421 = ADVANCED_FACE ( 'NONE', ( #1803 ), #1375, .T. ) ;
#422 = DIRECTION ( 'NONE',  ( -1.000000000000000000, 0.000000000000000000, 0.000000000000000000 ) ) ;
#423 = LINE ( 'NONE', #1833, #5403 ) ;
#424 = DIRECTION ( 'NONE',  ( 1.000000000000000000, 0.000000000000000000, 0.000000000000000000 ) ) ;
#425 = DIRECTION ( 'NONE',  ( 1.000000000000000000, 0.000000000000000000, 0.000000000000000000 ) ) ;
#426 = VERTEX_POINT ( 'NONE', #5675 ) ;
#427 = CARTESIAN_POINT ( 'NONE',  ( 62.99999999999408828, 36.50000000001489298, 0.000000000000000000 ) ) ;
#428 = EDGE_LOOP ( 'NONE', ( #1765, #4758, #1988, #2367 ) ) ;
#429 = DIRECTION ( 'NONE',  ( -0.000000000000000000, -1.000000000000000000, -0.000000000000000000 ) ) ;
#430 = UNCERTAINTY_MEASURE_WITH_UNIT (LENGTH_MEASURE( 1.000000000000000082E-05 ), #2334, 'distance_accuracy_value', 'NONE');
#431 = VERTEX_POINT ( 'NONE', #2997 ) ;
#432 = EDGE_CURVE ( 'NONE', #5238, #5531, #423, .T. ) ;
#433 = ORIENTED_EDGE ( 'NONE', *, *, #4623, .F. ) ;
#434 = CYLINDRICAL_SURFACE ( 'NONE', #4704, 1.549999999999999378 ) ;
#435 = CIRCLE ( 'NONE', #1183, 1.600000000000000755 ) ;
#436 = DIRECTION ( 'NONE',  ( 1.000000000000000000, 0.000000000000000000, 0.000000000000000000 ) ) ;
#437 = ORIENTED_EDGE ( 'NONE', *, *, #5076, .T. ) ;
#438 = AXIS2_PLACEMENT_3D ( 'NONE', #3956, #2306, #5239 ) ;
#439 = ORIENTED_EDGE ( 'NONE', *, *, #2865, .T. ) ;
#440 = VECTOR ( 'NONE', #3998, 1000.000000000000000 ) ;
#441 = EDGE_CURVE ( 'NONE', #3659, #3048, #4129, .T. ) ;
#442 = ORIENTED_EDGE ( 'NONE', *, *, #709, .F. ) ;
#443 = CARTESIAN_POINT ( 'NONE',  ( -30.80000000000000071, 1.500000000011825207, 3.000000000000000000 ) ) ;
#444 = CARTESIAN_POINT ( 'NONE',  ( -71.49999999999998579, 1.500000000011825207, 3.000000000000000000 ) ) ;
#445 = FACE_OUTER_BOUND ( 'NONE', #4517, .T. ) ;
#446 = DIRECTION ( 'NONE',  ( -0.000000000000000000, -0.000000000000000000, -1.000000000000000000 ) ) ;
#447 = VECTOR ( 'NONE', #4042, 1000.000000000000000 ) ;
#448 = CIRCLE ( 'NONE', #1191, 1.549999999999999378 ) ;
#449 = VERTEX_POINT ( 'NONE', #947 ) ;
#450 = ORIENTED_EDGE ( 'NONE', *, *, #2418, .F. ) ;
#451 = EDGE_CURVE ( 'NONE', #3196, #1050, #2663, .T. ) ;
#452 = CIRCLE ( 'NONE', #1196, 1.550000000000002709 ) ;
#453 = ADVANCED_FACE ( 'NONE', ( #3563 ), #5436, .F. ) ;
#454 = CARTESIAN_POINT ( 'NONE',  ( 56.80000000000000426, -47.49999999998817657, 3.000000000000000000 ) ) ;
#455 = LINE ( 'NONE', #375, #4852 ) ;
#456 = LINE ( 'NONE', #919, #605 ) ;
#457 = CARTESIAN_POINT ( 'NONE',  ( -45.39999999999999858, 110.0000000000000000, 3.000000000000000000 ) ) ;
#458 = AXIS2_PLACEMENT_3D ( 'NONE', #4114, #193, #1941 ) ;
#459 = ORIENTED_EDGE ( 'NONE', *, *, #2728, .T. ) ;
#460 = CARTESIAN_POINT ( 'NONE',  ( 30.80000000000149996, 10.90000000001181846, 3.000000000000000000 ) ) ;
#461 = VECTOR ( 'NONE', #4592, 1000.000000000000000 ) ;
#462 = DIRECTION ( 'NONE',  ( 1.000000000000000000, 0.000000000000000000, 0.000000000000000000 ) ) ;
#463 = DIRECTION ( 'NONE',  ( -1.000000000000000000, -0.000000000000000000, -0.000000000000000000 ) ) ;
#464 = CIRCLE ( 'NONE', #3662, 1.599999999999990319 ) ;
#465 = ORIENTED_EDGE ( 'NONE', *, *, #1247, .F. ) ;
#466 = ORIENTED_EDGE ( 'NONE', *, *, #4226, .F. ) ;
#467 = CARTESIAN_POINT ( 'NONE',  ( -56.80000000000000426, 1.500000000011825430, 3.000000000000000000 ) ) ;
#468 = EDGE_LOOP ( 'NONE', ( #2344, #3212, #5201, #2706 ) ) ;
#469 = DIRECTION ( 'NONE',  ( -0.000000000000000000, -0.000000000000000000, -1.000000000000000000 ) ) ;
#470 = AXIS2_PLACEMENT_3D ( 'NONE', #5340, #3136, #3554 ) ;
#471 = DIRECTION ( 'NONE',  ( -0.000000000000000000, -0.000000000000000000, -1.000000000000000000 ) ) ;
#473 = ORIENTED_EDGE ( 'NONE', *, *, #817, .T. ) ;
#472 = EDGE_CURVE ( 'NONE', #1884, #1303, #4494, .T. ) ;
#474 = ORIENTED_EDGE ( 'NONE', *, *, #974, .F. ) ;
#475 = VECTOR ( 'NONE', #5156, 1000.000000000000227 ) ;
#476 = ORIENTED_EDGE ( 'NONE', *, *, #1682, .F. ) ;
#477 = AXIS2_PLACEMENT_3D ( 'NONE', #5669, #3137, #4458 ) ;
#478 = CYLINDRICAL_SURFACE ( 'NONE', #1282, 1.549999999999999378 ) ;
#479 = CARTESIAN_POINT ( 'NONE',  ( -58.39999999999999858, -47.49999999998818367, 3.000000000000000000 ) ) ;
#480 = CARTESIAN_POINT ( 'NONE',  ( -13.99999999999999645, -108.0000000000041069, 0.000000000000000000 ) ) ;
#481 = LINE ( 'NONE', #911, #5291 ) ;
#482 = CIRCLE ( 'NONE', #3488, 1.600000000000004086 ) ;
#483 = EDGE_CURVE ( 'NONE', #811, #151, #140, .T. ) ;
#484 = ORIENTED_EDGE ( 'NONE', *, *, #3091, .F. ) ;
#485 = CARTESIAN_POINT ( 'NONE',  ( -25.99999999999998934, -8.099999999988190424, 3.000000000000000000 ) ) ;
#486 = FACE_OUTER_BOUND ( 'NONE', #3025, .T. ) ;
#487 = CARTESIAN_POINT ( 'NONE',  ( -27.59999999999999076, -6.499999999988189003, 3.000000000000000000 ) ) ;
#488 = DIRECTION ( 'NONE',  ( 1.000000000000000000, 0.000000000000000000, 0.000000000000000000 ) ) ;
#489 = ADVANCED_FACE ( 'NONE', ( #4089 ), #1949, .F. ) ;
#490 = VERTEX_POINT ( 'NONE', #3169 ) ;
#491 = DIRECTION ( 'NONE',  ( 0.000000000000000000, 0.000000000000000000, 1.000000000000000000 ) ) ;
#492 = EDGE_LOOP ( 'NONE', ( #5304, #3576, #2034, #5586 ) ) ;
#493 = DIRECTION ( 'NONE',  ( -0.000000000000000000, -0.000000000000000000, -1.000000000000000000 ) ) ;
#494 = ADVANCED_FACE ( 'NONE', ( #5406 ), #1434, .T. ) ;
#495 = ORIENTED_EDGE ( 'NONE', *, *, #3384, .F. ) ;
#496 = CIRCLE ( 'NONE', #1782, 1.549999999999999378 ) ;
#497 = DIRECTION ( 'NONE',  ( 1.000000000000000000, 0.000000000000000000, 0.000000000000000000 ) ) ;
#498 = ORIENTED_EDGE ( 'NONE', *, *, #2140, .F. ) ;
#499 = LINE ( 'NONE', #3963, #1142 ) ;
#500 = VERTEX_POINT ( 'NONE', #3655 ) ;
#501 = CARTESIAN_POINT ( 'NONE',  ( 58.40000000000300417, 10.90000000001181846, 3.000000000000000000 ) ) ;
#502 = AXIS2_PLACEMENT_3D ( 'NONE', #4299, #376, #2157 ) ;
#503 = VERTEX_POINT ( 'NONE', #1862 ) ;
#504 = AXIS2_PLACEMENT_3D ( 'NONE', #1090, #2828, #3830 ) ;
#505 = EDGE_LOOP ( 'NONE', ( #1329, #4990 ) ) ;
#506 = DIRECTION ( 'NONE',  ( 1.000000000000000000, 0.000000000000000000, 0.000000000000000000 ) ) ;
#507 = DIRECTION ( 'NONE',  ( 0.000000000000000000, 0.000000000000000000, 1.000000000000000000 ) ) ;
#508 = DIRECTION ( 'NONE',  ( 1.000000000000000000, 0.000000000000000000, 0.000000000000000000 ) ) ;
#509 = DIRECTION ( 'NONE',  ( -0.000000000000000000, -0.000000000000000000, -1.000000000000000000 ) ) ;
#510 = ORIENTED_EDGE ( 'NONE', *, *, #4514, .F. ) ;
#511 = VERTEX_POINT ( 'NONE', #5375 ) ;
#512 = DIRECTION ( 'NONE',  ( -1.000000000000000000, 0.000000000000000000, 0.000000000000000000 ) ) ;
#513 = EDGE_CURVE ( 'NONE', #2292, #5238, #464, .T. ) ;
#514 = CARTESIAN_POINT ( 'NONE',  ( 28.54999999999363780, -73.00000000000000000, 3.000000000000000000 ) ) ;
#515 = CARTESIAN_POINT ( 'NONE',  ( -6.000000000005223377, 21.10000000001182130, 3.000000000000000000 ) ) ;
#516 = LINE ( 'NONE', #1321, #1766 ) ;
#517 = ORIENTED_EDGE ( 'NONE', *, *, #2357, .F. ) ;
#518 = CARTESIAN_POINT ( 'NONE',  ( 26.99999999999999645, 94.99999999999998579, 0.000000000000000000 ) ) ;
#519 = EDGE_CURVE ( 'NONE', #449, #332, #972, .T. ) ;
#520 = EDGE_CURVE ( 'NONE', #1656, #410, #3115, .T. ) ;
#521 = VERTEX_POINT ( 'NONE', #4528 ) ;
#522 = CARTESIAN_POINT ( 'NONE',  ( -71.49999999999998579, 1.500000000011825207, 0.000000000000000000 ) ) ;
#523 = ORIENTED_EDGE ( 'NONE', *, *, #4930, .T. ) ;
#524 = FACE_BOUND ( 'NONE', #1028, .T. ) ;
#525 = EDGE_CURVE ( 'NONE', #945, #5182, #1021, .T. ) ;
#526 = EDGE_CURVE ( 'NONE', #3701, #715, #3227, .T. ) ;
#527 = ORIENTED_EDGE ( 'NONE', *, *, #4338, .T. ) ;
#528 = DIRECTION ( 'NONE',  ( -1.000000000000000000, 0.000000000000000000, 0.000000000000000000 ) ) ;
#529 = VERTEX_POINT ( 'NONE', #4001 ) ;
#530 = DIRECTION ( 'NONE',  ( 0.000000000000000000, 0.000000000000000000, 1.000000000000000000 ) ) ;
#531 = EDGE_LOOP ( 'NONE', ( #1415, #2900 ) ) ;
#532 = EDGE_LOOP ( 'NONE', ( #1288, #3391, #4631, #3731 ) ) ;
#533 = ORIENTED_EDGE ( 'NONE', *, *, #1682, .T. ) ;
#534 = AXIS2_PLACEMENT_3D ( 'NONE', #1510, #188, #707 ) ;
#535 = VERTEX_POINT ( 'NONE', #4553 ) ;
#536 = VECTOR ( 'NONE', #5584, 1000.000000000000000 ) ;
#537 = FACE_OUTER_BOUND ( 'NONE', #3792, .T. ) ;
#538 = LINE ( 'NONE', #3726, #1485 ) ;
#539 = DIRECTION ( 'NONE',  ( 1.000000000000000000, 0.000000000000000000, 0.000000000000000000 ) ) ;
#540 = CARTESIAN_POINT ( 'NONE',  ( -49.44999999999365770, -73.00000000000001421, 3.000000000000000000 ) ) ;
#541 = AXIS2_PLACEMENT_3D ( 'NONE', #791, #3408, #3435 ) ;
#542 = CIRCLE ( 'NONE', #4009, 1.599999999999997202 ) ;
#543 = FACE_OUTER_BOUND ( 'NONE', #5020, .T. ) ;
#544 = AXIS2_PLACEMENT_3D ( 'NONE', #2013, #3291, #5384 ) ;
#545 = DIRECTION ( 'NONE',  ( -0.000000000000000000, -0.000000000000000000, -1.000000000000000000 ) ) ;
#546 = DIRECTION ( 'NONE',  ( -1.000000000000000000, 0.000000000000000000, 0.000000000000000000 ) ) ;
#547 = AXIS2_PLACEMENT_3D ( 'NONE', #3215, #153, #4543 ) ;
#548 = DIRECTION ( 'NONE',  ( 0.7071067811865465735, -0.7071067811865485719, 0.000000000000000000 ) ) ;
#549 = ADVANCED_FACE ( 'NONE', ( #4122 ), #78, .F. ) ;
#550 = CIRCLE ( 'NONE', #82, 1.599999999999962563 ) ;
#551 = AXIS2_PLACEMENT_3D ( 'NONE', #1107, #2053, #5424 ) ;
#552 = ORIENTED_EDGE ( 'NONE', *, *, #1408, .F. ) ;
#553 = DIRECTION ( 'NONE',  ( 0.000000000000000000, 0.000000000000000000, 1.000000000000000000 ) ) ;
#554 = FACE_OUTER_BOUND ( 'NONE', #880, .T. ) ;
#555 = DIRECTION ( 'NONE',  ( -0.000000000000000000, -0.000000000000000000, -1.000000000000000000 ) ) ;
#556 = VECTOR ( 'NONE', #3823, 1000.000000000000000 ) ;
#557 = EDGE_CURVE ( 'NONE', #3300, #1710, #4435, .T. ) ;
#558 = ORIENTED_EDGE ( 'NONE', *, *, #943, .F. ) ;
#559 = AXIS2_PLACEMENT_3D ( 'NONE', #3754, #3783, #3318 ) ;
#560 = VERTEX_POINT ( 'NONE', #5322 ) ;
#561 = DIRECTION ( 'NONE',  ( -1.000000000000000000, 0.000000000000000000, 0.000000000000000000 ) ) ;
#562 = EDGE_LOOP ( 'NONE', ( #2705, #523, #328, #3718 ) ) ;
#563 = CARTESIAN_POINT ( 'NONE',  ( 63.00000000000000000, 53.50000000001177369, 3.000000000000000000 ) ) ;
#564 = DIRECTION ( 'NONE',  ( -0.000000000000000000, -0.000000000000000000, -1.000000000000000000 ) ) ;
#565 = AXIS2_PLACEMENT_3D ( 'NONE', #5347, #1003, #4064 ) ;
#566 = ORIENTED_EDGE ( 'NONE', *, *, #835, .T. ) ;
#567 = EDGE_LOOP ( 'NONE', ( #4326, #1449, #3054, #3993 ) ) ;
#568 = ADVANCED_FACE ( 'NONE', ( #1405 ), #3142, .T. ) ;
#569 = EDGE_CURVE ( 'NONE', #3517, #3607, #4591, .T. ) ;
#570 = VERTEX_POINT ( 'NONE', #5087 ) ;
#571 = ORIENTED_EDGE ( 'NONE', *, *, #3114, .T. ) ;
#572 = AXIS2_PLACEMENT_3D ( 'NONE', #3108, #1882, #4490 ) ;
#573 = EDGE_LOOP ( 'NONE', ( #2082, #339, #5219, #1676 ) ) ;
#574 = CARTESIAN_POINT ( 'NONE',  ( 0.000000000000000000, -47.49999999998817657, 3.000000000000000000 ) ) ;
#575 = CARTESIAN_POINT ( 'NONE',  ( -62.99999999999997158, 36.48713711185290975, 0.000000000000000000 ) ) ;
#576 = CARTESIAN_POINT ( 'NONE',  ( -11.74999999999999645, 108.3999999999999915, 0.000000000000000000 ) ) ;
#577 = ORIENTED_EDGE ( 'NONE', *, *, #986, .F. ) ;
#578 = ADVANCED_FACE ( 'NONE', ( #3747 ), #4669, .F. ) ;
#579 = PLANE ( 'NONE',  #4465 ) ;
#580 = FACE_BOUND ( 'NONE', #4971, .T. ) ;
#581 = DIRECTION ( 'NONE',  ( 0.000000000000000000, 0.000000000000000000, 1.000000000000000000 ) ) ;
#582 = DIRECTION ( 'NONE',  ( 0.000000000000000000, 0.000000000000000000, 1.000000000000000000 ) ) ;
#583 = FACE_OUTER_BOUND ( 'NONE', #4991, .T. ) ;
#584 = PRESENTATION_LAYER_ASSIGNMENT (  '', '', ( #2136 ) ) ;
#585 = VERTEX_POINT ( 'NONE', #1610 ) ;
#586 = CARTESIAN_POINT ( 'NONE',  ( -52.54999999999366622, -73.00000000000001421, 3.000000000000000000 ) ) ;
#587 = LINE ( 'NONE', #1839, #461 ) ;
#588 = LINE ( 'NONE', #643, #4231 ) ;
#589 = ORIENTED_EDGE ( 'NONE', *, *, #1625, .F. ) ;
#590 = DIRECTION ( 'NONE',  ( 0.000000000000000000, 0.000000000000000000, 1.000000000000000000 ) ) ;
#591 = ORIENTED_EDGE ( 'NONE', *, *, #3874, .T. ) ;
#592 = CARTESIAN_POINT ( 'NONE',  ( 13.99999999999976197, -106.3999999999999915, 0.000000000000000000 ) ) ;
#593 = ADVANCED_FACE ( 'NONE', ( #253 ), #2827, .F. ) ;
#594 = DIRECTION ( 'NONE',  ( -0.000000000000000000, -0.000000000000000000, -1.000000000000000000 ) ) ;
#595 = ORIENTED_EDGE ( 'NONE', *, *, #161, .T. ) ;
#596 = ORIENTED_EDGE ( 'NONE', *, *, #5521, .F. ) ;
#597 = VERTEX_POINT ( 'NONE', #1120 ) ;
#598 = DIRECTION ( 'NONE',  ( -1.000000000000000000, 0.000000000000000000, 0.000000000000000000 ) ) ;
#599 = EDGE_CURVE ( 'NONE', #2148, #5493, #1939, .T. ) ;
#600 = AXIS2_PLACEMENT_3D ( 'NONE', #4962, #4048, #291 ) ;
#601 = EDGE_CURVE ( 'NONE', #299, #521, #3340, .T. ) ;
#602 = DIRECTION ( 'NONE',  ( 0.000000000000000000, 0.000000000000000000, 1.000000000000000000 ) ) ;
#603 = CARTESIAN_POINT ( 'NONE',  ( -64.59999999999995168, 19.50000000001181988, 3.000000000000000000 ) ) ;
#604 = VERTEX_POINT ( 'NONE', #4151 ) ;
#605 = VECTOR ( 'NONE', #3143, 1000.000000000000000 ) ;
#606 = CARTESIAN_POINT ( 'NONE',  ( -6.000000000005223377, 19.50000000001181988, 3.000000000000000000 ) ) ;
#607 = FACE_BOUND ( 'NONE', #2876, .T. ) ;
#608 = EDGE_CURVE ( 'NONE', #45, #2986, #695, .T. ) ;
#609 = CARTESIAN_POINT ( 'NONE',  ( -25.99999999999999645, -40.49999999998819078, 0.000000000000000000 ) ) ;
#610 = CARTESIAN_POINT ( 'NONE',  ( -25.99999999999998934, -8.099999999988190424, 0.000000000000000000 ) ) ;
#611 = DIRECTION ( 'NONE',  ( -0.000000000000000000, -0.000000000000000000, -1.000000000000000000 ) ) ;
#612 = CIRCLE ( 'NONE', #1973, 1.599999999999997202 ) ;
#613 = ORIENTED_EDGE ( 'NONE', *, *, #5351, .F. ) ;
#614 = DIRECTION ( 'NONE',  ( -0.000000000000000000, -0.000000000000000000, -1.000000000000000000 ) ) ;
#615 = LINE ( 'NONE', #2360, #1109 ) ;
#616 = CARTESIAN_POINT ( 'NONE',  ( 63.00000000000000000, 104.0000000000106724, 0.000000000000000000 ) ) ;
#617 = FACE_BOUND ( 'NONE', #5133, .T. ) ;
#618 = EDGE_LOOP ( 'NONE', ( #2141, #4143, #4912, #101 ) ) ;
#619 = LINE ( 'NONE', #1182, #3327 ) ;
#620 = DIRECTION ( 'NONE',  ( -1.000000000000000000, 0.000000000000000000, 0.000000000000000000 ) ) ;
#621 = ORIENTED_EDGE ( 'NONE', *, *, #2314, .F. ) ;
#622 = EDGE_LOOP ( 'NONE', ( #1413, #2591, #3063, #4201, #129 ) ) ;
#623 = EDGE_CURVE ( 'NONE', #3122, #2281, #932, .T. ) ;
#624 = ORIENTED_EDGE ( 'NONE', *, *, #2991, .F. ) ;
#625 = EDGE_LOOP ( 'NONE', ( #2320, #2019, #1210, #685 ) ) ;
#626 = DIRECTION ( 'NONE',  ( -0.000000000000000000, -0.000000000000000000, -1.000000000000000000 ) ) ;
#627 = CARTESIAN_POINT ( 'NONE',  ( -35.25000000000000000, 111.6000000000000085, 3.000000000000000000 ) ) ;
#628 = VERTEX_POINT ( 'NONE', #1582 ) ;
#629 = ADVANCED_FACE ( 'NONE', ( #2413 ), #1175, .F. ) ;
#630 = CARTESIAN_POINT ( 'NONE',  ( -6.000000000005223377, 17.90000000001181846, 3.000000000000000000 ) ) ;
#631 = FACE_BOUND ( 'NONE', #5479, .T. ) ;
#632 = DIRECTION ( 'NONE',  ( -0.000000000000000000, -0.000000000000000000, -1.000000000000000000 ) ) ;
#633 = CARTESIAN_POINT ( 'NONE',  ( -30.80000000000149996, 10.90000000001181846, 3.000000000000000000 ) ) ;
#634 = DIRECTION ( 'NONE',  ( 0.000000000000000000, 0.000000000000000000, 1.000000000000000000 ) ) ;
#635 = VECTOR ( 'NONE', #1871, 1000.000000000000000 ) ;
#636 = AXIS2_PLACEMENT_3D ( 'NONE', #668, #4586, #4918 ) ;
#637 = EDGE_CURVE ( 'NONE', #5079, #3428, #1524, .T. ) ;
#638 = AXIS2_PLACEMENT_3D ( 'NONE', #1691, #3574, #5329 ) ;
#639 = AXIS2_PLACEMENT_3D ( 'NONE', #4257, #5107, #3305 ) ;
#640 = VERTEX_POINT ( 'NONE', #1976 ) ;
#641 = CARTESIAN_POINT ( 'NONE',  ( -25.44999999999998863, 94.99999999999998579, 3.000000000000000000 ) ) ;
#642 = DIRECTION ( 'NONE',  ( -0.000000000000000000, -0.000000000000000000, -1.000000000000000000 ) ) ;
#643 = CARTESIAN_POINT ( 'NONE',  ( 63.00000000000000000, 104.0000000000106724, 3.000000000000000000 ) ) ;
#644 = AXIS2_PLACEMENT_3D ( 'NONE', #1670, #1237, #3402 ) ;
#645 = CIRCLE ( 'NONE', #1101, 1.550000000000002709 ) ;
#646 = ORIENTED_EDGE ( 'NONE', *, *, #3384, .T. ) ;
#647 = FACE_BOUND ( 'NONE', #3946, .T. ) ;
#648 = AXIS2_PLACEMENT_3D ( 'NONE', #309, #2571, #2037 ) ;
#649 = VERTEX_POINT ( 'NONE', #5060 ) ;
#650 = DIRECTION ( 'NONE',  ( 0.000000000000000000, 0.000000000000000000, 1.000000000000000000 ) ) ;
#651 = VERTEX_POINT ( 'NONE', #3312 ) ;
#652 = AXIS2_PLACEMENT_3D ( 'NONE', #1881, #5399, #2790 ) ;
#653 = ORIENTED_EDGE ( 'NONE', *, *, #5263, .T. ) ;
#654 = ORIENTED_EDGE ( 'NONE', *, *, #239, .F. ) ;
#655 = ORIENTED_EDGE ( 'NONE', *, *, #1022, .F. ) ;
#656 = LINE ( 'NONE', #4172, #2119 ) ;
#657 = CIRCLE ( 'NONE', #3849, 1.599999999999990319 ) ;
#658 = DIRECTION ( 'NONE',  ( 0.000000000000000000, 0.000000000000000000, 1.000000000000000000 ) ) ;
#659 = EDGE_CURVE ( 'NONE', #4077, #4933, #1149, .T. ) ;
#660 = CARTESIAN_POINT ( 'NONE',  ( 26.99999999999364064, -103.0000000000000000, 3.000000000000000000 ) ) ;
#661 = ORIENTED_EDGE ( 'NONE', *, *, #2115, .T. ) ;
#662 = AXIS2_PLACEMENT_3D ( 'NONE', #5093, #1181, #2917 ) ;
#663 = DIRECTION ( 'NONE',  ( -0.000000000000000000, -0.000000000000000000, -1.000000000000000000 ) ) ;
#664 = FACE_BOUND ( 'NONE', #174, .T. ) ;
#665 = DIRECTION ( 'NONE',  ( 1.000000000000000000, 0.000000000000000000, 0.000000000000000000 ) ) ;
#666 = CARTESIAN_POINT ( 'NONE',  ( -30.80000000000000071, 1.500000000011825207, 3.000000000000000000 ) ) ;
#667 = EDGE_CURVE ( 'NONE', #5045, #1096, #4682, .T. ) ;
#668 = CARTESIAN_POINT ( 'NONE',  ( -29.20000000000150209, 10.90000000001181846, 0.000000000000000000 ) ) ;
#669 = AXIS2_PLACEMENT_3D ( 'NONE', #479, #3424, #3447 ) ;
#670 = AXIS2_PLACEMENT_3D ( 'NONE', #4428, #2295, #4629 ) ;
#671 = ORIENTED_EDGE ( 'NONE', *, *, #1253, .F. ) ;
#672 = CARTESIAN_POINT ( 'NONE',  ( -30.80000000000000071, -47.49999999998817657, 0.000000000000000000 ) ) ;
#673 = DIRECTION ( 'NONE',  ( 0.000000000000000000, 0.000000000000000000, 1.000000000000000000 ) ) ;
#674 = FACE_OUTER_BOUND ( 'NONE', #1323, .T. ) ;
#675 = ADVANCED_FACE ( 'NONE', ( #3777 ), #5525, .F. ) ;
#676 = AXIS2_PLACEMENT_3D ( 'NONE', #2307, #119, #1868 ) ;
#677 = ORIENTED_EDGE ( 'NONE', *, *, #3478, .T. ) ;
#678 = ORIENTED_EDGE ( 'NONE', *, *, #3146, .T. ) ;
#679 = FACE_BOUND ( 'NONE', #804, .T. ) ;
#680 = EDGE_LOOP ( 'NONE', ( #3587, #1531 ) ) ;
#681 = DIRECTION ( 'NONE',  ( 1.000000000000000000, 0.000000000000000000, 0.000000000000000000 ) ) ;
#682 = EDGE_CURVE ( 'NONE', #4185, #1316, #2035, .T. ) ;
#683 = CARTESIAN_POINT ( 'NONE',  ( 25.44999999999999574, 94.99999999999998579, 0.000000000000000000 ) ) ;
#684 = ORIENTED_EDGE ( 'NONE', *, *, #5245, .T. ) ;
#685 = ORIENTED_EDGE ( 'NONE', *, *, #2727, .T. ) ;
#686 = ORIENTED_EDGE ( 'NONE', *, *, #1585, .T. ) ;
#687 = ORIENTED_EDGE ( 'NONE', *, *, #1292, .T. ) ;
#688 = ORIENTED_EDGE ( 'NONE', *, *, #2920, .T. ) ;
#689 = CARTESIAN_POINT ( 'NONE',  ( -8.000000000000000000, 75.00000000000000000, 0.000000000000000000 ) ) ;
#690 = CARTESIAN_POINT ( 'NONE',  ( -10.00000000000000355, 40.00000000000000000, 3.000000000000000000 ) ) ;
#691 = EDGE_LOOP ( 'NONE', ( #3235, #853, #1309, #1394, #1328, #4658, #661, #265, #5337, #3334, #964, #5083, #2426, #4518, #5421, #2107, #340 ) ) ;
#692 = DIRECTION ( 'NONE',  ( 0.9522153165319650059, 0.3054275543593436004, -0.000000000000000000 ) ) ;
#693 = AXIS2_PLACEMENT_3D ( 'NONE', #1446, #4934, #4021 ) ;
#694 = FACE_BOUND ( 'NONE', #4454, .T. ) ;
#695 = LINE ( 'NONE', #2440, #3859 ) ;
#696 = CARTESIAN_POINT ( 'NONE',  ( 0.000000000000000000, 102.0000000000000000, 3.000000000000000000 ) ) ;
#697 = DIRECTION ( 'NONE',  ( -0.000000000000000000, -0.000000000000000000, -1.000000000000000000 ) ) ;
#698 = EDGE_CURVE ( 'NONE', #3230, #4721, #289, .T. ) ;
#699 = VERTEX_POINT ( 'NONE', #2094 ) ;
#700 = CARTESIAN_POINT ( 'NONE',  ( 0.000000000000000000, 64.99999999999886313, 0.000000000000000000 ) ) ;
#701 = DIRECTION ( 'NONE',  ( 0.000000000000000000, 0.000000000000000000, 1.000000000000000000 ) ) ;
#702 = FACE_OUTER_BOUND ( 'NONE', #2556, .T. ) ;
#703 = EDGE_CURVE ( 'NONE', #3131, #1679, #4858, .T. ) ;
#704 = CARTESIAN_POINT ( 'NONE',  ( -26.00000000000522249, 17.90000000001181846, 3.000000000000000000 ) ) ;
#705 = EDGE_LOOP ( 'NONE', ( #4967, #1991, #2097, #2436 ) ) ;
#706 = DIRECTION ( 'NONE',  ( -0.000000000000000000, -0.000000000000000000, -1.000000000000000000 ) ) ;
#707 = DIRECTION ( 'NONE',  ( 1.000000000000000000, 0.000000000000000000, 0.000000000000000000 ) ) ;
#708 = VERTEX_POINT ( 'NONE', #2988 ) ;
#709 = EDGE_CURVE ( 'NONE', #892, #4141, #2402, .T. ) ;
#710 = EDGE_CURVE ( 'NONE', #2929, #5167, #5598, .T. ) ;
#711 = EDGE_LOOP ( 'NONE', ( #2616, #653, #2612, #2978 ) ) ;
#712 = VERTEX_POINT ( 'NONE', #5668 ) ;
#713 = CYLINDRICAL_SURFACE ( 'NONE', #4301, 2.500000000000000888 ) ;
#714 = DIRECTION ( 'NONE',  ( 1.000000000000000000, 0.000000000000000000, 0.000000000000000000 ) ) ;
#715 = VERTEX_POINT ( 'NONE', #4771 ) ;
#716 = DIRECTION ( 'NONE',  ( 0.000000000000000000, 0.000000000000000000, 1.000000000000000000 ) ) ;
#717 = CARTESIAN_POINT ( 'NONE',  ( 62.99999999995772981, -115.0000000000000000, 0.000000000000000000 ) ) ;
#718 = DIRECTION ( 'NONE',  ( -0.000000000000000000, -0.000000000000000000, -1.000000000000000000 ) ) ;
#719 = DIRECTION ( 'NONE',  ( -0.000000000000000000, -0.000000000000000000, -1.000000000000000000 ) ) ;
#720 = CARTESIAN_POINT ( 'NONE',  ( -8.000000000000000000, -88.00000000000000000, 3.000000000000000000 ) ) ;
#721 = ORIENTED_EDGE ( 'NONE', *, *, #4430, .T. ) ;
#722 = ORIENTED_EDGE ( 'NONE', *, *, #3982, .T. ) ;
#723 = DIRECTION ( 'NONE',  ( 1.000000000000000000, 0.000000000000000000, 0.000000000000000000 ) ) ;
#724 = VECTOR ( 'NONE', #199, 1000.000000000000000 ) ;
#725 = FACE_OUTER_BOUND ( 'NONE', #3613, .T. ) ;
#726 = CARTESIAN_POINT ( 'NONE',  ( -26.99999999999366196, -103.0000000000000142, 3.000000000000000000 ) ) ;
#727 = AXIS2_PLACEMENT_3D ( 'NONE', #1666, #1235, #5034 ) ;
#728 = CARTESIAN_POINT ( 'NONE',  ( -25.44999999999366125, -73.00000000000001421, 0.000000000000000000 ) ) ;
#729 = EDGE_CURVE ( 'NONE', #2266, #490, #1255, .T. ) ;
#730 = AXIS2_PLACEMENT_3D ( 'NONE', #2700, #3179, #497 ) ;
#731 = VECTOR ( 'NONE', #5432, 1000.000000000000000 ) ;
#732 = DIRECTION ( 'NONE',  ( -0.000000000000000000, -0.000000000000000000, -1.000000000000000000 ) ) ;
#733 = ORIENTED_EDGE ( 'NONE', *, *, #5168, .T. ) ;
#734 = CARTESIAN_POINT ( 'NONE',  ( 28.54999999999999716, 94.99999999999998579, 0.000000000000000000 ) ) ;
#735 = VECTOR ( 'NONE', #4820, 1000.000000000000000 ) ;
#736 = ADVANCED_FACE ( 'NONE', ( #3021 ), #856, .F. ) ;
#737 = CARTESIAN_POINT ( 'NONE',  ( -27.60000000000150422, 10.90000000001181846, 3.000000000000000000 ) ) ;
#738 = VERTEX_POINT ( 'NONE', #2599 ) ;
#739 = ORIENTED_EDGE ( 'NONE', *, *, #1820, .T. ) ;
#740 = ORIENTED_EDGE ( 'NONE', *, *, #2146, .T. ) ;
#741 = EDGE_CURVE ( 'NONE', #3428, #2198, #1717, .T. ) ;
#742 = CARTESIAN_POINT ( 'NONE',  ( 1.600000000001310596, 10.90000000001181846, 0.000000000000000000 ) ) ;
#743 = CARTESIAN_POINT ( 'NONE',  ( 29.20000000000150209, 10.90000000001181846, 3.000000000000000000 ) ) ;
#744 = AXIS2_PLACEMENT_3D ( 'NONE', #1907, #626, #1082 ) ;
#745 = EDGE_CURVE ( 'NONE', #1878, #3905, #4596, .T. ) ;
#746 = DIRECTION ( 'NONE',  ( 1.000000000000000000, 0.000000000000000000, 0.000000000000000000 ) ) ;
#747 = CYLINDRICAL_SURFACE ( 'NONE', #1921, 1.549999999999995826 ) ;
#748 = DIRECTION ( 'NONE',  ( -0.000000000000000000, -0.000000000000000000, -1.000000000000000000 ) ) ;
#749 = DIRECTION ( 'NONE',  ( 0.000000000000000000, 0.000000000000000000, 1.000000000000000000 ) ) ;
#750 = DIRECTION ( 'NONE',  ( 1.000000000000000000, 0.000000000000000000, 0.000000000000000000 ) ) ;
#751 = ADVANCED_FACE ( 'NONE', ( #1313 ), #5195, .F. ) ;
#752 = VECTOR ( 'NONE', #2270, 1000.000000000000000 ) ;
#753 = VERTEX_POINT ( 'NONE', #4741 ) ;
#754 = DIRECTION ( 'NONE',  ( -0.000000000000000000, -0.000000000000000000, -1.000000000000000000 ) ) ;
#755 = AXIS2_PLACEMENT_3D ( 'NONE', #2427, #3193, #4855 ) ;
#756 = CARTESIAN_POINT ( 'NONE',  ( -79.99999999999998579, -10.00000000000000000, 3.000000000000000000 ) ) ;
#757 = PLANE ( 'NONE',  #3791 ) ;
#758 = CARTESIAN_POINT ( 'NONE',  ( -13.99999999999999645, -108.0000000000041069, 3.000000000000000000 ) ) ;
#759 = ORIENTED_EDGE ( 'NONE', *, *, #2140, .T. ) ;
#760 = AXIS2_PLACEMENT_3D ( 'NONE', #2637, #3958, #5327 ) ;
#761 = CARTESIAN_POINT ( 'NONE',  ( -47.00000000000000000, 120.0000000000106581, 3.000000000000000000 ) ) ;
#762 = ORIENTED_EDGE ( 'NONE', *, *, #1247, .T. ) ;
#763 = LINE ( 'NONE', #3878, #4319 ) ;
#764 = VECTOR ( 'NONE', #5207, 1000.000000000000000 ) ;
#765 = ORIENTED_EDGE ( 'NONE', *, *, #3591, .T. ) ;
#766 = CIRCLE ( 'NONE', #2321, 1.599999999999997202 ) ;
#767 = VERTEX_POINT ( 'NONE', #3397 ) ;
#768 = ORIENTED_EDGE ( 'NONE', *, *, #2920, .F. ) ;
#769 = EDGE_CURVE ( 'NONE', #2365, #4211, #5318, .T. ) ;
#770 = VERTEX_POINT ( 'NONE', #3051 ) ;
#771 = DIRECTION ( 'NONE',  ( 0.000000000000000000, 0.000000000000000000, 1.000000000000000000 ) ) ;
#772 = DIRECTION ( 'NONE',  ( 1.000000000000000000, 0.000000000000000000, 0.000000000000000000 ) ) ;
#773 = EDGE_LOOP ( 'NONE', ( #3957, #242, #329, #1928 ) ) ;
#774 = ORIENTED_EDGE ( 'NONE', *, *, #849, .F. ) ;
#775 = DIRECTION ( 'NONE',  ( -0.000000000000000000, -0.000000000000000000, -1.000000000000000000 ) ) ;
#776 = EDGE_CURVE ( 'NONE', #3127, #123, #4801, .T. ) ;
#777 = FACE_OUTER_BOUND ( 'NONE', #213, .T. ) ;
#778 = CARTESIAN_POINT ( 'NONE',  ( 63.00000000000001421, 19.50000000001181988, 3.000000000000000000 ) ) ;
#779 = DIRECTION ( 'NONE',  ( 0.000000000000000000, 0.000000000000000000, 1.000000000000000000 ) ) ;
#780 = LINE ( 'NONE', #4209, #1356 ) ;
#781 = CIRCLE ( 'NONE', #1697, 1.600000000001310596 ) ;
#782 = EDGE_CURVE ( 'NONE', #640, #2079, #4223, .T. ) ;
#783 = EDGE_CURVE ( 'NONE', #4888, #1967, #1295, .T. ) ;
#784 = DIRECTION ( 'NONE',  ( -0.7071067811866116326, 0.7071067811864835129, 0.000000000000000000 ) ) ;
#785 = DIRECTION ( 'NONE',  ( -0.000000000000000000, -0.000000000000000000, -1.000000000000000000 ) ) ;
#786 = DIRECTION ( 'NONE',  ( 1.000000000000000000, 0.000000000000000000, 0.000000000000000000 ) ) ;
#787 = DIRECTION ( 'NONE',  ( -0.000000000000000000, -0.000000000000000000, -1.000000000000000000 ) ) ;
#788 = AXIS2_PLACEMENT_3D ( 'NONE', #4350, #5178, #4781 ) ;
#789 = CIRCLE ( 'NONE', #788, 1.600000000000000755 ) ;
#790 = ORIENTED_EDGE ( 'NONE', *, *, #2898, .F. ) ;
#791 = CARTESIAN_POINT ( 'NONE',  ( -14.00000000000023093, -106.4000000000040984, 3.000000000000000000 ) ) ;
#792 = ORIENTED_EDGE ( 'NONE', *, *, #29, .T. ) ;
#793 = DIRECTION ( 'NONE',  ( 0.000000000000000000, 0.000000000000000000, 1.000000000000000000 ) ) ;
#794 = VERTEX_POINT ( 'NONE', #3941 ) ;
#795 = DIRECTION ( 'NONE',  ( 0.1036060842594512671, 0.9946184088907783494, -0.000000000000000000 ) ) ;
#796 = DIRECTION ( 'NONE',  ( 1.000000000000000000, 0.000000000000000000, 0.000000000000000000 ) ) ;
#797 = ADVANCED_FACE ( 'NONE', ( #1664 ), #11, .F. ) ;
#798 = DIRECTION ( 'NONE',  ( 0.000000000000000000, 0.000000000000000000, 1.000000000000000000 ) ) ;
#799 = FACE_BOUND ( 'NONE', #937, .T. ) ;
#800 = FACE_OUTER_BOUND ( 'NONE', #1138, .T. ) ;
#801 = DIRECTION ( 'NONE',  ( -1.000000000000000000, 0.000000000000000000, 0.000000000000000000 ) ) ;
#802 = CARTESIAN_POINT ( 'NONE',  ( -25.99999999999999645, -40.49999999998819078, 3.000000000000000000 ) ) ;
#803 = EDGE_CURVE ( 'NONE', #4045, #585, #4316, .T. ) ;
#804 = EDGE_LOOP ( 'NONE', ( #1049, #2485 ) ) ;
#805 = CARTESIAN_POINT ( 'NONE',  ( 56.80000000000000426, 1.500000000011825207, 3.000000000000000000 ) ) ;
#806 = DIRECTION ( 'NONE',  ( 1.000000000000000000, 0.000000000000000000, 0.000000000000000000 ) ) ;
#807 = DIRECTION ( 'NONE',  ( 0.000000000000000000, 0.000000000000000000, 1.000000000000000000 ) ) ;
#808 = LINE ( 'NONE', #4300, #848 ) ;
#809 = ADVANCED_FACE ( 'NONE', ( #800 ), #1339, .F. ) ;
#810 = AXIS2_PLACEMENT_3D ( 'NONE', #1165, #5512, #4166 ) ;
#811 = VERTEX_POINT ( 'NONE', #4289 ) ;
#812 = VECTOR ( 'NONE', #863, 1000.000000000000000 ) ;
#813 = DIRECTION ( 'NONE',  ( -0.000000000000000000, -0.000000000000000000, -1.000000000000000000 ) ) ;
#814 = ORIENTED_EDGE ( 'NONE', *, *, #5486, .T. ) ;
#815 = FACE_OUTER_BOUND ( 'NONE', #711, .T. ) ;
#816 = CIRCLE ( 'NONE', #1645, 1.600000000000000755 ) ;
#817 = EDGE_CURVE ( 'NONE', #3047, #4364, #5409, .T. ) ;
#818 = AXIS2_PLACEMENT_3D ( 'NONE', #4828, #1774, #4773 ) ;
#819 = VECTOR ( 'NONE', #5467, 1000.000000000000000 ) ;
#820 = ORIENTED_EDGE ( 'NONE', *, *, #2852, .T. ) ;
#821 = AXIS2_PLACEMENT_3D ( 'NONE', #2769, #1858, #1883 ) ;
#822 = CARTESIAN_POINT ( 'NONE',  ( 11.74999999999999645, 110.0000000000000000, 0.000000000000000000 ) ) ;
#823 = DIRECTION ( 'NONE',  ( -0.000000000000000000, -0.000000000000000000, -1.000000000000000000 ) ) ;
#824 = ORIENTED_EDGE ( 'NONE', *, *, #729, .F. ) ;
#825 = VECTOR ( 'NONE', #1211, 1000.000000000000000 ) ;
#826 = CARTESIAN_POINT ( 'NONE',  ( -48.60000000000000142, 110.0000000000000000, 3.000000000000000000 ) ) ;
#827 = ADVANCED_FACE ( 'NONE', ( #2150 ), #3889, .F. ) ;
#828 = VECTOR ( 'NONE', #4426, 1000.000000000000000 ) ;
#829 = DIRECTION ( 'NONE',  ( 1.000000000000000000, 0.000000000000000000, 0.000000000000000000 ) ) ;
#830 = CARTESIAN_POINT ( 'NONE',  ( 5.999999999994776623, 19.50000000001181988, 0.000000000000000000 ) ) ;
#831 = CARTESIAN_POINT ( 'NONE',  ( -79.99999999999998579, 36.50000000001182343, 3.000000000000000000 ) ) ;
#832 = VECTOR ( 'NONE', #785, 1000.000000000000000 ) ;
#833 = EDGE_LOOP ( 'NONE', ( #287, #5397, #5542, #3157 ) ) ;
#834 = DIRECTION ( 'NONE',  ( -1.000000000000000000, 0.000000000000000000, 0.000000000000000000 ) ) ;
#835 = EDGE_CURVE ( 'NONE', #2062, #3034, #100, .T. ) ;
#836 = DIRECTION ( 'NONE',  ( 1.000000000000000000, 0.000000000000000000, 0.000000000000000000 ) ) ;
#837 = LINE ( 'NONE', #2102, #3887 ) ;
#838 = DIRECTION ( 'NONE',  ( -0.000000000000000000, -0.000000000000000000, -1.000000000000000000 ) ) ;
#839 = AXIS2_PLACEMENT_3D ( 'NONE', #4947, #4036, #2329 ) ;
#840 = VERTEX_POINT ( 'NONE', #4057 ) ;
#841 = AXIS2_PLACEMENT_3D ( 'NONE', #2940, #4696, #335 ) ;
#842 = VERTEX_POINT ( 'NONE', #3162 ) ;
#843 = CARTESIAN_POINT ( 'NONE',  ( 30.79999999999999716, -47.49999999998817657, 3.000000000000000000 ) ) ;
#844 = ORIENTED_EDGE ( 'NONE', *, *, #2100, .F. ) ;
#845 = FACE_OUTER_BOUND ( 'NONE', #1817, .T. ) ;
#846 = AXIS2_PLACEMENT_3D ( 'NONE', #894, #3902, #2586 ) ;
#847 = ORIENTED_EDGE ( 'NONE', *, *, #2460, .T. ) ;
#848 = VECTOR ( 'NONE', #2132, 1000.000000000000000 ) ;
#849 = EDGE_CURVE ( 'NONE', #4569, #699, #3209, .T. ) ;
#850 = ORIENTED_EDGE ( 'NONE', *, *, #4168, .T. ) ;
#851 = DIRECTION ( 'NONE',  ( 1.000000000000000000, 0.000000000000000000, 0.000000000000000000 ) ) ;
#852 = CARTESIAN_POINT ( 'NONE',  ( 80.00000000000000000, -10.00000000000000888, 3.000000000000000000 ) ) ;
#853 = ORIENTED_EDGE ( 'NONE', *, *, #1504, .T. ) ;
#854 = ORIENTED_EDGE ( 'NONE', *, *, #1463, .T. ) ;
#855 = FACE_OUTER_BOUND ( 'NONE', #989, .T. ) ;
#856 = CYLINDRICAL_SURFACE ( 'NONE', #669, 1.600000000000004086 ) ;
#857 = CARTESIAN_POINT ( 'NONE',  ( -28.54999999999365912, -103.0000000000000142, 3.000000000000000000 ) ) ;
#858 = FACE_OUTER_BOUND ( 'NONE', #3751, .T. ) ;
#859 = ORIENTED_EDGE ( 'NONE', *, *, #710, .F. ) ;
#860 = LINE ( 'NONE', #288, #1469 ) ;
#861 = CARTESIAN_POINT ( 'NONE',  ( -8.000000000000000000, 85.00000000000000000, 3.000000000000000000 ) ) ;
#862 = LINE ( 'NONE', #5206, #1054 ) ;
#863 = DIRECTION ( 'NONE',  ( -0.000000000000000000, -0.000000000000000000, -1.000000000000000000 ) ) ;
#864 = EDGE_CURVE ( 'NONE', #4424, #4870, #69, .T. ) ;
#865 = ORIENTED_EDGE ( 'NONE', *, *, #783, .T. ) ;
#866 = CARTESIAN_POINT ( 'NONE',  ( 26.99999999999364064, -73.00000000000000000, 3.000000000000000000 ) ) ;
#867 = CIRCLE ( 'NONE', #3236, 1.600000000000000755 ) ;
#868 = ORIENTED_EDGE ( 'NONE', *, *, #3547, .F. ) ;
#869 = CYLINDRICAL_SURFACE ( 'NONE', #4952, 5.000000000000004441 ) ;
#870 = EDGE_CURVE ( 'NONE', #1572, #490, #1024, .T. ) ;
#871 = AXIS2_PLACEMENT_3D ( 'NONE', #5033, #5463, #3201 ) ;
#872 = ORIENTED_EDGE ( 'NONE', *, *, #1740, .T. ) ;
#873 = ORIENTED_EDGE ( 'NONE', *, *, #569, .T. ) ;
#874 = CARTESIAN_POINT ( 'NONE',  ( 26.00000000000522249, 21.10000000001182130, 0.000000000000000000 ) ) ;
#875 = AXIS2_PLACEMENT_3D ( 'NONE', #3052, #2177, #508 ) ;
#876 = CYLINDRICAL_SURFACE ( 'NONE', #364, 1.600000000000004086 ) ;
#877 = EDGE_CURVE ( 'NONE', #3120, #4019, #1579, .T. ) ;
#878 = ADVANCED_FACE ( 'NONE', ( #1399 ), #1856, .F. ) ;
#879 = VERTEX_POINT ( 'NONE', #966 ) ;
#880 = EDGE_LOOP ( 'NONE', ( #3290, #3321, #4605, #5331 ) ) ;
#881 = DIRECTION ( 'NONE',  ( 0.000000000000000000, 0.000000000000000000, 1.000000000000000000 ) ) ;
#882 = CARTESIAN_POINT ( 'NONE',  ( -2.500000000000000888, 102.0000000000000000, 3.000000000000000000 ) ) ;
#883 = DIRECTION ( 'NONE',  ( 1.000000000000000000, 0.000000000000000000, 0.000000000000000000 ) ) ;
#884 = LINE ( 'NONE', #5643, #2913 ) ;
#885 = ORIENTED_EDGE ( 'NONE', *, *, #1402, .T. ) ;
#886 = CARTESIAN_POINT ( 'NONE',  ( 63.00000000000000000, 53.50000000001177369, 3.000000000000000000 ) ) ;
#887 = DIRECTION ( 'NONE',  ( -0.000000000000000000, -0.000000000000000000, -1.000000000000000000 ) ) ;
#888 = CARTESIAN_POINT ( 'NONE',  ( 80.00000000000000000, -10.00000000000000888, 3.000000000000000000 ) ) ;
#889 = DIRECTION ( 'NONE',  ( -0.000000000000000000, -0.000000000000000000, -1.000000000000000000 ) ) ;
#890 = ORIENTED_EDGE ( 'NONE', *, *, #3001, .T. ) ;
#891 = CARTESIAN_POINT ( 'NONE',  ( 11.74999999999999645, 108.3999999999999915, 3.000000000000000000 ) ) ;
#892 = VERTEX_POINT ( 'NONE', #2709 ) ;
#893 = EDGE_CURVE ( 'NONE', #1218, #1938, #5503, .T. ) ;
#894 = CARTESIAN_POINT ( 'NONE',  ( 71.50000000000005684, 1.500000000011825207, 3.000000000000000000 ) ) ;
#895 = ORIENTED_EDGE ( 'NONE', *, *, #5352, .T. ) ;
#896 = EDGE_LOOP ( 'NONE', ( #2340, #1450, #295, #2056 ) ) ;
#897 = CYLINDRICAL_SURFACE ( 'NONE', #4192, 1.600000000000004086 ) ;
#898 = ORIENTED_EDGE ( 'NONE', *, *, #1441, .T. ) ;
#899 = CARTESIAN_POINT ( 'NONE',  ( 11.74999999999999645, 110.0000000000000000, 3.000000000000000000 ) ) ;
#900 = EDGE_CURVE ( 'NONE', #1967, #2407, #538, .T. ) ;
#901 = CIRCLE ( 'NONE', #4734, 1.600000000000000755 ) ;
#902 = CARTESIAN_POINT ( 'NONE',  ( -79.99999999999998579, -10.00000000000000000, 0.000000000000000000 ) ) ;
#903 = ORIENTED_EDGE ( 'NONE', *, *, #3618, .T. ) ;
#904 = ORIENTED_EDGE ( 'NONE', *, *, #307, .T. ) ;
#905 = CIRCLE ( 'NONE', #4104, 1.549999999999999378 ) ;
#906 = ORIENTED_EDGE ( 'NONE', *, *, #783, .F. ) ;
#907 = CARTESIAN_POINT ( 'NONE',  ( 27.60000000000000142, 1.500000000011825207, 0.000000000000000000 ) ) ;
#908 = EDGE_CURVE ( 'NONE', #1594, #2260, #2408, .T. ) ;
#909 = CARTESIAN_POINT ( 'NONE',  ( -62.99999999999998579, 80.00000000000000000, 0.000000000000000000 ) ) ;
#910 = CYLINDRICAL_SURFACE ( 'NONE', #1498, 1.599999999999997646 ) ;
#911 = CARTESIAN_POINT ( 'NONE',  ( -27.59999999999999787, 1.500000000011825430, 3.000000000000000000 ) ) ;
#912 = VECTOR ( 'NONE', #2155, 1000.000000000000000 ) ;
#913 = CIRCLE ( 'NONE', #2829, 1.600000000000000755 ) ;
#914 = ORIENTED_EDGE ( 'NONE', *, *, #5662, .F. ) ;
#915 = VECTOR ( 'NONE', #3338, 1000.000000000000114 ) ;
#916 = DIRECTION ( 'NONE',  ( 0.000000000000000000, 0.000000000000000000, 1.000000000000000000 ) ) ;
#917 = EDGE_CURVE ( 'NONE', #1628, #5398, #1455, .T. ) ;
#918 = CARTESIAN_POINT ( 'NONE',  ( 25.44999999999363993, -103.0000000000000000, 0.000000000000000000 ) ) ;
#919 = CARTESIAN_POINT ( 'NONE',  ( 73.10000000000005116, 1.500000000011825430, 3.000000000000000000 ) ) ;
#920 = DIRECTION ( 'NONE',  ( 0.000000000000000000, 0.000000000000000000, 1.000000000000000000 ) ) ;
#921 = EDGE_LOOP ( 'NONE', ( #5226, #4230 ) ) ;
#922 = CYLINDRICAL_SURFACE ( 'NONE', #438, 1.600000000001991829 ) ;
#923 = CIRCLE ( 'NONE', #5400, 1.550000000000002709 ) ;
#924 = ORIENTED_EDGE ( 'NONE', *, *, #1185, .F. ) ;
#925 = FACE_OUTER_BOUND ( 'NONE', #5336, .T. ) ;
#926 = AXIS2_PLACEMENT_3D ( 'NONE', #2660, #4322, #806 ) ;
#927 = EDGE_LOOP ( 'NONE', ( #2044, #4983, #4961, #476 ) ) ;
#928 = EDGE_LOOP ( 'NONE', ( #5211, #4279 ) ) ;
#929 = CARTESIAN_POINT ( 'NONE',  ( 29.20000000000150209, 10.90000000001181846, 3.000000000000000000 ) ) ;
#930 = ORIENTED_EDGE ( 'NONE', *, *, #2133, .T. ) ;
#931 = DIRECTION ( 'NONE',  ( 1.000000000000000000, 0.000000000000000000, 0.000000000000000000 ) ) ;
#932 = CIRCLE ( 'NONE', #1388, 1.600000000000004086 ) ;
#933 = CARTESIAN_POINT ( 'NONE',  ( -14.39999999999817781, 36.50000000001182343, 0.000000000000000000 ) ) ;
#934 = EDGE_CURVE ( 'NONE', #2016, #3389, #1491, .T. ) ;
#935 = AXIS2_PLACEMENT_3D ( 'NONE', #5543, #793, #3324 ) ;
#936 = ORIENTED_EDGE ( 'NONE', *, *, #1476, .T. ) ;
#937 = EDGE_LOOP ( 'NONE', ( #2814, #859 ) ) ;
#938 = CARTESIAN_POINT ( 'NONE',  ( -15.99999999999817923, 36.50000000001182343, 0.000000000000000000 ) ) ;
#939 = DIRECTION ( 'NONE',  ( 0.000000000000000000, 0.000000000000000000, 1.000000000000000000 ) ) ;
#940 = DIRECTION ( 'NONE',  ( 0.000000000000000000, 0.000000000000000000, 1.000000000000000000 ) ) ;
#941 = PLANE ( 'NONE',  #821 ) ;
#942 = VECTOR ( 'NONE', #2780, 1000.000000000000000 ) ;
#943 = EDGE_CURVE ( 'NONE', #4141, #1679, #1797, .T. ) ;
#944 = ADVANCED_FACE ( 'NONE', ( #132 ), #4165, .F. ) ;
#945 = VERTEX_POINT ( 'NONE', #3616 ) ;
#946 = DIRECTION ( 'NONE',  ( 1.000000000000000000, 0.000000000000000000, 0.000000000000000000 ) ) ;
#947 = CARTESIAN_POINT ( 'NONE',  ( 35.25000000000000000, 111.6000000000000085, 3.000000000000000000 ) ) ;
#948 = LINE ( 'NONE', #3116, #5072 ) ;
#949 = LINE ( 'NONE', #4438, #2000 ) ;
#950 = EDGE_CURVE ( 'NONE', #3381, #3269, #5507, .T. ) ;
#951 = EDGE_CURVE ( 'NONE', #2503, #2218, #4601, .T. ) ;
#952 = EDGE_LOOP ( 'NONE', ( #4100, #2976 ) ) ;
#953 = DIRECTION ( 'NONE',  ( -0.000000000000000000, -0.000000000000000000, -1.000000000000000000 ) ) ;
#954 = VERTEX_POINT ( 'NONE', #5046 ) ;
#955 = FACE_OUTER_BOUND ( 'NONE', #99, .T. ) ;
#956 = CARTESIAN_POINT ( 'NONE',  ( 0.000000000000000000, 102.0000000000000000, 3.000000000000000000 ) ) ;
#957 = EDGE_LOOP ( 'NONE', ( #3412, #3148, #4486, #3788 ) ) ;
#958 = DIRECTION ( 'NONE',  ( 0.000000000000000000, 0.000000000000000000, 1.000000000000000000 ) ) ;
#959 = DIRECTION ( 'NONE',  ( 0.000000000000000000, 0.000000000000000000, 1.000000000000000000 ) ) ;
#960 = VECTOR ( 'NONE', #3170, 1000.000000000000000 ) ;
#961 = VERTEX_POINT ( 'NONE', #1136 ) ;
#962 = ORIENTED_EDGE ( 'NONE', *, *, #4797, .F. ) ;
#963 = AXIS2_PLACEMENT_3D ( 'NONE', #5642, #5114, #3448 ) ;
#964 = ORIENTED_EDGE ( 'NONE', *, *, #3661, .T. ) ;
#965 = DIRECTION ( 'NONE',  ( 0.000000000000000000, 1.000000000000000000, 0.000000000000000000 ) ) ;
#966 = CARTESIAN_POINT ( 'NONE',  ( -52.54999999999999005, 64.99999999999998579, 0.000000000000000000 ) ) ;
#967 = CARTESIAN_POINT ( 'NONE',  ( -62.99999999999998579, 53.50000000001177369, 3.000000000000000000 ) ) ;
#968 = EDGE_CURVE ( 'NONE', #3974, #4707, #2869, .T. ) ;
#969 = CARTESIAN_POINT ( 'NONE',  ( -62.99999999999998579, 53.50000000001177369, 0.000000000000000000 ) ) ;
#970 = ORIENTED_EDGE ( 'NONE', *, *, #4049, .T. ) ;
#971 = DIRECTION ( 'NONE',  ( -0.000000000000000000, -0.000000000000000000, -1.000000000000000000 ) ) ;
#972 = LINE ( 'NONE', #2774, #1667 ) ;
#973 = CARTESIAN_POINT ( 'NONE',  ( 5.999999999994776623, 21.10000000001182130, 0.000000000000000000 ) ) ;
#974 = EDGE_CURVE ( 'NONE', #3068, #411, #41, .T. ) ;
#975 = DIRECTION ( 'NONE',  ( 1.000000000000000000, 0.000000000000000000, 0.000000000000000000 ) ) ;
#976 = ORIENTED_EDGE ( 'NONE', *, *, #1810, .T. ) ;
#977 = ORIENTED_EDGE ( 'NONE', *, *, #276, .T. ) ;
#978 = DIRECTION ( 'NONE',  ( 0.000000000000000000, 0.000000000000000000, 1.000000000000000000 ) ) ;
#979 = ADVANCED_FACE ( 'NONE', ( #5183 ), #2452, .F. ) ;
#980 = CARTESIAN_POINT ( 'NONE',  ( -46.39999999999425029, -115.0000000000019611, 0.000000000000000000 ) ) ;
#981 = ADVANCED_FACE ( 'NONE', ( #296 ), #4651, .T. ) ;
#982 = ORIENTED_EDGE ( 'NONE', *, *, #4885, .F. ) ;
#983 = FACE_BOUND ( 'NONE', #1759, .T. ) ;
#984 = EDGE_LOOP ( 'NONE', ( #3189, #2502, #1570, #2994 ) ) ;
#985 = DIRECTION ( 'NONE',  ( 0.000000000000000000, 0.000000000000000000, 1.000000000000000000 ) ) ;
#986 = EDGE_CURVE ( 'NONE', #521, #1166, #1649, .T. ) ;
#987 = DIRECTION ( 'NONE',  ( 1.000000000000000000, 0.000000000000000000, 0.000000000000000000 ) ) ;
#988 = ORIENTED_EDGE ( 'NONE', *, *, #4743, .T. ) ;
#989 = EDGE_LOOP ( 'NONE', ( #4813, #1573, #2877, #2719 ) ) ;
#990 = ORIENTED_EDGE ( 'NONE', *, *, #4784, .F. ) ;
#991 = VECTOR ( 'NONE', #3229, 1000.000000000000000 ) ;
#992 = FACE_OUTER_BOUND ( 'NONE', #984, .T. ) ;
#993 = CARTESIAN_POINT ( 'NONE',  ( -14.00000000000023093, -106.4000000000040984, 3.000000000000000000 ) ) ;
#994 = CARTESIAN_POINT ( 'NONE',  ( 62.99999999999408828, 36.50000000001489298, 3.000000000000000000 ) ) ;
#995 = DIRECTION ( 'NONE',  ( 0.000000000000000000, 0.000000000000000000, 1.000000000000000000 ) ) ;
#996 = ORIENTED_EDGE ( 'NONE', *, *, #5377, .T. ) ;
#997 = AXIS2_PLACEMENT_3D ( 'NONE', #5523, #5552, #2907 ) ;
#998 = VECTOR ( 'NONE', #3971, 1000.000000000000000 ) ;
#999 = EDGE_CURVE ( 'NONE', #3413, #5433, #3411, .T. ) ;
#1000 = CARTESIAN_POINT ( 'NONE',  ( -49.44999999999365770, -103.0000000000000142, 3.000000000000000000 ) ) ;
#1001 = DIRECTION ( 'NONE',  ( -0.000000000000000000, -0.000000000000000000, -1.000000000000000000 ) ) ;
#1002 = AXIS2_PLACEMENT_3D ( 'NONE', #3231, #1589, #1038 ) ;
#1003 = DIRECTION ( 'NONE',  ( 0.000000000000000000, 0.000000000000000000, 1.000000000000000000 ) ) ;
#1004 = DIRECTION ( 'NONE',  ( 0.000000000000000000, 0.000000000000000000, 1.000000000000000000 ) ) ;
#1005 = VECTOR ( 'NONE', #564, 1000.000000000000000 ) ;
#1006 = CYLINDRICAL_SURFACE ( 'NONE', #4466, 1.550000000000002709 ) ;
#1007 = VECTOR ( 'NONE', #1343, 1000.000000000000000 ) ;
#1008 = ADVANCED_FACE ( 'NONE', ( #2052 ), #2506, .F. ) ;
#1009 = ORIENTED_EDGE ( 'NONE', *, *, #1080, .T. ) ;
#1010 = FACE_OUTER_BOUND ( 'NONE', #1849, .T. ) ;
#1011 = DIRECTION ( 'NONE',  ( -0.000000000000000000, -0.000000000000000000, -1.000000000000000000 ) ) ;
#1012 = DIRECTION ( 'NONE',  ( -0.000000000000000000, -0.000000000000000000, -1.000000000000000000 ) ) ;
#1013 = AXIS2_PLACEMENT_3D ( 'NONE', #4712, #795, #5604 ) ;
#1014 = AXIS2_PLACEMENT_3D ( 'NONE', #4157, #4701, #3839 ) ;
#1015 = ADVANCED_FACE ( 'NONE', ( #815 ), #4275, .F. ) ;
#1016 = FACE_BOUND ( 'NONE', #3937, .T. ) ;
#1017 = VERTEX_POINT ( 'NONE', #2083 ) ;
#1018 = CARTESIAN_POINT ( 'NONE',  ( -28.54999999999999005, 64.99999999999998579, 3.000000000000000000 ) ) ;
#1019 = VERTEX_POINT ( 'NONE', #2479 ) ;
#1020 = CYLINDRICAL_SURFACE ( 'NONE', #2011, 1.550000000000002709 ) ;
#1021 = CIRCLE ( 'NONE', #4218, 1.599999999999997202 ) ;
#1022 = EDGE_CURVE ( 'NONE', #503, #4687, #1675, .T. ) ;
#1023 = EDGE_LOOP ( 'NONE', ( #5547, #4647, #1707, #4083 ) ) ;
#1024 = CIRCLE ( 'NONE', #755, 1.599999999999962563 ) ;
#1025 = ORIENTED_EDGE ( 'NONE', *, *, #4761, .T. ) ;
#1026 = DIRECTION ( 'NONE',  ( 1.000000000000000000, 0.000000000000000000, 0.000000000000000000 ) ) ;
#1027 = DIRECTION ( 'NONE',  ( 1.000000000000000000, 0.000000000000000000, 0.000000000000000000 ) ) ;
#1028 = EDGE_LOOP ( 'NONE', ( #1110, #762 ) ) ;
#1029 = AXIS2_PLACEMENT_3D ( 'NONE', #1269, #2560, #383 ) ;
#1030 = CARTESIAN_POINT ( 'NONE',  ( -8.000000000000000000, 75.00000000000000000, 3.000000000000000000 ) ) ;
#1031 = FACE_BOUND ( 'NONE', #1598, .T. ) ;
#1032 = CIRCLE ( 'NONE', #2412, 1.550000000000002709 ) ;
#1033 = DIRECTION ( 'NONE',  ( 1.000000000000000000, 0.000000000000000000, 0.000000000000000000 ) ) ;
#1034 = DIRECTION ( 'NONE',  ( 1.000000000000000000, 0.000000000000000000, 0.000000000000000000 ) ) ;
#1035 = DIRECTION ( 'NONE',  ( -0.9486832980504569246, 0.3162277660170086935, 0.000000000000000000 ) ) ;
#1036 = MECHANICAL_DESIGN_GEOMETRIC_PRESENTATION_REPRESENTATION (  '', ( #2136 ), #4508 ) ;
#1037 = EDGE_LOOP ( 'NONE', ( #3706, #3858, #4880, #3172 ) ) ;
#1038 = DIRECTION ( 'NONE',  ( 0.000000000000000000, 0.000000000000000000, 1.000000000000000000 ) ) ;
#1039 = CYLINDRICAL_SURFACE ( 'NONE', #1287, 1.600000000001310596 ) ;
#1040 = LINE ( 'NONE', #5470, #942 ) ;
#1041 = EDGE_CURVE ( 'NONE', #2090, #5084, #763, .T. ) ;
#1042 = VERTEX_POINT ( 'NONE', #5628 ) ;
#1043 = FACE_BOUND ( 'NONE', #3605, .T. ) ;
#1044 = EDGE_LOOP ( 'NONE', ( #914, #4737 ) ) ;
#1045 = LINE ( 'NONE', #3213, #2064 ) ;
#1046 = EDGE_CURVE ( 'NONE', #54, #5516, #1708, .T. ) ;
#1047 = DIRECTION ( 'NONE',  ( -1.000000000000000000, 0.000000000000000000, 0.000000000000000000 ) ) ;
#1048 = ORIENTED_EDGE ( 'NONE', *, *, #26, .F. ) ;
#1049 = ORIENTED_EDGE ( 'NONE', *, *, #849, .T. ) ;
#1050 = VERTEX_POINT ( 'NONE', #5127 ) ;
#1051 = ORIENTED_EDGE ( 'NONE', *, *, #1041, .F. ) ;
#1052 = ORIENTED_EDGE ( 'NONE', *, *, #4297, .T. ) ;
#1053 = CARTESIAN_POINT ( 'NONE',  ( -52.54999999999366622, -73.00000000000001421, 3.000000000000000000 ) ) ;
#1054 = VECTOR ( 'NONE', #5647, 1000.000000000000000 ) ;
#1055 =( NAMED_UNIT ( * ) SI_UNIT ( $, .STERADIAN. ) SOLID_ANGLE_UNIT ( ) );
#1056 = EDGE_CURVE ( 'NONE', #1042, #3047, #1220, .T. ) ;
#1057 = CARTESIAN_POINT ( 'NONE',  ( -62.99999999999997158, 36.48713711185290975, 3.000000000000000000 ) ) ;
#1058 = ADVANCED_FACE ( 'NONE', ( #3848 ), #5597, .F. ) ;
#1059 = ORIENTED_EDGE ( 'NONE', *, *, #3027, .T. ) ;
#1060 = VECTOR ( 'NONE', #1552, 1000.000000000000000 ) ;
#1061 = DIRECTION ( 'NONE',  ( -1.000000000000000000, 0.000000000000000000, 0.000000000000000000 ) ) ;
#1062 = FACE_BOUND ( 'NONE', #5218, .T. ) ;
#1063 = CARTESIAN_POINT ( 'NONE',  ( -8.000000000000000000, -82.99999999999998579, 3.000000000000000000 ) ) ;
#1064 = CARTESIAN_POINT ( 'NONE',  ( -26.00000000000522249, 17.90000000001181846, 3.000000000000000000 ) ) ;
#1065 = CARTESIAN_POINT ( 'NONE',  ( 51.00000000000000711, 65.00000000000000000, 3.000000000000000000 ) ) ;
#1066 = ORIENTED_EDGE ( 'NONE', *, *, #5174, .T. ) ;
#1067 = LINE ( 'NONE', #3627, #1190 ) ;
#1068 = DIRECTION ( 'NONE',  ( -0.000000000000000000, -0.000000000000000000, -1.000000000000000000 ) ) ;
#1069 = ORIENTED_EDGE ( 'NONE', *, *, #4063, .T. ) ;
#1070 = CARTESIAN_POINT ( 'NONE',  ( -11.74999999999999645, 111.6000000000000085, 3.000000000000000000 ) ) ;
#1071 = EDGE_LOOP ( 'NONE', ( #387, #4195, #1690, #4113 ) ) ;
#1072 = UNCERTAINTY_MEASURE_WITH_UNIT (LENGTH_MEASURE( 1.000000000000000082E-05 ), #1488, 'distance_accuracy_value', 'NONE');
#1073 = FACE_BOUND ( 'NONE', #4111, .T. ) ;
#1074 = ADVANCED_FACE ( 'NONE', ( #3789 ), #2894, .F. ) ;
#1075 = VERTEX_POINT ( 'NONE', #1597 ) ;
#1076 = DIRECTION ( 'NONE',  ( 0.000000000000000000, 0.000000000000000000, 1.000000000000000000 ) ) ;
#1077 = ORIENTED_EDGE ( 'NONE', *, *, #3725, .F. ) ;
#1078 = ORIENTED_EDGE ( 'NONE', *, *, #1192, .T. ) ;
#1079 = EDGE_LOOP ( 'NONE', ( #5513, #5328 ) ) ;
#1080 = EDGE_CURVE ( 'NONE', #4557, #4792, #3866, .T. ) ;
#1081 = ORIENTED_EDGE ( 'NONE', *, *, #5298, .T. ) ;
#1082 = DIRECTION ( 'NONE',  ( -1.000000000000000000, 0.000000000000000000, 0.000000000000000000 ) ) ;
#1083 = SURFACE_STYLE_FILL_AREA ( #195 ) ;
#1084 = CYLINDRICAL_SURFACE ( 'NONE', #4835, 1.599999999999997202 ) ;
#1085 = VERTEX_POINT ( 'NONE', #734 ) ;
#1086 = AXIS2_PLACEMENT_3D ( 'NONE', #2429, #1076, #5048 ) ;
#1087 = LINE ( 'NONE', #1461, #2279 ) ;
#1088 = FACE_BOUND ( 'NONE', #4512, .T. ) ;
#1089 = DIRECTION ( 'NONE',  ( 1.000000000000000000, 0.000000000000000000, 0.000000000000000000 ) ) ;
#1090 = CARTESIAN_POINT ( 'NONE',  ( 0.000000000000000000, 1.500000000011825207, 3.000000000000000000 ) ) ;
#1091 = FACE_OUTER_BOUND ( 'NONE', #705, .T. ) ;
#1092 = VECTOR ( 'NONE', #1706, 1000.000000000000000 ) ;
#1093 = VECTOR ( 'NONE', #1526, 1000.000000000000000 ) ;
#1094 = VECTOR ( 'NONE', #4979, 1000.000000000000227 ) ;
#1095 = ADVANCED_FACE ( 'NONE', ( #4221 ), #3818, .F. ) ;
#1096 = VERTEX_POINT ( 'NONE', #4248 ) ;
#1097 = DIRECTION ( 'NONE',  ( -1.000000000000000000, 0.000000000000000000, 0.000000000000000000 ) ) ;
#1098 = DIRECTION ( 'NONE',  ( 0.000000000000000000, 0.000000000000000000, 1.000000000000000000 ) ) ;
#1099 = CARTESIAN_POINT ( 'NONE',  ( -25.99999999999998934, -8.099999999988190424, 3.000000000000000000 ) ) ;
#1100 = AXIS2_PLACEMENT_3D ( 'NONE', #3475, #5227, #1855 ) ;
#1101 = AXIS2_PLACEMENT_3D ( 'NONE', #4390, #4312, #414 ) ;
#1102 = ORIENTED_EDGE ( 'NONE', *, *, #2411, .T. ) ;
#1103 = ORIENTED_EDGE ( 'NONE', *, *, #5611, .T. ) ;
#1104 = DIRECTION ( 'NONE',  ( 0.000000000000000000, 0.000000000000000000, 1.000000000000000000 ) ) ;
#1105 = ORIENTED_EDGE ( 'NONE', *, *, #1861, .T. ) ;
#1106 = CARTESIAN_POINT ( 'NONE',  ( 27.00000000000000000, 64.99999999999998579, 3.000000000000000000 ) ) ;
#1107 = CARTESIAN_POINT ( 'NONE',  ( 0.000000000000000000, 1.500000000011825207, 3.000000000000000000 ) ) ;
#1108 = ORIENTED_EDGE ( 'NONE', *, *, #122, .T. ) ;
#1109 = VECTOR ( 'NONE', #4924, 1000.000000000000000 ) ;
#1110 = ORIENTED_EDGE ( 'NONE', *, *, #2588, .T. ) ;
#1111 = CARTESIAN_POINT ( 'NONE',  ( 80.00000000000000000, 36.50000000001485034, 3.000000000000000000 ) ) ;
#1112 = AXIS2_PLACEMENT_3D ( 'NONE', #3871, #2629, #4723 ) ;
#1113 =( NAMED_UNIT ( * ) SI_UNIT ( $, .STERADIAN. ) SOLID_ANGLE_UNIT ( ) );
#1114 = CARTESIAN_POINT ( 'NONE',  ( -28.54999999999999005, 94.99999999999998579, 0.000000000000000000 ) ) ;
#1116 = VERTEX_POINT ( 'NONE', #3516 ) ;
#1115 = ADVANCED_FACE ( 'NONE', ( #2164 ), #27, .F. ) ;
#1117 = VECTOR ( 'NONE', #1755, 1000.000000000000000 ) ;
#1118 = DIRECTION ( 'NONE',  ( 1.000000000000000000, 0.000000000000000000, 0.000000000000000000 ) ) ;
#1119 = FACE_BOUND ( 'NONE', #921, .T. ) ;
#1120 = CARTESIAN_POINT ( 'NONE',  ( -49.44999999999998863, 94.99999999999998579, 0.000000000000000000 ) ) ;
#1121 = DIRECTION ( 'NONE',  ( 0.000000000000000000, -1.000000000000000000, 0.000000000000000000 ) ) ;
#1122 = CARTESIAN_POINT ( 'NONE',  ( 5.999999999994776623, 17.90000000001181846, 0.000000000000000000 ) ) ;
#1123 = VECTOR ( 'NONE', #4717, 1000.000000000000000 ) ;
#1124 = EDGE_CURVE ( 'NONE', #3386, #3344, #3571, .T. ) ;
#1125 = ADVANCED_FACE ( 'NONE', ( #955 ), #3066, .F. ) ;
#1126 = AXIS2_PLACEMENT_3D ( 'NONE', #1189, #2979, #5568 ) ;
#1127 = EDGE_LOOP ( 'NONE', ( #2054, #5131, #970, #4922 ) ) ;
#1128 = FACE_OUTER_BOUND ( 'NONE', #2833, .T. ) ;
#1129 = CARTESIAN_POINT ( 'NONE',  ( -13.99999999999976197, -109.6000000000041155, 3.000000000000000000 ) ) ;
#1130 = DIRECTION ( 'NONE',  ( 0.000000000000000000, 0.000000000000000000, 1.000000000000000000 ) ) ;
#1131 = EDGE_CURVE ( 'NONE', #3381, #1311, #3038, .T. ) ;
#1132 = EDGE_CURVE ( 'NONE', #6, #389, #2041, .T. ) ;
#1133 = VERTEX_POINT ( 'NONE', #3984 ) ;
#1134 = FACE_BOUND ( 'NONE', #4944, .T. ) ;
#1135 = ORIENTED_EDGE ( 'NONE', *, *, #321, .T. ) ;
#1136 = CARTESIAN_POINT ( 'NONE',  ( 30.79999999999999716, -47.49999999998817657, 0.000000000000000000 ) ) ;
#1137 = CARTESIAN_POINT ( 'NONE',  ( 49.44999999999363638, -103.0000000000000000, 0.000000000000000000 ) ) ;
#1138 = EDGE_LOOP ( 'NONE', ( #1869, #2456, #3297, #1780 ) ) ;
#1139 = ORIENTED_EDGE ( 'NONE', *, *, #3009, .F. ) ;
#1140 = CYLINDRICAL_SURFACE ( 'NONE', #2832, 1.599999999999997202 ) ;
#1141 = LINE ( 'NONE', #1971, #3094 ) ;
#1142 = VECTOR ( 'NONE', #5247, 1000.000000000000000 ) ;
#1143 = EDGE_LOOP ( 'NONE', ( #2959, #4180 ) ) ;
#1144 = ORIENTED_EDGE ( 'NONE', *, *, #221, .F. ) ;
#1145 = DIRECTION ( 'NONE',  ( 1.000000000000000000, 0.000000000000000000, 0.000000000000000000 ) ) ;
#1146 = AXIS2_PLACEMENT_3D ( 'NONE', #5676, #4243, #2579 ) ;
#1147 = DIRECTION ( 'NONE',  ( 1.000000000000000000, 0.000000000000000000, 0.000000000000000000 ) ) ;
#1148 = EDGE_CURVE ( 'NONE', #5516, #2422, #3483, .T. ) ;
#1149 = LINE ( 'NONE', #4207, #2757 ) ;
#1150 = LINE ( 'NONE', #2858, #5634 ) ;
#1151 = CARTESIAN_POINT ( 'NONE',  ( -79.99999999999998579, -10.00000000000000000, 3.000000000000000000 ) ) ;
#1152 = ORIENTED_EDGE ( 'NONE', *, *, #3959, .F. ) ;
#1153 = CARTESIAN_POINT ( 'NONE',  ( -6.000000000005223377, 21.10000000001182130, 0.000000000000000000 ) ) ;
#1154 = ADVANCED_FACE ( 'NONE', ( #845 ), #3092, .F. ) ;
#1155 = AXIS2_PLACEMENT_3D ( 'NONE', #419, #2124, #1176 ) ;
#1156 = CARTESIAN_POINT ( 'NONE',  ( 10.14999999999999147, 110.0000000000000000, 0.000000000000000000 ) ) ;
#1157 = LINE ( 'NONE', #563, #3418 ) ;
#1158 = EDGE_LOOP ( 'NONE', ( #595, #67, #1458, #3356 ) ) ;
#1159 = FACE_OUTER_BOUND ( 'NONE', #4580, .T. ) ;
#1160 = CARTESIAN_POINT ( 'NONE',  ( -10.00000000000000355, 40.00000000000000000, 3.000000000000000000 ) ) ;
#1161 = EDGE_CURVE ( 'NONE', #1166, #5433, #1350, .T. ) ;
#1162 = ADVANCED_FACE ( 'NONE', ( #925 ), #869, .F. ) ;
#1163 = ORIENTED_EDGE ( 'NONE', *, *, #2487, .T. ) ;
#1164 = CARTESIAN_POINT ( 'NONE',  ( 48.00000000000000000, -119.9999999999997726, 3.000000000000000000 ) ) ;
#1165 = CARTESIAN_POINT ( 'NONE',  ( 0.000000000000000000, 10.90000000001181846, 0.000000000000000000 ) ) ;
#1166 = VERTEX_POINT ( 'NONE', #406 ) ;
#1167 = ORIENTED_EDGE ( 'NONE', *, *, #2443, .F. ) ;
#1168 = EDGE_CURVE ( 'NONE', #753, #1896, #4414, .T. ) ;
#1169 = ORIENTED_EDGE ( 'NONE', *, *, #4579, .T. ) ;
#1170 = DIRECTION ( 'NONE',  ( 0.000000000000000000, 0.000000000000000000, 1.000000000000000000 ) ) ;
#1171 = DIRECTION ( 'NONE',  ( 0.000000000000000000, 0.000000000000000000, 1.000000000000000000 ) ) ;
#1172 = ORIENTED_EDGE ( 'NONE', *, *, #2431, .T. ) ;
#1173 = CARTESIAN_POINT ( 'NONE',  ( 50.99999999999364064, -103.0000000000000000, 0.000000000000000000 ) ) ;
#1174 = CARTESIAN_POINT ( 'NONE',  ( 0.000000000000000000, 0.000000000000000000, 3.000000000000000000 ) ) ;
#1175 = CYLINDRICAL_SURFACE ( 'NONE', #4133, 1.600000000000004086 ) ;
#1176 = DIRECTION ( 'NONE',  ( 1.000000000000000000, 0.000000000000000000, 0.000000000000000000 ) ) ;
#1177 = CARTESIAN_POINT ( 'NONE',  ( -27.59999999999999432, -40.49999999998819078, 3.000000000000000000 ) ) ;
#1178 = ORIENTED_EDGE ( 'NONE', *, *, #2658, .F. ) ;
#1179 = CARTESIAN_POINT ( 'NONE',  ( 50.99999999999364064, -73.00000000000000000, 3.000000000000000000 ) ) ;
#1180 = AXIS2_PLACEMENT_3D ( 'NONE', #3762, #298, #3267 ) ;
#1181 = DIRECTION ( 'NONE',  ( 0.000000000000000000, 0.000000000000000000, 1.000000000000000000 ) ) ;
#1182 = CARTESIAN_POINT ( 'NONE',  ( -25.99999999999999645, -38.89999999998819646, 3.000000000000000000 ) ) ;
#1183 = AXIS2_PLACEMENT_3D ( 'NONE', #3059, #3510, #3433 ) ;
#1184 = DIRECTION ( 'NONE',  ( 0.000000000000000000, 0.000000000000000000, 1.000000000000000000 ) ) ;
#1185 = EDGE_CURVE ( 'NONE', #4769, #5155, #5215, .T. ) ;
#1186 = VECTOR ( 'NONE', #3363, 1000.000000000000000 ) ;
#1187 = DIRECTION ( 'NONE',  ( -0.000000000000000000, -0.000000000000000000, -1.000000000000000000 ) ) ;
#1188 = ORIENTED_EDGE ( 'NONE', *, *, #4514, .T. ) ;
#1189 = CARTESIAN_POINT ( 'NONE',  ( 29.19999999999999929, -47.49999999998817657, 3.000000000000000000 ) ) ;
#1190 = VECTOR ( 'NONE', #4095, 1000.000000000000000 ) ;
#1191 = AXIS2_PLACEMENT_3D ( 'NONE', #3129, #3158, #2315 ) ;
#1192 = EDGE_CURVE ( 'NONE', #1017, #299, #1301, .T. ) ;
#1193 = ADVANCED_FACE ( 'NONE', ( #3928 ), #4788, .F. ) ;
#1194 = ORIENTED_EDGE ( 'NONE', *, *, #968, .F. ) ;
#1195 = ORIENTED_EDGE ( 'NONE', *, *, #2492, .T. ) ;
#1196 = AXIS2_PLACEMENT_3D ( 'NONE', #4552, #1493, #4527 ) ;
#1197 = ORIENTED_EDGE ( 'NONE', *, *, #4619, .T. ) ;
#1198 = DIRECTION ( 'NONE',  ( -0.000000000000000000, -0.000000000000000000, -1.000000000000000000 ) ) ;
#1199 = CARTESIAN_POINT ( 'NONE',  ( 29.19999999999999929, 1.500000000011825207, 3.000000000000000000 ) ) ;
#1200 = AXIS2_PLACEMENT_3D ( 'NONE', #1338, #3940, #1312 ) ;
#1201 = ORIENTED_EDGE ( 'NONE', *, *, #441, .F. ) ;
#1202 = ADVANCED_FACE ( 'NONE', ( #87 ), #2613, .F. ) ;
#1203 = CARTESIAN_POINT ( 'NONE',  ( -25.99999999999999645, -38.89999999998819646, 0.000000000000000000 ) ) ;
#1204 = CLOSED_SHELL ( 'NONE', ( #809, #2642, #2562, #2324, #144, #4959, #4524, #5090, #2682, #3764, #3393, #827, #979, #3430, #489, #453, #4485, #736, #3986, #2620, #2007, #549, #3817, #4210, #2954, #3147, #1095, #5062, #1300, #128, #4200, #4680, #1430, #3183, #201, #2216, #1074, #5539, #5600, #675, #216, #578, #1620, #3860, #1550, #3444, #1154, #3346, #1477, #3460, #3588, #5175, #64, #629, #4506, #1231, #4081, #3265, #944, #344, #3712, #4467, #1830, #266, #2927, #1520, #1721, #1008, #4587, #1541, #3234, #5162, #3670, #401, #4827, #2859, #878, #4443, #3486, #5123, #4400, #250, #4664, #568, #2509, #2209, #4190, #4162, #5035, #4043, #4355, #421, #1015, #4331, #1162, #5276, #3630, #3061, #1952, #1421, #2274, #4894, #4546, #1983, #1322, #4154, #1932, #1776, #494, #2963, #981, #2021, #386, #4594, #4877, #1058, #1193, #2374, #1966, #4092, #2043, #2582, #2241, #3981, #797, #2448, #4132, #1789, #2576, #4271, #2785, #1115, #3416, #1652, #3671, #4851, #2971, #4655, #5335, #593, #1125, #3850, #3690, #2339, #2163, #5418, #4689, #751, #2791, #4632, #1202, #1790, #2985, #5392, #245, #4449, #3423, #5640 ) ) ;
#1205 = DIRECTION ( 'NONE',  ( 0.000000000000000000, 0.000000000000000000, 1.000000000000000000 ) ) ;
#1206 = CARTESIAN_POINT ( 'NONE',  ( -26.99999999999366196, -73.00000000000001421, 3.000000000000000000 ) ) ;
#1207 = LINE ( 'NONE', #5171, #2437 ) ;
#1208 = CARTESIAN_POINT ( 'NONE',  ( -50.99999999999999289, 94.99999999999998579, 0.000000000000000000 ) ) ;
#1209 = AXIS2_PLACEMENT_3D ( 'NONE', #1700, #4751, #4780 ) ;
#1210 = ORIENTED_EDGE ( 'NONE', *, *, #2627, .F. ) ;
#1211 = DIRECTION ( 'NONE',  ( -0.000000000000000000, -0.000000000000000000, -1.000000000000000000 ) ) ;
#1212 = VECTOR ( 'NONE', #3803, 1000.000000000000114 ) ;
#1213 = CARTESIAN_POINT ( 'NONE',  ( -35.25000000000000000, 111.6000000000000085, 3.000000000000000000 ) ) ;
#1214 = CARTESIAN_POINT ( 'NONE',  ( -26.99999999999998934, 64.99999999999998579, 3.000000000000000000 ) ) ;
#1215 = LINE ( 'NONE', #4244, #4692 ) ;
#1216 = AXIS2_PLACEMENT_3D ( 'NONE', #2755, #2804, #3233 ) ;
#1217 = DIRECTION ( 'NONE',  ( -1.000000000000000000, 0.000000000000000000, 0.000000000000000000 ) ) ;
#1218 = VERTEX_POINT ( 'NONE', #1841 ) ;
#1219 = EDGE_CURVE ( 'NONE', #3515, #4928, #5242, .T. ) ;
#1220 = LINE ( 'NONE', #2953, #2761 ) ;
#1221 = CIRCLE ( 'NONE', #1587, 1.599999999999997202 ) ;
#1222 = ORIENTED_EDGE ( 'NONE', *, *, #4539, .F. ) ;
#1223 = EDGE_LOOP ( 'NONE', ( #4330, #240, #306, #4363 ) ) ;
#1224 = ORIENTED_EDGE ( 'NONE', *, *, #608, .T. ) ;
#1225 = CARTESIAN_POINT ( 'NONE',  ( -8.000000000000000000, -93.00000000000000000, 3.000000000000000000 ) ) ;
#1226 = EDGE_CURVE ( 'NONE', #3352, #1490, #3214, .T. ) ;
#1227 = CARTESIAN_POINT ( 'NONE',  ( -25.44999999999366125, -73.00000000000001421, 3.000000000000000000 ) ) ;
#1228 = ORIENTED_EDGE ( 'NONE', *, *, #2614, .T. ) ;
#1229 = FACE_OUTER_BOUND ( 'NONE', #3899, .T. ) ;
#1230 = FACE_BOUND ( 'NONE', #622, .T. ) ;
#1231 = ADVANCED_FACE ( 'NONE', ( #4560 ), #4593, .F. ) ;
#1232 = CIRCLE ( 'NONE', #4422, 5.000000000000004441 ) ;
#1233 = DIRECTION ( 'NONE',  ( 0.000000000000000000, 0.000000000000000000, 1.000000000000000000 ) ) ;
#1234 = DIRECTION ( 'NONE',  ( 0.9486832980502507562, 0.3162277660176268657, 0.000000000000000000 ) ) ;
#1235 = DIRECTION ( 'NONE',  ( 0.000000000000000000, 0.000000000000000000, 1.000000000000000000 ) ) ;
#1236 = ORIENTED_EDGE ( 'NONE', *, *, #698, .T. ) ;
#1237 = DIRECTION ( 'NONE',  ( -0.000000000000000000, -0.000000000000000000, -1.000000000000000000 ) ) ;
#1238 = EDGE_CURVE ( 'NONE', #4879, #1615, #3948, .T. ) ;
#1239 = DIRECTION ( 'NONE',  ( -1.000000000000000000, 0.000000000000000000, 0.000000000000000000 ) ) ;
#1240 = CARTESIAN_POINT ( 'NONE',  ( 62.99999999999408828, 36.50000000001489298, 0.000000000000000000 ) ) ;
#1241 = DIRECTION ( 'NONE',  ( -0.3162277660176268657, 0.9486832980502508672, 0.000000000000000000 ) ) ;
#1242 = CIRCLE ( 'NONE', #4439, 1.600000000000000755 ) ;
#1243 = EDGE_LOOP ( 'NONE', ( #2275, #4985 ) ) ;
#1244 = DIRECTION ( 'NONE',  ( -0.000000000000000000, -0.000000000000000000, -1.000000000000000000 ) ) ;
#1245 = EDGE_LOOP ( 'NONE', ( #2594, #988, #4308, #4525 ) ) ;
#1246 = CARTESIAN_POINT ( 'NONE',  ( -47.99999999999993605, -119.9999999999995737, 3.000000000000000000 ) ) ;
#1247 = EDGE_CURVE ( 'NONE', #3335, #879, #5411, .T. ) ;
#1248 = ORIENTED_EDGE ( 'NONE', *, *, #4475, .T. ) ;
#1249 = ORIENTED_EDGE ( 'NONE', *, *, #601, .F. ) ;
#1250 = CARTESIAN_POINT ( 'NONE',  ( 14.00000000000023093, -109.6000000000000085, 0.000000000000000000 ) ) ;
#1251 = DIRECTION ( 'NONE',  ( -0.000000000000000000, -0.000000000000000000, -1.000000000000000000 ) ) ;
#1252 = ORIENTED_EDGE ( 'NONE', *, *, #608, .F. ) ;
#1253 = EDGE_CURVE ( 'NONE', #5022, #3445, #588, .T. ) ;
#1254 = FACE_BOUND ( 'NONE', #4440, .T. ) ;
#1255 = LINE ( 'NONE', #1772, #3119 ) ;
#1256 = LINE ( 'NONE', #4237, #3893 ) ;
#1257 = CARTESIAN_POINT ( 'NONE',  ( 7.999999999999998224, -93.00000000000000000, 3.000000000000000000 ) ) ;
#1258 = EDGE_LOOP ( 'NONE', ( #721, #4016 ) ) ;
#1259 = CARTESIAN_POINT ( 'NONE',  ( -49.44999999999365770, -103.0000000000000142, 0.000000000000000000 ) ) ;
#1260 = DIRECTION ( 'NONE',  ( 1.000000000000000000, 0.000000000000000000, 0.000000000000000000 ) ) ;
#1261 = DIRECTION ( 'NONE',  ( 1.000000000000000000, 0.000000000000000000, 0.000000000000000000 ) ) ;
#1262 = CARTESIAN_POINT ( 'NONE',  ( -25.99999999999998934, -6.499999999988189003, 3.000000000000000000 ) ) ;
#1263 = EDGE_CURVE ( 'NONE', #2422, #4408, #4505, .T. ) ;
#1264 = AXIS2_PLACEMENT_3D ( 'NONE', #5016, #650, #2397 ) ;
#1265 = ORIENTED_EDGE ( 'NONE', *, *, #3351, .F. ) ;
#1266 = AXIS2_PLACEMENT_3D ( 'NONE', #3342, #1978, #2967 ) ;
#1267 = CARTESIAN_POINT ( 'NONE',  ( -47.99999999999993605, -119.9999999999995737, 3.000000000000000000 ) ) ;
#1268 = ORIENTED_EDGE ( 'NONE', *, *, #1499, .T. ) ;
#1269 = CARTESIAN_POINT ( 'NONE',  ( -8.000000000000000000, 80.00000000000000000, 3.000000000000000000 ) ) ;
#1270 = VECTOR ( 'NONE', #5595, 1000.000000000000000 ) ;
#1271 = EDGE_LOOP ( 'NONE', ( #3263, #5343, #466, #3244 ) ) ;
#1272 = ORIENTED_EDGE ( 'NONE', *, *, #1385, .F. ) ;
#1273 = CIRCLE ( 'NONE', #2105, 1.600000000000000755 ) ;
#1274 = ORIENTED_EDGE ( 'NONE', *, *, #803, .F. ) ;
#1275 = VECTOR ( 'NONE', #3522, 1000.000000000000000 ) ;
#1276 = DIRECTION ( 'NONE',  ( 0.000000000000000000, 0.000000000000000000, 1.000000000000000000 ) ) ;
#1277 = FACE_OUTER_BOUND ( 'NONE', #3614, .T. ) ;
#1278 = AXIS2_PLACEMENT_3D ( 'NONE', #3713, #4495, #5404 ) ;
#1279 = ORIENTED_EDGE ( 'NONE', *, *, #2696, .T. ) ;
#1280 = ORIENTED_EDGE ( 'NONE', *, *, #3258, .T. ) ;
#1281 = DIRECTION ( 'NONE',  ( 0.000000000000000000, 0.000000000000000000, 1.000000000000000000 ) ) ;
#1282 = AXIS2_PLACEMENT_3D ( 'NONE', #102, #5667, #3500 ) ;
#1283 = CARTESIAN_POINT ( 'NONE',  ( 0.000000000000000000, 40.00000000000000000, 3.000000000000000000 ) ) ;
#1284 = CARTESIAN_POINT ( 'NONE',  ( 27.60000000000000142, 1.500000000011825207, 3.000000000000000000 ) ) ;
#1285 = EDGE_CURVE ( 'NONE', #1596, #1017, #1560, .T. ) ;
#1286 = DIRECTION ( 'NONE',  ( 0.3054275543593436559, -0.9522153165319650059, 0.000000000000000000 ) ) ;
#1287 = AXIS2_PLACEMENT_3D ( 'NONE', #2779, #4674, #1239 ) ;
#1288 = ORIENTED_EDGE ( 'NONE', *, *, #5486, .F. ) ;
#1289 = DIRECTION ( 'NONE',  ( -1.000000000000000000, 0.000000000000000000, 0.000000000000000000 ) ) ;
#1290 = DIRECTION ( 'NONE',  ( 1.000000000000000000, 0.000000000000000000, 0.000000000000000000 ) ) ;
#1291 = DIRECTION ( 'NONE',  ( 0.000000000000000000, -1.000000000000000000, 0.000000000000000000 ) ) ;
#1292 = EDGE_CURVE ( 'NONE', #2070, #4452, #2389, .T. ) ;
#1293 = CARTESIAN_POINT ( 'NONE',  ( -1.600000000000000089, 1.500000000011825207, 3.000000000000000000 ) ) ;
#1294 = AXIS2_PLACEMENT_3D ( 'NONE', #2747, #4497, #2302 ) ;
#1295 = CIRCLE ( 'NONE', #3024, 1.600000000000000755 ) ;
#1296 = ORIENTED_EDGE ( 'NONE', *, *, #2291, .T. ) ;
#1297 = CARTESIAN_POINT ( 'NONE',  ( 48.00000000000000000, -119.9999999999997726, 3.000000000000000000 ) ) ;
#1298 = ORIENTED_EDGE ( 'NONE', *, *, #5216, .F. ) ;
#1299 = ORIENTED_EDGE ( 'NONE', *, *, #2690, .T. ) ;
#1300 = ADVANCED_FACE ( 'NONE', ( #674 ), #148, .F. ) ;
#1301 = LINE ( 'NONE', #3538, #2313 ) ;
#1302 = EDGE_CURVE ( 'NONE', #4186, #2622, #3401, .T. ) ;
#1303 = VERTEX_POINT ( 'NONE', #2836 ) ;
#1304 = ORIENTED_EDGE ( 'NONE', *, *, #1891, .T. ) ;
#1305 = AXIS2_PLACEMENT_3D ( 'NONE', #3664, #3602, #1440 ) ;
#1306 = ORIENTED_EDGE ( 'NONE', *, *, #4522, .T. ) ;
#1307 = CARTESIAN_POINT ( 'NONE',  ( -25.99999999999998934, -4.899999999988188470, 0.000000000000000000 ) ) ;
#1308 = DIRECTION ( 'NONE',  ( -1.000000000000000000, 0.000000000000000000, 0.000000000000000000 ) ) ;
#1309 = ORIENTED_EDGE ( 'NONE', *, *, #3203, .T. ) ;
#1310 = ORIENTED_EDGE ( 'NONE', *, *, #2392, .T. ) ;
#1311 = VERTEX_POINT ( 'NONE', #3262 ) ;
#1312 = DIRECTION ( 'NONE',  ( 1.000000000000000000, 0.000000000000000000, 0.000000000000000000 ) ) ;
#1313 = FACE_OUTER_BOUND ( 'NONE', #1632, .T. ) ;
#1314 = CARTESIAN_POINT ( 'NONE',  ( -28.54999999999365912, -73.00000000000001421, 3.000000000000000000 ) ) ;
#1315 = CARTESIAN_POINT ( 'NONE',  ( -79.99999999999998579, -10.00000000000000000, 3.000000000000000000 ) ) ;
#1316 = VERTEX_POINT ( 'NONE', #980 ) ;
#1317 = EDGE_CURVE ( 'NONE', #3568, #712, #1681, .T. ) ;
#1318 = DIRECTION ( 'NONE',  ( 1.000000000000000000, 0.000000000000000000, 0.000000000000000000 ) ) ;
#1319 = CARTESIAN_POINT ( 'NONE',  ( 45.40000000000001279, 110.0000000000000000, 0.000000000000000000 ) ) ;
#1320 = CYLINDRICAL_SURFACE ( 'NONE', #1786, 1.599999999999990319 ) ;
#1321 = CARTESIAN_POINT ( 'NONE',  ( 61.40000000000002700, 19.50000000001181988, 3.000000000000000000 ) ) ;
#1322 = ADVANCED_FACE ( 'NONE', ( #3208 ), #2723, .T. ) ;
#1323 = EDGE_LOOP ( 'NONE', ( #2236, #3042, #4804, #4170 ) ) ;
#1324 = CARTESIAN_POINT ( 'NONE',  ( 26.99999999999999645, 94.99999999999998579, 3.000000000000000000 ) ) ;
#1325 = CARTESIAN_POINT ( 'NONE',  ( -29.20000000000150209, 10.90000000001181846, 0.000000000000000000 ) ) ;
#1326 = CARTESIAN_POINT ( 'NONE',  ( 35.25000000000000000, 108.3999999999999915, 3.000000000000000000 ) ) ;
#1327 = VECTOR ( 'NONE', #5589, 1000.000000000000000 ) ;
#1328 = ORIENTED_EDGE ( 'NONE', *, *, #2443, .T. ) ;
#1329 = ORIENTED_EDGE ( 'NONE', *, *, #682, .T. ) ;
#1330 = CARTESIAN_POINT ( 'NONE',  ( -47.99999999999993605, -119.9999999999995737, 3.000000000000000000 ) ) ;
#1331 = EDGE_LOOP ( 'NONE', ( #1819, #1960, #2514, #5302 ) ) ;
#1332 = CYLINDRICAL_SURFACE ( 'NONE', #5529, 1.600000000000000755 ) ;
#1333 = VECTOR ( 'NONE', #4367, 1000.000000000000000 ) ;
#1334 = CARTESIAN_POINT ( 'NONE',  ( -29.19999999999999929, 1.500000000011825207, 0.000000000000000000 ) ) ;
#1335 = ORIENTED_EDGE ( 'NONE', *, *, #5428, .T. ) ;
#1336 = EDGE_CURVE ( 'NONE', #1316, #4185, #1221, .T. ) ;
#1337 = EDGE_LOOP ( 'NONE', ( #3894, #246, #2899, #5293 ) ) ;
#1338 = CARTESIAN_POINT ( 'NONE',  ( 62.99999999999408828, 36.50000000001489298, 3.000000000000000000 ) ) ;
#1339 = CYLINDRICAL_SURFACE ( 'NONE', #4950, 1.599999999999997646 ) ;
#1340 = DIRECTION ( 'NONE',  ( 0.000000000000000000, 0.000000000000000000, 1.000000000000000000 ) ) ;
#1341 = LINE ( 'NONE', #2235, #998 ) ;
#1342 = ORIENTED_EDGE ( 'NONE', *, *, #950, .F. ) ;
#1343 = DIRECTION ( 'NONE',  ( -0.000000000000000000, -0.000000000000000000, -1.000000000000000000 ) ) ;
#1344 = CARTESIAN_POINT ( 'NONE',  ( 0.000000000000000000, 64.99999999999886313, 0.000000000000000000 ) ) ;
#1345 = FACE_OUTER_BOUND ( 'NONE', #5452, .T. ) ;
#1346 = DIRECTION ( 'NONE',  ( -0.000000000000000000, -0.000000000000000000, -1.000000000000000000 ) ) ;
#1347 = ORIENTED_EDGE ( 'NONE', *, *, #1441, .F. ) ;
#1348 = CARTESIAN_POINT ( 'NONE',  ( -25.99999999999998934, -4.899999999988188470, 3.000000000000000000 ) ) ;
#1349 = ORIENTED_EDGE ( 'NONE', *, *, #1783, .T. ) ;
#1350 = LINE ( 'NONE', #1762, #4501 ) ;
#1351 = EDGE_CURVE ( 'NONE', #5043, #3738, #1040, .T. ) ;
#1352 = ORIENTED_EDGE ( 'NONE', *, *, #5561, .F. ) ;
#1353 = FACE_BOUND ( 'NONE', #4767, .T. ) ;
#1354 = VERTEX_POINT ( 'NONE', #1982 ) ;
#1355 = FACE_OUTER_BOUND ( 'NONE', #428, .T. ) ;
#1356 = VECTOR ( 'NONE', #338, 1000.000000000000000 ) ;
#1357 = DIRECTION ( 'NONE',  ( 0.000000000000000000, 0.000000000000000000, 1.000000000000000000 ) ) ;
#1359 = EDGE_CURVE ( 'NONE', #3191, #649, #4958, .T. ) ;
#1358 = EDGE_LOOP ( 'NONE', ( #256, #3908 ) ) ;
#1360 = ORIENTED_EDGE ( 'NONE', *, *, #483, .F. ) ;
#1361 = VECTOR ( 'NONE', #754, 1000.000000000000000 ) ;
#1362 = CIRCLE ( 'NONE', #1371, 1.600000000000004086 ) ;
#1363 = EDGE_LOOP ( 'NONE', ( #4848, #1386 ) ) ;
#1364 = FACE_OUTER_BOUND ( 'NONE', #3306, .T. ) ;
#1365 = DIRECTION ( 'NONE',  ( -0.000000000000000000, -0.000000000000000000, -1.000000000000000000 ) ) ;
#1366 = DIRECTION ( 'NONE',  ( 0.000000000000000000, 0.000000000000000000, 1.000000000000000000 ) ) ;
#1367 = EDGE_CURVE ( 'NONE', #2079, #640, #2042, .T. ) ;
#1368 = DIRECTION ( 'NONE',  ( -0.000000000000000000, -0.000000000000000000, -1.000000000000000000 ) ) ;
#1369 = AXIS2_PLACEMENT_3D ( 'NONE', #2916, #3429, #1699 ) ;
#1370 = EDGE_CURVE ( 'NONE', #2332, #2763, #3176, .T. ) ;
#1371 = AXIS2_PLACEMENT_3D ( 'NONE', #2875, #3710, #4147 ) ;
#1372 = ORIENTED_EDGE ( 'NONE', *, *, #3892, .T. ) ;
#1373 = VECTOR ( 'NONE', #164, 1000.000000000000000 ) ;
#1374 = CARTESIAN_POINT ( 'NONE',  ( 28.54999999999999716, 94.99999999999998579, 3.000000000000000000 ) ) ;
#1375 = PLANE ( 'NONE',  #2844 ) ;
#1376 = DIRECTION ( 'NONE',  ( 1.000000000000000000, 0.000000000000000000, 0.000000000000000000 ) ) ;
#1377 = DIRECTION ( 'NONE',  ( -0.000000000000000000, -0.000000000000000000, -1.000000000000000000 ) ) ;
#1378 = VECTOR ( 'NONE', #5368, 1000.000000000000000 ) ;
#1379 = ORIENTED_EDGE ( 'NONE', *, *, #4789, .T. ) ;
#1380 = DIRECTION ( 'NONE',  ( 0.000000000000000000, 0.000000000000000000, 1.000000000000000000 ) ) ;
#1381 = CIRCLE ( 'NONE', #5682, 1.550000000000002709 ) ;
#1382 = ORIENTED_EDGE ( 'NONE', *, *, #2308, .T. ) ;
#1383 = DIRECTION ( 'NONE',  ( -0.000000000000000000, -0.000000000000000000, -1.000000000000000000 ) ) ;
#1384 = FACE_BOUND ( 'NONE', #952, .T. ) ;
#1385 = EDGE_CURVE ( 'NONE', #3445, #4171, #4535, .T. ) ;
#1386 = ORIENTED_EDGE ( 'NONE', *, *, #392, .F. ) ;
#1387 = DIRECTION ( 'NONE',  ( -1.000000000000000000, 0.000000000000000000, 0.000000000000000000 ) ) ;
#1388 = AXIS2_PLACEMENT_3D ( 'NONE', #2518, #5497, #2465 ) ;
#1389 = EDGE_LOOP ( 'NONE', ( #97, #350 ) ) ;
#1390 = FACE_OUTER_BOUND ( 'NONE', #3409, .T. ) ;
#1391 = ORIENTED_EDGE ( 'NONE', *, *, #3114, .F. ) ;
#1392 = VERTEX_POINT ( 'NONE', #177 ) ;
#1393 = AXIS2_PLACEMENT_3D ( 'NONE', #1106, #3298, #2842 ) ;
#1394 = ORIENTED_EDGE ( 'NONE', *, *, #13, .T. ) ;
#1395 = EDGE_CURVE ( 'NONE', #192, #1354, #1494, .T. ) ;
#1396 = ORIENTED_EDGE ( 'NONE', *, *, #4579, .F. ) ;
#1397 = COLOUR_RGB ( '',0.7921568627450980005, 0.8196078431372548767, 0.9333333333333333481 ) ;
#1398 = DIRECTION ( 'NONE',  ( 0.000000000000000000, 0.000000000000000000, 1.000000000000000000 ) ) ;
#1399 = FACE_OUTER_BOUND ( 'NONE', #1127, .T. ) ;
#1400 = DIRECTION ( 'NONE',  ( -0.000000000000000000, -0.000000000000000000, -1.000000000000000000 ) ) ;
#1401 = CARTESIAN_POINT ( 'NONE',  ( 50.99999999999364064, -103.0000000000000000, 3.000000000000000000 ) ) ;
#1402 = EDGE_CURVE ( 'NONE', #5277, #3271, #4142, .T. ) ;
#1403 = EDGE_CURVE ( 'NONE', #1311, #3962, #4410, .T. ) ;
#1404 = DIRECTION ( 'NONE',  ( -0.000000000000000000, -0.000000000000000000, -1.000000000000000000 ) ) ;
#1405 = FACE_OUTER_BOUND ( 'NONE', #39, .T. ) ;
#1406 = DIRECTION ( 'NONE',  ( -0.000000000000000000, -0.000000000000000000, -1.000000000000000000 ) ) ;
#1407 = PLANE ( 'NONE',  #3729 ) ;
#1408 = EDGE_CURVE ( 'NONE', #1568, #4687, #1215, .T. ) ;
#1409 = ORIENTED_EDGE ( 'NONE', *, *, #2146, .F. ) ;
#1410 = LINE ( 'NONE', #4896, #4566 ) ;
#1411 = CARTESIAN_POINT ( 'NONE',  ( 25.99999999999999645, -42.09999999998818510, 3.000000000000000000 ) ) ;
#1412 = CARTESIAN_POINT ( 'NONE',  ( -26.99999999999366196, -103.0000000000000142, 3.000000000000000000 ) ) ;
#1413 = ORIENTED_EDGE ( 'NONE', *, *, #1919, .F. ) ;
#1414 = CARTESIAN_POINT ( 'NONE',  ( -47.99999999999425171, -115.0000000000019611, 3.000000000000000000 ) ) ;
#1415 = ORIENTED_EDGE ( 'NONE', *, *, #1751, .T. ) ;
#1416 = CARTESIAN_POINT ( 'NONE',  ( 48.00000000000000000, -119.9999999999997726, 0.000000000000000000 ) ) ;
#1417 = EDGE_LOOP ( 'NONE', ( #1103, #5271, #5138, #5180, #4232 ) ) ;
#1418 = CARTESIAN_POINT ( 'NONE',  ( -62.99999999999997158, 36.48713711185290975, 3.000000000000000000 ) ) ;
#1419 = VECTOR ( 'NONE', #1778, 1000.000000000000000 ) ;
#1420 = EDGE_LOOP ( 'NONE', ( #3626, #1902, #4610, #4853 ) ) ;
#1422 = ORIENTED_EDGE ( 'NONE', *, *, #5535, .F. ) ;
#1421 = ADVANCED_FACE ( 'NONE', ( #4703 ), #3405, .T. ) ;
#1423 = VERTEX_POINT ( 'NONE', #318 ) ;
#1424 = VECTOR ( 'NONE', #2941, 1000.000000000000000 ) ;
#1425 = ORIENTED_EDGE ( 'NONE', *, *, #1226, .F. ) ;
#1426 = CARTESIAN_POINT ( 'NONE',  ( -26.99999999999998934, 64.99999999999998579, 3.000000000000000000 ) ) ;
#1427 = CARTESIAN_POINT ( 'NONE',  ( 63.00000000000000000, 104.0000000000106724, 3.000000000000000000 ) ) ;
#1428 = DIRECTION ( 'NONE',  ( 0.000000000000000000, 0.000000000000000000, 1.000000000000000000 ) ) ;
#1429 = CYLINDRICAL_SURFACE ( 'NONE', #2286, 1.599999999999962563 ) ;
#1431 = ORIENTED_EDGE ( 'NONE', *, *, #5633, .T. ) ;
#1430 = ADVANCED_FACE ( 'NONE', ( #1159 ), #5121, .F. ) ;
#1432 = CARTESIAN_POINT ( 'NONE',  ( -62.99999999999998579, -114.9999999999965610, 3.000000000000000000 ) ) ;
#1433 = CARTESIAN_POINT ( 'NONE',  ( -8.000000000000000000, -93.00000000000000000, 3.000000000000000000 ) ) ;
#1434 = PLANE ( 'NONE',  #4034 ) ;
#1435 = LINE ( 'NONE', #2661, #960 ) ;
#1436 = CARTESIAN_POINT ( 'NONE',  ( -79.99999999999998579, 36.50000000001182343, 3.000000000000000000 ) ) ;
#1437 = ORIENTED_EDGE ( 'NONE', *, *, #1908, .F. ) ;
#1438 = LINE ( 'NONE', #3173, #1735 ) ;
#1439 = LINE ( 'NONE', #3570, #5309 ) ;
#1440 = DIRECTION ( 'NONE',  ( 1.000000000000000000, 0.000000000000000000, 0.000000000000000000 ) ) ;
#1441 = EDGE_CURVE ( 'NONE', #5398, #4711, #482, .T. ) ;
#1442 = ORIENTED_EDGE ( 'NONE', *, *, #1764, .T. ) ;
#1443 = ORIENTED_EDGE ( 'NONE', *, *, #3558, .T. ) ;
#1444 = FACE_OUTER_BOUND ( 'NONE', #625, .T. ) ;
#1445 = EDGE_LOOP ( 'NONE', ( #3065, #613 ) ) ;
#1446 = CARTESIAN_POINT ( 'NONE',  ( 5.999999999994776623, 21.10000000001182130, 3.000000000000000000 ) ) ;
#1447 = ORIENTED_EDGE ( 'NONE', *, *, #2658, .T. ) ;
#1448 = CARTESIAN_POINT ( 'NONE',  ( 62.99999999995772981, -115.0000000000000000, 3.000000000000000000 ) ) ;
#1449 = ORIENTED_EDGE ( 'NONE', *, *, #3452, .F. ) ;
#1450 = ORIENTED_EDGE ( 'NONE', *, *, #171, .F. ) ;
#1451 = CIRCLE ( 'NONE', #4479, 1.550000000000002709 ) ;
#1452 = EDGE_LOOP ( 'NONE', ( #3581, #3579, #591, #4442 ) ) ;
#1453 = CIRCLE ( 'NONE', #1266, 1.599999999999997202 ) ;
#1454 = CARTESIAN_POINT ( 'NONE',  ( -47.99999999999993605, -119.9999999999995737, 3.000000000000000000 ) ) ;
#1455 = LINE ( 'NONE', #993, #4040 ) ;
#1456 =( LENGTH_UNIT ( ) NAMED_UNIT ( * ) SI_UNIT ( .MILLI., .METRE. ) );
#1457 = DIRECTION ( 'NONE',  ( -0.000000000000000000, -0.000000000000000000, -1.000000000000000000 ) ) ;
#1458 = ORIENTED_EDGE ( 'NONE', *, *, #4169, .F. ) ;
#1459 = VECTOR ( 'NONE', #732, 1000.000000000000000 ) ;
#1460 = AXIS2_PLACEMENT_3D ( 'NONE', #1199, #4229, #1576 ) ;
#1461 = CARTESIAN_POINT ( 'NONE',  ( -47.00000000000000000, 120.0000000000106581, 0.000000000000000000 ) ) ;
#1462 = FACE_BOUND ( 'NONE', #5173, .T. ) ;
#1463 = EDGE_CURVE ( 'NONE', #1482, #301, #2864, .T. ) ;
#1464 = VECTOR ( 'NONE', #3064, 1000.000000000000000 ) ;
#1465 = DIRECTION ( 'NONE',  ( 0.000000000000000000, 0.000000000000000000, 1.000000000000000000 ) ) ;
#1466 = CARTESIAN_POINT ( 'NONE',  ( -8.000000000000000000, 80.00000000000000000, 3.000000000000000000 ) ) ;
#1467 = CIRCLE ( 'NONE', #4746, 5.000000000000004441 ) ;
#1468 = CARTESIAN_POINT ( 'NONE',  ( 0.000000000000000000, 1.500000000011825207, 3.000000000000000000 ) ) ;
#1469 = VECTOR ( 'NONE', #2045, 1000.000000000000000 ) ;
#1470 = EDGE_LOOP ( 'NONE', ( #3112, #2698 ) ) ;
#1471 = CARTESIAN_POINT ( 'NONE',  ( 49.59999999995361719, -114.9999999999996874, 3.000000000000000000 ) ) ;
#1472 = FILL_AREA_STYLE_COLOUR ( '', #4304 ) ;
#1473 = DIRECTION ( 'NONE',  ( 0.000000000000000000, 0.000000000000000000, 1.000000000000000000 ) ) ;
#1474 = CIRCLE ( 'NONE', #1746, 1.550000000000002709 ) ;
#1475 = CARTESIAN_POINT ( 'NONE',  ( 25.44999999999999574, 94.99999999999998579, 3.000000000000000000 ) ) ;
#1476 = EDGE_CURVE ( 'NONE', #5445, #3761, #1032, .T. ) ;
#1477 = ADVANCED_FACE ( 'NONE', ( #702 ), #1644, .F. ) ;
#1478 = EDGE_LOOP ( 'NONE', ( #4709, #5297 ) ) ;
#1479 = DIRECTION ( 'NONE',  ( -0.000000000000000000, -0.000000000000000000, -1.000000000000000000 ) ) ;
#1480 = DIRECTION ( 'NONE',  ( 0.000000000000000000, 0.000000000000000000, 1.000000000000000000 ) ) ;
#1481 = CIRCLE ( 'NONE', #2215, 1.600000000001991829 ) ;
#1482 = VERTEX_POINT ( 'NONE', #4270 ) ;
#1483 = EDGE_LOOP ( 'NONE', ( #5193, #1152 ) ) ;
#1484 = EDGE_LOOP ( 'NONE', ( #2885, #1310 ) ) ;
#1485 = VECTOR ( 'NONE', #4942, 1000.000000000000000 ) ;
#1486 = ORIENTED_EDGE ( 'NONE', *, *, #3575, .F. ) ;
#1487 = LINE ( 'NONE', #3646, #3288 ) ;
#1488 =( LENGTH_UNIT ( ) NAMED_UNIT ( * ) SI_UNIT ( .MILLI., .METRE. ) );
#1489 = CARTESIAN_POINT ( 'NONE',  ( -29.19999999999999929, 1.500000000011825207, 3.000000000000000000 ) ) ;
#1490 = VERTEX_POINT ( 'NONE', #728 ) ;
#1491 = CIRCLE ( 'NONE', #670, 1.550000000000002709 ) ;
#1492 = DIRECTION ( 'NONE',  ( -0.000000000000000000, -0.000000000000000000, -1.000000000000000000 ) ) ;
#1493 = DIRECTION ( 'NONE',  ( 0.000000000000000000, 0.000000000000000000, 1.000000000000000000 ) ) ;
#1494 = CIRCLE ( 'NONE', #3217, 1.600000000000000755 ) ;
#1495 = CARTESIAN_POINT ( 'NONE',  ( -56.79999999999999716, -47.49999999998818367, 3.000000000000000000 ) ) ;
#1496 = CARTESIAN_POINT ( 'NONE',  ( -1.600000000001991829, 110.0000000000000000, 0.000000000000000000 ) ) ;
#1497 = LINE ( 'NONE', #4530, #4735 ) ;
#1498 = AXIS2_PLACEMENT_3D ( 'NONE', #4826, #2233, #1748 ) ;
#1499 = EDGE_CURVE ( 'NONE', #2845, #503, #4646, .T. ) ;
#1500 = EDGE_LOOP ( 'NONE', ( #4764, #5530, #774, #4859 ) ) ;
#1501 = CARTESIAN_POINT ( 'NONE',  ( 8.000000000000000000, -82.99999999999998579, 3.000000000000000000 ) ) ;
#1502 = DIRECTION ( 'NONE',  ( -1.000000000000000000, 0.000000000000000000, 0.000000000000000000 ) ) ;
#1503 = AXIS2_PLACEMENT_3D ( 'NONE', #5052, #2486, #2873 ) ;
#1504 = EDGE_CURVE ( 'NONE', #954, #2915, #3293, .T. ) ;
#1505 = VERTEX_POINT ( 'NONE', #3349 ) ;
#1506 = EDGE_LOOP ( 'NONE', ( #1195, #3216, #2841, #5608 ) ) ;
#1507 = FACE_BOUND ( 'NONE', #3011, .T. ) ;
#1508 = EDGE_LOOP ( 'NONE', ( #4589, #4082 ) ) ;
#1509 = PLANE ( 'NONE',  #693 ) ;
#1510 = CARTESIAN_POINT ( 'NONE',  ( 63.00000000000001421, 19.50000000001181988, 0.000000000000000000 ) ) ;
#1511 = ORIENTED_EDGE ( 'NONE', *, *, #1226, .T. ) ;
#1512 = ORIENTED_EDGE ( 'NONE', *, *, #4790, .F. ) ;
#1513 = ORIENTED_EDGE ( 'NONE', *, *, #3558, .F. ) ;
#1514 = ORIENTED_EDGE ( 'NONE', *, *, #4015, .T. ) ;
#1515 = LINE ( 'NONE', #1540, #1378 ) ;
#1516 = CIRCLE ( 'NONE', #2246, 1.600000000000004086 ) ;
#1517 = CARTESIAN_POINT ( 'NONE',  ( 17.60000000000000142, 36.50000000001182343, 0.000000000000000000 ) ) ;
#1518 = DIRECTION ( 'NONE',  ( -1.000000000000000000, 0.000000000000000000, 0.000000000000000000 ) ) ;
#1519 = ORIENTED_EDGE ( 'NONE', *, *, #1192, .F. ) ;
#1520 = ADVANCED_FACE ( 'NONE', ( #2104 ), #261, .F. ) ;
#1521 = AXIS2_PLACEMENT_3D ( 'NONE', #2067, #779, #1611 ) ;
#1522 = DIRECTION ( 'NONE',  ( 0.000000000000000000, 0.000000000000000000, 1.000000000000000000 ) ) ;
#1523 = FACE_BOUND ( 'NONE', #5426, .T. ) ;
#1524 = LINE ( 'NONE', #4262, #1212 ) ;
#1525 = CARTESIAN_POINT ( 'NONE',  ( 63.00000000000000000, 53.50000000001177369, 0.000000000000000000 ) ) ;
#1526 = DIRECTION ( 'NONE',  ( -1.000000000000000000, -0.000000000000000000, -0.000000000000000000 ) ) ;
#1527 = ORIENTED_EDGE ( 'NONE', *, *, #3704, .T. ) ;
#1528 = DIRECTION ( 'NONE',  ( 0.000000000000000000, 0.000000000000000000, 1.000000000000000000 ) ) ;
#1529 = CYLINDRICAL_SURFACE ( 'NONE', #4489, 1.550000000000002709 ) ;
#1530 = DIRECTION ( 'NONE',  ( 1.000000000000000000, 0.000000000000000000, 0.000000000000000000 ) ) ;
#1531 = ORIENTED_EDGE ( 'NONE', *, *, #5018, .F. ) ;
#1532 = FACE_BOUND ( 'NONE', #1577, .T. ) ;
#1533 = VERTEX_POINT ( 'NONE', #2015 ) ;
#1534 = EDGE_CURVE ( 'NONE', #3696, #2033, #3319, .T. ) ;
#1535 = DIRECTION ( 'NONE',  ( -0.000000000000000000, -0.000000000000000000, -1.000000000000000000 ) ) ;
#1536 = VERTEX_POINT ( 'NONE', #1673 ) ;
#1537 = VERTEX_POINT ( 'NONE', #5095 ) ;
#1538 = ORIENTED_EDGE ( 'NONE', *, *, #3315, .F. ) ;
#1539 = ORIENTED_EDGE ( 'NONE', *, *, #5638, .T. ) ;
#1540 = CARTESIAN_POINT ( 'NONE',  ( 11.74999999999999645, 108.3999999999999915, 3.000000000000000000 ) ) ;
#1541 = ADVANCED_FACE ( 'NONE', ( #5150 ), #2975, .F. ) ;
#1542 = FILL_AREA_STYLE_COLOUR ( '', #1397 ) ;
#1543 = CARTESIAN_POINT ( 'NONE',  ( 51.00000000000000000, 94.99999999999997158, 3.000000000000000000 ) ) ;
#1544 = EDGE_LOOP ( 'NONE', ( #191, #5036, #4332, #2416 ) ) ;
#1545 = AXIS2_PLACEMENT_3D ( 'NONE', #125, #530, #2287 ) ;
#1546 = VECTOR ( 'NONE', #22, 1000.000000000000000 ) ;
#1547 = CARTESIAN_POINT ( 'NONE',  ( 51.00000000000000711, 65.00000000000000000, 0.000000000000000000 ) ) ;
#1548 = FACE_BOUND ( 'NONE', #4010, .T. ) ;
#1549 = EDGE_CURVE ( 'NONE', #1133, #44, #808, .T. ) ;
#1550 = ADVANCED_FACE ( 'NONE', ( #3873 ), #3000, .F. ) ;
#1551 = CARTESIAN_POINT ( 'NONE',  ( -26.00000000000522249, 19.50000000001181988, 3.000000000000000000 ) ) ;
#1552 = DIRECTION ( 'NONE',  ( -0.000000000000000000, -0.000000000000000000, -1.000000000000000000 ) ) ;
#1553 = CARTESIAN_POINT ( 'NONE',  ( 63.00000000000001421, 19.50000000001181988, 3.000000000000000000 ) ) ;
#1554 = AXIS2_PLACEMENT_3D ( 'NONE', #1414, #121, #4046 ) ;
#1555 = VECTOR ( 'NONE', #3080, 1000.000000000000000 ) ;
#1556 = VECTOR ( 'NONE', #4107, 1000.000000000000000 ) ;
#1557 = ORIENTED_EDGE ( 'NONE', *, *, #5592, .F. ) ;
#1558 = DIRECTION ( 'NONE',  ( 0.000000000000000000, 0.000000000000000000, 1.000000000000000000 ) ) ;
#1559 = PLANE ( 'NONE',  #286 ) ;
#1560 = LINE ( 'NONE', #4044, #3679 ) ;
#1561 = VECTOR ( 'NONE', #2301, 1000.000000000000000 ) ;
#1562 = AXIS2_PLACEMENT_3D ( 'NONE', #3610, #959, #987 ) ;
#1563 = ORIENTED_EDGE ( 'NONE', *, *, #2069, .T. ) ;
#1564 = CARTESIAN_POINT ( 'NONE',  ( -64.59999999999993747, 36.48713711185290975, 3.000000000000000000 ) ) ;
#1565 = AXIS2_PLACEMENT_3D ( 'NONE', #3552, #1398, #3526 ) ;
#1566 = EDGE_LOOP ( 'NONE', ( #3700, #3105, #4051, #687 ) ) ;
#1567 = DIRECTION ( 'NONE',  ( -0.7071067811865471286, -0.7071067811865479058, 0.000000000000000000 ) ) ;
#1568 = VERTEX_POINT ( 'NONE', #1293 ) ;
#1569 = CARTESIAN_POINT ( 'NONE',  ( 1.600000000000000089, 1.500000000011825430, 3.000000000000000000 ) ) ;
#1570 = ORIENTED_EDGE ( 'NONE', *, *, #13, .F. ) ;
#1571 = EDGE_CURVE ( 'NONE', #3607, #794, #516, .T. ) ;
#1572 = VERTEX_POINT ( 'NONE', #3979 ) ;
#1573 = ORIENTED_EDGE ( 'NONE', *, *, #3953, .T. ) ;
#1574 = CARTESIAN_POINT ( 'NONE',  ( 0.000000000000000000, 102.0000000000000000, 3.000000000000000000 ) ) ;
#1575 = AXIS2_PLACEMENT_3D ( 'NONE', #202, #4863, #2686 ) ;
#1576 = DIRECTION ( 'NONE',  ( -1.000000000000000000, 0.000000000000000000, 0.000000000000000000 ) ) ;
#1577 = EDGE_LOOP ( 'NONE', ( #1431, #2897 ) ) ;
#1578 = EDGE_CURVE ( 'NONE', #3259, #3237, #1702, .T. ) ;
#1579 = CIRCLE ( 'NONE', #3945, 1.549999999999999378 ) ;
#1580 = DIRECTION ( 'NONE',  ( -1.000000000000000000, 0.000000000000000000, 0.000000000000000000 ) ) ;
#1581 = FACE_BOUND ( 'NONE', #928, .T. ) ;
#1582 = CARTESIAN_POINT ( 'NONE',  ( 14.40000000000000036, 36.50000000001182343, 0.000000000000000000 ) ) ;
#1583 = DIRECTION ( 'NONE',  ( -0.000000000000000000, -0.000000000000000000, -1.000000000000000000 ) ) ;
#1584 = DIRECTION ( 'NONE',  ( -1.000000000000000000, 0.000000000000000000, 0.000000000000000000 ) ) ;
#1585 = EDGE_CURVE ( 'NONE', #2166, #1505, #2318, .T. ) ;
#1586 = EDGE_CURVE ( 'NONE', #1730, #4213, #3773, .T. ) ;
#1587 = AXIS2_PLACEMENT_3D ( 'NONE', #4898, #238, #3721 ) ;
#1588 = ORIENTED_EDGE ( 'NONE', *, *, #4627, .T. ) ;
#1589 = DIRECTION ( 'NONE',  ( -1.000000000000000000, 0.000000000000000000, 0.000000000000000000 ) ) ;
#1590 = DIRECTION ( 'NONE',  ( -0.000000000000000000, -0.000000000000000000, -1.000000000000000000 ) ) ;
#1591 = VECTOR ( 'NONE', #3528, 1000.000000000000000 ) ;
#1592 = DIRECTION ( 'NONE',  ( 1.000000000000000000, 0.000000000000000000, 0.000000000000000000 ) ) ;
#1593 = EDGE_CURVE ( 'NONE', #3772, #1303, #4782, .T. ) ;
#1594 = VERTEX_POINT ( 'NONE', #1805 ) ;
#1595 = CARTESIAN_POINT ( 'NONE',  ( 8.000000000000000000, -82.99999999999998579, 0.000000000000000000 ) ) ;
#1596 = VERTEX_POINT ( 'NONE', #4754 ) ;
#1597 = CARTESIAN_POINT ( 'NONE',  ( -27.60000000000522391, 19.50000000001181988, 0.000000000000000000 ) ) ;
#1598 = EDGE_LOOP ( 'NONE', ( #3684, #4936, #116, #2172, #1750 ) ) ;
#1599 = CYLINDRICAL_SURFACE ( 'NONE', #5468, 1.599999999999997202 ) ;
#1600 = ORIENTED_EDGE ( 'NONE', *, *, #3811, .T. ) ;
#1601 = ORIENTED_EDGE ( 'NONE', *, *, #3744, .F. ) ;
#1602 = ORIENTED_EDGE ( 'NONE', *, *, #300, .T. ) ;
#1603 = EDGE_LOOP ( 'NONE', ( #3495, #4354, #1265, #3358, #790 ) ) ;
#1604 = CARTESIAN_POINT ( 'NONE',  ( -47.99999999999425171, -115.0000000000019611, 3.000000000000000000 ) ) ;
#1605 = DIRECTION ( 'NONE',  ( 0.000000000000000000, 0.000000000000000000, 1.000000000000000000 ) ) ;
#1606 = ORIENTED_EDGE ( 'NONE', *, *, #4932, .F. ) ;
#1607 = CARTESIAN_POINT ( 'NONE',  ( -27.59999999999999787, -47.49999999998817657, 3.000000000000000000 ) ) ;
#1608 = CIRCLE ( 'NONE', #2243, 1.550000000000002709 ) ;
#1609 = CARTESIAN_POINT ( 'NONE',  ( -49.59999999999424602, -115.0000000000019611, 0.000000000000000000 ) ) ;
#1610 = CARTESIAN_POINT ( 'NONE',  ( 35.25000000000000000, 108.3999999999999915, 0.000000000000000000 ) ) ;
#1611 = DIRECTION ( 'NONE',  ( 1.000000000000000000, 0.000000000000000000, 0.000000000000000000 ) ) ;
#1612 = EDGE_CURVE ( 'NONE', #1655, #1075, #435, .T. ) ;
#1613 = DIRECTION ( 'NONE',  ( 0.000000000000000000, 0.000000000000000000, 1.000000000000000000 ) ) ;
#1614 = AXIS2_PLACEMENT_3D ( 'NONE', #2271, #4002, #1834 ) ;
#1615 = VERTEX_POINT ( 'NONE', #457 ) ;
#1616 = CYLINDRICAL_SURFACE ( 'NONE', #2735, 1.549999999999999378 ) ;
#1617 = VECTOR ( 'NONE', #1798, 1000.000000000000000 ) ;
#1618 = DIRECTION ( 'NONE',  ( 0.000000000000000000, 0.000000000000000000, -1.000000000000000000 ) ) ;
#1619 = CARTESIAN_POINT ( 'NONE',  ( -13.99999999999976197, -109.6000000000041155, 3.000000000000000000 ) ) ;
#1620 = ADVANCED_FACE ( 'NONE', ( #5179 ), #5237, .F. ) ;
#1621 = DIRECTION ( 'NONE',  ( 0.000000000000000000, 0.000000000000000000, -1.000000000000000000 ) ) ;
#1622 = FACE_BOUND ( 'NONE', #1972, .T. ) ;
#1623 = EDGE_LOOP ( 'NONE', ( #3609, #1105 ) ) ;
#1624 = CARTESIAN_POINT ( 'NONE',  ( -47.99999999999993605, -119.9999999999995737, 0.000000000000000000 ) ) ;
#1625 = EDGE_CURVE ( 'NONE', #1596, #1536, #3534, .T. ) ;
#1626 = EDGE_LOOP ( 'NONE', ( #1298, #4617, #1514, #3611 ) ) ;
#1627 = ORIENTED_EDGE ( 'NONE', *, *, #2515, .T. ) ;
#1628 = VERTEX_POINT ( 'NONE', #400 ) ;
#1629 = EDGE_LOOP ( 'NONE', ( #3681, #5049 ) ) ;
#1630 = CARTESIAN_POINT ( 'NONE',  ( 5.999999999994776623, 21.10000000001182130, 3.000000000000000000 ) ) ;
#1631 = DIRECTION ( 'NONE',  ( 0.000000000000000000, 0.000000000000000000, 1.000000000000000000 ) ) ;
#1632 = EDGE_LOOP ( 'NONE', ( #1178, #5307, #4470, #5146 ) ) ;
#1633 = CARTESIAN_POINT ( 'NONE',  ( -69.89999999999997726, 1.500000000011825430, 3.000000000000000000 ) ) ;
#1634 = CARTESIAN_POINT ( 'NONE',  ( 29.19999999999999929, -47.49999999998817657, 0.000000000000000000 ) ) ;
#1635 = CARTESIAN_POINT ( 'NONE',  ( -47.99999999999425171, -115.0000000000019611, 0.000000000000000000 ) ) ;
#1636 = CARTESIAN_POINT ( 'NONE',  ( -25.99999999999999645, -38.89999999998819646, 0.000000000000000000 ) ) ;
#1637 = CARTESIAN_POINT ( 'NONE',  ( 61.39999999999408686, 36.50000000001489298, 3.000000000000000000 ) ) ;
#1638 = EDGE_CURVE ( 'NONE', #4388, #1884, #949, .T. ) ;
#1639 = ORIENTED_EDGE ( 'NONE', *, *, #4297, .F. ) ;
#1640 = DIRECTION ( 'NONE',  ( -0.000000000000000000, -0.000000000000000000, -1.000000000000000000 ) ) ;
#1641 = VECTOR ( 'NONE', #4087, 1000.000000000000000 ) ;
#1642 = DIRECTION ( 'NONE',  ( -0.000000000000000000, -0.000000000000000000, -1.000000000000000000 ) ) ;
#1643 = DIRECTION ( 'NONE',  ( 0.000000000000000000, 0.000000000000000000, 1.000000000000000000 ) ) ;
#1644 = CYLINDRICAL_SURFACE ( 'NONE', #2225, 5.000000000000004441 ) ;
#1645 = AXIS2_PLACEMENT_3D ( 'NONE', #1729, #3463, #5650 ) ;
#1646 = EDGE_CURVE ( 'NONE', #1753, #4557, #4324, .T. ) ;
#1647 = DIRECTION ( 'NONE',  ( -1.000000000000000000, 0.000000000000000000, 0.000000000000000000 ) ) ;
#1648 = ORIENTED_EDGE ( 'NONE', *, *, #1359, .F. ) ;
#1649 = LINE ( 'NONE', #1624, #475 ) ;
#1650 = AXIS2_PLACEMENT_3D ( 'NONE', #5618, #3895, #3374 ) ;
#1651 = VECTOR ( 'NONE', #2458, 1000.000000000000000 ) ;
#1652 = ADVANCED_FACE ( 'NONE', ( #2607 ), #2688, .F. ) ;
#1653 = EDGE_CURVE ( 'NONE', #738, #5277, #2214, .T. ) ;
#1654 = AXIS2_PLACEMENT_3D ( 'NONE', #10, #68, #2173 ) ;
#1655 = VERTEX_POINT ( 'NONE', #1779 ) ;
#1656 = VERTEX_POINT ( 'NONE', #3922 ) ;
#1657 = FACE_OUTER_BOUND ( 'NONE', #1660, .T. ) ;
#1658 = ORIENTED_EDGE ( 'NONE', *, *, #2935, .T. ) ;
#1659 = DIRECTION ( 'NONE',  ( 0.000000000000000000, 0.000000000000000000, 1.000000000000000000 ) ) ;
#1660 = EDGE_LOOP ( 'NONE', ( #382, #4636, #5485, #1940 ) ) ;
#1661 = DIRECTION ( 'NONE',  ( 0.000000000000000000, 0.000000000000000000, 1.000000000000000000 ) ) ;
#1662 = CIRCLE ( 'NONE', #4677, 10.00000000000000355 ) ;
#1663 = LINE ( 'NONE', #5314, #3283 ) ;
#1664 = FACE_OUTER_BOUND ( 'NONE', #4127, .T. ) ;
#1665 = CARTESIAN_POINT ( 'NONE',  ( 29.19999999999999929, 1.500000000011825207, 3.000000000000000000 ) ) ;
#1666 = CARTESIAN_POINT ( 'NONE',  ( -58.39999999999999858, 1.500000000011825207, 3.000000000000000000 ) ) ;
#1667 = VECTOR ( 'NONE', #4462, 1000.000000000000000 ) ;
#1668 = ORIENTED_EDGE ( 'NONE', *, *, #1958, .T. ) ;
#1669 = ORIENTED_EDGE ( 'NONE', *, *, #1367, .F. ) ;
#1670 = CARTESIAN_POINT ( 'NONE',  ( -29.19999999999999929, -47.49999999998817657, 3.000000000000000000 ) ) ;
#1671 = CARTESIAN_POINT ( 'NONE',  ( 63.00000000000001421, 19.50000000001181988, 0.000000000000000000 ) ) ;
#1672 = CARTESIAN_POINT ( 'NONE',  ( -29.19999999999999929, 1.500000000011825207, 3.000000000000000000 ) ) ;
#1673 = CARTESIAN_POINT ( 'NONE',  ( -62.99999999999998579, -114.9999999999965610, 3.000000000000000000 ) ) ;
#1674 = EDGE_CURVE ( 'NONE', #5516, #2218, #3085, .T. ) ;
#1675 = CIRCLE ( 'NONE', #206, 1.600000000000000089 ) ;
#1676 = ORIENTED_EDGE ( 'NONE', *, *, #4276, .F. ) ;
#1677 = AXIS2_PLACEMENT_3D ( 'NONE', #480, #42, #2680 ) ;
#1678 = FACE_OUTER_BOUND ( 'NONE', #573, .T. ) ;
#1679 = VERTEX_POINT ( 'NONE', #5677 ) ;
#1680 = CARTESIAN_POINT ( 'NONE',  ( 0.000000000000000000, 1.500000000011825207, 0.000000000000000000 ) ) ;
#1681 = CIRCLE ( 'NONE', #3126, 1.550000000000002709 ) ;
#1682 = EDGE_CURVE ( 'NONE', #3905, #2423, #2158, .T. ) ;
#1683 = ORIENTED_EDGE ( 'NONE', *, *, #351, .F. ) ;
#1684 = EDGE_LOOP ( 'NONE', ( #1922, #2023, #854, #4339 ) ) ;
#1685 = VERTEX_POINT ( 'NONE', #4836 ) ;
#1686 = LINE ( 'NONE', #5488, #556 ) ;
#1687 = FACE_OUTER_BOUND ( 'NONE', #5311, .T. ) ;
#1689 = EDGE_CURVE ( 'NONE', #3259, #4841, #4370, .T. ) ;
#1688 = VERTEX_POINT ( 'NONE', #3898 ) ;
#1690 = ORIENTED_EDGE ( 'NONE', *, *, #2751, .F. ) ;
#1691 = CARTESIAN_POINT ( 'NONE',  ( -26.99999999999998934, 94.99999999999998579, 3.000000000000000000 ) ) ;
#1692 = CARTESIAN_POINT ( 'NONE',  ( 60.00000000000300560, 10.90000000001181846, 3.000000000000000000 ) ) ;
#1693 = DIRECTION ( 'NONE',  ( 1.000000000000000000, 0.000000000000000000, 0.000000000000000000 ) ) ;
#1694 = CARTESIAN_POINT ( 'NONE',  ( 25.99999999999999645, -38.89999999998819646, 3.000000000000000000 ) ) ;
#1695 = DIRECTION ( 'NONE',  ( 0.000000000000000000, 0.000000000000000000, 1.000000000000000000 ) ) ;
#1696 = EDGE_CURVE ( 'NONE', #570, #3752, #4099, .T. ) ;
#1697 = AXIS2_PLACEMENT_3D ( 'NONE', #2284, #186, #1931 ) ;
#1698 = EDGE_LOOP ( 'NONE', ( #5361, #149 ) ) ;
#1699 = DIRECTION ( 'NONE',  ( 1.000000000000000000, 0.000000000000000000, 0.000000000000000000 ) ) ;
#1700 = CARTESIAN_POINT ( 'NONE',  ( 80.00000000000000000, 36.50000000001485034, 3.000000000000000000 ) ) ;
#1701 = DIRECTION ( 'NONE',  ( 0.000000000000000000, 0.000000000000000000, 1.000000000000000000 ) ) ;
#1702 = LINE ( 'NONE', #2242, #764 ) ;
#1703 = AXIS2_PLACEMENT_3D ( 'NONE', #2630, #582, #3978 ) ;
#1704 = AXIS2_PLACEMENT_3D ( 'NONE', #1773, #1366, #2296 ) ;
#1705 = EDGE_LOOP ( 'NONE', ( #3790, #5551 ) ) ;
#1706 = DIRECTION ( 'NONE',  ( -0.7071067811865479058, 0.7071067811865472397, 0.000000000000000000 ) ) ;
#1707 = ORIENTED_EDGE ( 'NONE', *, *, #2944, .T. ) ;
#1708 = LINE ( 'NONE', #352, #4404 ) ;
#1709 = VERTEX_POINT ( 'NONE', #2800 ) ;
#1710 = VERTEX_POINT ( 'NONE', #81 ) ;
#1711 = EDGE_CURVE ( 'NONE', #192, #1655, #2331, .T. ) ;
#1712 = ORIENTED_EDGE ( 'NONE', *, *, #1317, .T. ) ;
#1713 = DIRECTION ( 'NONE',  ( 1.000000000000000000, 0.000000000000000000, 0.000000000000000000 ) ) ;
#1714 = DIRECTION ( 'NONE',  ( -0.000000000000000000, -0.000000000000000000, -1.000000000000000000 ) ) ;
#1715 = VERTEX_POINT ( 'NONE', #2718 ) ;
#1716 = LINE ( 'NONE', #826, #3929 ) ;
#1717 = LINE ( 'NONE', #909, #4314 ) ;
#1718 = CARTESIAN_POINT ( 'NONE',  ( -13.99999999999999645, -108.0000000000041069, 3.000000000000000000 ) ) ;
#1719 = DIRECTION ( 'NONE',  ( -1.000000000000000000, -0.000000000000000000, -0.000000000000000000 ) ) ;
#1720 = EDGE_CURVE ( 'NONE', #5269, #2449, #4066, .T. ) ;
#1721 = ADVANCED_FACE ( 'NONE', ( #583 ), #1407, .F. ) ;
#1722 = CARTESIAN_POINT ( 'NONE',  ( 30.79999999999999716, 1.500000000011825430, 3.000000000000000000 ) ) ;
#1723 = DIRECTION ( 'NONE',  ( 0.000000000000000000, 0.000000000000000000, 1.000000000000000000 ) ) ;
#1724 = CARTESIAN_POINT ( 'NONE',  ( -25.99999999999999645, -38.89999999998819646, 3.000000000000000000 ) ) ;
#1725 = CARTESIAN_POINT ( 'NONE',  ( -25.99999999999999645, -40.49999999998819078, 3.000000000000000000 ) ) ;
#1726 = VECTOR ( 'NONE', #5579, 1000.000000000000000 ) ;
#1727 = ORIENTED_EDGE ( 'NONE', *, *, #105, .F. ) ;
#1728 = VECTOR ( 'NONE', #2520, 1000.000000000000000 ) ;
#1729 = CARTESIAN_POINT ( 'NONE',  ( 25.99999999999998934, -6.499999999988189003, 3.000000000000000000 ) ) ;
#1730 = VERTEX_POINT ( 'NONE', #4125 ) ;
#1731 = DIRECTION ( 'NONE',  ( 1.000000000000000000, 0.000000000000000000, 0.000000000000000000 ) ) ;
#1732 = AXIS2_PLACEMENT_3D ( 'NONE', #5326, #2665, #2692 ) ;
#1733 = VECTOR ( 'NONE', #3943, 1000.000000000000000 ) ;
#1734 = EDGE_LOOP ( 'NONE', ( #1342, #1557 ) ) ;
#1735 = VECTOR ( 'NONE', #4923, 1000.000000000000000 ) ;
#1736 = ORIENTED_EDGE ( 'NONE', *, *, #1132, .F. ) ;
#1737 = VECTOR ( 'NONE', #3014, 1000.000000000000000 ) ;
#1738 = DIRECTION ( 'NONE',  ( -0.000000000000000000, -0.000000000000000000, -1.000000000000000000 ) ) ;
#1739 = CARTESIAN_POINT ( 'NONE',  ( -60.00000000000000711, -47.49999999998818367, 3.000000000000000000 ) ) ;
#1741 = ORIENTED_EDGE ( 'NONE', *, *, #2970, .F. ) ;
#1740 = EDGE_CURVE ( 'NONE', #2801, #2449, #1906, .T. ) ;
#1742 = AXIS2_PLACEMENT_3D ( 'NONE', #1634, #1205, #1147 ) ;
#1743 = ORIENTED_EDGE ( 'NONE', *, *, #2093, .T. ) ;
#1744 = ORIENTED_EDGE ( 'NONE', *, *, #3597, .F. ) ;
#1745 = CYLINDRICAL_SURFACE ( 'NONE', #1654, 1.549999999999999378 ) ;
#1746 = AXIS2_PLACEMENT_3D ( 'NONE', #3192, #2768, #1026 ) ;
#1747 = DIRECTION ( 'NONE',  ( -0.000000000000000000, -0.000000000000000000, -1.000000000000000000 ) ) ;
#1748 = DIRECTION ( 'NONE',  ( -1.000000000000000000, 0.000000000000000000, 0.000000000000000000 ) ) ;
#1749 = DIRECTION ( 'NONE',  ( -0.000000000000000000, -0.000000000000000000, -1.000000000000000000 ) ) ;
#1751 = EDGE_CURVE ( 'NONE', #2317, #5051, #2103, .T. ) ;
#1750 = ORIENTED_EDGE ( 'NONE', *, *, #5245, .F. ) ;
#1752 = AXIS2_PLACEMENT_3D ( 'NONE', #3261, #1098, #3151 ) ;
#1753 = VERTEX_POINT ( 'NONE', #2776 ) ;
#1754 = CARTESIAN_POINT ( 'NONE',  ( -29.19999999999999929, 1.500000000011825207, 3.000000000000000000 ) ) ;
#1755 = DIRECTION ( 'NONE',  ( -0.000000000000000000, -0.000000000000000000, -1.000000000000000000 ) ) ;
#1756 = CARTESIAN_POINT ( 'NONE',  ( -27.60000000000150422, 10.90000000001181846, 3.000000000000000000 ) ) ;
#1757 = CARTESIAN_POINT ( 'NONE',  ( -25.99999999999999645, -40.49999999998819078, 3.000000000000000000 ) ) ;
#1758 = CIRCLE ( 'NONE', #662, 5.000000000000004441 ) ;
#1759 = EDGE_LOOP ( 'NONE', ( #5656, #2459 ) ) ;
#1760 = CARTESIAN_POINT ( 'NONE',  ( -29.19999999999999929, -47.49999999998817657, 3.000000000000000000 ) ) ;
#1761 = LINE ( 'NONE', #2636, #3560 ) ;
#1762 = CARTESIAN_POINT ( 'NONE',  ( 0.000000000000000000, -115.0000000000000000, 0.000000000000000000 ) ) ;
#1763 = AXIS2_PLACEMENT_3D ( 'NONE', #4871, #55, #1731 ) ;
#1764 = EDGE_CURVE ( 'NONE', #2701, #597, #1497, .T. ) ;
#1765 = ORIENTED_EDGE ( 'NONE', *, *, #520, .F. ) ;
#1766 = VECTOR ( 'NONE', #2662, 1000.000000000000000 ) ;
#1767 = ORIENTED_EDGE ( 'NONE', *, *, #2797, .F. ) ;
#1768 = CARTESIAN_POINT ( 'NONE',  ( 0.000000000000000000, -47.49999999998817657, 3.000000000000000000 ) ) ;
#1769 = CARTESIAN_POINT ( 'NONE',  ( -30.80000000000149996, 10.90000000001181846, 0.000000000000000000 ) ) ;
#1770 = ORIENTED_EDGE ( 'NONE', *, *, #513, .F. ) ;
#1771 = CARTESIAN_POINT ( 'NONE',  ( -49.59999999999424602, -115.0000000000019611, 3.000000000000000000 ) ) ;
#1772 = CARTESIAN_POINT ( 'NONE',  ( -64.59999999999995168, 19.50000000001181988, 3.000000000000000000 ) ) ;
#1773 = CARTESIAN_POINT ( 'NONE',  ( -58.40000000000300417, 10.90000000001181846, 3.000000000000000000 ) ) ;
#1774 = DIRECTION ( 'NONE',  ( 0.000000000000000000, 0.000000000000000000, 1.000000000000000000 ) ) ;
#1775 = DIRECTION ( 'NONE',  ( 1.000000000000000000, 0.000000000000000000, 0.000000000000000000 ) ) ;
#1776 = ADVANCED_FACE ( 'NONE', ( #3144 ), #167, .F. ) ;
#1777 = FACE_OUTER_BOUND ( 'NONE', #5161, .T. ) ;
#1778 = DIRECTION ( 'NONE',  ( -0.000000000000000000, -0.000000000000000000, -1.000000000000000000 ) ) ;
#1779 = CARTESIAN_POINT ( 'NONE',  ( -26.00000000000522249, 21.10000000001182130, 0.000000000000000000 ) ) ;
#1780 = ORIENTED_EDGE ( 'NONE', *, *, #4288, .F. ) ;
#1781 = CARTESIAN_POINT ( 'NONE',  ( 8.000000000000000000, -82.99999999999998579, 3.000000000000000000 ) ) ;
#1782 = AXIS2_PLACEMENT_3D ( 'NONE', #4448, #2784, #124 ) ;
#1783 = EDGE_CURVE ( 'NONE', #1537, #3120, #3624, .T. ) ;
#1784 = EDGE_LOOP ( 'NONE', ( #1903, #2505 ) ) ;
#1785 = DIRECTION ( 'NONE',  ( -1.000000000000000000, 0.000000000000000000, 0.000000000000000000 ) ) ;
#1786 = AXIS2_PLACEMENT_3D ( 'NONE', #3058, #4640, #5407 ) ;
#1787 = ORIENTED_EDGE ( 'NONE', *, *, #1578, .F. ) ;
#1788 = DIRECTION ( 'NONE',  ( -0.7071067811865474617, -0.7071067811865474617, -0.000000000000000000 ) ) ;
#1789 = ADVANCED_FACE ( 'NONE', ( #1091 ), #1006, .F. ) ;
#1790 = ADVANCED_FACE ( 'NONE', ( #3257 ), #3595, .F. ) ;
#1791 = EDGE_LOOP ( 'NONE', ( #2808, #2811, #52, #1197 ) ) ;
#1792 = CYLINDRICAL_SURFACE ( 'NONE', #2237, 1.600000000000004086 ) ;
#1793 = DIRECTION ( 'NONE',  ( 1.000000000000000000, 0.000000000000000000, 0.000000000000000000 ) ) ;
#1794 = ORIENTED_EDGE ( 'NONE', *, *, #2487, .F. ) ;
#1795 = ORIENTED_EDGE ( 'NONE', *, *, #3695, .F. ) ;
#1796 = DIRECTION ( 'NONE',  ( 1.000000000000000000, 0.000000000000000000, 0.000000000000000000 ) ) ;
#1797 = LINE ( 'NONE', #4030, #107 ) ;
#1798 = DIRECTION ( 'NONE',  ( -0.000000000000000000, -0.000000000000000000, -1.000000000000000000 ) ) ;
#1799 = DIRECTION ( 'NONE',  ( -0.000000000000000000, -0.000000000000000000, -1.000000000000000000 ) ) ;
#1800 = EDGE_LOOP ( 'NONE', ( #4532, #3325, #5286, #3464 ) ) ;
#1801 = ORIENTED_EDGE ( 'NONE', *, *, #3667, .T. ) ;
#1802 = DIRECTION ( 'NONE',  ( 0.000000000000000000, 0.000000000000000000, 1.000000000000000000 ) ) ;
#1803 = FACE_OUTER_BOUND ( 'NONE', #3833, .T. ) ;
#1804 = DIRECTION ( 'NONE',  ( -0.9522153165317539525, 0.3054275543600013521, 0.000000000000000000 ) ) ;
#1805 = CARTESIAN_POINT ( 'NONE',  ( -1.599999999999998312, -47.49999999998817657, 3.000000000000000000 ) ) ;
#1806 = EDGE_CURVE ( 'NONE', #1568, #2845, #3451, .T. ) ;
#1807 = DIRECTION ( 'NONE',  ( 1.000000000000000000, 0.000000000000000000, 0.000000000000000000 ) ) ;
#1808 = EDGE_LOOP ( 'NONE', ( #2734, #768 ) ) ;
#1809 = CARTESIAN_POINT ( 'NONE',  ( 5.999999999994776623, 21.10000000001182130, 0.000000000000000000 ) ) ;
#1810 = EDGE_CURVE ( 'NONE', #3316, #4569, #3171, .T. ) ;
#1811 = CIRCLE ( 'NONE', #5007, 1.599999999999997202 ) ;
#1812 = CARTESIAN_POINT ( 'NONE',  ( -63.00000000000000000, 104.0000000000106581, 3.000000000000000000 ) ) ;
#1813 = VERTEX_POINT ( 'NONE', #4977 ) ;
#1814 = DIRECTION ( 'NONE',  ( 0.000000000000000000, 0.000000000000000000, 1.000000000000000000 ) ) ;
#1815 = AXIS2_PLACEMENT_3D ( 'NONE', #866, #2611, #1217 ) ;
#1816 = AXIS2_PLACEMENT_3D ( 'NONE', #1436, #548, #2304 ) ;
#1817 = EDGE_LOOP ( 'NONE', ( #226, #5395, #3955, #4134 ) ) ;
#1818 = DIRECTION ( 'NONE',  ( -0.000000000000000000, -0.000000000000000000, -1.000000000000000000 ) ) ;
#1819 = ORIENTED_EDGE ( 'NONE', *, *, #1080, .F. ) ;
#1820 = EDGE_CURVE ( 'NONE', #4777, #3046, #5570, .T. ) ;
#1821 = EDGE_CURVE ( 'NONE', #2422, #2171, #3689, .T. ) ;
#1822 = AXIS2_PLACEMENT_3D ( 'NONE', #4577, #3797, #3360 ) ;
#1823 = ORIENTED_EDGE ( 'NONE', *, *, #2797, .T. ) ;
#1824 = DIRECTION ( 'NONE',  ( 0.000000000000000000, 0.000000000000000000, 1.000000000000000000 ) ) ;
#1825 = DIRECTION ( 'NONE',  ( 0.000000000000000000, 1.000000000000000000, 0.000000000000000000 ) ) ;
#1826 = DIRECTION ( 'NONE',  ( -0.000000000000000000, -0.000000000000000000, -1.000000000000000000 ) ) ;
#1827 = FACE_OUTER_BOUND ( 'NONE', #1500, .T. ) ;
#1828 = VECTOR ( 'NONE', #2211, 1000.000000000000000 ) ;
#1829 = CIRCLE ( 'NONE', #5021, 1.600000000000000755 ) ;
#1830 = ADVANCED_FACE ( 'NONE', ( #2830 ), #1835, .F. ) ;
#1831 = ORIENTED_EDGE ( 'NONE', *, *, #4124, .T. ) ;
#1832 = CARTESIAN_POINT ( 'NONE',  ( -26.99999999999366196, -103.0000000000000142, 0.000000000000000000 ) ) ;
#1833 = CARTESIAN_POINT ( 'NONE',  ( 48.59999999999998721, 110.0000000000000000, 3.000000000000000000 ) ) ;
#1834 = DIRECTION ( 'NONE',  ( -1.000000000000000000, 0.000000000000000000, 0.000000000000000000 ) ) ;
#1835 = PLANE ( 'NONE',  #1816 ) ;
#1836 = ORIENTED_EDGE ( 'NONE', *, *, #3916, .T. ) ;
#1837 = LINE ( 'NONE', #3536, #3638 ) ;
#1838 = AXIS2_PLACEMENT_3D ( 'NONE', #5646, #5235, #4808 ) ;
#1839 = CARTESIAN_POINT ( 'NONE',  ( 30.79999999999999716, 1.500000000011825430, 3.000000000000000000 ) ) ;
#1840 = EDGE_CURVE ( 'NONE', #4570, #3733, #74, .T. ) ;
#1841 = CARTESIAN_POINT ( 'NONE',  ( 64.59999999999409681, 36.50000000001489298, 3.000000000000000000 ) ) ;
#1842 = FACE_BOUND ( 'NONE', #2770, .T. ) ;
#1843 = ORIENTED_EDGE ( 'NONE', *, *, #4710, .F. ) ;
#1844 = CARTESIAN_POINT ( 'NONE',  ( -29.19999999999999929, -47.49999999998817657, 3.000000000000000000 ) ) ;
#1845 = EDGE_CURVE ( 'NONE', #2510, #5108, #312, .T. ) ;
#1846 = AXIS2_PLACEMENT_3D ( 'NONE', #3255, #5002, #1089 ) ;
#1847 = EDGE_LOOP ( 'NONE', ( #566, #4333, #1139, #5559 ) ) ;
#1848 = FACE_OUTER_BOUND ( 'NONE', #416, .T. ) ;
#1849 = EDGE_LOOP ( 'NONE', ( #3272, #5098, #3708, #1968 ) ) ;
#1850 = EDGE_LOOP ( 'NONE', ( #5453, #3530 ) ) ;
#1851 = AXIS2_PLACEMENT_3D ( 'NONE', #3760, #5510, #4708 ) ;
#1852 = ORIENTED_EDGE ( 'NONE', *, *, #5076, .F. ) ;
#1853 = VERTEX_POINT ( 'NONE', #2495 ) ;
#1854 = CIRCLE ( 'NONE', #5605, 1.600000000000004086 ) ;
#1855 = DIRECTION ( 'NONE',  ( -1.000000000000000000, 0.000000000000000000, 0.000000000000000000 ) ) ;
#1856 = CYLINDRICAL_SURFACE ( 'NONE', #470, 1.599999999999997202 ) ;
#1857 = DIRECTION ( 'NONE',  ( 1.000000000000000000, 0.000000000000000000, 0.000000000000000000 ) ) ;
#1858 = DIRECTION ( 'NONE',  ( 0.000000000000000000, -1.000000000000000000, 0.000000000000000000 ) ) ;
#1859 = FACE_OUTER_BOUND ( 'NONE', #1023, .T. ) ;
#1860 = CARTESIAN_POINT ( 'NONE',  ( -1.600000000001310596, 10.90000000001181846, 3.000000000000000000 ) ) ;
#1861 = EDGE_CURVE ( 'NONE', #597, #4519, #355, .T. ) ;
#1862 = CARTESIAN_POINT ( 'NONE',  ( 1.600000000000000089, 1.500000000011825430, 0.000000000000000000 ) ) ;
#1863 = CYLINDRICAL_SURFACE ( 'NONE', #5158, 1.600000000000004086 ) ;
#1864 = DIRECTION ( 'NONE',  ( 0.000000000000000000, 0.000000000000000000, 1.000000000000000000 ) ) ;
#1865 = EDGE_LOOP ( 'NONE', ( #3513, #2666, #2112, #4266, #155 ) ) ;
#1866 = CARTESIAN_POINT ( 'NONE',  ( -35.25000000000000000, 110.0000000000000000, 3.000000000000000000 ) ) ;
#1867 = CARTESIAN_POINT ( 'NONE',  ( -35.25000000000000000, 108.3999999999999915, 3.000000000000000000 ) ) ;
#1868 = DIRECTION ( 'NONE',  ( 1.000000000000000000, 0.000000000000000000, 0.000000000000000000 ) ) ;
#1869 = ORIENTED_EDGE ( 'NONE', *, *, #4325, .T. ) ;
#1870 = ORIENTED_EDGE ( 'NONE', *, *, #1549, .F. ) ;
#1871 = DIRECTION ( 'NONE',  ( -0.000000000000000000, -0.000000000000000000, -1.000000000000000000 ) ) ;
#1872 = ORIENTED_EDGE ( 'NONE', *, *, #407, .T. ) ;
#1873 = FACE_OUTER_BOUND ( 'NONE', #3434, .T. ) ;
#1874 = ORIENTED_EDGE ( 'NONE', *, *, #4093, .F. ) ;
#1875 = DIRECTION ( 'NONE',  ( 1.000000000000000000, 1.467080425397528682E-13, 0.000000000000000000 ) ) ;
#1876 = CIRCLE ( 'NONE', #2693, 1.599999999999997202 ) ;
#1877 = EDGE_CURVE ( 'NONE', #3489, #708, #4264, .T. ) ;
#1878 = VERTEX_POINT ( 'NONE', #4719 ) ;
#1879 = CIRCLE ( 'NONE', #3603, 1.600000000000004086 ) ;
#1880 = ORIENTED_EDGE ( 'NONE', *, *, #3953, .F. ) ;
#1881 = CARTESIAN_POINT ( 'NONE',  ( 63.00000000000001421, 19.50000000001181988, 3.000000000000000000 ) ) ;
#1882 = DIRECTION ( 'NONE',  ( 0.000000000000000000, 0.000000000000000000, 1.000000000000000000 ) ) ;
#1883 = DIRECTION ( 'NONE',  ( 0.000000000000000000, -0.000000000000000000, -1.000000000000000000 ) ) ;
#1884 = VERTEX_POINT ( 'NONE', #4179 ) ;
#1885 = FACE_OUTER_BOUND ( 'NONE', #5603, .T. ) ;
#1886 = FACE_BOUND ( 'NONE', #680, .T. ) ;
#1887 = DIRECTION ( 'NONE',  ( 0.000000000000000000, -0.000000000000000000, 1.000000000000000000 ) ) ;
#1888 = CARTESIAN_POINT ( 'NONE',  ( 25.99999999999998934, -4.899999999988188470, 0.000000000000000000 ) ) ;
#1889 = DIRECTION ( 'NONE',  ( 0.000000000000000000, 0.000000000000000000, 1.000000000000000000 ) ) ;
#1890 = EDGE_CURVE ( 'NONE', #1992, #842, #780, .T. ) ;
#1891 = EDGE_CURVE ( 'NONE', #1505, #945, #4238, .T. ) ;
#1892 = EDGE_LOOP ( 'NONE', ( #1900, #2669, #5574, #1870 ) ) ;
#1893 = DIRECTION ( 'NONE',  ( 1.000000000000000000, 0.000000000000000000, 0.000000000000000000 ) ) ;
#1894 = DIRECTION ( 'NONE',  ( -0.000000000000000000, -0.000000000000000000, -1.000000000000000000 ) ) ;
#1895 = DIRECTION ( 'NONE',  ( 0.000000000000000000, 0.000000000000000000, 1.000000000000000000 ) ) ;
#1896 = VERTEX_POINT ( 'NONE', #285 ) ;
#1897 = FACE_BOUND ( 'NONE', #1850, .T. ) ;
#1898 = ORIENTED_EDGE ( 'NONE', *, *, #3357, .T. ) ;
#1899 = FACE_OUTER_BOUND ( 'NONE', #4683, .T. ) ;
#1900 = ORIENTED_EDGE ( 'NONE', *, *, #5662, .T. ) ;
#1901 = CARTESIAN_POINT ( 'NONE',  ( 26.00000000000522249, 21.10000000001182130, 3.000000000000000000 ) ) ;
#1902 = ORIENTED_EDGE ( 'NONE', *, *, #5191, .T. ) ;
#1903 = ORIENTED_EDGE ( 'NONE', *, *, #5573, .F. ) ;
#1904 = CIRCLE ( 'NONE', #1264, 1.600000000000004086 ) ;
#1905 = VERTEX_POINT ( 'NONE', #2883 ) ;
#1906 = CIRCLE ( 'NONE', #636, 1.599999999999997202 ) ;
#1907 = CARTESIAN_POINT ( 'NONE',  ( -35.25000000000000000, 110.0000000000000000, 3.000000000000000000 ) ) ;
#1908 = EDGE_CURVE ( 'NONE', #5393, #4341, #3287, .T. ) ;
#1909 = CARTESIAN_POINT ( 'NONE',  ( 1.599999999999997646, 64.99999999999886313, 0.000000000000000000 ) ) ;
#1910 = ORIENTED_EDGE ( 'NONE', *, *, #5627, .F. ) ;
#1911 = CIRCLE ( 'NONE', #5663, 1.599999999999997202 ) ;
#1912 = VECTOR ( 'NONE', #4116, 1000.000000000000000 ) ;
#1913 = CARTESIAN_POINT ( 'NONE',  ( -8.000000000000000000, -93.00000000000000000, 0.000000000000000000 ) ) ;
#1914 = FACE_BOUND ( 'NONE', #1603, .T. ) ;
#1915 = CIRCLE ( 'NONE', #77, 1.600000000000004086 ) ;
#1916 = DIRECTION ( 'NONE',  ( 1.000000000000000000, 0.000000000000000000, 0.000000000000000000 ) ) ;
#1917 = FACE_OUTER_BOUND ( 'NONE', #348, .T. ) ;
#1918 = CIRCLE ( 'NONE', #5672, 1.600000000000004086 ) ;
#1919 = EDGE_CURVE ( 'NONE', #715, #500, #4562, .T. ) ;
#1920 = DIRECTION ( 'NONE',  ( -1.000000000000000000, 0.000000000000000000, 0.000000000000000000 ) ) ;
#1921 = AXIS2_PLACEMENT_3D ( 'NONE', #3364, #5524, #281 ) ;
#1922 = ORIENTED_EDGE ( 'NONE', *, *, #1124, .F. ) ;
#1923 = CARTESIAN_POINT ( 'NONE',  ( -25.99999999999999645, -42.09999999998818510, 3.000000000000000000 ) ) ;
#1924 = PRESENTATION_STYLE_ASSIGNMENT (( #3174 ) ) ;
#1925 = CARTESIAN_POINT ( 'NONE',  ( -26.00000000000522249, 19.50000000001181988, 3.000000000000000000 ) ) ;
#1926 = AXIS2_PLACEMENT_3D ( 'NONE', #2708, #2202, #4456 ) ;
#1927 = EDGE_CURVE ( 'NONE', #4213, #1730, #2462, .T. ) ;
#1928 = ORIENTED_EDGE ( 'NONE', *, *, #5137, .F. ) ;
#1929 = CARTESIAN_POINT ( 'NONE',  ( -8.000000000000000000, 80.00000000000000000, 3.000000000000000000 ) ) ;
#1930 = EDGE_LOOP ( 'NONE', ( #814, #1539, #5160, #4174, #1009 ) ) ;
#1931 = DIRECTION ( 'NONE',  ( 1.000000000000000000, 0.000000000000000000, 0.000000000000000000 ) ) ;
#1932 = ADVANCED_FACE ( 'NONE', ( #3750 ), #3831, .T. ) ;
#1933 = EDGE_LOOP ( 'NONE', ( #1025, #1188, #3012, #2394, #3821 ) ) ;
#1934 = DIRECTION ( 'NONE',  ( 1.000000000000000000, 0.000000000000000000, 0.000000000000000000 ) ) ;
#1935 = AXIS2_PLACEMENT_3D ( 'NONE', #1344, #2239, #5289 ) ;
#1936 = ORIENTED_EDGE ( 'NONE', *, *, #3203, .F. ) ;
#1937 = ORIENTED_EDGE ( 'NONE', *, *, #1463, .F. ) ;
#1938 = VERTEX_POINT ( 'NONE', #1637 ) ;
#1939 = CIRCLE ( 'NONE', #4500, 1.549999999999999378 ) ;
#1940 = ORIENTED_EDGE ( 'NONE', *, *, #3452, .T. ) ;
#1941 = DIRECTION ( 'NONE',  ( -0.000000000000000000, 0.000000000000000000, -1.000000000000000000 ) ) ;
#1942 = PRESENTATION_STYLE_ASSIGNMENT (( #4995 ) ) ;
#1943 = LINE ( 'NONE', #540, #3734 ) ;
#1944 = EDGE_LOOP ( 'NONE', ( #1172, #437, #510, #2326 ) ) ;
#1945 = CIRCLE ( 'NONE', #115, 1.549999999999999378 ) ;
#1946 = CARTESIAN_POINT ( 'NONE',  ( -47.00000000000000000, 120.0000000000106581, 3.000000000000000000 ) ) ;
#1947 = CARTESIAN_POINT ( 'NONE',  ( 25.99999999999998934, -8.099999999988190424, 3.000000000000000000 ) ) ;
#1948 = AXIS2_PLACEMENT_3D ( 'NONE', #2919, #2501, #4676 ) ;
#1949 = CYLINDRICAL_SURFACE ( 'NONE', #3118, 1.599999999999997202 ) ;
#1950 = CARTESIAN_POINT ( 'NONE',  ( -25.99999999999998934, -8.099999999988190424, 3.000000000000000000 ) ) ;
#1951 = DIRECTION ( 'NONE',  ( 1.000000000000000000, 0.000000000000000000, 0.000000000000000000 ) ) ;
#1952 = ADVANCED_FACE ( 'NONE', ( #2860 ), #2467, .F. ) ;
#1953 = EDGE_LOOP ( 'NONE', ( #1194, #5050, #3925, #1606 ) ) ;
#1954 = DIRECTION ( 'NONE',  ( 0.7071067811865474617, 0.7071067811865474617, 0.000000000000000000 ) ) ;
#1955 =( NAMED_UNIT ( * ) SI_UNIT ( $, .STERADIAN. ) SOLID_ANGLE_UNIT ( ) );
#1956 = DIRECTION ( 'NONE',  ( -1.000000000000000000, 0.000000000000000000, 0.000000000000000000 ) ) ;
#1957 = ORIENTED_EDGE ( 'NONE', *, *, #5137, .T. ) ;
#1958 = EDGE_CURVE ( 'NONE', #411, #5637, #5527, .T. ) ;
#1959 = EDGE_CURVE ( 'NONE', #4841, #3259, #3177, .T. ) ;
#1960 = ORIENTED_EDGE ( 'NONE', *, *, #1646, .F. ) ;
#1961 = FACE_BOUND ( 'NONE', #2777, .T. ) ;
#1962 = ORIENTED_EDGE ( 'NONE', *, *, #519, .F. ) ;
#1963 = LINE ( 'NONE', #3702, #4098 ) ;
#1964 = VECTOR ( 'NONE', #4986, 1000.000000000000114 ) ;
#1965 = EDGE_CURVE ( 'NONE', #1679, #3131, #1453, .T. ) ;
#1966 = ADVANCED_FACE ( 'NONE', ( #3717 ), #5464, .F. ) ;
#1967 = VERTEX_POINT ( 'NONE', #1122 ) ;
#1968 = ORIENTED_EDGE ( 'NONE', *, *, #282, .F. ) ;
#1969 = DIRECTION ( 'NONE',  ( 1.000000000000000000, 0.000000000000000000, 0.000000000000000000 ) ) ;
#1970 = DIRECTION ( 'NONE',  ( -1.000000000000000000, 0.000000000000000000, 0.000000000000000000 ) ) ;
#1971 = CARTESIAN_POINT ( 'NONE',  ( 5.999999999994776623, 17.90000000001181846, 3.000000000000000000 ) ) ;
#1972 = EDGE_LOOP ( 'NONE', ( #3798, #733 ) ) ;
#1973 = AXIS2_PLACEMENT_3D ( 'NONE', #1665, #749, #3864 ) ;
#1974 = DIRECTION ( 'NONE',  ( 1.000000000000000000, 0.000000000000000000, 0.000000000000000000 ) ) ;
#1975 = FACE_BOUND ( 'NONE', #1470, .T. ) ;
#1976 = CARTESIAN_POINT ( 'NONE',  ( -69.89999999999997726, 1.500000000011825430, 3.000000000000000000 ) ) ;
#1977 = FACE_OUTER_BOUND ( 'NONE', #1245, .T. ) ;
#1978 = DIRECTION ( 'NONE',  ( 0.000000000000000000, 0.000000000000000000, 1.000000000000000000 ) ) ;
#1979 = ORIENTED_EDGE ( 'NONE', *, *, #3273, .F. ) ;
#1980 = DIRECTION ( 'NONE',  ( 1.000000000000000000, 0.000000000000000000, 0.000000000000000000 ) ) ;
#1981 = PLANE ( 'NONE',  #198 ) ;
#1982 = CARTESIAN_POINT ( 'NONE',  ( -27.60000000000522391, 19.50000000001181988, 3.000000000000000000 ) ) ;
#1983 = ADVANCED_FACE ( 'NONE', ( #4616 ), #2442, .F. ) ;
#1984 = ADVANCED_BREP_SHAPE_REPRESENTATION ( '\X2\901a75285e9576d8\X0\', ( #113, #5232 ), #4776 ) ;
#1985 = EDGE_LOOP ( 'NONE', ( #936, #1801 ) ) ;
#1986 = ORIENTED_EDGE ( 'NONE', *, *, #3320, .T. ) ;
#1987 = FACE_BOUND ( 'NONE', #2528, .T. ) ;
#1988 = ORIENTED_EDGE ( 'NONE', *, *, #2542, .T. ) ;
#1989 = CARTESIAN_POINT ( 'NONE',  ( -26.99999999999366196, -103.0000000000000142, 0.000000000000000000 ) ) ;
#1990 = DIRECTION ( 'NONE',  ( 0.000000000000000000, 0.000000000000000000, 1.000000000000000000 ) ) ;
#1991 = ORIENTED_EDGE ( 'NONE', *, *, #178, .T. ) ;
#1992 = VERTEX_POINT ( 'NONE', #1151 ) ;
#1993 = FACE_OUTER_BOUND ( 'NONE', #1791, .T. ) ;
#1994 = APPLICATION_PROTOCOL_DEFINITION ( 'draft international standard', 'automotive_design', 1998, #3843 ) ;
#1995 = EDGE_CURVE ( 'NONE', #3905, #1878, #4659, .T. ) ;
#1996 = DIRECTION ( 'NONE',  ( 1.000000000000000000, 0.000000000000000000, 0.000000000000000000 ) ) ;
#1997 = ORIENTED_EDGE ( 'NONE', *, *, #5555, .F. ) ;
#1998 = ORIENTED_EDGE ( 'NONE', *, *, #1408, .T. ) ;
#1999 = VECTOR ( 'NONE', #3071, 1000.000000000000000 ) ;
#2000 = VECTOR ( 'NONE', #1377, 1000.000000000000000 ) ;
#2001 = CARTESIAN_POINT ( 'NONE',  ( -52.54999999999366622, -73.00000000000001421, 0.000000000000000000 ) ) ;
#2002 = FACE_BOUND ( 'NONE', #1363, .T. ) ;
#2003 = DIRECTION ( 'NONE',  ( 0.000000000000000000, -1.000000000000000000, 0.000000000000000000 ) ) ;
#2004 = CARTESIAN_POINT ( 'NONE',  ( -8.000000000000000000, 85.00000000000000000, 3.000000000000000000 ) ) ;
#2005 = DIRECTION ( 'NONE',  ( 1.000000000000000000, 0.000000000000000000, 0.000000000000000000 ) ) ;
#2006 = AXIS2_PLACEMENT_3D ( 'NONE', #2252, #4387, #5270 ) ;
#2007 = ADVANCED_FACE ( 'NONE', ( #5172 ), #2626, .F. ) ;
#2008 = AXIS2_PLACEMENT_3D ( 'NONE', #5576, #1605, #1996 ) ;
#2009 = ORIENTED_EDGE ( 'NONE', *, *, #4797, .T. ) ;
#2010 = VECTOR ( 'NONE', #784, 1000.000000000000114 ) ;
#2011 = AXIS2_PLACEMENT_3D ( 'NONE', #95, #4515, #1047 ) ;
#2012 = ORIENTED_EDGE ( 'NONE', *, *, #432, .F. ) ;
#2013 = CARTESIAN_POINT ( 'NONE',  ( 71.50000000000005684, 1.500000000011825207, 3.000000000000000000 ) ) ;
#2014 = LINE ( 'NONE', #1213, #2750 ) ;
#2015 = CARTESIAN_POINT ( 'NONE',  ( -14.00000000000023093, -106.4000000000040984, 0.000000000000000000 ) ) ;
#2016 = VERTEX_POINT ( 'NONE', #4398 ) ;
#2017 = AXIS2_PLACEMENT_3D ( 'NONE', #47, #1802, #3592 ) ;
#2018 = CIRCLE ( 'NONE', #2905, 1.550000000000002709 ) ;
#2019 = ORIENTED_EDGE ( 'NONE', *, *, #4714, .F. ) ;
#2020 = FACE_BOUND ( 'NONE', #2244, .T. ) ;
#2021 = ADVANCED_FACE ( 'NONE', ( #2601 ), #3449, .F. ) ;
#2022 = CIRCLE ( 'NONE', #5209, 1.549999999999999378 ) ;
#2023 = ORIENTED_EDGE ( 'NONE', *, *, #3139, .T. ) ;
#2024 = DIRECTION ( 'NONE',  ( -0.000000000000000000, -0.000000000000000000, -1.000000000000000000 ) ) ;
#2025 = FACE_OUTER_BOUND ( 'NONE', #3160, .T. ) ;
#2026 = CIRCLE ( 'NONE', #559, 1.600000000000004086 ) ;
#2027 = ORIENTED_EDGE ( 'NONE', *, *, #4743, .F. ) ;
#2028 = EDGE_CURVE ( 'NONE', #4928, #585, #4857, .T. ) ;
#2029 = ORIENTED_EDGE ( 'NONE', *, *, #2884, .F. ) ;
#2030 = CARTESIAN_POINT ( 'NONE',  ( -52.54999999999999005, 94.99999999999998579, 0.000000000000000000 ) ) ;
#2031 = AXIS2_PLACEMENT_3D ( 'NONE', #3083, #4405, #4833 ) ;
#2032 = CARTESIAN_POINT ( 'NONE',  ( 45.40000000000001279, 110.0000000000000000, 3.000000000000000000 ) ) ;
#2033 = VERTEX_POINT ( 'NONE', #2125 ) ;
#2034 = ORIENTED_EDGE ( 'NONE', *, *, #1148, .T. ) ;
#2035 = CIRCLE ( 'NONE', #205, 1.599999999999997202 ) ;
#2036 = FACE_OUTER_BOUND ( 'NONE', #4796, .T. ) ;
#2037 = DIRECTION ( 'NONE',  ( -1.000000000000000000, 0.000000000000000000, 0.000000000000000000 ) ) ;
#2038 = DIRECTION ( 'NONE',  ( 1.000000000000000000, 0.000000000000000000, 0.000000000000000000 ) ) ;
#2039 = DIRECTION ( 'NONE',  ( -1.000000000000000000, 0.000000000000000000, 0.000000000000000000 ) ) ;
#2040 = DIRECTION ( 'NONE',  ( 0.000000000000000000, 0.000000000000000000, 1.000000000000000000 ) ) ;
#2041 = CIRCLE ( 'NONE', #388, 1.600000000000004086 ) ;
#2042 = CIRCLE ( 'NONE', #1305, 1.600000000000004086 ) ;
#2043 = ADVANCED_FACE ( 'NONE', ( #370 ), #3865, .F. ) ;
#2044 = ORIENTED_EDGE ( 'NONE', *, *, #1995, .T. ) ;
#2045 = DIRECTION ( 'NONE',  ( 1.000000000000000000, 0.000000000000000000, 0.000000000000000000 ) ) ;
#2046 = CARTESIAN_POINT ( 'NONE',  ( -35.25000000000000000, 108.3999999999999915, 3.000000000000000000 ) ) ;
#2047 = CARTESIAN_POINT ( 'NONE',  ( 80.00000000000000000, 36.50000000001485034, 3.000000000000000000 ) ) ;
#2048 = CIRCLE ( 'NONE', #1677, 1.600000000000004086 ) ;
#2049 = DIRECTION ( 'NONE',  ( -0.000000000000000000, -0.000000000000000000, -1.000000000000000000 ) ) ;
#2050 = CARTESIAN_POINT ( 'NONE',  ( -26.99999999999998934, 64.99999999999998579, 0.000000000000000000 ) ) ;
#2051 = EDGE_LOOP ( 'NONE', ( #847, #1898, #4240, #1391 ) ) ;
#2052 = FACE_OUTER_BOUND ( 'NONE', #567, .T. ) ;
#2053 = DIRECTION ( 'NONE',  ( -0.000000000000000000, -0.000000000000000000, -1.000000000000000000 ) ) ;
#2054 = ORIENTED_EDGE ( 'NONE', *, *, #4648, .F. ) ;
#2055 = ORIENTED_EDGE ( 'NONE', *, *, #3654, .F. ) ;
#2056 = ORIENTED_EDGE ( 'NONE', *, *, #1253, .T. ) ;
#2057 = EDGE_LOOP ( 'NONE', ( #2, #3039, #865, #37, #17 ) ) ;
#2058 = CYLINDRICAL_SURFACE ( 'NONE', #5491, 1.599999999999997202 ) ;
#2059 = DIRECTION ( 'NONE',  ( -1.000000000000000000, 0.000000000000000000, 0.000000000000000000 ) ) ;
#2060 = AXIS2_PLACEMENT_3D ( 'NONE', #4389, #1738, #2196 ) ;
#2062 = VERTEX_POINT ( 'NONE', #2655 ) ;
#2061 = EDGE_CURVE ( 'NONE', #840, #5664, #481, .T. ) ;
#2063 = LINE ( 'NONE', #308, #1726 ) ;
#2064 = VECTOR ( 'NONE', #2730, 1000.000000000000000 ) ;
#2065 = DIRECTION ( 'NONE',  ( 0.000000000000000000, 0.000000000000000000, 1.000000000000000000 ) ) ;
#2066 = DIRECTION ( 'NONE',  ( 0.000000000000000000, -0.000000000000000000, -1.000000000000000000 ) ) ;
#2067 = CARTESIAN_POINT ( 'NONE',  ( -8.000000000000000000, -88.00000000000000000, 0.000000000000000000 ) ) ;
#2068 = DIRECTION ( 'NONE',  ( -0.000000000000000000, -0.000000000000000000, -1.000000000000000000 ) ) ;
#2069 = EDGE_CURVE ( 'NONE', #33, #4425, #4744, .T. ) ;
#2070 = VERTEX_POINT ( 'NONE', #4318 ) ;
#2071 = ORIENTED_EDGE ( 'NONE', *, *, #2527, .F. ) ;
#2072 = CARTESIAN_POINT ( 'NONE',  ( 13.99999999999999645, -108.0000000000000000, 3.000000000000000000 ) ) ;
#2073 = VECTOR ( 'NONE', #203, 1000.000000000000000 ) ;
#2074 = CARTESIAN_POINT ( 'NONE',  ( 58.39999999999999858, -47.49999999998817657, 3.000000000000000000 ) ) ;
#2075 = FACE_OUTER_BOUND ( 'NONE', #2752, .T. ) ;
#2076 = DIRECTION ( 'NONE',  ( 1.000000000000000000, 0.000000000000000000, 0.000000000000000000 ) ) ;
#2077 = EDGE_CURVE ( 'NONE', #36, #4519, #1341, .T. ) ;
#2078 = EDGE_CURVE ( 'NONE', #2952, #2950, #5665, .T. ) ;
#2079 = VERTEX_POINT ( 'NONE', #2178 ) ;
#2080 = ORIENTED_EDGE ( 'NONE', *, *, #968, .T. ) ;
#2081 = FACE_OUTER_BOUND ( 'NONE', #532, .T. ) ;
#2082 = ORIENTED_EDGE ( 'NONE', *, *, #4915, .T. ) ;
#2083 = CARTESIAN_POINT ( 'NONE',  ( -62.99999999999998579, -62.99999999999408828, 0.000000000000000000 ) ) ;
#2084 = VERTEX_POINT ( 'NONE', #3426 ) ;
#2085 = ORIENTED_EDGE ( 'NONE', *, *, #1711, .T. ) ;
#2086 = EDGE_LOOP ( 'NONE', ( #4540, #5515, #4763, #2085 ) ) ;
#2087 = FACE_OUTER_BOUND ( 'NONE', #1037, .T. ) ;
#2088 = CARTESIAN_POINT ( 'NONE',  ( -11.74999999999999645, 111.6000000000000085, 3.000000000000000000 ) ) ;
#2089 = ORIENTED_EDGE ( 'NONE', *, *, #1821, .T. ) ;
#2090 = VERTEX_POINT ( 'NONE', #1257 ) ;
#2091 = DIRECTION ( 'NONE',  ( 0.000000000000000000, 0.000000000000000000, 1.000000000000000000 ) ) ;
#2092 = CYLINDRICAL_SURFACE ( 'NONE', #648, 1.600000000000000755 ) ;
#2093 = EDGE_CURVE ( 'NONE', #3752, #5653, #43, .T. ) ;
#2094 = CARTESIAN_POINT ( 'NONE',  ( -61.40000000000001990, 36.48713711185290975, 0.000000000000000000 ) ) ;
#2095 = DIRECTION ( 'NONE',  ( -0.000000000000000000, -0.000000000000000000, -1.000000000000000000 ) ) ;
#2096 = CARTESIAN_POINT ( 'NONE',  ( 27.60000000000000142, 1.500000000011825207, 3.000000000000000000 ) ) ;
#2097 = ORIENTED_EDGE ( 'NONE', *, *, #5321, .T. ) ;
#2098 = VERTEX_POINT ( 'NONE', #2206 ) ;
#2099 = FACE_OUTER_BOUND ( 'NONE', #1452, .T. ) ;
#2100 = EDGE_CURVE ( 'NONE', #2986, #431, #2106, .T. ) ;
#2101 = CARTESIAN_POINT ( 'NONE',  ( -17.59999999999817888, 36.50000000001182343, 3.000000000000000000 ) ) ;
#2102 = CARTESIAN_POINT ( 'NONE',  ( 28.54999999999999716, 64.99999999999998579, 3.000000000000000000 ) ) ;
#2103 = CIRCLE ( 'NONE', #3535, 1.600000000000004086 ) ;
#2104 = FACE_OUTER_BOUND ( 'NONE', #4194, .T. ) ;
#2105 = AXIS2_PLACEMENT_3D ( 'NONE', #5265, #1380, #3599 ) ;
#2106 = CIRCLE ( 'NONE', #4105, 1.599999999999997202 ) ;
#2107 = ORIENTED_EDGE ( 'NONE', *, *, #4437, .T. ) ;
#2108 = LINE ( 'NONE', #4728, #2912 ) ;
#2109 = ORIENTED_EDGE ( 'NONE', *, *, #3695, .T. ) ;
#2110 = DIRECTION ( 'NONE',  ( -0.000000000000000000, -0.000000000000000000, -1.000000000000000000 ) ) ;
#2111 = CIRCLE ( 'NONE', #181, 1.600000000000004086 ) ;
#2112 = ORIENTED_EDGE ( 'NONE', *, *, #2078, .T. ) ;
#2113 = VECTOR ( 'NONE', #1001, 1000.000000000000000 ) ;
#2114 = ORIENTED_EDGE ( 'NONE', *, *, #741, .F. ) ;
#2115 = EDGE_CURVE ( 'NONE', #1992, #1596, #5230, .T. ) ;
#2116 = ORIENTED_EDGE ( 'NONE', *, *, #373, .F. ) ;
#2117 = DIRECTION ( 'NONE',  ( -1.000000000000000000, 0.000000000000000000, 0.000000000000000000 ) ) ;
#2118 = CARTESIAN_POINT ( 'NONE',  ( -50.99999999999366196, -73.00000000000001421, 3.000000000000000000 ) ) ;
#2119 = VECTOR ( 'NONE', #3222, 1000.000000000000000 ) ;
#2120 = ORIENTED_EDGE ( 'NONE', *, *, #5096, .F. ) ;
#2121 = CARTESIAN_POINT ( 'NONE',  ( -25.44999999999366125, -103.0000000000000142, 0.000000000000000000 ) ) ;
#2122 = FACE_OUTER_BOUND ( 'NONE', #3278, .T. ) ;
#2123 = DIRECTION ( 'NONE',  ( 0.000000000000000000, 0.000000000000000000, 1.000000000000000000 ) ) ;
#2124 = DIRECTION ( 'NONE',  ( 0.000000000000000000, 0.000000000000000000, 1.000000000000000000 ) ) ;
#2125 = CARTESIAN_POINT ( 'NONE',  ( 7.999999999999998224, 75.00000000000000000, 0.000000000000000000 ) ) ;
#2126 = CIRCLE ( 'NONE', #926, 1.600000000000000755 ) ;
#2127 = ORIENTED_EDGE ( 'NONE', *, *, #5284, .F. ) ;
#2128 = DIRECTION ( 'NONE',  ( -0.000000000000000000, -0.000000000000000000, -1.000000000000000000 ) ) ;
#2129 = AXIS2_PLACEMENT_3D ( 'NONE', #418, #1747, #3476 ) ;
#2130 = CARTESIAN_POINT ( 'NONE',  ( -25.99999999999999645, -42.09999999998818510, 3.000000000000000000 ) ) ;
#2131 = DIRECTION ( 'NONE',  ( 0.000000000000000000, 0.000000000000000000, 1.000000000000000000 ) ) ;
#2132 = DIRECTION ( 'NONE',  ( -0.000000000000000000, -0.000000000000000000, -1.000000000000000000 ) ) ;
#2133 = EDGE_CURVE ( 'NONE', #1303, #1884, #542, .T. ) ;
#2134 = AXIS2_PLACEMENT_3D ( 'NONE', #3583, #5369, #5476 ) ;
#2135 = EDGE_LOOP ( 'NONE', ( #3095, #4250, #2904, #4086 ) ) ;
#2136 = STYLED_ITEM ( 'NONE', ( #1942 ), #1984 ) ;
#2137 = DIRECTION ( 'NONE',  ( -1.000000000000000000, 0.000000000000000000, 0.000000000000000000 ) ) ;
#2138 = ORIENTED_EDGE ( 'NONE', *, *, #3625, .T. ) ;
#2139 = DIRECTION ( 'NONE',  ( 0.000000000000000000, 0.000000000000000000, 1.000000000000000000 ) ) ;
#2140 = EDGE_CURVE ( 'NONE', #651, #2766, #3913, .T. ) ;
#2141 = ORIENTED_EDGE ( 'NONE', *, *, #2248, .F. ) ;
#2142 = ORIENTED_EDGE ( 'NONE', *, *, #3339, .T. ) ;
#2143 = FACE_OUTER_BOUND ( 'NONE', #4328, .T. ) ;
#2144 = LINE ( 'NONE', #1739, #3924 ) ;
#2145 = ORIENTED_EDGE ( 'NONE', *, *, #1965, .T. ) ;
#2146 = EDGE_CURVE ( 'NONE', #4408, #2084, #884, .T. ) ;
#2147 = EDGE_CURVE ( 'NONE', #3300, #1133, #4921, .T. ) ;
#2148 = VERTEX_POINT ( 'NONE', #3023 ) ;
#2149 = DIRECTION ( 'NONE',  ( 0.000000000000000000, 1.000000000000000000, -0.000000000000000000 ) ) ;
#2150 = FACE_OUTER_BOUND ( 'NONE', #4247, .T. ) ;
#2151 = DIRECTION ( 'NONE',  ( 1.000000000000000000, 0.000000000000000000, 0.000000000000000000 ) ) ;
#2152 = DIRECTION ( 'NONE',  ( -0.000000000000000000, -0.000000000000000000, -1.000000000000000000 ) ) ;
#2153 = AXIS2_PLACEMENT_3D ( 'NONE', #1768, #958, #1713 ) ;
#2154 = ORIENTED_EDGE ( 'NONE', *, *, #3780, .F. ) ;
#2155 = DIRECTION ( 'NONE',  ( -0.000000000000000000, -0.000000000000000000, -1.000000000000000000 ) ) ;
#2156 = PLANE ( 'NONE',  #96 ) ;
#2157 = DIRECTION ( 'NONE',  ( -1.000000000000000000, 0.000000000000000000, 0.000000000000000000 ) ) ;
#2158 = LINE ( 'NONE', #5261, #2186 ) ;
#2159 = AXIS2_PLACEMENT_3D ( 'NONE', #830, #3366, #369 ) ;
#2160 = ORIENTED_EDGE ( 'NONE', *, *, #2728, .F. ) ;
#2161 = LINE ( 'NONE', #381, #1092 ) ;
#2162 = ORIENTED_EDGE ( 'NONE', *, *, #122, .F. ) ;
#2163 = ADVANCED_FACE ( 'NONE', ( #858 ), #5342, .F. ) ;
#2164 = FACE_OUTER_BOUND ( 'NONE', #5492, .T. ) ;
#2165 = ORIENTED_EDGE ( 'NONE', *, *, #2384, .F. ) ;
#2166 = VERTEX_POINT ( 'NONE', #4943 ) ;
#2167 = ORIENTED_EDGE ( 'NONE', *, *, #710, .T. ) ;
#2168 = DIRECTION ( 'NONE',  ( 0.000000000000000000, 0.000000000000000000, 1.000000000000000000 ) ) ;
#2169 = CARTESIAN_POINT ( 'NONE',  ( 29.19999999999999929, -47.49999999998817657, 3.000000000000000000 ) ) ;
#2170 = EDGE_LOOP ( 'NONE', ( #4672, #3373, #1563, #3246 ) ) ;
#2171 = VERTEX_POINT ( 'NONE', #627 ) ;
#2172 = ORIENTED_EDGE ( 'NONE', *, *, #4720, .F. ) ;
#2173 = DIRECTION ( 'NONE',  ( -1.000000000000000000, 0.000000000000000000, 0.000000000000000000 ) ) ;
#2174 = EDGE_CURVE ( 'NONE', #2861, #4483, #5015, .T. ) ;
#2175 = EDGE_CURVE ( 'NONE', #511, #1730, #4085, .T. ) ;
#2176 = DIRECTION ( 'NONE',  ( 0.000000000000000000, 0.000000000000000000, 1.000000000000000000 ) ) ;
#2177 = DIRECTION ( 'NONE',  ( 0.000000000000000000, 0.000000000000000000, 1.000000000000000000 ) ) ;
#2178 = CARTESIAN_POINT ( 'NONE',  ( -73.09999999999998010, 1.500000000011825207, 3.000000000000000000 ) ) ;
#2179 = DIRECTION ( 'NONE',  ( -0.000000000000000000, -0.000000000000000000, -1.000000000000000000 ) ) ;
#2180 = EDGE_CURVE ( 'NONE', #4816, #5649, #71, .T. ) ;
#2181 = CARTESIAN_POINT ( 'NONE',  ( 58.39999999999999858, 1.500000000011825207, 3.000000000000000000 ) ) ;
#2182 = CARTESIAN_POINT ( 'NONE',  ( -52.54999999999366622, -103.0000000000000142, 3.000000000000000000 ) ) ;
#2183 = DIRECTION ( 'NONE',  ( -1.000000000000000000, 0.000000000000000000, 0.000000000000000000 ) ) ;
#2184 = VECTOR ( 'NONE', #2516, 1000.000000000000000 ) ;
#2185 = ORIENTED_EDGE ( 'NONE', *, *, #1751, .F. ) ;
#2186 = VECTOR ( 'NONE', #1346, 1000.000000000000000 ) ;
#2187 = DIRECTION ( 'NONE',  ( 1.000000000000000000, 0.000000000000000000, 0.000000000000000000 ) ) ;
#2188 = CARTESIAN_POINT ( 'NONE',  ( -69.89999999999997726, 1.500000000011825430, 0.000000000000000000 ) ) ;
#2189 = DIRECTION ( 'NONE',  ( -0.000000000000000000, -0.000000000000000000, -1.000000000000000000 ) ) ;
#2190 = AXIS2_PLACEMENT_3D ( 'NONE', #2726, #561, #3519 ) ;
#2191 = AXIS2_PLACEMENT_3D ( 'NONE', #2574, #1368, #4368 ) ;
#2192 = ORIENTED_EDGE ( 'NONE', *, *, #46, .T. ) ;
#2193 = AXIS2_PLACEMENT_3D ( 'NONE', #700, #235, #723 ) ;
#2194 = VERTEX_POINT ( 'NONE', #4492 ) ;
#2195 = AXIS2_PLACEMENT_3D ( 'NONE', #501, #5394, #1793 ) ;
#2196 = DIRECTION ( 'NONE',  ( -1.000000000000000000, 0.000000000000000000, 0.000000000000000000 ) ) ;
#2197 = DIRECTION ( 'NONE',  ( -0.000000000000000000, -0.000000000000000000, -1.000000000000000000 ) ) ;
#2198 = VERTEX_POINT ( 'NONE', #969 ) ;
#2199 = AXIS2_PLACEMENT_3D ( 'NONE', #1754, #4372, #1775 ) ;
#2200 = EDGE_CURVE ( 'NONE', #3245, #3271, #3251, .T. ) ;
#2201 = VERTEX_POINT ( 'NONE', #1909 ) ;
#2202 = DIRECTION ( 'NONE',  ( 0.000000000000000000, 0.000000000000000000, 1.000000000000000000 ) ) ;
#2203 = CIRCLE ( 'NONE', #1503, 2.500000000000000888 ) ;
#2204 = DIRECTION ( 'NONE',  ( 1.000000000000000000, 0.000000000000000000, 0.000000000000000000 ) ) ;
#2205 = DIRECTION ( 'NONE',  ( 0.000000000000000000, 0.000000000000000000, 1.000000000000000000 ) ) ;
#2206 = CARTESIAN_POINT ( 'NONE',  ( -60.00000000000000711, -47.49999999998818367, 0.000000000000000000 ) ) ;
#2207 = ORIENTED_EDGE ( 'NONE', *, *, #4309, .T. ) ;
#2208 = EDGE_CURVE ( 'NONE', #4905, #5269, #2555, .T. ) ;
#2209 = ADVANCED_FACE ( 'NONE', ( #3557 ), #941, .T. ) ;
#2210 = ORIENTED_EDGE ( 'NONE', *, *, #951, .F. ) ;
#2211 = DIRECTION ( 'NONE',  ( -0.000000000000000000, -0.000000000000000000, -1.000000000000000000 ) ) ;
#2212 = DIRECTION ( 'NONE',  ( 0.000000000000000000, -0.000000000000000000, -1.000000000000000000 ) ) ;
#2213 = CARTESIAN_POINT ( 'NONE',  ( -47.00000000000000000, 120.0000000000106581, 0.000000000000000000 ) ) ;
#2214 = LINE ( 'NONE', #4407, #2725 ) ;
#2215 = AXIS2_PLACEMENT_3D ( 'NONE', #4242, #316, #3532 ) ;
#2216 = ADVANCED_FACE ( 'NONE', ( #1827 ), #1429, .F. ) ;
#2217 = AXIS2_PLACEMENT_3D ( 'NONE', #5142, #2123, #394 ) ;
#2218 = VERTEX_POINT ( 'NONE', #576 ) ;
#2219 = LINE ( 'NONE', #1781, #5288 ) ;
#2220 = ORIENTED_EDGE ( 'NONE', *, *, #3835, .T. ) ;
#2221 = DIRECTION ( 'NONE',  ( -0.000000000000000000, -0.000000000000000000, -1.000000000000000000 ) ) ;
#2222 = AXIS2_PLACEMENT_3D ( 'NONE', #2335, #5356, #3693 ) ;
#2223 = ORIENTED_EDGE ( 'NONE', *, *, #5234, .T. ) ;
#2224 = DIRECTION ( 'NONE',  ( 1.000000000000000000, 0.000000000000000000, 0.000000000000000000 ) ) ;
#2225 = AXIS2_PLACEMENT_3D ( 'NONE', #2552, #2049, #3377 ) ;
#2226 = EDGE_LOOP ( 'NONE', ( #2210, #4252, #3705, #4277 ) ) ;
#2227 = FACE_OUTER_BOUND ( 'NONE', #492, .T. ) ;
#2228 = LINE ( 'NONE', #3964, #2645 ) ;
#2229 = ORIENTED_EDGE ( 'NONE', *, *, #4276, .T. ) ;
#2230 = ORIENTED_EDGE ( 'NONE', *, *, #5210, .F. ) ;
#2231 = DIRECTION ( 'NONE',  ( 1.000000000000000000, 0.000000000000000000, 0.000000000000000000 ) ) ;
#2232 = DIRECTION ( 'NONE',  ( 0.000000000000000000, -1.000000000000000000, 0.000000000000000000 ) ) ;
#2233 = DIRECTION ( 'NONE',  ( -0.000000000000000000, -0.000000000000000000, -1.000000000000000000 ) ) ;
#2234 = EDGE_CURVE ( 'NONE', #3523, #4656, #5472, .T. ) ;
#2235 = CARTESIAN_POINT ( 'NONE',  ( -52.54999999999999005, 94.99999999999998579, 3.000000000000000000 ) ) ;
#2236 = ORIENTED_EDGE ( 'NONE', *, *, #950, .T. ) ;
#2237 = AXIS2_PLACEMENT_3D ( 'NONE', #4359, #3100, #5305 ) ;
#2238 = CARTESIAN_POINT ( 'NONE',  ( -28.54999999999365912, -103.0000000000000142, 0.000000000000000000 ) ) ;
#2239 = DIRECTION ( 'NONE',  ( 0.000000000000000000, 0.000000000000000000, 1.000000000000000000 ) ) ;
#2240 = CARTESIAN_POINT ( 'NONE',  ( 7.999999999999998224, -93.00000000000000000, 0.000000000000000000 ) ) ;
#2241 = ADVANCED_FACE ( 'NONE', ( #2325 ), #160, .F. ) ;
#2242 = CARTESIAN_POINT ( 'NONE',  ( -56.80000000000000426, 1.500000000011825430, 3.000000000000000000 ) ) ;
#2243 = AXIS2_PLACEMENT_3D ( 'NONE', #3545, #4, #2646 ) ;
#2244 = EDGE_LOOP ( 'NONE', ( #1382, #3303 ) ) ;
#2245 = CARTESIAN_POINT ( 'NONE',  ( -8.000000000000000000, 75.00000000000000000, 0.000000000000000000 ) ) ;
#2246 = AXIS2_PLACEMENT_3D ( 'NONE', #1240, #807, #2549 ) ;
#2247 = EDGE_LOOP ( 'NONE', ( #5251, #3939, #1077, #3724 ) ) ;
#2248 = EDGE_CURVE ( 'NONE', #2861, #4777, #1943, .T. ) ;
#2249 = CARTESIAN_POINT ( 'NONE',  ( 25.45000000000000284, 64.99999999999998579, 3.000000000000000000 ) ) ;
#2250 = EDGE_CURVE ( 'NONE', #3772, #4388, #3832, .T. ) ;
#2251 = CIRCLE ( 'NONE', #2159, 1.600000000000000755 ) ;
#2252 = CARTESIAN_POINT ( 'NONE',  ( 26.99999999999364064, -73.00000000000000000, 0.000000000000000000 ) ) ;
#2253 = ORIENTED_EDGE ( 'NONE', *, *, #4714, .T. ) ;
#2254 = CARTESIAN_POINT ( 'NONE',  ( -15.99999999999817923, 36.50000000001182343, 3.000000000000000000 ) ) ;
#2255 = EDGE_CURVE ( 'NONE', #1628, #4792, #2297, .T. ) ;
#2256 = ORIENTED_EDGE ( 'NONE', *, *, #1148, .F. ) ;
#2257 = CARTESIAN_POINT ( 'NONE',  ( -13.00000000000000533, -88.00000000000000000, 3.000000000000000000 ) ) ;
#2258 = ORIENTED_EDGE ( 'NONE', *, *, #745, .F. ) ;
#2259 = ORIENTED_EDGE ( 'NONE', *, *, #2813, .T. ) ;
#2260 = VERTEX_POINT ( 'NONE', #3194 ) ;
#2261 = EDGE_LOOP ( 'NONE', ( #2055, #3186, #3361, #1224 ) ) ;
#2262 = CARTESIAN_POINT ( 'NONE',  ( -1.599999999999997646, 64.99999999999886313, 3.000000000000000000 ) ) ;
#2263 = CARTESIAN_POINT ( 'NONE',  ( -8.000000000000000000, 85.00000000000000000, 3.000000000000000000 ) ) ;
#2264 = DIRECTION ( 'NONE',  ( -1.000000000000000000, 0.000000000000000000, 0.000000000000000000 ) ) ;
#2265 = CARTESIAN_POINT ( 'NONE',  ( 49.44999999999999574, 94.99999999999997158, 3.000000000000000000 ) ) ;
#2266 = VERTEX_POINT ( 'NONE', #603 ) ;
#2267 = VERTEX_POINT ( 'NONE', #4969 ) ;
#2268 = EDGE_CURVE ( 'NONE', #570, #628, #2350, .T. ) ;
#2269 = DIRECTION ( 'NONE',  ( 1.000000000000000000, 0.000000000000000000, 0.000000000000000000 ) ) ;
#2270 = DIRECTION ( 'NONE',  ( -0.000000000000000000, -0.000000000000000000, -1.000000000000000000 ) ) ;
#2271 = CARTESIAN_POINT ( 'NONE',  ( 51.00000000000000711, 65.00000000000000000, 3.000000000000000000 ) ) ;
#2272 = DIRECTION ( 'NONE',  ( 0.000000000000000000, 0.000000000000000000, 1.000000000000000000 ) ) ;
#2273 = ORIENTED_EDGE ( 'NONE', *, *, #4226, .T. ) ;
#2274 = ADVANCED_FACE ( 'NONE', ( #4549 ), #2373, .F. ) ;
#2275 = ORIENTED_EDGE ( 'NONE', *, *, #3904, .F. ) ;
#2276 = CARTESIAN_POINT ( 'NONE',  ( -62.99999999999998579, 53.50000000001177369, 3.000000000000000000 ) ) ;
#2277 = SURFACE_STYLE_FILL_AREA ( #2388 ) ;
#2278 = DIRECTION ( 'NONE',  ( -1.000000000000000000, 0.000000000000000000, 0.000000000000000000 ) ) ;
#2279 = VECTOR ( 'NONE', #2409, 1000.000000000000000 ) ;
#2280 = AXIS2_PLACEMENT_3D ( 'NONE', #5648, #920, #488 ) ;
#2281 = VERTEX_POINT ( 'NONE', #2681 ) ;
#2282 = FACE_BOUND ( 'NONE', #1933, .T. ) ;
#2283 = ORIENTED_EDGE ( 'NONE', *, *, #659, .F. ) ;
#2284 = CARTESIAN_POINT ( 'NONE',  ( 0.000000000000000000, 10.90000000001181846, 0.000000000000000000 ) ) ;
#2285 = CIRCLE ( 'NONE', #2468, 1.550000000000002709 ) ;
#2286 = AXIS2_PLACEMENT_3D ( 'NONE', #1057, #4884, #2741 ) ;
#2287 = DIRECTION ( 'NONE',  ( 1.000000000000000000, 0.000000000000000000, 0.000000000000000000 ) ) ;
#2288 = ORIENTED_EDGE ( 'NONE', *, *, #1504, .F. ) ;
#2289 = ORIENTED_EDGE ( 'NONE', *, *, #4860, .T. ) ;
#2290 = AXIS2_PLACEMENT_3D ( 'NONE', #1324, #553, #3089 ) ;
#2291 = EDGE_CURVE ( 'NONE', #1482, #3386, #3639, .T. ) ;
#2292 = VERTEX_POINT ( 'NONE', #2032 ) ;
#2293 = EDGE_LOOP ( 'NONE', ( #686, #1304, #154, #3045 ) ) ;
#2294 = CYLINDRICAL_SURFACE ( 'NONE', #2300, 5.000000000000004441 ) ;
#2295 = DIRECTION ( 'NONE',  ( 0.000000000000000000, 0.000000000000000000, 1.000000000000000000 ) ) ;
#2296 = DIRECTION ( 'NONE',  ( 1.000000000000000000, 0.000000000000000000, 0.000000000000000000 ) ) ;
#2297 = LINE ( 'NONE', #5371, #3921 ) ;
#2298 = AXIS2_PLACEMENT_3D ( 'NONE', #1832, #916, #4461 ) ;
#2299 = AXIS2_PLACEMENT_3D ( 'NONE', #606, #663, #1061 ) ;
#2300 = AXIS2_PLACEMENT_3D ( 'NONE', #4028, #4084, #4145 ) ;
#2301 = DIRECTION ( 'NONE',  ( -0.000000000000000000, -0.000000000000000000, -1.000000000000000000 ) ) ;
#2302 = DIRECTION ( 'NONE',  ( 1.000000000000000000, 0.000000000000000000, 0.000000000000000000 ) ) ;
#2303 = CARTESIAN_POINT ( 'NONE',  ( 30.79999999999999716, -47.49999999998817657, 3.000000000000000000 ) ) ;
#2304 = DIRECTION ( 'NONE',  ( 0.7071067811865485719, 0.7071067811865465735, 0.000000000000000000 ) ) ;
#2305 = VERTEX_POINT ( 'NONE', #5082 ) ;
#2306 = DIRECTION ( 'NONE',  ( -0.000000000000000000, -0.000000000000000000, -1.000000000000000000 ) ) ;
#2307 = CARTESIAN_POINT ( 'NONE',  ( 26.99999999999999645, 94.99999999999998579, 3.000000000000000000 ) ) ;
#2308 = EDGE_CURVE ( 'NONE', #2098, #410, #3369, .T. ) ;
#2309 = AXIS2_PLACEMENT_3D ( 'NONE', #1551, #748, #4584 ) ;
#2310 = CARTESIAN_POINT ( 'NONE',  ( 56.80000000000000426, -47.49999999998817657, 3.000000000000000000 ) ) ;
#2311 = ORIENTED_EDGE ( 'NONE', *, *, #525, .F. ) ;
#2312 = DIRECTION ( 'NONE',  ( 0.000000000000000000, 0.000000000000000000, 1.000000000000000000 ) ) ;
#2313 = VECTOR ( 'NONE', #429, 1000.000000000000000 ) ;
#2314 = EDGE_CURVE ( 'NONE', #3046, #4777, #4377, .T. ) ;
#2315 = DIRECTION ( 'NONE',  ( 1.000000000000000000, 0.000000000000000000, 0.000000000000000000 ) ) ;
#2316 = VECTOR ( 'NONE', #5316, 1000.000000000000000 ) ;
#2317 = VERTEX_POINT ( 'NONE', #2406 ) ;
#2318 = CIRCLE ( 'NONE', #3033, 1.599999999999997202 ) ;
#2319 = ORIENTED_EDGE ( 'NONE', *, *, #2756, .T. ) ;
#2320 = ORIENTED_EDGE ( 'NONE', *, *, #5599, .T. ) ;
#2321 = AXIS2_PLACEMENT_3D ( 'NONE', #4883, #940, #1857 ) ;
#2322 = DIRECTION ( 'NONE',  ( -0.000000000000000000, -0.000000000000000000, -1.000000000000000000 ) ) ;
#2323 = DIRECTION ( 'NONE',  ( -1.000000000000000000, -1.467080425397528682E-13, -0.000000000000000000 ) ) ;
#2324 = ADVANCED_FACE ( 'NONE', ( #3769 ), #1084, .F. ) ;
#2325 = FACE_OUTER_BOUND ( 'NONE', #3668, .T. ) ;
#2326 = ORIENTED_EDGE ( 'NONE', *, *, #1292, .F. ) ;
#2327 = FACE_OUTER_BOUND ( 'NONE', #4822, .T. ) ;
#2328 = FACE_BOUND ( 'NONE', #4516, .T. ) ;
#2329 = DIRECTION ( 'NONE',  ( -1.000000000000000000, 0.000000000000000000, 0.000000000000000000 ) ) ;
#2330 = DIRECTION ( 'NONE',  ( 0.000000000000000000, 0.000000000000000000, 1.000000000000000000 ) ) ;
#2331 = LINE ( 'NONE', #4499, #5189 ) ;
#2332 = VERTEX_POINT ( 'NONE', #2488 ) ;
#2333 = LINE ( 'NONE', #4412, #3918 ) ;
#2334 =( LENGTH_UNIT ( ) NAMED_UNIT ( * ) SI_UNIT ( .MILLI., .METRE. ) );
#2335 = CARTESIAN_POINT ( 'NONE',  ( -47.00000000000000000, 110.0000000000000000, 3.000000000000000000 ) ) ;
#2336 = AXIS2_PLACEMENT_3D ( 'NONE', #726, #2312, #2473 ) ;
#2337 = VERTEX_POINT ( 'NONE', #5519 ) ;
#2338 = FACE_BOUND ( 'NONE', #2590, .T. ) ;
#2339 = ADVANCED_FACE ( 'NONE', ( #4608 ), #4199, .F. ) ;
#2340 = ORIENTED_EDGE ( 'NONE', *, *, #1385, .T. ) ;
#2341 = DIRECTION ( 'NONE',  ( 1.000000000000000000, 0.000000000000000000, 0.000000000000000000 ) ) ;
#2342 = CARTESIAN_POINT ( 'NONE',  ( 25.99999999999998934, -6.499999999988189003, 0.000000000000000000 ) ) ;
#2343 = AXIS2_PLACEMENT_3D ( 'NONE', #4498, #2330, #141 ) ;
#2344 = ORIENTED_EDGE ( 'NONE', *, *, #1367, .T. ) ;
#2345 = EDGE_CURVE ( 'NONE', #604, #1967, #1141, .T. ) ;
#2346 = VECTOR ( 'NONE', #3256, 1000.000000000000000 ) ;
#2347 = EDGE_LOOP ( 'NONE', ( #1712, #2854, #3992, #4419 ) ) ;
#2348 = CARTESIAN_POINT ( 'NONE',  ( 11.74999999999999645, 111.6000000000000085, 0.000000000000000000 ) ) ;
#2349 = DIRECTION ( 'NONE',  ( 1.000000000000000000, 0.000000000000000000, 0.000000000000000000 ) ) ;
#2350 = LINE ( 'NONE', #5401, #3184 ) ;
#2351 = ORIENTED_EDGE ( 'NONE', *, *, #1395, .F. ) ;
#2352 = CARTESIAN_POINT ( 'NONE',  ( -79.99999999999998579, -10.00000000000000000, 3.000000000000000000 ) ) ;
#2353 = LINE ( 'NONE', #4583, #1373 ) ;
#2354 = DIRECTION ( 'NONE',  ( -0.000000000000000000, -0.000000000000000000, -1.000000000000000000 ) ) ;
#2355 = DIRECTION ( 'NONE',  ( -1.000000000000000000, 0.000000000000000000, 0.000000000000000000 ) ) ;
#2356 = DIRECTION ( 'NONE',  ( -0.000000000000000000, -0.000000000000000000, -1.000000000000000000 ) ) ;
#2357 = EDGE_CURVE ( 'NONE', #4711, #426, #4469, .T. ) ;
#2358 = ORIENTED_EDGE ( 'NONE', *, *, #5500, .F. ) ;
#2359 = DIRECTION ( 'NONE',  ( -1.000000000000000000, 0.000000000000000000, 0.000000000000000000 ) ) ;
#2360 = CARTESIAN_POINT ( 'NONE',  ( -1.599999999999998312, -47.49999999998817657, 3.000000000000000000 ) ) ;
#2361 = CARTESIAN_POINT ( 'NONE',  ( 26.00000000000522249, 19.50000000001181988, 3.000000000000000000 ) ) ;
#2362 = FACE_BOUND ( 'NONE', #1865, .T. ) ;
#2363 = ORIENTED_EDGE ( 'NONE', *, *, #1046, .F. ) ;
#2364 = LINE ( 'NONE', #4076, #404 ) ;
#2365 = VERTEX_POINT ( 'NONE', #690 ) ;
#2366 = CARTESIAN_POINT ( 'NONE',  ( 62.99999999995772981, -115.0000000000000000, 3.000000000000000000 ) ) ;
#2367 = ORIENTED_EDGE ( 'NONE', *, *, #2553, .F. ) ;
#2368 = ORIENTED_EDGE ( 'NONE', *, *, #1696, .T. ) ;
#2369 = ORIENTED_EDGE ( 'NONE', *, *, #3139, .F. ) ;
#2370 = AXIS2_PLACEMENT_3D ( 'NONE', #1468, #3202, #5349 ) ;
#2371 = CYLINDRICAL_SURFACE ( 'NONE', #2563, 1.600000000000004086 ) ;
#2372 =( NAMED_UNIT ( * ) PLANE_ANGLE_UNIT ( ) SI_UNIT ( $, .RADIAN. ) );
#2373 = CYLINDRICAL_SURFACE ( 'NONE', #4293, 1.599999999999997202 ) ;
#2375 = ORIENTED_EDGE ( 'NONE', *, *, #4932, .T. ) ;
#2374 = ADVANCED_FACE ( 'NONE', ( #5549 ), #304, .F. ) ;
#2376 = CIRCLE ( 'NONE', #354, 1.600000000000004086 ) ;
#2377 = AXIS2_PLACEMENT_3D ( 'NONE', #3479, #1695, #396 ) ;
#2378 = CARTESIAN_POINT ( 'NONE',  ( -6.000000000005223377, 19.50000000001181988, 3.000000000000000000 ) ) ;
#2379 = DIRECTION ( 'NONE',  ( 0.000000000000000000, 0.000000000000000000, 1.000000000000000000 ) ) ;
#2380 = CARTESIAN_POINT ( 'NONE',  ( 47.00000000000000000, 110.0000000000000000, 3.000000000000000000 ) ) ;
#2381 = LINE ( 'NONE', #5376, #3060 ) ;
#2382 = AXIS2_PLACEMENT_3D ( 'NONE', #2704, #1818, #620 ) ;
#2383 = DIRECTION ( 'NONE',  ( -0.000000000000000000, -0.000000000000000000, -1.000000000000000000 ) ) ;
#2384 = EDGE_CURVE ( 'NONE', #2084, #2816, #1362, .T. ) ;
#2385 = AXIS2_PLACEMENT_3D ( 'NONE', #1433, #3168, #3653 ) ;
#2386 = ORIENTED_EDGE ( 'NONE', *, *, #282, .T. ) ;
#2387 = DIRECTION ( 'NONE',  ( 0.7071067811865475727, -0.7071067811865475727, 0.000000000000000000 ) ) ;
#2388 = FILL_AREA_STYLE ('',( #1472 ) ) ;
#2389 = LINE ( 'NONE', #5386, #212 ) ;
#2390 = VECTOR ( 'NONE', #4992, 1000.000000000000000 ) ;
#2391 = EDGE_CURVE ( 'NONE', #2849, #2470, #1918, .T. ) ;
#2392 = EDGE_CURVE ( 'NONE', #3972, #2763, #5294, .T. ) ;
#2393 = ORIENTED_EDGE ( 'NONE', *, *, #5210, .T. ) ;
#2394 = ORIENTED_EDGE ( 'NONE', *, *, #5216, .T. ) ;
#2395 = FACE_BOUND ( 'NONE', #1623, .T. ) ;
#2396 = VERTEX_POINT ( 'NONE', #1114 ) ;
#2397 = DIRECTION ( 'NONE',  ( 1.000000000000000000, 0.000000000000000000, 0.000000000000000000 ) ) ;
#2398 = CIRCLE ( 'NONE', #2031, 1.600000000000000755 ) ;
#2399 = ORIENTED_EDGE ( 'NONE', *, *, #729, .T. ) ;
#2400 = ORIENTED_EDGE ( 'NONE', *, *, #3959, .T. ) ;
#2401 = ORIENTED_EDGE ( 'NONE', *, *, #2696, .F. ) ;
#2402 = CIRCLE ( 'NONE', #5041, 1.599999999999997202 ) ;
#2403 = ORIENTED_EDGE ( 'NONE', *, *, #3339, .F. ) ;
#2404 = FACE_OUTER_BOUND ( 'NONE', #3816, .T. ) ;
#2405 = CARTESIAN_POINT ( 'NONE',  ( 35.25000000000000000, 110.0000000000000000, 3.000000000000000000 ) ) ;
#2406 = CARTESIAN_POINT ( 'NONE',  ( -60.00000000000301270, 10.90000000001181846, 0.000000000000000000 ) ) ;
#2407 = VERTEX_POINT ( 'NONE', #2853 ) ;
#2408 = CIRCLE ( 'NONE', #2134, 1.599999999999998312 ) ;
#2409 = DIRECTION ( 'NONE',  ( -1.000000000000000000, -0.000000000000000000, -0.000000000000000000 ) ) ;
#2410 = FACE_BOUND ( 'NONE', #1483, .T. ) ;
#2411 = EDGE_CURVE ( 'NONE', #604, #4186, #2902, .T. ) ;
#2412 = AXIS2_PLACEMENT_3D ( 'NONE', #5536, #5564, #5040 ) ;
#2413 = FACE_OUTER_BOUND ( 'NONE', #2247, .T. ) ;
#2414 = DIRECTION ( 'NONE',  ( 1.000000000000000000, 0.000000000000000000, 0.000000000000000000 ) ) ;
#2415 = DIRECTION ( 'NONE',  ( -0.000000000000000000, -0.000000000000000000, -1.000000000000000000 ) ) ;
#2416 = ORIENTED_EDGE ( 'NONE', *, *, #4049, .F. ) ;
#2417 = DIRECTION ( 'NONE',  ( 1.000000000000000000, 0.000000000000000000, 0.000000000000000000 ) ) ;
#2418 = EDGE_CURVE ( 'NONE', #3645, #4213, #2513, .T. ) ;
#2419 = FACE_OUTER_BOUND ( 'NONE', #4785, .T. ) ;
#2420 = DIRECTION ( 'NONE',  ( 0.000000000000000000, -0.000000000000000000, 1.000000000000000000 ) ) ;
#2421 = VECTOR ( 'NONE', #3387, 1000.000000000000000 ) ;
#2422 = VERTEX_POINT ( 'NONE', #2088 ) ;
#2423 = VERTEX_POINT ( 'NONE', #225 ) ;
#2424 = FACE_BOUND ( 'NONE', #2585, .T. ) ;
#2425 = EDGE_CURVE ( 'NONE', #3645, #511, #3190, .T. ) ;
#2426 = ORIENTED_EDGE ( 'NONE', *, *, #2627, .T. ) ;
#2427 = CARTESIAN_POINT ( 'NONE',  ( -62.99999999999998579, 19.50000000001181988, 0.000000000000000000 ) ) ;
#2428 = ORIENTED_EDGE ( 'NONE', *, *, #472, .F. ) ;
#2429 = CARTESIAN_POINT ( 'NONE',  ( -29.19999999999999929, -47.49999999998817657, 3.000000000000000000 ) ) ;
#2430 = ORIENTED_EDGE ( 'NONE', *, *, #3944, .T. ) ;
#2431 = EDGE_CURVE ( 'NONE', #2070, #1688, #913, .T. ) ;
#2432 = ORIENTED_EDGE ( 'NONE', *, *, #4847, .F. ) ;
#2433 = CARTESIAN_POINT ( 'NONE',  ( 13.99999999999999645, -108.0000000000000000, 3.000000000000000000 ) ) ;
#2434 = AXIS2_PLACEMENT_3D ( 'NONE', #696, #2441, #2882 ) ;
#2435 = DIRECTION ( 'NONE',  ( 1.000000000000000000, 0.000000000000000000, 0.000000000000000000 ) ) ;
#2436 = ORIENTED_EDGE ( 'NONE', *, *, #934, .F. ) ;
#2437 = VECTOR ( 'NONE', #2095, 1000.000000000000000 ) ;
#2438 = CARTESIAN_POINT ( 'NONE',  ( -50.99999999999366196, -103.0000000000000142, 3.000000000000000000 ) ) ;
#2439 = FACE_BOUND ( 'NONE', #1698, .T. ) ;
#2440 = CARTESIAN_POINT ( 'NONE',  ( 25.99999999999999645, -42.09999999998818510, 3.000000000000000000 ) ) ;
#2441 = DIRECTION ( 'NONE',  ( 0.000000000000000000, 0.000000000000000000, 1.000000000000000000 ) ) ;
#2442 = CYLINDRICAL_SURFACE ( 'NONE', #4196, 1.600000000000000755 ) ;
#2443 = EDGE_CURVE ( 'NONE', #5631, #651, #3737, .T. ) ;
#2444 = ORIENTED_EDGE ( 'NONE', *, *, #2796, .F. ) ;
#2445 = CARTESIAN_POINT ( 'NONE',  ( 61.40000000000002700, 19.50000000001181988, 3.000000000000000000 ) ) ;
#2446 = DIRECTION ( 'NONE',  ( 1.000000000000000000, 0.000000000000000000, 0.000000000000000000 ) ) ;
#2447 = CARTESIAN_POINT ( 'NONE',  ( -47.00000000000000000, 120.0000000000106581, 3.000000000000000000 ) ) ;
#2448 = ADVANCED_FACE ( 'NONE', ( #1277 ), #4713, .F. ) ;
#2449 = VERTEX_POINT ( 'NONE', #1769 ) ;
#2450 = FACE_BOUND ( 'NONE', #4756, .T. ) ;
#2451 = ORIENTED_EDGE ( 'NONE', *, *, #4115, .F. ) ;
#2452 = CYLINDRICAL_SURFACE ( 'NONE', #1126, 1.599999999999997202 ) ;
#2453 = DIRECTION ( 'NONE',  ( -1.000000000000000000, 0.000000000000000000, 0.000000000000000000 ) ) ;
#2454 = VERTEX_POINT ( 'NONE', #3497 ) ;
#2455 = VERTEX_POINT ( 'NONE', #2984 ) ;
#2456 = ORIENTED_EDGE ( 'NONE', *, *, #3936, .T. ) ;
#2457 = CARTESIAN_POINT ( 'NONE',  ( 26.99999999999999645, 94.99999999999998579, 0.000000000000000000 ) ) ;
#2458 = DIRECTION ( 'NONE',  ( -0.7071067811865485719, -0.7071067811865465735, -0.000000000000000000 ) ) ;
#2459 = ORIENTED_EDGE ( 'NONE', *, *, #4556, .T. ) ;
#2460 = EDGE_CURVE ( 'NONE', #1096, #5045, #4665, .T. ) ;
#2461 = CIRCLE ( 'NONE', #5569, 1.600000000000004086 ) ;
#2462 = CIRCLE ( 'NONE', #2634, 1.550000000000002709 ) ;
#2463 = DIRECTION ( 'NONE',  ( 1.000000000000000000, 0.000000000000000000, 0.000000000000000000 ) ) ;
#2464 = DIRECTION ( 'NONE',  ( -0.000000000000000000, -0.000000000000000000, -1.000000000000000000 ) ) ;
#2465 = DIRECTION ( 'NONE',  ( 1.000000000000000000, 0.000000000000000000, 0.000000000000000000 ) ) ;
#2466 = PLANE ( 'NONE',  #4256 ) ;
#2467 = CYLINDRICAL_SURFACE ( 'NONE', #4005, 1.599999999999997202 ) ;
#2468 = AXIS2_PLACEMENT_3D ( 'NONE', #4637, #716, #2463 ) ;
#2469 = VECTOR ( 'NONE', #953, 1000.000000000000000 ) ;
#2470 = VERTEX_POINT ( 'NONE', #5248 ) ;
#2471 = DIRECTION ( 'NONE',  ( 1.000000000000000000, 0.000000000000000000, 0.000000000000000000 ) ) ;
#2472 = CARTESIAN_POINT ( 'NONE',  ( -62.99999999999998579, 19.50000000001181988, 3.000000000000000000 ) ) ;
#2473 = DIRECTION ( 'NONE',  ( 1.000000000000000000, 0.000000000000000000, 0.000000000000000000 ) ) ;
#2474 = DIRECTION ( 'NONE',  ( 1.000000000000000000, 0.000000000000000000, 0.000000000000000000 ) ) ;
#2475 = CIRCLE ( 'NONE', #2298, 1.549999999999999378 ) ;
#2476 = DIRECTION ( 'NONE',  ( 1.000000000000000000, 0.000000000000000000, 0.000000000000000000 ) ) ;
#2477 = ORIENTED_EDGE ( 'NONE', *, *, #2077, .F. ) ;
#2478 = EDGE_CURVE ( 'NONE', #5664, #2337, #5478, .T. ) ;
#2479 = CARTESIAN_POINT ( 'NONE',  ( 62.99999999995772981, -63.00000000000000000, 0.000000000000000000 ) ) ;
#2480 = CARTESIAN_POINT ( 'NONE',  ( -15.60000000000000142, -108.0000000000041069, 0.000000000000000000 ) ) ;
#2481 = AXIS2_PLACEMENT_3D ( 'NONE', #147, #2722, #4472 ) ;
#2482 = ORIENTED_EDGE ( 'NONE', *, *, #2823, .F. ) ;
#2483 = EDGE_LOOP ( 'NONE', ( #5501, #1794, #4225, #2253 ) ) ;
#2484 = ORIENTED_EDGE ( 'NONE', *, *, #1585, .F. ) ;
#2485 = ORIENTED_EDGE ( 'NONE', *, *, #5200, .T. ) ;
#2486 = DIRECTION ( 'NONE',  ( 0.000000000000000000, 0.000000000000000000, 1.000000000000000000 ) ) ;
#2487 = EDGE_CURVE ( 'NONE', #4424, #753, #3074, .T. ) ;
#2488 = CARTESIAN_POINT ( 'NONE',  ( 69.90000000000007674, 1.500000000011825207, 3.000000000000000000 ) ) ;
#2489 = AXIS2_PLACEMENT_3D ( 'NONE', #2739, #706, #243 ) ;
#2490 = CARTESIAN_POINT ( 'NONE',  ( -79.99999999999998579, -10.00000000000000000, 3.000000000000000000 ) ) ;
#2491 = DIRECTION ( 'NONE',  ( -1.000000000000000000, 0.000000000000000000, 0.000000000000000000 ) ) ;
#2492 = EDGE_CURVE ( 'NONE', #842, #1017, #4736, .T. ) ;
#2493 = CARTESIAN_POINT ( 'NONE',  ( -47.00000000000000000, 110.0000000000000000, 3.000000000000000000 ) ) ;
#2494 = DIRECTION ( 'NONE',  ( 1.000000000000000000, 0.000000000000000000, 0.000000000000000000 ) ) ;
#2495 = CARTESIAN_POINT ( 'NONE',  ( -25.99999999999998934, -8.099999999988190424, 0.000000000000000000 ) ) ;
#2496 = VECTOR ( 'NONE', #4097, 1000.000000000000000 ) ;
#2497 = ORIENTED_EDGE ( 'NONE', *, *, #3020, .F. ) ;
#2498 = CARTESIAN_POINT ( 'NONE',  ( 26.99999999999364064, -73.00000000000000000, 3.000000000000000000 ) ) ;
#2499 = CYLINDRICAL_SURFACE ( 'NONE', #3756, 1.600000000000000755 ) ;
#2500 = DIRECTION ( 'NONE',  ( 0.000000000000000000, 0.000000000000000000, 1.000000000000000000 ) ) ;
#2501 = DIRECTION ( 'NONE',  ( 0.000000000000000000, 1.000000000000000000, 0.000000000000000000 ) ) ;
#2502 = ORIENTED_EDGE ( 'NONE', *, *, #3591, .F. ) ;
#2503 = VERTEX_POINT ( 'NONE', #4794 ) ;
#2504 = FACE_OUTER_BOUND ( 'NONE', #468, .T. ) ;
#2505 = ORIENTED_EDGE ( 'NONE', *, *, #3210, .F. ) ;
#2506 = PLANE ( 'NONE',  #4602 ) ;
#2507 = ORIENTED_EDGE ( 'NONE', *, *, #3247, .F. ) ;
#2508 = ORIENTED_EDGE ( 'NONE', *, *, #2991, .T. ) ;
#2509 = ADVANCED_FACE ( 'NONE', ( #3044 ), #876, .F. ) ;
#2510 = VERTEX_POINT ( 'NONE', #5660 ) ;
#2511 = ORIENTED_EDGE ( 'NONE', *, *, #4360, .T. ) ;
#2512 = CARTESIAN_POINT ( 'NONE',  ( -25.99999999999998934, -6.499999999988189003, 0.000000000000000000 ) ) ;
#2513 = LINE ( 'NONE', #331, #3461 ) ;
#2514 = ORIENTED_EDGE ( 'NONE', *, *, #3774, .T. ) ;
#2515 = EDGE_CURVE ( 'NONE', #3517, #4080, #4335, .T. ) ;
#2516 = DIRECTION ( 'NONE',  ( -0.000000000000000000, -0.000000000000000000, -1.000000000000000000 ) ) ;
#2517 = CARTESIAN_POINT ( 'NONE',  ( 11.74999999999999645, 110.0000000000000000, 3.000000000000000000 ) ) ;
#2518 = CARTESIAN_POINT ( 'NONE',  ( -58.40000000000300417, 10.90000000001181846, 3.000000000000000000 ) ) ;
#2519 = CARTESIAN_POINT ( 'NONE',  ( 45.40000000000001279, 110.0000000000000000, 3.000000000000000000 ) ) ;
#2520 = DIRECTION ( 'NONE',  ( -0.000000000000000000, -0.000000000000000000, -1.000000000000000000 ) ) ;
#2521 = AXIS2_PLACEMENT_3D ( 'NONE', #4702, #2948, #2974 ) ;
#2522 = EDGE_CURVE ( 'NONE', #4656, #1423, #2228, .T. ) ;
#2523 = DIRECTION ( 'NONE',  ( -0.000000000000000000, -0.000000000000000000, -1.000000000000000000 ) ) ;
#2524 = DIRECTION ( 'NONE',  ( 1.000000000000000000, 0.000000000000000000, 0.000000000000000000 ) ) ;
#2525 = CARTESIAN_POINT ( 'NONE',  ( -49.44999999999998863, 64.99999999999998579, 3.000000000000000000 ) ) ;
#2526 = DIRECTION ( 'NONE',  ( -1.000000000000000000, 0.000000000000000000, 0.000000000000000000 ) ) ;
#2527 = EDGE_CURVE ( 'NONE', #4483, #2861, #645, .T. ) ;
#2528 = EDGE_LOOP ( 'NONE', ( #3037, #2430 ) ) ;
#2529 = DIRECTION ( 'NONE',  ( 0.9486832980504569246, -0.3162277660170086935, -0.000000000000000000 ) ) ;
#2530 = ORIENTED_EDGE ( 'NONE', *, *, #51, .F. ) ;
#2531 = DIRECTION ( 'NONE',  ( -0.1036060842594474646, 0.9946184088907787935, 0.000000000000000000 ) ) ;
#2532 = ORIENTED_EDGE ( 'NONE', *, *, #2823, .T. ) ;
#2533 = EDGE_LOOP ( 'NONE', ( #3799, #3771, #2712, #1163 ) ) ;
#2534 = ORIENTED_EDGE ( 'NONE', *, *, #5474, .T. ) ;
#2535 = DIRECTION ( 'NONE',  ( 0.000000000000000000, 0.000000000000000000, 1.000000000000000000 ) ) ;
#2536 = LINE ( 'NONE', #4361, #3372 ) ;
#2537 = ORIENTED_EDGE ( 'NONE', *, *, #2551, .T. ) ;
#2538 = CARTESIAN_POINT ( 'NONE',  ( -13.00000000000000533, 80.00000000000000000, 0.000000000000000000 ) ) ;
#2539 = LINE ( 'NONE', #4235, #5112 ) ;
#2540 = DIRECTION ( 'NONE',  ( -1.000000000000000000, 0.000000000000000000, 0.000000000000000000 ) ) ;
#2541 = FACE_OUTER_BOUND ( 'NONE', #4487, .T. ) ;
#2542 = EDGE_CURVE ( 'NONE', #4799, #2098, #2144, .T. ) ;
#2543 = CARTESIAN_POINT ( 'NONE',  ( -62.99999999999998579, 19.50000000001181988, 3.000000000000000000 ) ) ;
#2544 = VECTOR ( 'NONE', #3827, 1000.000000000000000 ) ;
#2545 = ORIENTED_EDGE ( 'NONE', *, *, #2234, .T. ) ;
#2546 = CARTESIAN_POINT ( 'NONE',  ( 0.000000000000000000, 110.0000000000000000, 3.000000000000000000 ) ) ;
#2547 = AXIS2_PLACEMENT_3D ( 'NONE', #1760, #1187, #4678 ) ;
#2548 = CARTESIAN_POINT ( 'NONE',  ( -8.000000000000000000, -82.99999999999998579, 3.000000000000000000 ) ) ;
#2549 = DIRECTION ( 'NONE',  ( 1.000000000000000000, 0.000000000000000000, 0.000000000000000000 ) ) ;
#2550 = VECTOR ( 'NONE', #2383, 1000.000000000000000 ) ;
#2551 = EDGE_CURVE ( 'NONE', #5493, #1490, #5222, .T. ) ;
#2552 = CARTESIAN_POINT ( 'NONE',  ( -8.000000000000000000, -88.00000000000000000, 3.000000000000000000 ) ) ;
#2553 = EDGE_CURVE ( 'NONE', #410, #2098, #2111, .T. ) ;
#2554 = VECTOR ( 'NONE', #3719, 1000.000000000000000 ) ;
#2555 = CIRCLE ( 'NONE', #4739, 1.599999999999997202 ) ;
#2556 = EDGE_LOOP ( 'NONE', ( #274, #459, #2358, #3439 ) ) ;
#2557 = FACE_OUTER_BOUND ( 'NONE', #773, .T. ) ;
#2558 = VERTEX_POINT ( 'NONE', #2957 ) ;
#2559 = EDGE_CURVE ( 'NONE', #4711, #2849, #2536, .T. ) ;
#2560 = DIRECTION ( 'NONE',  ( -0.000000000000000000, -0.000000000000000000, -1.000000000000000000 ) ) ;
#2561 = AXIS2_PLACEMENT_3D ( 'NONE', #4395, #1824, #2598 ) ;
#2562 = ADVANCED_FACE ( 'NONE', ( #3935 ), #362, .F. ) ;
#2563 = AXIS2_PLACEMENT_3D ( 'NONE', #2433, #158, #5023 ) ;
#2564 = ORIENTED_EDGE ( 'NONE', *, *, #4710, .T. ) ;
#2565 = ORIENTED_EDGE ( 'NONE', *, *, #4374, .F. ) ;
#2566 = DIRECTION ( 'NONE',  ( -1.000000000000000000, 0.000000000000000000, 0.000000000000000000 ) ) ;
#2567 = DIRECTION ( 'NONE',  ( -0.000000000000000000, -0.000000000000000000, -1.000000000000000000 ) ) ;
#2568 =( GEOMETRIC_REPRESENTATION_CONTEXT ( 3 ) GLOBAL_UNCERTAINTY_ASSIGNED_CONTEXT ( ( #430 ) ) GLOBAL_UNIT_ASSIGNED_CONTEXT ( ( #2334, #4897, #1955 ) ) REPRESENTATION_CONTEXT ( 'NONE', 'WORKASPACE' ) );
#2569 = ORIENTED_EDGE ( 'NONE', *, *, #1285, .T. ) ;
#2570 = AXIS2_PLACEMENT_3D ( 'NONE', #2046, #3720, #5469 ) ;
#2571 = DIRECTION ( 'NONE',  ( -0.000000000000000000, -0.000000000000000000, -1.000000000000000000 ) ) ;
#2572 = DIRECTION ( 'NONE',  ( 1.000000000000000000, 0.000000000000000000, 0.000000000000000000 ) ) ;
#2573 = DIRECTION ( 'NONE',  ( -0.000000000000000000, -0.000000000000000000, -1.000000000000000000 ) ) ;
#2574 = CARTESIAN_POINT ( 'NONE',  ( 5.999999999994776623, 19.50000000001181988, 3.000000000000000000 ) ) ;
#2575 = ORIENTED_EDGE ( 'NONE', *, *, #3725, .T. ) ;
#2576 = ADVANCED_FACE ( 'NONE', ( #3390 ), #4282, .F. ) ;
#2577 = DIRECTION ( 'NONE',  ( 1.000000000000000000, 0.000000000000000000, 0.000000000000000000 ) ) ;
#2578 = CARTESIAN_POINT ( 'NONE',  ( -73.09999999999998010, 1.500000000011825207, 0.000000000000000000 ) ) ;
#2579 = DIRECTION ( 'NONE',  ( 1.000000000000000000, 0.000000000000000000, 0.000000000000000000 ) ) ;
#2580 = DIRECTION ( 'NONE',  ( -0.000000000000000000, -0.000000000000000000, -1.000000000000000000 ) ) ;
#2581 = CIRCLE ( 'NONE', #477, 1.599999999999990319 ) ;
#2582 = ADVANCED_FACE ( 'NONE', ( #1687 ), #3417, .F. ) ;
#2583 = VERTEX_POINT ( 'NONE', #4935 ) ;
#2584 = DIRECTION ( 'NONE',  ( -0.000000000000000000, -0.000000000000000000, -1.000000000000000000 ) ) ;
#2585 = EDGE_LOOP ( 'NONE', ( #1511, #1602 ) ) ;
#2586 = DIRECTION ( 'NONE',  ( -1.000000000000000000, 0.000000000000000000, 0.000000000000000000 ) ) ;
#2587 = ORIENTED_EDGE ( 'NONE', *, *, #5054, .T. ) ;
#2588 = EDGE_CURVE ( 'NONE', #879, #3335, #4749, .T. ) ;
#2589 = EDGE_CURVE ( 'NONE', #2470, #4557, #3101, .T. ) ;
#2590 = EDGE_LOOP ( 'NONE', ( #3543, #1299 ) ) ;
#2591 = ORIENTED_EDGE ( 'NONE', *, *, #526, .F. ) ;
#2592 = CARTESIAN_POINT ( 'NONE',  ( -11.74999999999999645, 110.0000000000000000, 3.000000000000000000 ) ) ;
#2593 = DIRECTION ( 'NONE',  ( -1.000000000000000000, 0.000000000000000000, 0.000000000000000000 ) ) ;
#2594 = ORIENTED_EDGE ( 'NONE', *, *, #4815, .F. ) ;
#2595 = EDGE_CURVE ( 'NONE', #4933, #5126, #1829, .T. ) ;
#2596 = ORIENTED_EDGE ( 'NONE', *, *, #5029, .F. ) ;
#2597 = ORIENTED_EDGE ( 'NONE', *, *, #637, .T. ) ;
#2598 = DIRECTION ( 'NONE',  ( 1.000000000000000000, 0.000000000000000000, 0.000000000000000000 ) ) ;
#2599 = CARTESIAN_POINT ( 'NONE',  ( -1.600000000001991829, 110.0000000000000000, 3.000000000000000000 ) ) ;
#2600 = LINE ( 'NONE', #3778, #3062 ) ;
#2601 = FACE_OUTER_BOUND ( 'NONE', #3875, .T. ) ;
#2602 = CIRCLE ( 'NONE', #131, 1.599999999999997202 ) ;
#2603 = ORIENTED_EDGE ( 'NONE', *, *, #2559, .T. ) ;
#2604 = DIRECTION ( 'NONE',  ( 0.000000000000000000, 0.000000000000000000, 1.000000000000000000 ) ) ;
#2605 = LINE ( 'NONE', #4375, #1117 ) ;
#2606 = CARTESIAN_POINT ( 'NONE',  ( -25.99999999999998934, -6.499999999988189003, 0.000000000000000000 ) ) ;
#2607 = FACE_OUTER_BOUND ( 'NONE', #4571, .T. ) ;
#2608 = AXIS2_PLACEMENT_3D ( 'NONE', #888, #1804, #3533 ) ;
#2609 = CIRCLE ( 'NONE', #3703, 1.600000000000004086 ) ;
#2610 = ORIENTED_EDGE ( 'NONE', *, *, #5555, .T. ) ;
#2611 = DIRECTION ( 'NONE',  ( -0.000000000000000000, -0.000000000000000000, -1.000000000000000000 ) ) ;
#2612 = ORIENTED_EDGE ( 'NONE', *, *, #2960, .T. ) ;
#2613 = CYLINDRICAL_SURFACE ( 'NONE', #8, 1.600000000001310596 ) ;
#2614 = EDGE_CURVE ( 'NONE', #767, #3316, #3286, .T. ) ;
#2615 = EDGE_LOOP ( 'NONE', ( #558, #1279, #5262, #5246 ) ) ;
#2616 = ORIENTED_EDGE ( 'NONE', *, *, #1056, .F. ) ;
#2617 = ORIENTED_EDGE ( 'NONE', *, *, #2589, .F. ) ;
#2618 = DIRECTION ( 'NONE',  ( -1.000000000000000000, 0.000000000000000000, 0.000000000000000000 ) ) ;
#2619 = DIRECTION ( 'NONE',  ( -0.000000000000000000, -0.000000000000000000, -1.000000000000000000 ) ) ;
#2620 = ADVANCED_FACE ( 'NONE', ( #1848 ), #1020, .F. ) ;
#2621 = ORIENTED_EDGE ( 'NONE', *, *, #3813, .T. ) ;
#2622 = VERTEX_POINT ( 'NONE', #1901 ) ;
#2623 = DIRECTION ( 'NONE',  ( 0.000000000000000000, 0.000000000000000000, 1.000000000000000000 ) ) ;
#2624 = DIRECTION ( 'NONE',  ( 0.000000000000000000, 0.000000000000000000, 1.000000000000000000 ) ) ;
#2625 = LINE ( 'NONE', #3997, #1333 ) ;
#2626 = CYLINDRICAL_SURFACE ( 'NONE', #4014, 1.549999999999999378 ) ;
#2627 = EDGE_CURVE ( 'NONE', #529, #560, #4850, .T. ) ;
#2628 = CARTESIAN_POINT ( 'NONE',  ( 1.600000000001310596, 10.90000000001181846, 3.000000000000000000 ) ) ;
#2629 = DIRECTION ( 'NONE',  ( 0.000000000000000000, 0.000000000000000000, 1.000000000000000000 ) ) ;
#2630 = CARTESIAN_POINT ( 'NONE',  ( 29.19999999999999929, 1.500000000011825207, 0.000000000000000000 ) ) ;
#2631 = CARTESIAN_POINT ( 'NONE',  ( -62.99999999999998579, -114.9999999999965610, 3.000000000000000000 ) ) ;
#2632 = AXIS2_PLACEMENT_3D ( 'NONE', #2744, #5460, #4119 ) ;
#2633 = ORIENTED_EDGE ( 'NONE', *, *, #353, .T. ) ;
#2634 = AXIS2_PLACEMENT_3D ( 'NONE', #4698, #1613, #2005 ) ;
#2635 = CARTESIAN_POINT ( 'NONE',  ( -62.99999999999997158, 36.48713711185290975, 3.000000000000000000 ) ) ;
#2636 = CARTESIAN_POINT ( 'NONE',  ( -63.00000000000000000, 104.0000000000106581, 3.000000000000000000 ) ) ;
#2637 = CARTESIAN_POINT ( 'NONE',  ( -26.99999999999366196, -73.00000000000001421, 0.000000000000000000 ) ) ;
#2638 = CIRCLE ( 'NONE', #2006, 1.549999999999999378 ) ;
#2639 = AXIS2_PLACEMENT_3D ( 'NONE', #4635, #1171, #3824 ) ;
#2640 = ORIENTED_EDGE ( 'NONE', *, *, #1238, .F. ) ;
#2641 = LINE ( 'NONE', #2310, #635 ) ;
#2642 = ADVANCED_FACE ( 'NONE', ( #1390 ), #4050, .F. ) ;
#2643 = AXIS2_PLACEMENT_3D ( 'NONE', #2072, #2604, #3870 ) ;
#2644 = ORIENTED_EDGE ( 'NONE', *, *, #951, .T. ) ;
#2645 = VECTOR ( 'NONE', #2567, 1000.000000000000000 ) ;
#2646 = DIRECTION ( 'NONE',  ( 1.000000000000000000, 0.000000000000000000, 0.000000000000000000 ) ) ;
#2647 = CARTESIAN_POINT ( 'NONE',  ( 51.00000000000000000, 94.99999999999997158, 3.000000000000000000 ) ) ;
#2648 = ORIENTED_EDGE ( 'NONE', *, *, #2028, .F. ) ;
#2649 = CIRCLE ( 'NONE', #2826, 1.600000000000004086 ) ;
#2650 = EDGE_LOOP ( 'NONE', ( #4006, #5545 ) ) ;
#2651 = CARTESIAN_POINT ( 'NONE',  ( 63.00000000000000000, 53.50000000001177369, 0.000000000000000000 ) ) ;
#2652 = CIRCLE ( 'NONE', #5396, 1.599999999999998312 ) ;
#2653 = DIRECTION ( 'NONE',  ( -0.000000000000000000, -0.000000000000000000, -1.000000000000000000 ) ) ;
#2654 = DIRECTION ( 'NONE',  ( 1.000000000000000000, 0.000000000000000000, 0.000000000000000000 ) ) ;
#2655 = CARTESIAN_POINT ( 'NONE',  ( 49.45000000000000284, 65.00000000000000000, 3.000000000000000000 ) ) ;
#2656 = AXIS2_PLACEMENT_3D ( 'NONE', #2472, #1590, #3375 ) ;
#2657 = EDGE_CURVE ( 'NONE', #2033, #4547, #1467, .T. ) ;
#2658 = EDGE_CURVE ( 'NONE', #3122, #5051, #4022, .T. ) ;
#2659 = DIRECTION ( 'NONE',  ( 0.000000000000000000, 0.000000000000000000, 1.000000000000000000 ) ) ;
#2660 = CARTESIAN_POINT ( 'NONE',  ( -29.19999999999999929, -47.49999999998817657, 0.000000000000000000 ) ) ;
#2661 = CARTESIAN_POINT ( 'NONE',  ( 26.00000000000522249, 17.90000000001181846, 3.000000000000000000 ) ) ;
#2662 = DIRECTION ( 'NONE',  ( -0.000000000000000000, -0.000000000000000000, -1.000000000000000000 ) ) ;
#2663 = CIRCLE ( 'NONE', #1294, 1.599999999999998312 ) ;
#2664 = AXIS2_PLACEMENT_3D ( 'NONE', #5462, #310, #5556 ) ;
#2665 = DIRECTION ( 'NONE',  ( -0.000000000000000000, -0.000000000000000000, -1.000000000000000000 ) ) ;
#2666 = ORIENTED_EDGE ( 'NONE', *, *, #5500, .T. ) ;
#2667 = DIRECTION ( 'NONE',  ( 1.000000000000000000, 0.000000000000000000, 0.000000000000000000 ) ) ;
#2668 = VECTOR ( 'NONE', #4760, 1000.000000000000000 ) ;
#2669 = ORIENTED_EDGE ( 'NONE', *, *, #557, .T. ) ;
#2670 = FACE_BOUND ( 'NONE', #3155, .T. ) ;
#2671 = VECTOR ( 'NONE', #4183, 1000.000000000000000 ) ;
#2672 = EDGE_LOOP ( 'NONE', ( #1296, #4310, #98, #1937 ) ) ;
#2673 = CARTESIAN_POINT ( 'NONE',  ( -26.99999999999998934, 64.99999999999998579, 3.000000000000000000 ) ) ;
#2674 = DIRECTION ( 'NONE',  ( -0.000000000000000000, -0.000000000000000000, -1.000000000000000000 ) ) ;
#2675 = EDGE_CURVE ( 'NONE', #4691, #4888, #62, .T. ) ;
#2676 = ORIENTED_EDGE ( 'NONE', *, *, #908, .F. ) ;
#2677 = EDGE_LOOP ( 'NONE', ( #4108, #1059, #4371, #1538 ) ) ;
#2678 = DIRECTION ( 'NONE',  ( 0.000000000000000000, -0.000000000000000000, 1.000000000000000000 ) ) ;
#2679 = CARTESIAN_POINT ( 'NONE',  ( -35.25000000000000000, 108.3999999999999915, 0.000000000000000000 ) ) ;
#2680 = DIRECTION ( 'NONE',  ( 1.000000000000000000, 0.000000000000000000, 0.000000000000000000 ) ) ;
#2681 = CARTESIAN_POINT ( 'NONE',  ( -60.00000000000301270, 10.90000000001181846, 3.000000000000000000 ) ) ;
#2683 = EDGE_LOOP ( 'NONE', ( #5483, #3844, #2230, #5626 ) ) ;
#2682 = ADVANCED_FACE ( 'NONE', ( #3578 ), #4078, .F. ) ;
#2684 = ORIENTED_EDGE ( 'NONE', *, *, #4168, .F. ) ;
#2685 = CYLINDRICAL_SURFACE ( 'NONE', #272, 1.599999999999997202 ) ;
#2686 = DIRECTION ( 'NONE',  ( -1.000000000000000000, 0.000000000000000000, 0.000000000000000000 ) ) ;
#2687 = CARTESIAN_POINT ( 'NONE',  ( -1.599999999999997646, 64.99999999999886313, 3.000000000000000000 ) ) ;
#2688 = CYLINDRICAL_SURFACE ( 'NONE', #4285, 1.550000000000002709 ) ;
#2689 = AXIS2_PLACEMENT_3D ( 'NONE', #5187, #1276, #3013 ) ;
#2690 = EDGE_CURVE ( 'NONE', #961, #1905, #3099, .T. ) ;
#2691 = ORIENTED_EDGE ( 'NONE', *, *, #5018, .T. ) ;
#2692 = DIRECTION ( 'NONE',  ( -1.000000000000000000, 0.000000000000000000, 0.000000000000000000 ) ) ;
#2693 = AXIS2_PLACEMENT_3D ( 'NONE', #4463, #2717, #1376 ) ;
#2694 = ORIENTED_EDGE ( 'NONE', *, *, #3067, .T. ) ;
#2695 = CARTESIAN_POINT ( 'NONE',  ( 8.000000000000000000, 80.00000000000000000, 3.000000000000000000 ) ) ;
#2696 = EDGE_CURVE ( 'NONE', #4141, #892, #4927, .T. ) ;
#2697 = CIRCLE ( 'NONE', #4893, 1.599999999999997202 ) ;
#2698 = ORIENTED_EDGE ( 'NONE', *, *, #4393, .F. ) ;
#2699 = VERTEX_POINT ( 'NONE', #5308 ) ;
#2700 = CARTESIAN_POINT ( 'NONE',  ( 0.000000000000000000, 40.00000000000000000, 3.000000000000000000 ) ) ;
#2701 = VERTEX_POINT ( 'NONE', #4963 ) ;
#2702 = DIRECTION ( 'NONE',  ( -1.000000000000000000, 0.000000000000000000, 0.000000000000000000 ) ) ;
#2703 = ORIENTED_EDGE ( 'NONE', *, *, #2837, .F. ) ;
#2704 = CARTESIAN_POINT ( 'NONE',  ( -13.99999999999999645, -108.0000000000041069, 3.000000000000000000 ) ) ;
#2705 = ORIENTED_EDGE ( 'NONE', *, *, #4613, .F. ) ;
#2706 = ORIENTED_EDGE ( 'NONE', *, *, #3786, .F. ) ;
#2707 = ORIENTED_EDGE ( 'NONE', *, *, #637, .F. ) ;
#2708 = CARTESIAN_POINT ( 'NONE',  ( 8.000000000000000000, -88.00000000000000000, 3.000000000000000000 ) ) ;
#2709 = CARTESIAN_POINT ( 'NONE',  ( 56.80000000000300986, 10.90000000001181846, 3.000000000000000000 ) ) ;
#2710 = CARTESIAN_POINT ( 'NONE',  ( 0.000000000000000000, 1.500000000011825207, 0.000000000000000000 ) ) ;
#2711 = CARTESIAN_POINT ( 'NONE',  ( -29.20000000000150209, 10.90000000001181846, 3.000000000000000000 ) ) ;
#2712 = ORIENTED_EDGE ( 'NONE', *, *, #864, .F. ) ;
#2713 = VERTEX_POINT ( 'NONE', #933 ) ;
#2714 = LINE ( 'NONE', #2628, #3649 ) ;
#2715 = EDGE_CURVE ( 'NONE', #3344, #301, #448, .T. ) ;
#2716 = CARTESIAN_POINT ( 'NONE',  ( -26.00000000000522249, 17.90000000001181846, 3.000000000000000000 ) ) ;
#2717 = DIRECTION ( 'NONE',  ( 0.000000000000000000, 0.000000000000000000, 1.000000000000000000 ) ) ;
#2718 = CARTESIAN_POINT ( 'NONE',  ( -49.44999999999365770, -103.0000000000000142, 3.000000000000000000 ) ) ;
#2719 = ORIENTED_EDGE ( 'NONE', *, *, #3492, .F. ) ;
#2720 = ORIENTED_EDGE ( 'NONE', *, *, #3851, .F. ) ;
#2721 = CARTESIAN_POINT ( 'NONE',  ( 64.60000000000000853, 19.50000000001181988, 3.000000000000000000 ) ) ;
#2722 = DIRECTION ( 'NONE',  ( 0.000000000000000000, 0.000000000000000000, 1.000000000000000000 ) ) ;
#2723 = PLANE ( 'NONE',  #3954 ) ;
#2724 = CIRCLE ( 'NONE', #810, 1.600000000001310596 ) ;
#2725 = VECTOR ( 'NONE', #2580, 1000.000000000000000 ) ;
#2726 = CARTESIAN_POINT ( 'NONE',  ( 62.99999999995772981, -115.0000000000000000, 3.000000000000000000 ) ) ;
#2727 = EDGE_CURVE ( 'NONE', #529, #4102, #4876, .T. ) ;
#2728 = EDGE_CURVE ( 'NONE', #500, #2952, #4451, .T. ) ;
#2729 = ORIENTED_EDGE ( 'NONE', *, *, #4815, .T. ) ;
#2730 = DIRECTION ( 'NONE',  ( -0.000000000000000000, -0.000000000000000000, -1.000000000000000000 ) ) ;
#2731 = AXIS2_PLACEMENT_3D ( 'NONE', #3379, #1244, #1647 ) ;
#2732 = VECTOR ( 'NONE', #1286, 1000.000000000000114 ) ;
#2733 = CARTESIAN_POINT ( 'NONE',  ( -13.99999999999976197, -109.6000000000041155, 0.000000000000000000 ) ) ;
#2734 = ORIENTED_EDGE ( 'NONE', *, *, #3146, .F. ) ;
#2735 = AXIS2_PLACEMENT_3D ( 'NONE', #2498, #2523, #834 ) ;
#2736 = ORIENTED_EDGE ( 'NONE', *, *, #5458, .F. ) ;
#2737 = EDGE_LOOP ( 'NONE', ( #4075, #5334, #2165, #5517 ) ) ;
#2738 = CARTESIAN_POINT ( 'NONE',  ( -28.54999999999365912, -103.0000000000000142, 3.000000000000000000 ) ) ;
#2739 = CARTESIAN_POINT ( 'NONE',  ( 29.19999999999999929, 1.500000000011825207, 3.000000000000000000 ) ) ;
#2740 = CARTESIAN_POINT ( 'NONE',  ( -58.39999999999999858, -47.49999999998818367, 3.000000000000000000 ) ) ;
#2741 = DIRECTION ( 'NONE',  ( -1.000000000000000000, 0.000000000000000000, 0.000000000000000000 ) ) ;
#2742 = CIRCLE ( 'NONE', #3542, 1.599999999999997202 ) ;
#2743 = ORIENTED_EDGE ( 'NONE', *, *, #1653, .F. ) ;
#2744 = CARTESIAN_POINT ( 'NONE',  ( -50.99999999999999289, 94.99999999999998579, 3.000000000000000000 ) ) ;
#2745 = VECTOR ( 'NONE', #3910, 1000.000000000000000 ) ;
#2746 = FACE_BOUND ( 'NONE', #162, .T. ) ;
#2747 = CARTESIAN_POINT ( 'NONE',  ( 0.000000000000000000, -47.49999999998817657, 0.000000000000000000 ) ) ;
#2748 = DIRECTION ( 'NONE',  ( 1.000000000000000000, 0.000000000000000000, 0.000000000000000000 ) ) ;
#2749 = DIRECTION ( 'NONE',  ( 0.3162277660170086935, 0.9486832980504569246, -0.000000000000000000 ) ) ;
#2750 = VECTOR ( 'NONE', #5039, 1000.000000000000000 ) ;
#2751 = EDGE_CURVE ( 'NONE', #379, #5531, #5578, .T. ) ;
#2752 = EDGE_LOOP ( 'NONE', ( #2368, #1743, #3643, #4868 ) ) ;
#2753 = DIRECTION ( 'NONE',  ( 1.000000000000000000, 0.000000000000000000, 0.000000000000000000 ) ) ;
#2754 = AXIS2_PLACEMENT_3D ( 'NONE', #3593, #581, #4916 ) ;
#2755 = CARTESIAN_POINT ( 'NONE',  ( -50.99999999999999289, 64.99999999999998579, 0.000000000000000000 ) ) ;
#2756 = EDGE_CURVE ( 'NONE', #389, #6, #2461, .T. ) ;
#2757 = VECTOR ( 'NONE', #3715, 1000.000000000000000 ) ;
#2758 = FACE_BOUND ( 'NONE', #4650, .T. ) ;
#2759 = ORIENTED_EDGE ( 'NONE', *, *, #4623, .T. ) ;
#2760 = CARTESIAN_POINT ( 'NONE',  ( -48.60000000000000142, 110.0000000000000000, 3.000000000000000000 ) ) ;
#2761 = VECTOR ( 'NONE', #2110, 1000.000000000000000 ) ;
#2762 = CARTESIAN_POINT ( 'NONE',  ( -56.80000000000300275, 10.90000000001181846, 3.000000000000000000 ) ) ;
#2763 = VERTEX_POINT ( 'NONE', #5450 ) ;
#2764 = ORIENTED_EDGE ( 'NONE', *, *, #4965, .F. ) ;
#2765 = VECTOR ( 'NONE', #1012, 1000.000000000000000 ) ;
#2766 = VERTEX_POINT ( 'NONE', #3727 ) ;
#2767 = ORIENTED_EDGE ( 'NONE', *, *, #870, .T. ) ;
#2768 = DIRECTION ( 'NONE',  ( 0.000000000000000000, 0.000000000000000000, 1.000000000000000000 ) ) ;
#2769 = CARTESIAN_POINT ( 'NONE',  ( 35.25000000000000000, 111.6000000000000085, 3.000000000000000000 ) ) ;
#2770 = EDGE_LOOP ( 'NONE', ( #2575, #4337 ) ) ;
#2771 = EDGE_CURVE ( 'NONE', #1116, #3343, #168, .T. ) ;
#2772 = DIRECTION ( 'NONE',  ( -0.000000000000000000, -0.000000000000000000, -1.000000000000000000 ) ) ;
#2773 = FACE_BOUND ( 'NONE', #1389, .T. ) ;
#2774 = CARTESIAN_POINT ( 'NONE',  ( 35.25000000000000000, 111.6000000000000085, 3.000000000000000000 ) ) ;
#2775 = DIRECTION ( 'NONE',  ( 0.000000000000000000, 0.000000000000000000, 1.000000000000000000 ) ) ;
#2776 = CARTESIAN_POINT ( 'NONE',  ( 14.00000000000023093, -109.6000000000000085, 3.000000000000000000 ) ) ;
#2777 = EDGE_LOOP ( 'NONE', ( #5454, #3641 ) ) ;
#2778 = FACE_OUTER_BOUND ( 'NONE', #1684, .T. ) ;
#2779 = CARTESIAN_POINT ( 'NONE',  ( 0.000000000000000000, 10.90000000001181846, 3.000000000000000000 ) ) ;
#2780 = DIRECTION ( 'NONE',  ( -0.000000000000000000, -0.000000000000000000, -1.000000000000000000 ) ) ;
#2781 = ORIENTED_EDGE ( 'NONE', *, *, #5444, .T. ) ;
#2782 = CARTESIAN_POINT ( 'NONE',  ( -27.59999999999999787, -47.49999999998817657, 0.000000000000000000 ) ) ;
#2783 = EDGE_LOOP ( 'NONE', ( #3537, #1268, #1997, #552 ) ) ;
#2784 = DIRECTION ( 'NONE',  ( 0.000000000000000000, 0.000000000000000000, 1.000000000000000000 ) ) ;
#2785 = ADVANCED_FACE ( 'NONE', ( #4652 ), #3676, .F. ) ;
#2786 = DIRECTION ( 'NONE',  ( -1.000000000000000000, 0.000000000000000000, 0.000000000000000000 ) ) ;
#2787 = AXIS2_PLACEMENT_3D ( 'NONE', #4834, #1004, #4809 ) ;
#2788 = ORIENTED_EDGE ( 'NONE', *, *, #3704, .F. ) ;
#2789 = ORIENTED_EDGE ( 'NONE', *, *, #2542, .F. ) ;
#2790 = DIRECTION ( 'NONE',  ( 1.000000000000000000, 0.000000000000000000, 0.000000000000000000 ) ) ;
#2791 = ADVANCED_FACE ( 'NONE', ( #2025 ), #1599, .F. ) ;
#2792 = DIRECTION ( 'NONE',  ( -0.000000000000000000, -0.000000000000000000, -1.000000000000000000 ) ) ;
#2793 = EDGE_LOOP ( 'NONE', ( #2610, #5666 ) ) ;
#2794 = LINE ( 'NONE', #1432, #724 ) ;
#2795 = FACE_BOUND ( 'NONE', #1629, .T. ) ;
#2796 = EDGE_CURVE ( 'NONE', #794, #4080, #4919, .T. ) ;
#2797 = EDGE_CURVE ( 'NONE', #2766, #842, #5480, .T. ) ;
#2798 = DIRECTION ( 'NONE',  ( -1.000000000000000000, -0.000000000000000000, -0.000000000000000000 ) ) ;
#2799 = DIRECTION ( 'NONE',  ( 1.000000000000000000, 0.000000000000000000, 0.000000000000000000 ) ) ;
#2800 = CARTESIAN_POINT ( 'NONE',  ( 52.54999999999364491, -73.00000000000000000, 0.000000000000000000 ) ) ;
#2801 = VERTEX_POINT ( 'NONE', #4630 ) ;
#2802 = LINE ( 'NONE', #257, #1094 ) ;
#2803 = FACE_OUTER_BOUND ( 'NONE', #3546, .T. ) ;
#2804 = DIRECTION ( 'NONE',  ( 0.000000000000000000, 0.000000000000000000, 1.000000000000000000 ) ) ;
#2805 = ORIENTED_EDGE ( 'NONE', *, *, #2559, .F. ) ;
#2806 = VERTEX_POINT ( 'NONE', #683 ) ;
#2807 = CARTESIAN_POINT ( 'NONE',  ( 1.600000000001991829, 110.0000000000000000, 0.000000000000000000 ) ) ;
#2808 = ORIENTED_EDGE ( 'NONE', *, *, #346, .F. ) ;
#2809 = CARTESIAN_POINT ( 'NONE',  ( -50.99999999999366196, -103.0000000000000142, 3.000000000000000000 ) ) ;
#2810 = CIRCLE ( 'NONE', #347, 1.600000000000000755 ) ;
#2811 = ORIENTED_EDGE ( 'NONE', *, *, #5145, .F. ) ;
#2812 = ORIENTED_EDGE ( 'NONE', *, *, #2248, .T. ) ;
#2813 = EDGE_CURVE ( 'NONE', #500, #4624, #5203, .T. ) ;
#2814 = ORIENTED_EDGE ( 'NONE', *, *, #4325, .F. ) ;
#2815 = AXIS2_PLACEMENT_3D ( 'NONE', #1929, #4984, #2137 ) ;
#2816 = VERTEX_POINT ( 'NONE', #3326 ) ;
#2817 = AXIS2_PLACEMENT_3D ( 'NONE', #4892, #1864, #975 ) ;
#2818 = CARTESIAN_POINT ( 'NONE',  ( 0.000000000000000000, -47.49999999998817657, 0.000000000000000000 ) ) ;
#2819 = CARTESIAN_POINT ( 'NONE',  ( 35.25000000000000000, 111.6000000000000085, 0.000000000000000000 ) ) ;
#2820 = DIRECTION ( 'NONE',  ( -0.000000000000000000, -0.000000000000000000, -1.000000000000000000 ) ) ;
#2821 = ORIENTED_EDGE ( 'NONE', *, *, #4258, .F. ) ;
#2822 = CIRCLE ( 'NONE', #3642, 1.549999999999999378 ) ;
#2823 = EDGE_CURVE ( 'NONE', #4609, #2423, #2724, .T. ) ;
#2824 = CARTESIAN_POINT ( 'NONE',  ( -6.000000000005223377, 17.90000000001181846, 3.000000000000000000 ) ) ;
#2825 = FACE_BOUND ( 'NONE', #3834, .T. ) ;
#2826 = AXIS2_PLACEMENT_3D ( 'NONE', #5233, #3056, #946 ) ;
#2827 = CYLINDRICAL_SURFACE ( 'NONE', #4399, 1.599999999999997202 ) ;
#2828 = DIRECTION ( 'NONE',  ( 0.000000000000000000, 0.000000000000000000, 1.000000000000000000 ) ) ;
#2829 = AXIS2_PLACEMENT_3D ( 'NONE', #4661, #3277, #248 ) ;
#2830 = FACE_OUTER_BOUND ( 'NONE', #314, .T. ) ;
#2831 = EDGE_CURVE ( 'NONE', #4079, #4068, #1904, .T. ) ;
#2832 = AXIS2_PLACEMENT_3D ( 'NONE', #2931, #5518, #4280 ) ;
#2833 = EDGE_LOOP ( 'NONE', ( #3076, #2691, #2866, #4148 ) ) ;
#2834 = CARTESIAN_POINT ( 'NONE',  ( 26.99999999999364064, -103.0000000000000000, 3.000000000000000000 ) ) ;
#2835 = CARTESIAN_POINT ( 'NONE',  ( -52.54999999999999005, 94.99999999999998579, 3.000000000000000000 ) ) ;
#2836 = CARTESIAN_POINT ( 'NONE',  ( 56.80000000000000426, 1.500000000011825207, 0.000000000000000000 ) ) ;
#2837 = EDGE_CURVE ( 'NONE', #4905, #2801, #2895, .T. ) ;
#2838 = ORIENTED_EDGE ( 'NONE', *, *, #1696, .F. ) ;
#2839 = ORIENTED_EDGE ( 'NONE', *, *, #3289, .F. ) ;
#2840 = DIRECTION ( 'NONE',  ( -1.000000000000000000, 0.000000000000000000, -0.000000000000000000 ) ) ;
#2841 = ORIENTED_EDGE ( 'NONE', *, *, #2115, .F. ) ;
#2842 = DIRECTION ( 'NONE',  ( 1.000000000000000000, 0.000000000000000000, 0.000000000000000000 ) ) ;
#2843 = DIRECTION ( 'NONE',  ( -0.000000000000000000, -0.000000000000000000, -1.000000000000000000 ) ) ;
#2844 = AXIS2_PLACEMENT_3D ( 'NONE', #2548, #4349, #4298 ) ;
#2845 = VERTEX_POINT ( 'NONE', #1569 ) ;
#2846 = VERTEX_POINT ( 'NONE', #1137 ) ;
#2847 = ORIENTED_EDGE ( 'NONE', *, *, #1908, .T. ) ;
#2848 = VECTOR ( 'NONE', #2653, 1000.000000000000000 ) ;
#2849 = VERTEX_POINT ( 'NONE', #2480 ) ;
#2850 = DIRECTION ( 'NONE',  ( -0.7071067811866116326, 0.7071067811864835129, 0.000000000000000000 ) ) ;
#2851 = DIRECTION ( 'NONE',  ( 0.000000000000000000, 0.000000000000000000, 1.000000000000000000 ) ) ;
#2852 = EDGE_CURVE ( 'NONE', #4624, #2090, #3299, .T. ) ;
#2853 = CARTESIAN_POINT ( 'NONE',  ( 26.00000000000522249, 17.90000000001181846, 0.000000000000000000 ) ) ;
#2854 = ORIENTED_EDGE ( 'NONE', *, *, #5042, .T. ) ;
#2855 = DIRECTION ( 'NONE',  ( 1.000000000000000000, 0.000000000000000000, 0.000000000000000000 ) ) ;
#2856 = FACE_BOUND ( 'NONE', #1358, .T. ) ;
#2857 = CARTESIAN_POINT ( 'NONE',  ( -47.99999999999993605, -119.9999999999995737, 0.000000000000000000 ) ) ;
#2858 = CARTESIAN_POINT ( 'NONE',  ( 49.45000000000000284, 65.00000000000000000, 3.000000000000000000 ) ) ;
#2859 = ADVANCED_FACE ( 'NONE', ( #4139 ), #271, .F. ) ;
#2860 = FACE_OUTER_BOUND ( 'NONE', #4073, .T. ) ;
#2861 = VERTEX_POINT ( 'NONE', #219 ) ;
#2862 = CARTESIAN_POINT ( 'NONE',  ( -25.99999999999999645, -42.09999999998818510, 0.000000000000000000 ) ) ;
#2863 = FACE_OUTER_BOUND ( 'NONE', #2936, .T. ) ;
#2864 = LINE ( 'NONE', #5068, #5139 ) ;
#2865 = EDGE_CURVE ( 'NONE', #770, #1572, #1963, .T. ) ;
#2866 = ORIENTED_EDGE ( 'NONE', *, *, #1370, .T. ) ;
#2867 = DIRECTION ( 'NONE',  ( 0.000000000000000000, 0.000000000000000000, 1.000000000000000000 ) ) ;
#2868 = VERTEX_POINT ( 'NONE', #4603 ) ;
#2869 = LINE ( 'NONE', #3969, #3028 ) ;
#2870 = EDGE_CURVE ( 'NONE', #2701, #36, #3268, .T. ) ;
#2871 = CARTESIAN_POINT ( 'NONE',  ( -8.000000000000000000, -93.00000000000000000, 3.000000000000000000 ) ) ;
#2872 = ORIENTED_EDGE ( 'NONE', *, *, #4726, .F. ) ;
#2873 = DIRECTION ( 'NONE',  ( 1.000000000000000000, 0.000000000000000000, 0.000000000000000000 ) ) ;
#2874 = AXIS2_PLACEMENT_3D ( 'NONE', #4976, #4554, #2799 ) ;
#2875 = CARTESIAN_POINT ( 'NONE',  ( -35.25000000000000000, 110.0000000000000000, 0.000000000000000000 ) ) ;
#2876 = EDGE_LOOP ( 'NONE', ( #2872, #3933 ) ) ;
#2877 = ORIENTED_EDGE ( 'NONE', *, *, #3556, .F. ) ;
#2878 = AXIS2_PLACEMENT_3D ( 'NONE', #4290, #4697, #4670 ) ;
#2879 = CARTESIAN_POINT ( 'NONE',  ( 29.20000000000150209, 10.90000000001181846, 0.000000000000000000 ) ) ;
#2880 = CARTESIAN_POINT ( 'NONE',  ( 26.00000000000522249, 17.90000000001181846, 3.000000000000000000 ) ) ;
#2881 = CARTESIAN_POINT ( 'NONE',  ( 29.19999999999999929, -47.49999999998817657, 3.000000000000000000 ) ) ;
#2882 = DIRECTION ( 'NONE',  ( 1.000000000000000000, 0.000000000000000000, 0.000000000000000000 ) ) ;
#2883 = CARTESIAN_POINT ( 'NONE',  ( 27.60000000000000142, -47.49999999998817657, 0.000000000000000000 ) ) ;
#2884 = EDGE_CURVE ( 'NONE', #1536, #299, #2794, .T. ) ;
#2885 = ORIENTED_EDGE ( 'NONE', *, *, #5609, .T. ) ;
#2886 = CARTESIAN_POINT ( 'NONE',  ( 52.54999999999999716, 94.99999999999997158, 3.000000000000000000 ) ) ;
#2887 = DIRECTION ( 'NONE',  ( 1.000000000000000000, 0.000000000000000000, 0.000000000000000000 ) ) ;
#2888 = DIRECTION ( 'NONE',  ( 0.000000000000000000, 1.000000000000000000, 0.000000000000000000 ) ) ;
#2889 = CARTESIAN_POINT ( 'NONE',  ( -50.99999999999999289, 64.99999999999998579, 3.000000000000000000 ) ) ;
#2890 = VERTEX_POINT ( 'NONE', #2824 ) ;
#2891 = ORIENTED_EDGE ( 'NONE', *, *, #2870, .T. ) ;
#2892 = DIRECTION ( 'NONE',  ( 0.000000000000000000, 0.000000000000000000, 1.000000000000000000 ) ) ;
#2893 = ORIENTED_EDGE ( 'NONE', *, *, #4539, .T. ) ;
#2894 = CYLINDRICAL_SURFACE ( 'NONE', #1851, 1.599999999999990319 ) ;
#2895 = LINE ( 'NONE', #737, #3631 ) ;
#2896 = ORIENTED_EDGE ( 'NONE', *, *, #5474, .F. ) ;
#2897 = ORIENTED_EDGE ( 'NONE', *, *, #4007, .T. ) ;
#2898 = EDGE_CURVE ( 'NONE', #1688, #5475, #5379, .T. ) ;
#2899 = ORIENTED_EDGE ( 'NONE', *, *, #1131, .T. ) ;
#2900 = ORIENTED_EDGE ( 'NONE', *, *, #3132, .T. ) ;
#2901 = CARTESIAN_POINT ( 'NONE',  ( -50.99999999999999289, 94.99999999999998579, 3.000000000000000000 ) ) ;
#2902 = LINE ( 'NONE', #277, #3644 ) ;
#2903 = ORIENTED_EDGE ( 'NONE', *, *, #2492, .F. ) ;
#2904 = ORIENTED_EDGE ( 'NONE', *, *, #703, .F. ) ;
#2905 = AXIS2_PLACEMENT_3D ( 'NONE', #1173, #2091, #1145 ) ;
#2906 = VECTOR ( 'NONE', #4671, 1000.000000000000000 ) ;
#2907 = DIRECTION ( 'NONE',  ( -1.000000000000000000, 0.000000000000000000, 0.000000000000000000 ) ) ;
#2908 = CARTESIAN_POINT ( 'NONE',  ( -62.99999999999997158, 36.48713711185290975, 3.000000000000000000 ) ) ;
#2909 = DIRECTION ( 'NONE',  ( 0.9486832980504569246, -0.3162277660170086935, -0.000000000000000000 ) ) ;
#2910 = DIRECTION ( 'NONE',  ( -1.000000000000000000, -1.467080425397528682E-13, -0.000000000000000000 ) ) ;
#2911 = DIRECTION ( 'NONE',  ( 1.000000000000000000, 0.000000000000000000, 0.000000000000000000 ) ) ;
#2912 = VECTOR ( 'NONE', #813, 1000.000000000000000 ) ;
#2913 = VECTOR ( 'NONE', #1719, 1000.000000000000000 ) ;
#2914 = VECTOR ( 'NONE', #5532, 1000.000000000000000 ) ;
#2915 = VERTEX_POINT ( 'NONE', #1946 ) ;
#2916 = CARTESIAN_POINT ( 'NONE',  ( 47.99999999995362288, -114.9999999999996874, 0.000000000000000000 ) ) ;
#2917 = DIRECTION ( 'NONE',  ( 1.000000000000000000, 0.000000000000000000, 0.000000000000000000 ) ) ;
#2918 = DIRECTION ( 'NONE',  ( 1.000000000000000000, 0.000000000000000000, 0.000000000000000000 ) ) ;
#2919 = CARTESIAN_POINT ( 'NONE',  ( -25.99999999999999645, -42.09999999998818510, 3.000000000000000000 ) ) ;
#2920 = EDGE_CURVE ( 'NONE', #1715, #4966, #4281, .T. ) ;
#2921 = VECTOR ( 'NONE', #1404, 1000.000000000000000 ) ;
#2922 = DIRECTION ( 'NONE',  ( 1.000000000000000000, 0.000000000000000000, 0.000000000000000000 ) ) ;
#2923 = AXIS2_PLACEMENT_3D ( 'NONE', #3582, #3248, #598 ) ;
#2924 = ORIENTED_EDGE ( 'NONE', *, *, #2425, .T. ) ;
#2925 = CARTESIAN_POINT ( 'NONE',  ( -26.00000000000522249, 21.10000000001182130, 3.000000000000000000 ) ) ;
#2926 = ORIENTED_EDGE ( 'NONE', *, *, #5377, .F. ) ;
#2927 = ADVANCED_FACE ( 'NONE', ( #163 ), #579, .F. ) ;
#2928 = ORIENTED_EDGE ( 'NONE', *, *, #569, .F. ) ;
#2929 = VERTEX_POINT ( 'NONE', #4551 ) ;
#2930 = EDGE_LOOP ( 'NONE', ( #3220, #3739 ) ) ;
#2931 = CARTESIAN_POINT ( 'NONE',  ( -29.20000000000150209, 10.90000000001181846, 3.000000000000000000 ) ) ;
#2932 = VECTOR ( 'NONE', #165, 1000.000000000000000 ) ;
#2933 = CARTESIAN_POINT ( 'NONE',  ( -13.99999999999999645, -108.0000000000041069, 0.000000000000000000 ) ) ;
#2935 = EDGE_CURVE ( 'NONE', #2890, #1685, #4611, .T. ) ;
#2934 = ORIENTED_EDGE ( 'NONE', *, *, #5208, .F. ) ;
#2936 = EDGE_LOOP ( 'NONE', ( #1823, #5214, #484, #759 ) ) ;
#2937 = AXIS2_PLACEMENT_3D ( 'NONE', #3527, #507, #4457 ) ;
#2938 = FACE_OUTER_BOUND ( 'NONE', #3672, .T. ) ;
#2939 = FACE_OUTER_BOUND ( 'NONE', #3355, .T. ) ;
#2940 = CARTESIAN_POINT ( 'NONE',  ( 0.000000000000000000, 40.00000000000000000, 0.000000000000000000 ) ) ;
#2941 = DIRECTION ( 'NONE',  ( -1.000000000000000000, -0.000000000000000000, -0.000000000000000000 ) ) ;
#2942 = DIRECTION ( 'NONE',  ( 0.000000000000000000, -1.000000000000000000, 0.000000000000000000 ) ) ;
#2943 = VECTOR ( 'NONE', #681, 1000.000000000000000 ) ;
#2944 = EDGE_CURVE ( 'NONE', #2890, #5043, #901, .T. ) ;
#2945 = AXIS2_PLACEMENT_3D ( 'NONE', #2361, #1895, #1530 ) ;
#2946 = LINE ( 'NONE', #886, #1828 ) ;
#2947 = CARTESIAN_POINT ( 'NONE',  ( 51.00000000000000711, 65.00000000000000000, 3.000000000000000000 ) ) ;
#2948 = DIRECTION ( 'NONE',  ( 0.000000000000000000, 0.000000000000000000, 1.000000000000000000 ) ) ;
#2949 = CARTESIAN_POINT ( 'NONE',  ( 0.000000000000000000, 110.0000000000000000, 0.000000000000000000 ) ) ;
#2950 = VERTEX_POINT ( 'NONE', #1913 ) ;
#2951 = PLANE ( 'NONE',  #541 ) ;
#2952 = VERTEX_POINT ( 'NONE', #5345 ) ;
#2953 = CARTESIAN_POINT ( 'NONE',  ( -13.00000000000000533, 80.00000000000000000, 3.000000000000000000 ) ) ;
#2954 = ADVANCED_FACE ( 'NONE', ( #2327 ), #3197, .F. ) ;
#2955 = ORIENTED_EDGE ( 'NONE', *, *, #2061, .F. ) ;
#2956 = DIRECTION ( 'NONE',  ( 1.000000000000000000, 0.000000000000000000, 0.000000000000000000 ) ) ;
#2957 = CARTESIAN_POINT ( 'NONE',  ( -60.00000000000000000, 1.500000000011825207, 0.000000000000000000 ) ) ;
#2958 = VECTOR ( 'NONE', #3043, 1000.000000000000000 ) ;
#2959 = ORIENTED_EDGE ( 'NONE', *, *, #3218, .T. ) ;
#2960 = EDGE_CURVE ( 'NONE', #2583, #4364, #137, .T. ) ;
#2961 = LINE ( 'NONE', #2490, #2544 ) ;
#2962 = CIRCLE ( 'NONE', #3973, 1.599999999999990319 ) ;
#2963 = ADVANCED_FACE ( 'NONE', ( #1859 ), #3167, .F. ) ;
#2964 = DIRECTION ( 'NONE',  ( -1.000000000000000000, 0.000000000000000000, -0.000000000000000000 ) ) ;
#2965 = CARTESIAN_POINT ( 'NONE',  ( 35.25000000000000000, 108.3999999999999915, 0.000000000000000000 ) ) ;
#2966 = DIRECTION ( 'NONE',  ( -0.000000000000000000, -0.000000000000000000, -1.000000000000000000 ) ) ;
#2967 = DIRECTION ( 'NONE',  ( 1.000000000000000000, 0.000000000000000000, 0.000000000000000000 ) ) ;
#2968 = CIRCLE ( 'NONE', #1155, 1.550000000000002709 ) ;
#2969 = ORIENTED_EDGE ( 'NONE', *, *, #3915, .F. ) ;
#2970 = EDGE_CURVE ( 'NONE', #1715, #3761, #4913, .T. ) ;
#2971 = ADVANCED_FACE ( 'NONE', ( #1885 ), #3651, .F. ) ;
#2972 = LINE ( 'NONE', #5092, #2010 ) ;
#2973 = DIRECTION ( 'NONE',  ( 0.000000000000000000, 0.000000000000000000, 1.000000000000000000 ) ) ;
#2974 = DIRECTION ( 'NONE',  ( 1.000000000000000000, 0.000000000000000000, 0.000000000000000000 ) ) ;
#2975 = PLANE ( 'NONE',  #4774 ) ;
#2976 = ORIENTED_EDGE ( 'NONE', *, *, #2715, .T. ) ;
#2977 = CARTESIAN_POINT ( 'NONE',  ( 25.45000000000000284, 64.99999999999998579, 3.000000000000000000 ) ) ;
#2978 = ORIENTED_EDGE ( 'NONE', *, *, #817, .F. ) ;
#2979 = DIRECTION ( 'NONE',  ( -0.000000000000000000, -0.000000000000000000, -1.000000000000000000 ) ) ;
#2980 = EDGE_LOOP ( 'NONE', ( #5617, #1447, #2185, #990 ) ) ;
#2981 = ORIENTED_EDGE ( 'NONE', *, *, #2960, .F. ) ;
#2982 = EDGE_LOOP ( 'NONE', ( #850, #2767 ) ) ;
#2983 = PLANE ( 'NONE',  #1013 ) ;
#2984 = CARTESIAN_POINT ( 'NONE',  ( 64.59999999999409681, 36.50000000001489298, 0.000000000000000000 ) ) ;
#2986 = VERTEX_POINT ( 'NONE', #4998 ) ;
#2985 = ADVANCED_FACE ( 'NONE', ( #4061 ), #4581, .F. ) ;
#2987 = PLANE ( 'NONE',  #5581 ) ;
#2988 = CARTESIAN_POINT ( 'NONE',  ( 30.80000000000149996, 10.90000000001181846, 0.000000000000000000 ) ) ;
#2989 = CYLINDRICAL_SURFACE ( 'NONE', #5078, 1.600000000000004086 ) ;
#2990 = DIRECTION ( 'NONE',  ( 1.000000000000000000, 0.000000000000000000, 0.000000000000000000 ) ) ;
#2991 = EDGE_CURVE ( 'NONE', #4171, #5079, #1087, .T. ) ;
#2992 = AXIS2_PLACEMENT_3D ( 'NONE', #2438, #3685, #2855 ) ;
#2993 = AXIS2_PLACEMENT_3D ( 'NONE', #1208, #3399, #750 ) ;
#2994 = ORIENTED_EDGE ( 'NONE', *, *, #4847, .T. ) ;
#2995 = DIRECTION ( 'NONE',  ( 0.000000000000000000, 0.000000000000000000, 1.000000000000000000 ) ) ;
#2996 = AXIS2_PLACEMENT_3D ( 'NONE', #5044, #2867, #4101 ) ;
#2997 = CARTESIAN_POINT ( 'NONE',  ( 25.99999999999999645, -38.89999999998819646, 0.000000000000000000 ) ) ;
#2998 = CARTESIAN_POINT ( 'NONE',  ( -26.99999999999366196, -103.0000000000000142, 3.000000000000000000 ) ) ;
#2999 = AXIS2_PLACEMENT_3D ( 'NONE', #1401, #4911, #5317 ) ;
#3000 = CYLINDRICAL_SURFACE ( 'NONE', #5511, 1.599999999999997202 ) ;
#3001 = EDGE_CURVE ( 'NONE', #5637, #3047, #3728, .T. ) ;
#3002 = AXIS2_PLACEMENT_3D ( 'NONE', #4382, #978, #1807 ) ;
#3003 = ORIENTED_EDGE ( 'NONE', *, *, #2028, .T. ) ;
#3004 = DIRECTION ( 'NONE',  ( -0.000000000000000000, -0.000000000000000000, -1.000000000000000000 ) ) ;
#3005 = ORIENTED_EDGE ( 'NONE', *, *, #4430, .F. ) ;
#3006 = CARTESIAN_POINT ( 'NONE',  ( 0.000000000000000000, 40.00000000000000000, 3.000000000000000000 ) ) ;
#3007 = AXIS2_PLACEMENT_3D ( 'NONE', #5031, #2379, #4974 ) ;
#3008 = AXIS2_PLACEMENT_3D ( 'NONE', #2809, #1535, #4568 ) ;
#3009 = EDGE_CURVE ( 'NONE', #3389, #2016, #1451, .T. ) ;
#3010 = CIRCLE ( 'NONE', #1200, 1.600000000000004086 ) ;
#3011 = EDGE_LOOP ( 'NONE', ( #5313, #2564, #3224, #4895, #2893 ) ) ;
#3012 = ORIENTED_EDGE ( 'NONE', *, *, #4965, .T. ) ;
#3013 = DIRECTION ( 'NONE',  ( 1.000000000000000000, 0.000000000000000000, 0.000000000000000000 ) ) ;
#3014 = DIRECTION ( 'NONE',  ( -0.000000000000000000, -0.000000000000000000, -1.000000000000000000 ) ) ;
#3015 = CIRCLE ( 'NONE', #4391, 1.599999999999997202 ) ;
#3016 = ORIENTED_EDGE ( 'NONE', *, *, #1571, .F. ) ;
#3017 = AXIS2_PLACEMENT_3D ( 'NONE', #3456, #3919, #836 ) ;
#3018 = ORIENTED_EDGE ( 'NONE', *, *, #2180, .F. ) ;
#3019 = CARTESIAN_POINT ( 'NONE',  ( 5.999999999994776623, 19.50000000001181988, 3.000000000000000000 ) ) ;
#3020 = EDGE_CURVE ( 'NONE', #2846, #1423, #2018, .T. ) ;
#3021 = FACE_OUTER_BOUND ( 'NONE', #4574, .T. ) ;
#3022 = CARTESIAN_POINT ( 'NONE',  ( -26.99999999999998934, 94.99999999999998579, 0.000000000000000000 ) ) ;
#3023 = CARTESIAN_POINT ( 'NONE',  ( -28.54999999999365912, -73.00000000000001421, 3.000000000000000000 ) ) ;
#3024 = AXIS2_PLACEMENT_3D ( 'NONE', #4366, #1233, #2204 ) ;
#3025 = EDGE_LOOP ( 'NONE', ( #2621, #5192, #3604, #722 ) ) ;
#3026 = LINE ( 'NONE', #4779, #1361 ) ;
#3027 = EDGE_CURVE ( 'NONE', #1354, #3330, #2810, .T. ) ;
#3028 = VECTOR ( 'NONE', #1365, 1000.000000000000000 ) ;
#3029 = PLANE ( 'NONE',  #1209 ) ;
#3030 = DIRECTION ( 'NONE',  ( 0.000000000000000000, -0.000000000000000000, -1.000000000000000000 ) ) ;
#3031 = CARTESIAN_POINT ( 'NONE',  ( 51.00000000000000000, 94.99999999999997158, 0.000000000000000000 ) ) ;
#3032 = AXIS2_PLACEMENT_3D ( 'NONE', #994, #1400, #5341 ) ;
#3033 = AXIS2_PLACEMENT_3D ( 'NONE', #1757, #2272, #3117 ) ;
#3034 = VERTEX_POINT ( 'NONE', #4233 ) ;
#3035 = FACE_OUTER_BOUND ( 'NONE', #278, .T. ) ;
#3036 = EDGE_CURVE ( 'NONE', #4381, #521, #3310, .T. ) ;
#3037 = ORIENTED_EDGE ( 'NONE', *, *, #3020, .T. ) ;
#3038 = LINE ( 'NONE', #2249, #3302 ) ;
#3039 = ORIENTED_EDGE ( 'NONE', *, *, #5456, .T. ) ;
#3040 = EDGE_LOOP ( 'NONE', ( #5310, #2532 ) ) ;
#3041 = EDGE_CURVE ( 'NONE', #3343, #3266, #279, .T. ) ;
#3042 = ORIENTED_EDGE ( 'NONE', *, *, #5001, .T. ) ;
#3043 = DIRECTION ( 'NONE',  ( -1.000000000000000000, -0.000000000000000000, -0.000000000000000000 ) ) ;
#3044 = FACE_OUTER_BOUND ( 'NONE', #3677, .T. ) ;
#3045 = ORIENTED_EDGE ( 'NONE', *, *, #4860, .F. ) ;
#3046 = VERTEX_POINT ( 'NONE', #2001 ) ;
#3047 = VERTEX_POINT ( 'NONE', #2538 ) ;
#3048 = VERTEX_POINT ( 'NONE', #4260 ) ;
#3049 = DIRECTION ( 'NONE',  ( 0.000000000000000000, 0.000000000000000000, 1.000000000000000000 ) ) ;
#3050 = AXIS2_PLACEMENT_3D ( 'NONE', #4819, #2168, #931 ) ;
#3051 = CARTESIAN_POINT ( 'NONE',  ( -61.40000000000002700, 19.50000000001181988, 3.000000000000000000 ) ) ;
#3052 = CARTESIAN_POINT ( 'NONE',  ( -47.99999999999425171, -115.0000000000019611, 3.000000000000000000 ) ) ;
#3053 = DIRECTION ( 'NONE',  ( 0.000000000000000000, 0.000000000000000000, 1.000000000000000000 ) ) ;
#3054 = ORIENTED_EDGE ( 'NONE', *, *, #3549, .F. ) ;
#3055 = CIRCLE ( 'NONE', #2689, 1.599999999999997202 ) ;
#3056 = DIRECTION ( 'NONE',  ( 0.000000000000000000, 0.000000000000000000, 1.000000000000000000 ) ) ;
#3057 = DIRECTION ( 'NONE',  ( 1.000000000000000000, 0.000000000000000000, 0.000000000000000000 ) ) ;
#3058 = CARTESIAN_POINT ( 'NONE',  ( 47.00000000000000000, 110.0000000000000000, 3.000000000000000000 ) ) ;
#3059 = CARTESIAN_POINT ( 'NONE',  ( -26.00000000000522249, 19.50000000001181988, 0.000000000000000000 ) ) ;
#3060 = VECTOR ( 'NONE', #2355, 1000.000000000000000 ) ;
#3061 = ADVANCED_FACE ( 'NONE', ( #1229 ), #897, .F. ) ;
#3062 = VECTOR ( 'NONE', #2573, 1000.000000000000000 ) ;
#3063 = ORIENTED_EDGE ( 'NONE', *, *, #4338, .F. ) ;
#3064 = DIRECTION ( 'NONE',  ( -1.000000000000000000, -0.000000000000000000, -0.000000000000000000 ) ) ;
#3065 = ORIENTED_EDGE ( 'NONE', *, *, #1806, .F. ) ;
#3066 = CYLINDRICAL_SURFACE ( 'NONE', #3124, 1.599999999999997202 ) ;
#3067 = EDGE_CURVE ( 'NONE', #3523, #2846, #5140, .T. ) ;
#3068 = VERTEX_POINT ( 'NONE', #4817 ) ;
#3069 = UNCERTAINTY_MEASURE_WITH_UNIT (LENGTH_MEASURE( 1.000000000000000082E-05 ), #1456, 'distance_accuracy_value', 'NONE');
#3070 = ORIENTED_EDGE ( 'NONE', *, *, #917, .F. ) ;
#3071 = DIRECTION ( 'NONE',  ( -0.000000000000000000, -0.000000000000000000, -1.000000000000000000 ) ) ;
#3072 = VERTEX_POINT ( 'NONE', #3742 ) ;
#3073 = CARTESIAN_POINT ( 'NONE',  ( -1.600000000000000089, 1.500000000011825207, 0.000000000000000000 ) ) ;
#3074 = LINE ( 'NONE', #852, #735 ) ;
#3075 = EDGE_CURVE ( 'NONE', #708, #4425, #1811, .T. ) ;
#3076 = ORIENTED_EDGE ( 'NONE', *, *, #5128, .F. ) ;
#3077 = DIRECTION ( 'NONE',  ( 0.3054275543600013521, 0.9522153165317539525, -0.000000000000000000 ) ) ;
#3078 = CARTESIAN_POINT ( 'NONE',  ( 0.000000000000000000, 64.99999999999886313, 3.000000000000000000 ) ) ;
#3079 = CARTESIAN_POINT ( 'NONE',  ( -8.000000000000000000, 85.00000000000000000, 0.000000000000000000 ) ) ;
#3080 = DIRECTION ( 'NONE',  ( -0.000000000000000000, -0.000000000000000000, -1.000000000000000000 ) ) ;
#3081 = ORIENTED_EDGE ( 'NONE', *, *, #5298, .F. ) ;
#3082 = DIRECTION ( 'NONE',  ( -0.000000000000000000, -0.000000000000000000, -1.000000000000000000 ) ) ;
#3083 = CARTESIAN_POINT ( 'NONE',  ( 26.00000000000522249, 19.50000000001181988, 0.000000000000000000 ) ) ;
#3084 = CARTESIAN_POINT ( 'NONE',  ( 52.54999999999364491, -73.00000000000000000, 3.000000000000000000 ) ) ;
#3085 = LINE ( 'NONE', #3952, #1546 ) ;
#3086 = AXIS2_PLACEMENT_3D ( 'NONE', #956, #590, #2224 ) ;
#3087 = EDGE_LOOP ( 'NONE', ( #2640, #4878 ) ) ;
#3088 = VECTOR ( 'NONE', #5292, 1000.000000000000000 ) ;
#3089 = DIRECTION ( 'NONE',  ( 1.000000000000000000, 0.000000000000000000, 0.000000000000000000 ) ) ;
#3090 = EDGE_LOOP ( 'NONE', ( #4699, #5357 ) ) ;
#3091 = EDGE_CURVE ( 'NONE', #651, #1992, #2961, .T. ) ;
#3092 = CYLINDRICAL_SURFACE ( 'NONE', #846, 1.599999999999990319 ) ;
#3093 = CIRCLE ( 'NONE', #3182, 1.549999999999999378 ) ;
#3094 = VECTOR ( 'NONE', #2820, 1000.000000000000000 ) ;
#3095 = ORIENTED_EDGE ( 'NONE', *, *, #709, .T. ) ;
#3096 = CARTESIAN_POINT ( 'NONE',  ( 10.00000000000000355, 40.00000000000000000, 0.000000000000000000 ) ) ;
#3097 = CIRCLE ( 'NONE', #5671, 1.599999999999997202 ) ;
#3098 = ORIENTED_EDGE ( 'NONE', *, *, #5370, .T. ) ;
#3099 = CIRCLE ( 'NONE', #547, 1.599999999999997202 ) ;
#3100 = DIRECTION ( 'NONE',  ( -0.000000000000000000, -0.000000000000000000, -1.000000000000000000 ) ) ;
#3101 = LINE ( 'NONE', #2733, #4112 ) ;
#3102 = EDGE_LOOP ( 'NONE', ( #4392, #474, #187, #4845, #359 ) ) ;
#3103 = AXIS2_PLACEMENT_3D ( 'NONE', #2908, #5169, #2491 ) ;
#3104 = ORIENTED_EDGE ( 'NONE', *, *, #2175, .T. ) ;
#3105 = ORIENTED_EDGE ( 'NONE', *, *, #4138, .F. ) ;
#3106 = DIRECTION ( 'NONE',  ( 1.000000000000000000, 0.000000000000000000, 0.000000000000000000 ) ) ;
#3107 = CIRCLE ( 'NONE', #1565, 1.549999999999999378 ) ;
#3108 = CARTESIAN_POINT ( 'NONE',  ( 62.99999999999408828, 36.50000000001489298, 3.000000000000000000 ) ) ;
#3109 = DIRECTION ( 'NONE',  ( 0.000000000000000000, 0.000000000000000000, 1.000000000000000000 ) ) ;
#3110 = CARTESIAN_POINT ( 'NONE',  ( 26.99999999999364064, -103.0000000000000000, 3.000000000000000000 ) ) ;
#3111 = CIRCLE ( 'NONE', #2481, 1.550000000000002709 ) ;
#3112 = ORIENTED_EDGE ( 'NONE', *, *, #4972, .F. ) ;
#3113 = CARTESIAN_POINT ( 'NONE',  ( 73.10000000000005116, 1.500000000011825430, 0.000000000000000000 ) ) ;
#3114 = EDGE_CURVE ( 'NONE', #1096, #1905, #2063, .T. ) ;
#3115 = LINE ( 'NONE', #1495, #3473 ) ;
#3116 = CARTESIAN_POINT ( 'NONE',  ( 8.000000000000000000, 85.00000000000000000, 3.000000000000000000 ) ) ;
#3117 = DIRECTION ( 'NONE',  ( 1.000000000000000000, 0.000000000000000000, 0.000000000000000000 ) ) ;
#3118 = AXIS2_PLACEMENT_3D ( 'NONE', #3200, #632, #4975 ) ;
#3119 = VECTOR ( 'NONE', #5641, 1000.000000000000000 ) ;
#3120 = VERTEX_POINT ( 'NONE', #2121 ) ;
#3121 = LINE ( 'NONE', #4011, #4926 ) ;
#3122 = VERTEX_POINT ( 'NONE', #5110 ) ;
#3123 = DIRECTION ( 'NONE',  ( 0.9946184088907782384, -0.1036060842594512671, 0.000000000000000000 ) ) ;
#3124 = AXIS2_PLACEMENT_3D ( 'NONE', #4842, #3152, #1785 ) ;
#3125 = FACE_BOUND ( 'NONE', #1143, .T. ) ;
#3126 = AXIS2_PLACEMENT_3D ( 'NONE', #4473, #1473, #5009 ) ;
#3127 = VERTEX_POINT ( 'NONE', #5244 ) ;
#3128 = DIRECTION ( 'NONE',  ( -0.000000000000000000, -0.000000000000000000, -1.000000000000000000 ) ) ;
#3129 = CARTESIAN_POINT ( 'NONE',  ( 26.99999999999364064, -103.0000000000000000, 0.000000000000000000 ) ) ;
#3130 = EDGE_LOOP ( 'NONE', ( #4628, #671, #4662, #1372 ) ) ;
#3131 = VERTEX_POINT ( 'NONE', #5494 ) ;
#3132 = EDGE_CURVE ( 'NONE', #5051, #2317, #66, .T. ) ;
#3133 = ORIENTED_EDGE ( 'NONE', *, *, #3506, .F. ) ;
#3134 = ORIENTED_EDGE ( 'NONE', *, *, #2093, .F. ) ;
#3135 = CARTESIAN_POINT ( 'NONE',  ( 0.000000000000000000, 64.99999999999886313, 3.000000000000000000 ) ) ;
#3136 = DIRECTION ( 'NONE',  ( -0.000000000000000000, -0.000000000000000000, -1.000000000000000000 ) ) ;
#3137 = DIRECTION ( 'NONE',  ( 0.000000000000000000, 0.000000000000000000, 1.000000000000000000 ) ) ;
#3138 = CARTESIAN_POINT ( 'NONE',  ( -50.99999999999999289, 64.99999999999998579, 3.000000000000000000 ) ) ;
#3139 = EDGE_CURVE ( 'NONE', #3386, #1482, #3093, .T. ) ;
#3140 = EDGE_LOOP ( 'NONE', ( #2508, #84, #2288, #3518 ) ) ;
#3141 = CARTESIAN_POINT ( 'NONE',  ( -29.20000000000150209, 10.90000000001181846, 3.000000000000000000 ) ) ;
#3142 = PLANE ( 'NONE',  #3938 ) ;
#3143 = DIRECTION ( 'NONE',  ( -0.000000000000000000, -0.000000000000000000, -1.000000000000000000 ) ) ;
#3144 = FACE_OUTER_BOUND ( 'NONE', #2677, .T. ) ;
#3145 = AXIS2_PLACEMENT_3D ( 'NONE', #1214, #3457, #786 ) ;
#3146 = EDGE_CURVE ( 'NONE', #4966, #1715, #2285, .T. ) ;
#3147 = ADVANCED_FACE ( 'NONE', ( #2036 ), #4286, .F. ) ;
#3148 = ORIENTED_EDGE ( 'NONE', *, *, #2837, .T. ) ;
#3149 = DIRECTION ( 'NONE',  ( 1.000000000000000000, 0.000000000000000000, 0.000000000000000000 ) ) ;
#3150 = CIRCLE ( 'NONE', #2787, 2.500000000000000888 ) ;
#3151 = DIRECTION ( 'NONE',  ( 1.000000000000000000, 0.000000000000000000, 0.000000000000000000 ) ) ;
#3152 = DIRECTION ( 'NONE',  ( -0.000000000000000000, -0.000000000000000000, -1.000000000000000000 ) ) ;
#3153 = ORIENTED_EDGE ( 'NONE', *, *, #1927, .F. ) ;
#3154 = FACE_BOUND ( 'NONE', #2793, .T. ) ;
#3155 = EDGE_LOOP ( 'NONE', ( #1135, #2207 ) ) ;
#3156 = CARTESIAN_POINT ( 'NONE',  ( 1.599999999999998312, -47.49999999998817657, 3.000000000000000000 ) ) ;
#3157 = ORIENTED_EDGE ( 'NONE', *, *, #776, .F. ) ;
#3158 = DIRECTION ( 'NONE',  ( 0.000000000000000000, 0.000000000000000000, 1.000000000000000000 ) ) ;
#3159 = VERTEX_POINT ( 'NONE', #4693 ) ;
#3160 = EDGE_LOOP ( 'NONE', ( #2703, #3239, #5264, #3881 ) ) ;
#3161 = CARTESIAN_POINT ( 'NONE',  ( -11.74999999999999645, 111.6000000000000085, 0.000000000000000000 ) ) ;
#3162 = CARTESIAN_POINT ( 'NONE',  ( -79.99999999999998579, -10.00000000000000000, 0.000000000000000000 ) ) ;
#3163 = CARTESIAN_POINT ( 'NONE',  ( 48.59999999999998721, 110.0000000000000000, 0.000000000000000000 ) ) ;
#3164 = EDGE_CURVE ( 'NONE', #5398, #1533, #365, .T. ) ;
#3165 = DIRECTION ( 'NONE',  ( 0.000000000000000000, 0.000000000000000000, 1.000000000000000000 ) ) ;
#3166 = ORIENTED_EDGE ( 'NONE', *, *, #5191, .F. ) ;
#3167 = CYLINDRICAL_SURFACE ( 'NONE', #2299, 1.600000000000000755 ) ;
#3168 = DIRECTION ( 'NONE',  ( 0.000000000000000000, 1.000000000000000000, 0.000000000000000000 ) ) ;
#3169 = CARTESIAN_POINT ( 'NONE',  ( -64.59999999999995168, 19.50000000001181988, 0.000000000000000000 ) ) ;
#3170 = DIRECTION ( 'NONE',  ( -0.000000000000000000, -0.000000000000000000, -1.000000000000000000 ) ) ;
#3171 = LINE ( 'NONE', #204, #991 ) ;
#3172 = ORIENTED_EDGE ( 'NONE', *, *, #4595, .F. ) ;
#3173 = CARTESIAN_POINT ( 'NONE',  ( -8.000000000000000000, 85.00000000000000000, 0.000000000000000000 ) ) ;
#3174 = SURFACE_STYLE_USAGE ( .BOTH. , #3601 ) ;
#3175 = EDGE_CURVE ( 'NONE', #640, #6, #4666, .T. ) ;
#3176 = LINE ( 'NONE', #4925, #2765 ) ;
#3177 = CIRCLE ( 'NONE', #727, 1.599999999999997202 ) ;
#3178 = VERTEX_POINT ( 'NONE', #1203 ) ;
#3179 = DIRECTION ( 'NONE',  ( 0.000000000000000000, 0.000000000000000000, 1.000000000000000000 ) ) ;
#3180 = EDGE_LOOP ( 'NONE', ( #5184, #3370, #1831, #72 ) ) ;
#3181 = PLANE ( 'NONE',  #4159 ) ;
#3182 = AXIS2_PLACEMENT_3D ( 'NONE', #5058, #798, #3337 ) ;
#3183 = ADVANCED_FACE ( 'NONE', ( #2938 ), #5612, .F. ) ;
#3184 = VECTOR ( 'NONE', #2792, 1000.000000000000000 ) ;
#3185 = DIRECTION ( 'NONE',  ( -1.000000000000000000, 0.000000000000000000, 0.000000000000000000 ) ) ;
#3186 = ORIENTED_EDGE ( 'NONE', *, *, #307, .F. ) ;
#3187 = ORIENTED_EDGE ( 'NONE', *, *, #1861, .F. ) ;
#3188 = VECTOR ( 'NONE', #2471, 1000.000000000000000 ) ;
#3189 = ORIENTED_EDGE ( 'NONE', *, *, #741, .T. ) ;
#3190 = CIRCLE ( 'NONE', #3544, 1.550000000000002709 ) ;
#3191 = VERTEX_POINT ( 'NONE', #1475 ) ;
#3192 = CARTESIAN_POINT ( 'NONE',  ( -50.99999999999999289, 94.99999999999998579, 0.000000000000000000 ) ) ;
#3193 = DIRECTION ( 'NONE',  ( 0.000000000000000000, 0.000000000000000000, 1.000000000000000000 ) ) ;
#3194 = CARTESIAN_POINT ( 'NONE',  ( 1.599999999999998312, -47.49999999998817657, 3.000000000000000000 ) ) ;
#3195 = AXIS2_PLACEMENT_3D ( 'NONE', #3776, #4205, #4667 ) ;
#3196 = VERTEX_POINT ( 'NONE', #5360 ) ;
#3197 = CYLINDRICAL_SURFACE ( 'NONE', #3362, 1.550000000000002709 ) ;
#3198 = AXIS2_PLACEMENT_3D ( 'NONE', #4824, #965, #2678 ) ;
#3199 = FACE_BOUND ( 'NONE', #3087, .T. ) ;
#3200 = CARTESIAN_POINT ( 'NONE',  ( 58.39999999999999858, -47.49999999998817657, 3.000000000000000000 ) ) ;
#3201 = DIRECTION ( 'NONE',  ( 1.000000000000000000, 0.000000000000000000, 0.000000000000000000 ) ) ;
#3202 = DIRECTION ( 'NONE',  ( 0.000000000000000000, 0.000000000000000000, 1.000000000000000000 ) ) ;
#3203 = EDGE_CURVE ( 'NONE', #2915, #4732, #3985, .T. ) ;
#3204 = EDGE_LOOP ( 'NONE', ( #5546, #2812, #621, #5520 ) ) ;
#3205 = CARTESIAN_POINT ( 'NONE',  ( -58.39999999999999858, 1.500000000011825207, 0.000000000000000000 ) ) ;
#3206 = CIRCLE ( 'NONE', #3855, 1.599999999999997202 ) ;
#3207 = DIRECTION ( 'NONE',  ( 1.000000000000000000, 0.000000000000000000, 0.000000000000000000 ) ) ;
#3208 = FACE_OUTER_BOUND ( 'NONE', #1626, .T. ) ;
#3209 = CIRCLE ( 'NONE', #3666, 1.599999999999955680 ) ;
#3210 = EDGE_CURVE ( 'NONE', #3323, #4259, #3732, .T. ) ;
#3211 = CARTESIAN_POINT ( 'NONE',  ( -56.80000000000000426, 1.500000000011825430, 0.000000000000000000 ) ) ;
#3212 = ORIENTED_EDGE ( 'NONE', *, *, #3175, .T. ) ;
#3213 = CARTESIAN_POINT ( 'NONE',  ( -63.00000000000000000, 104.0000000000106581, 3.000000000000000000 ) ) ;
#3214 = CIRCLE ( 'NONE', #760, 1.549999999999999378 ) ;
#3215 = CARTESIAN_POINT ( 'NONE',  ( 29.19999999999999929, -47.49999999998817657, 0.000000000000000000 ) ) ;
#3216 = ORIENTED_EDGE ( 'NONE', *, *, #1285, .F. ) ;
#3217 = AXIS2_PLACEMENT_3D ( 'NONE', #1925, #5415, #2076 ) ;
#3218 = EDGE_CURVE ( 'NONE', #44, #1710, #2638, .T. ) ;
#3219 = ORIENTED_EDGE ( 'NONE', *, *, #520, .T. ) ;
#3220 = ORIENTED_EDGE ( 'NONE', *, *, #4993, .F. ) ;
#3221 = PRODUCT_DEFINITION_FORMATION_WITH_SPECIFIED_SOURCE ( '任何', '', #3951, .NOT_KNOWN. ) ;
#3222 = DIRECTION ( 'NONE',  ( -0.000000000000000000, -0.000000000000000000, -1.000000000000000000 ) ) ;
#3223 = DIRECTION ( 'NONE',  ( 1.000000000000000000, 0.000000000000000000, 0.000000000000000000 ) ) ;
#3224 = ORIENTED_EDGE ( 'NONE', *, *, #5679, .T. ) ;
#3225 = CARTESIAN_POINT ( 'NONE',  ( -50.99999999999366196, -103.0000000000000142, 3.000000000000000000 ) ) ;
#3226 = FACE_BOUND ( 'NONE', #4478, .T. ) ;
#3227 = LINE ( 'NONE', #1063, #5593 ) ;
#3228 = LINE ( 'NONE', #1525, #2346 ) ;
#3229 = DIRECTION ( 'NONE',  ( -0.000000000000000000, -0.000000000000000000, -1.000000000000000000 ) ) ;
#3230 = VERTEX_POINT ( 'NONE', #3096 ) ;
#3231 = CARTESIAN_POINT ( 'NONE',  ( 80.00000000000000000, -10.00000000000000888, 3.000000000000000000 ) ) ;
#3232 = DIRECTION ( 'NONE',  ( -0.000000000000000000, -0.000000000000000000, -1.000000000000000000 ) ) ;
#3233 = DIRECTION ( 'NONE',  ( 1.000000000000000000, 0.000000000000000000, 0.000000000000000000 ) ) ;
#3234 = ADVANCED_FACE ( 'NONE', ( #1444 ), #4476, .F. ) ;
#3235 = ORIENTED_EDGE ( 'NONE', *, *, #3422, .T. ) ;
#3236 = AXIS2_PLACEMENT_3D ( 'NONE', #1844, #4513, #2341 ) ;
#3237 = VERTEX_POINT ( 'NONE', #3211 ) ;
#3238 = DIRECTION ( 'NONE',  ( 0.000000000000000000, 0.000000000000000000, 1.000000000000000000 ) ) ;
#3239 = ORIENTED_EDGE ( 'NONE', *, *, #2208, .T. ) ;
#3240 = LINE ( 'NONE', #3156, #4795 ) ;
#3241 = EDGE_CURVE ( 'NONE', #3127, #2510, #5103, .T. ) ;
#3242 = CARTESIAN_POINT ( 'NONE',  ( -79.99999999999998579, -10.00000000000000000, 0.000000000000000000 ) ) ;
#3243 = ORIENTED_EDGE ( 'NONE', *, *, #2460, .F. ) ;
#3244 = ORIENTED_EDGE ( 'NONE', *, *, #2069, .F. ) ;
#3245 = VERTEX_POINT ( 'NONE', #4846 ) ;
#3246 = ORIENTED_EDGE ( 'NONE', *, *, #3075, .F. ) ;
#3247 = EDGE_CURVE ( 'NONE', #3489, #33, #1911, .T. ) ;
#3248 = DIRECTION ( 'NONE',  ( -0.000000000000000000, -0.000000000000000000, -1.000000000000000000 ) ) ;
#3249 = SURFACE_SIDE_STYLE ('',( #1083 ) ) ;
#3250 = EDGE_CURVE ( 'NONE', #3988, #2454, #2641, .T. ) ;
#3251 = LINE ( 'NONE', #3585, #440 ) ;
#3252 = ORIENTED_EDGE ( 'NONE', *, *, #2478, .F. ) ;
#3253 = DIRECTION ( 'NONE',  ( -1.000000000000000000, 0.000000000000000000, 0.000000000000000000 ) ) ;
#3254 = FACE_BOUND ( 'NONE', #5353, .T. ) ;
#3255 = CARTESIAN_POINT ( 'NONE',  ( 58.40000000000300417, 10.90000000001181846, 0.000000000000000000 ) ) ;
#3256 = DIRECTION ( 'NONE',  ( 0.000000000000000000, 1.000000000000000000, 0.000000000000000000 ) ) ;
#3257 = FACE_OUTER_BOUND ( 'NONE', #2170, .T. ) ;
#3258 = EDGE_CURVE ( 'NONE', #4211, #2365, #5471, .T. ) ;
#3259 = VERTEX_POINT ( 'NONE', #467 ) ;
#3260 = LINE ( 'NONE', #5006, #819 ) ;
#3261 = CARTESIAN_POINT ( 'NONE',  ( -26.99999999999366196, -73.00000000000001421, 3.000000000000000000 ) ) ;
#3262 = CARTESIAN_POINT ( 'NONE',  ( 25.45000000000000284, 64.99999999999998579, 0.000000000000000000 ) ) ;
#3263 = ORIENTED_EDGE ( 'NONE', *, *, #4759, .T. ) ;
#3264 = FACE_BOUND ( 'NONE', #1478, .T. ) ;
#3265 = ADVANCED_FACE ( 'NONE', ( #4929, #4446, #4511, #2758, #2670, #3606, #2338, #1016, #4417, #1353, #1384, #3125, #4074, #3541, #150, #983, #524, #5303, #1897, #3635, #3961, #5389, #2282, #4901, #32, #58, #4017, #90, #3154, #1842, #1622, #5447, #1507, #2362, #2450, #1073, #4187, #264, #2395, #679, #215, #4564, #617, #1961, #2424, #1134, #3264, #1987, #2020, #241, #3350, #1043, #647, #183, #1532, #3669, #3296 ), #5541, .T. ) ;
#3266 = VERTEX_POINT ( 'NONE', #2782 ) ;
#3267 = DIRECTION ( 'NONE',  ( 1.000000000000000000, 0.000000000000000000, 0.000000000000000000 ) ) ;
#3268 = CIRCLE ( 'NONE', #2632, 1.550000000000002709 ) ;
#3269 = VERTEX_POINT ( 'NONE', #3723 ) ;
#3270 = AXIS2_PLACEMENT_3D ( 'NONE', #1553, #697, #4641 ) ;
#3271 = VERTEX_POINT ( 'NONE', #2807 ) ;
#3272 = ORIENTED_EDGE ( 'NONE', *, *, #2200, .F. ) ;
#3273 = EDGE_CURVE ( 'NONE', #3308, #3886, #3699, .T. ) ;
#3274 = EDGE_LOOP ( 'NONE', ( #4362, #903, #5412, #5130 ) ) ;
#3275 = AXIS2_PLACEMENT_3D ( 'NONE', #3779, #2942, #3806 ) ;
#3276 = DIRECTION ( 'NONE',  ( 0.000000000000000000, 0.000000000000000000, 1.000000000000000000 ) ) ;
#3277 = DIRECTION ( 'NONE',  ( 0.000000000000000000, 0.000000000000000000, 1.000000000000000000 ) ) ;
#3278 = EDGE_LOOP ( 'NONE', ( #5057, #1228, #976, #4358 ) ) ;
#3279 = VECTOR ( 'NONE', #3149, 1000.000000000000000 ) ;
#3280 = AXIS2_PLACEMENT_3D ( 'NONE', #2543, #446, #5616 ) ;
#3281 = DIRECTION ( 'NONE',  ( 0.000000000000000000, 0.000000000000000000, 1.000000000000000000 ) ) ;
#3282 = CARTESIAN_POINT ( 'NONE',  ( 11.74999999999999645, 108.3999999999999915, 0.000000000000000000 ) ) ;
#3283 = VECTOR ( 'NONE', #3077, 1000.000000000000114 ) ;
#3284 = CARTESIAN_POINT ( 'NONE',  ( 58.39999999999999858, 1.500000000011825207, 3.000000000000000000 ) ) ;
#3285 = CARTESIAN_POINT ( 'NONE',  ( -35.25000000000000000, 110.0000000000000000, 0.000000000000000000 ) ) ;
#3286 = CIRCLE ( 'NONE', #269, 1.599999999999955680 ) ;
#3287 = LINE ( 'NONE', #2096, #2906 ) ;
#3288 = VECTOR ( 'NONE', #4908, 1000.000000000000000 ) ;
#3289 = EDGE_CURVE ( 'NONE', #3048, #3659, #172, .T. ) ;
#3290 = ORIENTED_EDGE ( 'NONE', *, *, #4056, .T. ) ;
#3291 = DIRECTION ( 'NONE',  ( -0.000000000000000000, -0.000000000000000000, -1.000000000000000000 ) ) ;
#3292 = CYLINDRICAL_SURFACE ( 'NONE', #2656, 1.599999999999962563 ) ;
#3293 = LINE ( 'NONE', #2447, #2671 ) ;
#3294 = VECTOR ( 'NONE', #3232, 1000.000000000000000 ) ;
#3295 = EDGE_LOOP ( 'NONE', ( #1, #2145 ) ) ;
#3296 = FACE_BOUND ( 'NONE', #3877, .T. ) ;
#3297 = ORIENTED_EDGE ( 'NONE', *, *, #407, .F. ) ;
#3298 = DIRECTION ( 'NONE',  ( 0.000000000000000000, 0.000000000000000000, 1.000000000000000000 ) ) ;
#3299 = LINE ( 'NONE', #2871, #4369 ) ;
#3300 = VERTEX_POINT ( 'NONE', #4649 ) ;
#3301 = ORIENTED_EDGE ( 'NONE', *, *, #3746, .T. ) ;
#3302 = VECTOR ( 'NONE', #1383, 1000.000000000000000 ) ;
#3303 = ORIENTED_EDGE ( 'NONE', *, *, #2553, .T. ) ;
#3304 = CARTESIAN_POINT ( 'NONE',  ( 26.00000000000522249, 19.50000000001181988, 3.000000000000000000 ) ) ;
#3305 = DIRECTION ( 'NONE',  ( 1.000000000000000000, 0.000000000000000000, 0.000000000000000000 ) ) ;
#3306 = EDGE_LOOP ( 'NONE', ( #5027, #1349, #5390, #5080 ) ) ;
#3308 = VERTEX_POINT ( 'NONE', #1595 ) ;
#3307 = EDGE_CURVE ( 'NONE', #2365, #4721, #4163, .T. ) ;
#3309 = AXIS2_PLACEMENT_3D ( 'NONE', #3970, #2851, #4576 ) ;
#3310 = LINE ( 'NONE', #1330, #1999 ) ;
#3311 = FACE_BOUND ( 'NONE', #3994, .T. ) ;
#3312 = CARTESIAN_POINT ( 'NONE',  ( -79.99999999999998579, 36.50000000001182343, 3.000000000000000000 ) ) ;
#3313 = CARTESIAN_POINT ( 'NONE',  ( 48.59999999999998721, 110.0000000000000000, 3.000000000000000000 ) ) ;
#3314 = CARTESIAN_POINT ( 'NONE',  ( 47.99999999995362288, -114.9999999999996874, 3.000000000000000000 ) ) ;
#3315 = EDGE_CURVE ( 'NONE', #1075, #2868, #73, .T. ) ;
#3316 = VERTEX_POINT ( 'NONE', #1564 ) ;
#3317 = LINE ( 'NONE', #1471, #2554 ) ;
#3318 = DIRECTION ( 'NONE',  ( 1.000000000000000000, 0.000000000000000000, 0.000000000000000000 ) ) ;
#3319 = LINE ( 'NONE', #5590, #5416 ) ;
#3320 = EDGE_CURVE ( 'NONE', #770, #2266, #4561, .T. ) ;
#3321 = ORIENTED_EDGE ( 'NONE', *, *, #2418, .T. ) ;
#3322 = CARTESIAN_POINT ( 'NONE',  ( -49.44999999999998863, 64.99999999999998579, 0.000000000000000000 ) ) ;
#3323 = VERTEX_POINT ( 'NONE', #4626 ) ;
#3324 = DIRECTION ( 'NONE',  ( 1.000000000000000000, 0.000000000000000000, 0.000000000000000000 ) ) ;
#3325 = ORIENTED_EDGE ( 'NONE', *, *, #1638, .T. ) ;
#3326 = CARTESIAN_POINT ( 'NONE',  ( -36.85000000000000853, 110.0000000000000000, 0.000000000000000000 ) ) ;
#3327 = VECTOR ( 'NONE', #4103, 1000.000000000000000 ) ;
#3328 = ORIENTED_EDGE ( 'NONE', *, *, #893, .F. ) ;
#3329 = ORIENTED_EDGE ( 'NONE', *, *, #2174, .F. ) ;
#3330 = VERTEX_POINT ( 'NONE', #704 ) ;
#3331 = CARTESIAN_POINT ( 'NONE',  ( -25.99999999999999645, -38.89999999998819646, 3.000000000000000000 ) ) ;
#3332 = CIRCLE ( 'NONE', #2874, 1.600000000000000755 ) ;
#3333 = DIRECTION ( 'NONE',  ( 0.000000000000000000, 0.000000000000000000, 1.000000000000000000 ) ) ;
#3334 = ORIENTED_EDGE ( 'NONE', *, *, #3549, .T. ) ;
#3335 = VERTEX_POINT ( 'NONE', #3322 ) ;
#3336 = AXIS2_PLACEMENT_3D ( 'NONE', #3477, #1826, #2264 ) ;
#3337 = DIRECTION ( 'NONE',  ( 1.000000000000000000, 0.000000000000000000, 0.000000000000000000 ) ) ;
#3338 = DIRECTION ( 'NONE',  ( 0.3054275543600013521, 0.9522153165317539525, -0.000000000000000000 ) ) ;
#3339 = EDGE_CURVE ( 'NONE', #5649, #4707, #905, .T. ) ;
#3340 = LINE ( 'NONE', #2857, #5129 ) ;
#3341 = DIRECTION ( 'NONE',  ( 0.000000000000000000, 0.000000000000000000, 1.000000000000000000 ) ) ;
#3342 = CARTESIAN_POINT ( 'NONE',  ( 58.40000000000300417, 10.90000000001181846, 0.000000000000000000 ) ) ;
#3343 = VERTEX_POINT ( 'NONE', #4219 ) ;
#3344 = VERTEX_POINT ( 'NONE', #5420 ) ;
#3345 = CARTESIAN_POINT ( 'NONE',  ( 52.55000000000000426, 65.00000000000000000, 3.000000000000000000 ) ) ;
#3346 = ADVANCED_FACE ( 'NONE', ( #294 ), #3787, .F. ) ;
#3347 = CARTESIAN_POINT ( 'NONE',  ( 0.000000000000000000, 40.00000000000000000, 0.000000000000000000 ) ) ;
#3348 = FACE_OUTER_BOUND ( 'NONE', #3130, .T. ) ;
#3349 = CARTESIAN_POINT ( 'NONE',  ( -27.59999999999999432, -40.49999999998819078, 3.000000000000000000 ) ) ;
#3350 = FACE_BOUND ( 'NONE', #5430, .T. ) ;
#3351 = EDGE_CURVE ( 'NONE', #4077, #4874, #816, .T. ) ;
#3352 = VERTEX_POINT ( 'NONE', #5566 ) ;
#3353 = CARTESIAN_POINT ( 'NONE',  ( -50.99999999999366196, -73.00000000000001421, 3.000000000000000000 ) ) ;
#3354 = ORIENTED_EDGE ( 'NONE', *, *, #3027, .F. ) ;
#3355 = EDGE_LOOP ( 'NONE', ( #1360, #5367, #5383, #1222 ) ) ;
#3356 = ORIENTED_EDGE ( 'NONE', *, *, #3250, .F. ) ;
#3357 = EDGE_CURVE ( 'NONE', #5045, #961, #4786, .T. ) ;
#3358 = ORIENTED_EDGE ( 'NONE', *, *, #4015, .F. ) ;
#3359 = CARTESIAN_POINT ( 'NONE',  ( -58.39999999999999858, 1.500000000011825207, 0.000000000000000000 ) ) ;
#3360 = DIRECTION ( 'NONE',  ( -1.000000000000000000, 0.000000000000000000, 0.000000000000000000 ) ) ;
#3361 = ORIENTED_EDGE ( 'NONE', *, *, #351, .T. ) ;
#3362 = AXIS2_PLACEMENT_3D ( 'NONE', #3225, #4945, #3253 ) ;
#3363 = DIRECTION ( 'NONE',  ( -0.000000000000000000, -0.000000000000000000, -1.000000000000000000 ) ) ;
#3364 = CARTESIAN_POINT ( 'NONE',  ( 27.00000000000000000, 64.99999999999998579, 3.000000000000000000 ) ) ;
#3365 = DIRECTION ( 'NONE',  ( 0.000000000000000000, 0.000000000000000000, 1.000000000000000000 ) ) ;
#3366 = DIRECTION ( 'NONE',  ( 0.000000000000000000, 0.000000000000000000, 1.000000000000000000 ) ) ;
#3367 = DIRECTION ( 'NONE',  ( -1.000000000000000000, 0.000000000000000000, 0.000000000000000000 ) ) ;
#3368 = AXIS2_PLACEMENT_3D ( 'NONE', #5073, #3238, #5473 ) ;
#3369 = CIRCLE ( 'NONE', #639, 1.600000000000004086 ) ;
#3370 = ORIENTED_EDGE ( 'NONE', *, *, #5427, .T. ) ;
#3371 = AXIS2_PLACEMENT_3D ( 'NONE', #1179, #4750, #2577 ) ;
#3372 = VECTOR ( 'NONE', #2197, 1000.000000000000000 ) ;
#3373 = ORIENTED_EDGE ( 'NONE', *, *, #3247, .T. ) ;
#3374 = DIRECTION ( 'NONE',  ( 1.000000000000000000, 0.000000000000000000, 0.000000000000000000 ) ) ;
#3375 = DIRECTION ( 'NONE',  ( -1.000000000000000000, 0.000000000000000000, 0.000000000000000000 ) ) ;
#3376 = DIRECTION ( 'NONE',  ( -0.000000000000000000, -0.000000000000000000, -1.000000000000000000 ) ) ;
#3377 = DIRECTION ( 'NONE',  ( -1.000000000000000000, 0.000000000000000000, 0.000000000000000000 ) ) ;
#3378 = EDGE_CURVE ( 'NONE', #1685, #3738, #5283, .T. ) ;
#3379 = CARTESIAN_POINT ( 'NONE',  ( -71.49999999999998579, 1.500000000011825207, 3.000000000000000000 ) ) ;
#3380 = AXIS2_PLACEMENT_3D ( 'NONE', #4770, #3049, #506 ) ;
#3381 = VERTEX_POINT ( 'NONE', #2977 ) ;
#3382 = DIRECTION ( 'NONE',  ( 1.000000000000000000, 0.000000000000000000, 0.000000000000000000 ) ) ;
#3383 = EDGE_CURVE ( 'NONE', #1392, #2455, #2376, .T. ) ;
#3384 = EDGE_CURVE ( 'NONE', #3733, #4302, #5125, .T. ) ;
#3385 = ORIENTED_EDGE ( 'NONE', *, *, #599, .F. ) ;
#3386 = VERTEX_POINT ( 'NONE', #4246 ) ;
#3387 = DIRECTION ( 'NONE',  ( -0.000000000000000000, -0.000000000000000000, -1.000000000000000000 ) ) ;
#3388 = AXIS2_PLACEMENT_3D ( 'NONE', #3431, #3896, #1260 ) ;
#3389 = VERTEX_POINT ( 'NONE', #4303 ) ;
#3390 = FACE_OUTER_BOUND ( 'NONE', #618, .T. ) ;
#3391 = ORIENTED_EDGE ( 'NONE', *, *, #2255, .F. ) ;
#3392 = EDGE_CURVE ( 'NONE', #1536, #4381, #4706, .T. ) ;
#3393 = ADVANCED_FACE ( 'NONE', ( #1678 ), #5097, .F. ) ;
#3394 = AXIS2_PLACEMENT_3D ( 'NONE', #5170, #4343, #5582 ) ;
#3395 = CARTESIAN_POINT ( 'NONE',  ( -58.40000000000300417, 10.90000000001181846, 0.000000000000000000 ) ) ;
#3396 = LINE ( 'NONE', #334, #915 ) ;
#3397 = CARTESIAN_POINT ( 'NONE',  ( -61.40000000000001990, 36.48713711185290975, 3.000000000000000000 ) ) ;
#3398 = CARTESIAN_POINT ( 'NONE',  ( 48.00000000000000000, -119.9999999999997726, 0.000000000000000000 ) ) ;
#3399 = DIRECTION ( 'NONE',  ( 0.000000000000000000, 0.000000000000000000, 1.000000000000000000 ) ) ;
#3400 = ORIENTED_EDGE ( 'NONE', *, *, #5456, .F. ) ;
#3401 = CIRCLE ( 'NONE', #2945, 1.600000000000000755 ) ;
#3402 = DIRECTION ( 'NONE',  ( -1.000000000000000000, 0.000000000000000000, 0.000000000000000000 ) ) ;
#3403 = LINE ( 'NONE', #2101, #4029 ) ;
#3404 = DIRECTION ( 'NONE',  ( 0.000000000000000000, 0.000000000000000000, 1.000000000000000000 ) ) ;
#3405 = PLANE ( 'NONE',  #1948 ) ;
#3406 = ORIENTED_EDGE ( 'NONE', *, *, #161, .F. ) ;
#3407 = EDGE_LOOP ( 'NONE', ( #4642, #3301, #654, #3561 ) ) ;
#3408 = DIRECTION ( 'NONE',  ( 1.467080425397528682E-13, -1.000000000000000000, 0.000000000000000000 ) ) ;
#3409 = EDGE_LOOP ( 'NONE', ( #898, #2603, #4227, #5623 ) ) ;
#3410 = EDGE_CURVE ( 'NONE', #5043, #192, #5624, .T. ) ;
#3411 = LINE ( 'NONE', #1164, #293 ) ;
#3412 = ORIENTED_EDGE ( 'NONE', *, *, #3904, .T. ) ;
#3413 = VERTEX_POINT ( 'NONE', #1297 ) ;
#3414 = ORIENTED_EDGE ( 'NONE', *, *, #2234, .F. ) ;
#3415 = DIRECTION ( 'NONE',  ( 1.000000000000000000, 0.000000000000000000, 0.000000000000000000 ) ) ;
#3416 = ADVANCED_FACE ( 'NONE', ( #3035 ), #3900, .F. ) ;
#3417 = CYLINDRICAL_SURFACE ( 'NONE', #83, 1.549999999999999378 ) ;
#3418 = VECTOR ( 'NONE', #2888, 1000.000000000000000 ) ;
#3419 = PRODUCT_RELATED_PRODUCT_CATEGORY ( 'part', '', ( #3951 ) ) ;
#3420 = DIRECTION ( 'NONE',  ( 1.000000000000000000, 0.000000000000000000, 0.000000000000000000 ) ) ;
#3421 = FACE_BOUND ( 'NONE', #5607, .T. ) ;
#3422 = EDGE_CURVE ( 'NONE', #5022, #954, #2161, .T. ) ;
#3423 = ADVANCED_FACE ( 'NONE', ( #2081 ), #2951, .T. ) ;
#3424 = DIRECTION ( 'NONE',  ( -0.000000000000000000, -0.000000000000000000, -1.000000000000000000 ) ) ;
#3425 = DIRECTION ( 'NONE',  ( -0.000000000000000000, -0.000000000000000000, -1.000000000000000000 ) ) ;
#3426 = CARTESIAN_POINT ( 'NONE',  ( -35.25000000000000000, 111.6000000000000085, 0.000000000000000000 ) ) ;
#3427 = AXIS2_PLACEMENT_3D ( 'NONE', #4208, #5437, #2039 ) ;
#3428 = VERTEX_POINT ( 'NONE', #4353 ) ;
#3429 = DIRECTION ( 'NONE',  ( 0.000000000000000000, 0.000000000000000000, 1.000000000000000000 ) ) ;
#3430 = ADVANCED_FACE ( 'NONE', ( #3926 ), #5681, .F. ) ;
#3431 = CARTESIAN_POINT ( 'NONE',  ( 47.99999999995362288, -114.9999999999996874, 3.000000000000000000 ) ) ;
#3432 = CARTESIAN_POINT ( 'NONE',  ( -52.54999999999999005, 64.99999999999998579, 3.000000000000000000 ) ) ;
#3433 = DIRECTION ( 'NONE',  ( 1.000000000000000000, 0.000000000000000000, 0.000000000000000000 ) ) ;
#3434 = EDGE_LOOP ( 'NONE', ( #924, #4274, #2759, #1600 ) ) ;
#3435 = DIRECTION ( 'NONE',  ( 1.000000000000000000, 1.467080425397528682E-13, 0.000000000000000000 ) ) ;
#3436 = EDGE_LOOP ( 'NONE', ( #2009, #402, #4900, #3965 ) ) ;
#3437 = DIRECTION ( 'NONE',  ( 1.000000000000000000, 0.000000000000000000, 0.000000000000000000 ) ) ;
#3438 = EDGE_CURVE ( 'NONE', #2915, #5079, #3846, .T. ) ;
#3439 = ORIENTED_EDGE ( 'NONE', *, *, #5234, .F. ) ;
#3440 = ORIENTED_EDGE ( 'NONE', *, *, #3774, .F. ) ;
#3441 = CARTESIAN_POINT ( 'NONE',  ( 47.99999999995362288, -114.9999999999996874, 0.000000000000000000 ) ) ;
#3442 = DIRECTION ( 'NONE',  ( 0.000000000000000000, 0.000000000000000000, 1.000000000000000000 ) ) ;
#3443 = EDGE_LOOP ( 'NONE', ( #5425, #3678, #4413, #3730 ) ) ;
#3444 = ADVANCED_FACE ( 'NONE', ( #2504 ), #3815, .F. ) ;
#3445 = VERTEX_POINT ( 'NONE', #349 ) ;
#3446 = DIRECTION ( 'NONE',  ( 1.000000000000000000, 0.000000000000000000, 0.000000000000000000 ) ) ;
#3447 = DIRECTION ( 'NONE',  ( -1.000000000000000000, 0.000000000000000000, 0.000000000000000000 ) ) ;
#3448 = DIRECTION ( 'NONE',  ( -1.000000000000000000, 0.000000000000000000, 0.000000000000000000 ) ) ;
#3449 = CYLINDRICAL_SURFACE ( 'NONE', #2191, 1.600000000000000755 ) ;
#3450 = VECTOR ( 'NONE', #5434, 1000.000000000000000 ) ;
#3451 = CIRCLE ( 'NONE', #2370, 1.600000000000000089 ) ;
#3452 = EDGE_CURVE ( 'NONE', #2194, #1166, #2108, .T. ) ;
#3453 = ORIENTED_EDGE ( 'NONE', *, *, #441, .T. ) ;
#3454 = CARTESIAN_POINT ( 'NONE',  ( -27.59999999999999076, -6.499999999988189003, 0.000000000000000000 ) ) ;
#3455 = AXIS2_PLACEMENT_3D ( 'NONE', #4757, #5181, #2922 ) ;
#3456 = CARTESIAN_POINT ( 'NONE',  ( -15.99999999999817923, 36.50000000001182343, 0.000000000000000000 ) ) ;
#3457 = DIRECTION ( 'NONE',  ( 0.000000000000000000, 0.000000000000000000, 1.000000000000000000 ) ) ;
#3458 = VECTOR ( 'NONE', #2152, 1000.000000000000000 ) ;
#3459 = DIRECTION ( 'NONE',  ( -1.000000000000000000, 0.000000000000000000, 0.000000000000000000 ) ) ;
#3460 = ADVANCED_FACE ( 'NONE', ( #2557 ), #146, .F. ) ;
#3461 = VECTOR ( 'NONE', #4173, 1000.000000000000000 ) ;
#3462 = ORIENTED_EDGE ( 'NONE', *, *, #1959, .T. ) ;
#3463 = DIRECTION ( 'NONE',  ( 0.000000000000000000, 0.000000000000000000, 1.000000000000000000 ) ) ;
#3464 = ORIENTED_EDGE ( 'NONE', *, *, #1593, .F. ) ;
#3465 = CARTESIAN_POINT ( 'NONE',  ( 80.00000000000000000, -10.00000000000000888, 0.000000000000000000 ) ) ;
#3466 = CIRCLE ( 'NONE', #2017, 1.600000000000004086 ) ;
#3467 = VECTOR ( 'NONE', #3854, 1000.000000000000000 ) ;
#3468 = ORIENTED_EDGE ( 'NONE', *, *, #745, .T. ) ;
#3469 = ORIENTED_EDGE ( 'NONE', *, *, #1764, .F. ) ;
#3470 = DIRECTION ( 'NONE',  ( 0.000000000000000000, 0.000000000000000000, 1.000000000000000000 ) ) ;
#3471 = CARTESIAN_POINT ( 'NONE',  ( 64.60000000000000853, 19.50000000001181988, 3.000000000000000000 ) ) ;
#3472 = AXIS2_PLACEMENT_3D ( 'NONE', #5385, #176, #3207 ) ;
#3473 = VECTOR ( 'NONE', #545, 1000.000000000000000 ) ;
#3474 = EDGE_LOOP ( 'NONE', ( #1770, #1874 ) ) ;
#3475 = CARTESIAN_POINT ( 'NONE',  ( -26.99999999999366196, -103.0000000000000142, 3.000000000000000000 ) ) ;
#3476 = DIRECTION ( 'NONE',  ( -1.000000000000000000, 0.000000000000000000, 0.000000000000000000 ) ) ;
#3477 = CARTESIAN_POINT ( 'NONE',  ( -50.99999999999999289, 94.99999999999998579, 3.000000000000000000 ) ) ;
#3478 = EDGE_CURVE ( 'NONE', #3659, #5565, #1837, .T. ) ;
#3479 = CARTESIAN_POINT ( 'NONE',  ( -8.000000000000000000, -88.00000000000000000, 0.000000000000000000 ) ) ;
#3480 = ORIENTED_EDGE ( 'NONE', *, *, #3492, .T. ) ;
#3481 = ORIENTED_EDGE ( 'NONE', *, *, #472, .T. ) ;
#3482 = CARTESIAN_POINT ( 'NONE',  ( -58.39999999999999858, 1.500000000011825207, 3.000000000000000000 ) ) ;
#3483 = CIRCLE ( 'NONE', #1763, 1.600000000000004086 ) ;
#3484 = LINE ( 'NONE', #2130, #5124 ) ;
#3485 = DIRECTION ( 'NONE',  ( 1.000000000000000000, 0.000000000000000000, 0.000000000000000000 ) ) ;
#3486 = ADVANCED_FACE ( 'NONE', ( #1010 ), #922, .F. ) ;
#3487 = DIRECTION ( 'NONE',  ( 0.000000000000000000, 0.000000000000000000, 1.000000000000000000 ) ) ;
#3488 = AXIS2_PLACEMENT_3D ( 'NONE', #758, #3812, #2474 ) ;
#3489 = VERTEX_POINT ( 'NONE', #460 ) ;
#3490 = DIRECTION ( 'NONE',  ( -0.000000000000000000, -0.000000000000000000, -1.000000000000000000 ) ) ;
#3491 = EDGE_LOOP ( 'NONE', ( #4729, #2934 ) ) ;
#3492 = EDGE_CURVE ( 'NONE', #3191, #2806, #2333, .T. ) ;
#3493 = DIRECTION ( 'NONE',  ( -1.000000000000000000, 0.000000000000000000, 0.000000000000000000 ) ) ;
#3494 = ORIENTED_EDGE ( 'NONE', *, *, #2898, .T. ) ;
#3495 = ORIENTED_EDGE ( 'NONE', *, *, #2431, .F. ) ;
#3496 = CARTESIAN_POINT ( 'NONE',  ( 52.54999999999364491, -103.0000000000000000, 3.000000000000000000 ) ) ;
#3497 = CARTESIAN_POINT ( 'NONE',  ( 56.80000000000000426, -47.49999999998817657, 0.000000000000000000 ) ) ;
#3498 = ORIENTED_EDGE ( 'NONE', *, *, #870, .F. ) ;
#3499 = ORIENTED_EDGE ( 'NONE', *, *, #667, .T. ) ;
#3500 = DIRECTION ( 'NONE',  ( -1.000000000000000000, 0.000000000000000000, 0.000000000000000000 ) ) ;
#3501 = CARTESIAN_POINT ( 'NONE',  ( 26.99999999999999645, 94.99999999999998579, 3.000000000000000000 ) ) ;
#3502 = CYLINDRICAL_SURFACE ( 'NONE', #3032, 1.600000000000004086 ) ;
#3503 = CARTESIAN_POINT ( 'NONE',  ( 35.25000000000000000, 108.3999999999999915, 3.000000000000000000 ) ) ;
#3504 = ORIENTED_EDGE ( 'NONE', *, *, #5627, .T. ) ;
#3505 = CIRCLE ( 'NONE', #1146, 1.549999999999999378 ) ;
#3506 = EDGE_CURVE ( 'NONE', #4364, #2033, #53, .T. ) ;
#3507 = FACE_OUTER_BOUND ( 'NONE', #1953, .T. ) ;
#3508 = DIRECTION ( 'NONE',  ( 0.000000000000000000, -1.000000000000000000, 0.000000000000000000 ) ) ;
#3509 = FACE_OUTER_BOUND ( 'NONE', #2980, .T. ) ;
#3510 = DIRECTION ( 'NONE',  ( 0.000000000000000000, 0.000000000000000000, 1.000000000000000000 ) ) ;
#3511 = VECTOR ( 'NONE', #1583, 1000.000000000000000 ) ;
#3512 = EDGE_CURVE ( 'NONE', #1938, #1392, #3121, .T. ) ;
#3513 = ORIENTED_EDGE ( 'NONE', *, *, #3273, .T. ) ;
#3514 = DIRECTION ( 'NONE',  ( -0.000000000000000000, -0.000000000000000000, -1.000000000000000000 ) ) ;
#3515 = VERTEX_POINT ( 'NONE', #891 ) ;
#3516 = CARTESIAN_POINT ( 'NONE',  ( -30.80000000000000071, -47.49999999998817657, 3.000000000000000000 ) ) ;
#3517 = VERTEX_POINT ( 'NONE', #2721 ) ;
#3518 = ORIENTED_EDGE ( 'NONE', *, *, #171, .T. ) ;
#3519 = DIRECTION ( 'NONE',  ( 0.000000000000000000, 0.000000000000000000, 1.000000000000000000 ) ) ;
#3520 = ORIENTED_EDGE ( 'NONE', *, *, #4460, .T. ) ;
#3521 = CARTESIAN_POINT ( 'NONE',  ( -15.60000000000000142, -108.0000000000041069, 3.000000000000000000 ) ) ;
#3522 = DIRECTION ( 'NONE',  ( -0.000000000000000000, -0.000000000000000000, -1.000000000000000000 ) ) ;
#3523 = VERTEX_POINT ( 'NONE', #85 ) ;
#3524 = EDGE_CURVE ( 'NONE', #4874, #2070, #3569, .T. ) ;
#3525 = ORIENTED_EDGE ( 'NONE', *, *, #2675, .T. ) ;
#3526 = DIRECTION ( 'NONE',  ( 1.000000000000000000, 0.000000000000000000, 0.000000000000000000 ) ) ;
#3527 = CARTESIAN_POINT ( 'NONE',  ( 51.00000000000000711, 65.00000000000000000, 3.000000000000000000 ) ) ;
#3528 = DIRECTION ( 'NONE',  ( -1.000000000000000000, -0.000000000000000000, -0.000000000000000000 ) ) ;
#3529 = DIRECTION ( 'NONE',  ( 0.000000000000000000, 0.000000000000000000, 1.000000000000000000 ) ) ;
#3530 = ORIENTED_EDGE ( 'NONE', *, *, #170, .T. ) ;
#3531 = LINE ( 'NONE', #4348, #4843 ) ;
#3532 = DIRECTION ( 'NONE',  ( 1.000000000000000000, 0.000000000000000000, 0.000000000000000000 ) ) ;
#3533 = DIRECTION ( 'NONE',  ( -0.3054275543600013521, -0.9522153165317539525, 0.000000000000000000 ) ) ;
#3534 = LINE ( 'NONE', #2631, #3088 ) ;
#3535 = AXIS2_PLACEMENT_3D ( 'NONE', #4038, #1889, #4949 ) ;
#3536 = CARTESIAN_POINT ( 'NONE',  ( -25.44999999999998863, 94.99999999999998579, 3.000000000000000000 ) ) ;
#3537 = ORIENTED_EDGE ( 'NONE', *, *, #1806, .T. ) ;
#3538 = CARTESIAN_POINT ( 'NONE',  ( -62.99999999999998579, -114.9999999999965610, 0.000000000000000000 ) ) ;
#3539 = EDGE_CURVE ( 'NONE', #3316, #767, #5109, .T. ) ;
#3540 = VECTOR ( 'NONE', #4533, 1000.000000000000000 ) ;
#3541 = FACE_BOUND ( 'NONE', #5417, .T. ) ;
#3542 = AXIS2_PLACEMENT_3D ( 'NONE', #3141, #3947, #76 ) ;
#3543 = ORIENTED_EDGE ( 'NONE', *, *, #4184, .T. ) ;
#3544 = AXIS2_PLACEMENT_3D ( 'NONE', #1543, #5025, #5457 ) ;
#3545 = CARTESIAN_POINT ( 'NONE',  ( -50.99999999999999289, 64.99999999999998579, 3.000000000000000000 ) ) ;
#3546 = EDGE_LOOP ( 'NONE', ( #4450, #4253, #3650, #2743 ) ) ;
#3547 = EDGE_CURVE ( 'NONE', #649, #3191, #4202, .T. ) ;
#3548 = CARTESIAN_POINT ( 'NONE',  ( 8.000000000000000000, 80.00000000000000000, 0.000000000000000000 ) ) ;
#3549 = EDGE_CURVE ( 'NONE', #4381, #2194, #1410, .T. ) ;
#3550 = CIRCLE ( 'NONE', #4484, 1.600000000000004086 ) ;
#3551 = ORIENTED_EDGE ( 'NONE', *, *, #5654, .T. ) ;
#3552 = CARTESIAN_POINT ( 'NONE',  ( -26.99999999999998934, 94.99999999999998579, 0.000000000000000000 ) ) ;
#3553 = CIRCLE ( 'NONE', #1752, 1.549999999999999378 ) ;
#3554 = DIRECTION ( 'NONE',  ( -1.000000000000000000, 0.000000000000000000, 0.000000000000000000 ) ) ;
#3555 = LINE ( 'NONE', #1314, #1617 ) ;
#3556 = EDGE_CURVE ( 'NONE', #2806, #1085, #2822, .T. ) ;
#3557 = FACE_OUTER_BOUND ( 'NONE', #5466, .T. ) ;
#3558 = EDGE_CURVE ( 'NONE', #45, #4775, #4379, .T. ) ;
#3559 = ORIENTED_EDGE ( 'NONE', *, *, #5042, .F. ) ;
#3560 = VECTOR ( 'NONE', #5241, 1000.000000000000000 ) ;
#3561 = ORIENTED_EDGE ( 'NONE', *, *, #3307, .F. ) ;
#3562 = CARTESIAN_POINT ( 'NONE',  ( 49.44999999999363638, -73.00000000000000000, 3.000000000000000000 ) ) ;
#3563 = FACE_OUTER_BOUND ( 'NONE', #1800, .T. ) ;
#3564 = LINE ( 'NONE', #487, #1419 ) ;
#3565 = CARTESIAN_POINT ( 'NONE',  ( -26.00000000000522249, 19.50000000001181988, 3.000000000000000000 ) ) ;
#3566 = CIRCLE ( 'NONE', #1112, 1.549999999999999378 ) ;
#3567 = AXIS2_PLACEMENT_3D ( 'NONE', #3501, #5614, #5253 ) ;
#3568 = VERTEX_POINT ( 'NONE', #4069 ) ;
#3569 = LINE ( 'NONE', #1348, #1464 ) ;
#3570 = CARTESIAN_POINT ( 'NONE',  ( -61.40000000000001990, 36.48713711185290975, 3.000000000000000000 ) ) ;
#3571 = LINE ( 'NONE', #5267, #3674 ) ;
#3572 = VECTOR ( 'NONE', #5652, 1000.000000000000000 ) ;
#3573 = ORIENTED_EDGE ( 'NONE', *, *, #1499, .F. ) ;
#3574 = DIRECTION ( 'NONE',  ( -0.000000000000000000, -0.000000000000000000, -1.000000000000000000 ) ) ;
#3575 = EDGE_CURVE ( 'NONE', #3701, #3308, #2219, .T. ) ;
#3576 = ORIENTED_EDGE ( 'NONE', *, *, #1674, .F. ) ;
#3577 = CYLINDRICAL_SURFACE ( 'NONE', #600, 1.550000000000002709 ) ;
#3578 = FACE_OUTER_BOUND ( 'NONE', #3274, .T. ) ;
#3579 = ORIENTED_EDGE ( 'NONE', *, *, #4885, .T. ) ;
#3580 = EDGE_CURVE ( 'NONE', #4483, #3046, #4471, .T. ) ;
#3581 = ORIENTED_EDGE ( 'NONE', *, *, #3041, .F. ) ;
#3582 = CARTESIAN_POINT ( 'NONE',  ( -47.00000000000000000, 110.0000000000000000, 3.000000000000000000 ) ) ;
#3583 = CARTESIAN_POINT ( 'NONE',  ( 0.000000000000000000, -47.49999999998817657, 3.000000000000000000 ) ) ;
#3584 = CARTESIAN_POINT ( 'NONE',  ( 16.00000000000000000, 36.50000000001182343, 0.000000000000000000 ) ) ;
#3585 = CARTESIAN_POINT ( 'NONE',  ( 1.600000000001991829, 110.0000000000000000, 3.000000000000000000 ) ) ;
#3586 = CIRCLE ( 'NONE', #4970, 1.599999999999997202 ) ;
#3587 = ORIENTED_EDGE ( 'NONE', *, *, #4265, .F. ) ;
#3588 = ADVANCED_FACE ( 'NONE', ( #4503 ), #5296, .F. ) ;
#3589 = EDGE_CURVE ( 'NONE', #2337, #5664, #1273, .T. ) ;
#3590 = DIRECTION ( 'NONE',  ( 1.000000000000000000, 0.000000000000000000, 0.000000000000000000 ) ) ;
#3591 = EDGE_CURVE ( 'NONE', #5631, #2198, #5354, .T. ) ;
#3592 = DIRECTION ( 'NONE',  ( 1.000000000000000000, 0.000000000000000000, 0.000000000000000000 ) ) ;
#3593 = CARTESIAN_POINT ( 'NONE',  ( 58.39999999999999858, 1.500000000011825207, 0.000000000000000000 ) ) ;
#3594 = CARTESIAN_POINT ( 'NONE',  ( -58.40000000000300417, 10.90000000001181846, 3.000000000000000000 ) ) ;
#3595 = CYLINDRICAL_SURFACE ( 'NONE', #4654, 1.599999999999997202 ) ;
#3596 = AXIS2_PLACEMENT_3D ( 'NONE', #5362, #985, #4480 ) ;
#3597 = EDGE_CURVE ( 'NONE', #4547, #5637, #1438, .T. ) ;
#3598 = ORIENTED_EDGE ( 'NONE', *, *, #4627, .F. ) ;
#3599 = DIRECTION ( 'NONE',  ( 1.000000000000000000, 0.000000000000000000, 0.000000000000000000 ) ) ;
#3600 = AXIS2_PLACEMENT_3D ( 'NONE', #1466, #4090, #2414 ) ;
#3601 = SURFACE_SIDE_STYLE ('',( #2277 ) ) ;
#3602 = DIRECTION ( 'NONE',  ( 0.000000000000000000, 0.000000000000000000, 1.000000000000000000 ) ) ;
#3603 = AXIS2_PLACEMENT_3D ( 'NONE', #3285, #3656, #284 ) ;
#3604 = ORIENTED_EDGE ( 'NONE', *, *, #4437, .F. ) ;
#3605 = EDGE_LOOP ( 'NONE', ( #2587, #4023 ) ) ;
#3606 = FACE_BOUND ( 'NONE', #1705, .T. ) ;
#3607 = VERTEX_POINT ( 'NONE', #2445 ) ;
#3608 = CARTESIAN_POINT ( 'NONE',  ( 5.999999999994776623, 21.10000000001182130, 3.000000000000000000 ) ) ;
#3609 = ORIENTED_EDGE ( 'NONE', *, *, #4411, .T. ) ;
#3610 = CARTESIAN_POINT ( 'NONE',  ( -50.99999999999999289, 64.99999999999998579, 0.000000000000000000 ) ) ;
#3611 = ORIENTED_EDGE ( 'NONE', *, *, #659, .T. ) ;
#3612 = APPLICATION_CONTEXT ( 'automotive_design' ) ;
#3613 = EDGE_LOOP ( 'NONE', ( #4283, #439, #2684, #824 ) ) ;
#3614 = EDGE_LOOP ( 'NONE', ( #450, #2924, #3104, #3153 ) ) ;
#3615 = CARTESIAN_POINT ( 'NONE',  ( 27.60000000000150422, 10.90000000001181846, 0.000000000000000000 ) ) ;
#3616 = CARTESIAN_POINT ( 'NONE',  ( -27.59999999999999432, -40.49999999998819078, 0.000000000000000000 ) ) ;
#3617 = DIRECTION ( 'NONE',  ( -1.000000000000000000, 0.000000000000000000, 0.000000000000000000 ) ) ;
#3619 = EDGE_LOOP ( 'NONE', ( #120, #4482 ) ) ;
#3618 = EDGE_CURVE ( 'NONE', #2267, #2713, #4181, .T. ) ;
#3620 = CARTESIAN_POINT ( 'NONE',  ( 58.40000000000300417, 10.90000000001181846, 3.000000000000000000 ) ) ;
#3621 = FACE_BOUND ( 'NONE', #3102, .T. ) ;
#3622 = DIRECTION ( 'NONE',  ( 0.000000000000000000, 1.000000000000000000, 0.000000000000000000 ) ) ;
#3623 = FACE_OUTER_BOUND ( 'NONE', #1071, .T. ) ;
#3624 = LINE ( 'NONE', #114, #2550 ) ;
#3625 = EDGE_CURVE ( 'NONE', #3237, #2558, #3097, .T. ) ;
#3626 = ORIENTED_EDGE ( 'NONE', *, *, #3618, .F. ) ;
#3627 = CARTESIAN_POINT ( 'NONE',  ( -79.99999999999998579, 36.50000000001182343, 0.000000000000000000 ) ) ;
#3628 = DIRECTION ( 'NONE',  ( -1.000000000000000000, 0.000000000000000000, 0.000000000000000000 ) ) ;
#3629 = DIRECTION ( 'NONE',  ( -0.000000000000000000, -0.000000000000000000, -1.000000000000000000 ) ) ;
#3630 = ADVANCED_FACE ( 'NONE', ( #1128 ), #4128, .F. ) ;
#3631 = VECTOR ( 'NONE', #244, 1000.000000000000000 ) ;
#3632 = AXIS2_PLACEMENT_3D ( 'NONE', #3031, #3487, #425 ) ;
#3633 = ORIENTED_EDGE ( 'NONE', *, *, #1711, .F. ) ;
#3634 = ORIENTED_EDGE ( 'NONE', *, *, #1476, .F. ) ;
#3635 = FACE_BOUND ( 'NONE', #1508, .T. ) ;
#3636 = ORIENTED_EDGE ( 'NONE', *, *, #519, .T. ) ;
#3637 = DIRECTION ( 'NONE',  ( 1.000000000000000000, 1.467080425397528682E-13, 0.000000000000000000 ) ) ;
#3638 = VECTOR ( 'NONE', #3490, 1000.000000000000000 ) ;
#3639 = CIRCLE ( 'NONE', #80, 1.549999999999999378 ) ;
#3640 = DIRECTION ( 'NONE',  ( 1.000000000000000000, 0.000000000000000000, 0.000000000000000000 ) ) ;
#3641 = ORIENTED_EDGE ( 'NONE', *, *, #934, .T. ) ;
#3642 = AXIS2_PLACEMENT_3D ( 'NONE', #518, #491, #117 ) ;
#3643 = ORIENTED_EDGE ( 'NONE', *, *, #5633, .F. ) ;
#3644 = VECTOR ( 'NONE', #2435, 1000.000000000000000 ) ;
#3645 = VERTEX_POINT ( 'NONE', #2886 ) ;
#3646 = CARTESIAN_POINT ( 'NONE',  ( -27.60000000000522391, 19.50000000001181988, 3.000000000000000000 ) ) ;
#3647 = CARTESIAN_POINT ( 'NONE',  ( -28.54999999999999005, 64.99999999999998579, 0.000000000000000000 ) ) ;
#3648 = DIRECTION ( 'NONE',  ( -0.000000000000000000, -0.000000000000000000, -1.000000000000000000 ) ) ;
#3649 = VECTOR ( 'NONE', #3082, 1000.000000000000000 ) ;
#3650 = ORIENTED_EDGE ( 'NONE', *, *, #1402, .F. ) ;
#3651 = CYLINDRICAL_SURFACE ( 'NONE', #1278, 1.599999999999997202 ) ;
#3652 = AXIS2_PLACEMENT_3D ( 'NONE', #3304, #4660, #4255 ) ;
#3653 = DIRECTION ( 'NONE',  ( 0.000000000000000000, -0.000000000000000000, 1.000000000000000000 ) ) ;
#3654 = EDGE_CURVE ( 'NONE', #5182, #2986, #5066, .T. ) ;
#3655 = CARTESIAN_POINT ( 'NONE',  ( -13.00000000000000533, -88.00000000000000000, 3.000000000000000000 ) ) ;
#3656 = DIRECTION ( 'NONE',  ( 0.000000000000000000, 0.000000000000000000, 1.000000000000000000 ) ) ;
#3657 = DIRECTION ( 'NONE',  ( -0.000000000000000000, -0.000000000000000000, -1.000000000000000000 ) ) ;
#3658 = PRESENTATION_LAYER_ASSIGNMENT (  '', '', ( #4941 ) ) ;
#3659 = VERTEX_POINT ( 'NONE', #641 ) ;
#3660 = CARTESIAN_POINT ( 'NONE',  ( -63.00000000000000000, 104.0000000000106581, 3.000000000000000000 ) ) ;
#3661 = EDGE_CURVE ( 'NONE', #2194, #3413, #2802, .T. ) ;
#3662 = AXIS2_PLACEMENT_3D ( 'NONE', #2380, #1465, #1033 ) ;
#3663 = LINE ( 'NONE', #4012, #3294 ) ;
#3664 = CARTESIAN_POINT ( 'NONE',  ( -71.49999999999998579, 1.500000000011825207, 3.000000000000000000 ) ) ;
#3665 = EDGE_LOOP ( 'NONE', ( #3462, #5013, #3598, #4224 ) ) ;
#3666 = AXIS2_PLACEMENT_3D ( 'NONE', #575, #4882, #3996 ) ;
#3667 = EDGE_CURVE ( 'NONE', #3761, #5445, #5014, .T. ) ;
#3668 = EDGE_LOOP ( 'NONE', ( #4806, #1069, #2781, #465 ) ) ;
#3669 = FACE_BOUND ( 'NONE', #3793, .T. ) ;
#3670 = ADVANCED_FACE ( 'NONE', ( #4954 ), #3753, .F. ) ;
#3671 = ADVANCED_FACE ( 'NONE', ( #2778 ), #5440, .F. ) ;
#3672 = EDGE_LOOP ( 'NONE', ( #327, #677, #3698, #3081 ) ) ;
#3673 = FACE_OUTER_BOUND ( 'NONE', #5364, .T. ) ;
#3674 = VECTOR ( 'NONE', #493, 1000.000000000000000 ) ;
#3675 = ORIENTED_EDGE ( 'NONE', *, *, #3654, .T. ) ;
#3676 = CYLINDRICAL_SURFACE ( 'NONE', #3008, 1.550000000000002709 ) ;
#3677 = EDGE_LOOP ( 'NONE', ( #1843, #2648, #3551, #3636 ) ) ;
#3678 = ORIENTED_EDGE ( 'NONE', *, *, #1056, .T. ) ;
#3679 = VECTOR ( 'NONE', #555, 1000.000000000000000 ) ;
#3680 = ORIENTED_EDGE ( 'NONE', *, *, #4994, .T. ) ;
#3681 = ORIENTED_EDGE ( 'NONE', *, *, #1959, .F. ) ;
#3682 = LINE ( 'NONE', #2738, #2390 ) ;
#3683 = CARTESIAN_POINT ( 'NONE',  ( -28.54999999999999005, 64.99999999999998579, 3.000000000000000000 ) ) ;
#3684 = ORIENTED_EDGE ( 'NONE', *, *, #5654, .F. ) ;
#3685 = DIRECTION ( 'NONE',  ( 0.000000000000000000, 0.000000000000000000, 1.000000000000000000 ) ) ;
#3686 = CARTESIAN_POINT ( 'NONE',  ( 64.60000000000000853, 19.50000000001181988, 0.000000000000000000 ) ) ;
#3687 = DIRECTION ( 'NONE',  ( 0.000000000000000000, 0.000000000000000000, 1.000000000000000000 ) ) ;
#3688 = LINE ( 'NONE', #4585, #2073 ) ;
#3689 = LINE ( 'NONE', #5438, #1093 ) ;
#3690 = ADVANCED_FACE ( 'NONE', ( #4643 ), #5037, .F. ) ;
#3691 = VERTEX_POINT ( 'NONE', #1923 ) ;
#3692 = CARTESIAN_POINT ( 'NONE',  ( -47.00000000000000000, 110.0000000000000000, 0.000000000000000000 ) ) ;
#3693 = DIRECTION ( 'NONE',  ( 1.000000000000000000, 0.000000000000000000, 0.000000000000000000 ) ) ;
#3694 = CIRCLE ( 'NONE', #2153, 1.599999999999998312 ) ;
#3695 = EDGE_CURVE ( 'NONE', #4570, #3072, #3317, .T. ) ;
#3696 = VERTEX_POINT ( 'NONE', #4618 ) ;
#3697 = VECTOR ( 'NONE', #4065, 1000.000000000000000 ) ;
#3698 = ORIENTED_EDGE ( 'NONE', *, *, #5410, .F. ) ;
#3699 = LINE ( 'NONE', #4538, #4373 ) ;
#3700 = ORIENTED_EDGE ( 'NONE', *, *, #4761, .F. ) ;
#3701 = VERTEX_POINT ( 'NONE', #1501 ) ;
#3702 = CARTESIAN_POINT ( 'NONE',  ( -61.40000000000002700, 19.50000000001181988, 3.000000000000000000 ) ) ;
#3703 = AXIS2_PLACEMENT_3D ( 'NONE', #2740, #4802, #883 ) ;
#3704 = EDGE_CURVE ( 'NONE', #2198, #2766, #1067, .T. ) ;
#3705 = ORIENTED_EDGE ( 'NONE', *, *, #1046, .T. ) ;
#3706 = ORIENTED_EDGE ( 'NONE', *, *, #1845, .F. ) ;
#3707 = VERTEX_POINT ( 'NONE', #672 ) ;
#3708 = ORIENTED_EDGE ( 'NONE', *, *, #1653, .T. ) ;
#3709 = FACE_OUTER_BOUND ( 'NONE', #562, .T. ) ;
#3710 = DIRECTION ( 'NONE',  ( 0.000000000000000000, 0.000000000000000000, 1.000000000000000000 ) ) ;
#3711 = ORIENTED_EDGE ( 'NONE', *, *, #4522, .F. ) ;
#3712 = ADVANCED_FACE ( 'NONE', ( #5413 ), #175, .F. ) ;
#3713 = CARTESIAN_POINT ( 'NONE',  ( -58.39999999999999858, 1.500000000011825207, 3.000000000000000000 ) ) ;
#3714 = FACE_BOUND ( 'NONE', #1808, .T. ) ;
#3715 = DIRECTION ( 'NONE',  ( -0.000000000000000000, -0.000000000000000000, -1.000000000000000000 ) ) ;
#3716 = CYLINDRICAL_SURFACE ( 'NONE', #3427, 1.599999999999998312 ) ;
#3717 = FACE_OUTER_BOUND ( 'NONE', #3820, .T. ) ;
#3718 = ORIENTED_EDGE ( 'NONE', *, *, #5306, .F. ) ;
#3719 = DIRECTION ( 'NONE',  ( -0.000000000000000000, -0.000000000000000000, -1.000000000000000000 ) ) ;
#3720 = DIRECTION ( 'NONE',  ( 0.000000000000000000, 1.000000000000000000, 0.000000000000000000 ) ) ;
#3721 = DIRECTION ( 'NONE',  ( 1.000000000000000000, 0.000000000000000000, 0.000000000000000000 ) ) ;
#3722 = ORIENTED_EDGE ( 'NONE', *, *, #525, .T. ) ;
#3723 = CARTESIAN_POINT ( 'NONE',  ( 28.54999999999999716, 64.99999999999998579, 3.000000000000000000 ) ) ;
#3724 = ORIENTED_EDGE ( 'NONE', *, *, #4124, .F. ) ;
#3725 = EDGE_CURVE ( 'NONE', #4068, #4079, #1915, .T. ) ;
#3726 = CARTESIAN_POINT ( 'NONE',  ( 5.999999999994776623, 17.90000000001181846, 0.000000000000000000 ) ) ;
#3727 = CARTESIAN_POINT ( 'NONE',  ( -79.99999999999998579, 36.50000000001182343, 0.000000000000000000 ) ) ;
#3728 = CIRCLE ( 'NONE', #4653, 5.000000000000004441 ) ;
#3729 = AXIS2_PLACEMENT_3D ( 'NONE', #5004, #2749, #1035 ) ;
#3730 = ORIENTED_EDGE ( 'NONE', *, *, #1958, .F. ) ;
#3731 = ORIENTED_EDGE ( 'NONE', *, *, #3164, .T. ) ;
#3732 = CIRCLE ( 'NONE', #1554, 1.599999999999997202 ) ;
#3733 = VERTEX_POINT ( 'NONE', #4156 ) ;
#3734 = VECTOR ( 'NONE', #1457, 1000.000000000000000 ) ;
#3735 = CYLINDRICAL_SURFACE ( 'NONE', #3652, 1.600000000000000755 ) ;
#3736 = PRODUCT_CONTEXT ( 'NONE', #3843, 'mechanical' ) ;
#3737 = LINE ( 'NONE', #5490, #1651 ) ;
#3738 = VERTEX_POINT ( 'NONE', #1153 ) ;
#3739 = ORIENTED_EDGE ( 'NONE', *, *, #3320, .F. ) ;
#3740 = CIRCLE ( 'NONE', #3371, 1.550000000000002709 ) ;
#3741 = AXIS2_PLACEMENT_3D ( 'NONE', #4421, #594, #2786 ) ;
#3742 = CARTESIAN_POINT ( 'NONE',  ( 49.59999999995361719, -114.9999999999996874, 0.000000000000000000 ) ) ;
#3743 = FACE_BOUND ( 'NONE', #1243, .T. ) ;
#3744 = EDGE_CURVE ( 'NONE', #2201, #2305, #4837, .T. ) ;
#3745 = CIRCLE ( 'NONE', #4668, 1.550000000000002709 ) ;
#3746 = EDGE_CURVE ( 'NONE', #4211, #3230, #3260, .T. ) ;
#3747 = FACE_OUTER_BOUND ( 'NONE', #5275, .T. ) ;
#3748 = DIRECTION ( 'NONE',  ( 0.000000000000000000, 0.000000000000000000, 1.000000000000000000 ) ) ;
#3749 = AXIS2_PLACEMENT_3D ( 'NONE', #3620, #1492, #5373 ) ;
#3750 = FACE_OUTER_BOUND ( 'NONE', #1566, .T. ) ;
#3751 = EDGE_LOOP ( 'NONE', ( #2955, #2400, #2229, #3252 ) ) ;
#3752 = VERTEX_POINT ( 'NONE', #3808 ) ;
#3753 = PLANE ( 'NONE',  #1002 ) ;
#3754 = CARTESIAN_POINT ( 'NONE',  ( -35.25000000000000000, 110.0000000000000000, 3.000000000000000000 ) ) ;
#3755 = DIRECTION ( 'NONE',  ( 1.000000000000000000, 0.000000000000000000, 0.000000000000000000 ) ) ;
#3756 = AXIS2_PLACEMENT_3D ( 'NONE', #259, #3809, #5119 ) ;
#3757 = CIRCLE ( 'NONE', #1935, 1.599999999999997646 ) ;
#3758 = CARTESIAN_POINT ( 'NONE',  ( 0.000000000000000000, 0.000000000000000000, 0.000000000000000000 ) ) ;
#3759 = VERTEX_POINT ( 'NONE', #374 ) ;
#3760 = CARTESIAN_POINT ( 'NONE',  ( 63.00000000000001421, 19.50000000001181988, 3.000000000000000000 ) ) ;
#3761 = VERTEX_POINT ( 'NONE', #1259 ) ;
#3762 = CARTESIAN_POINT ( 'NONE',  ( -8.000000000000000000, -88.00000000000000000, 3.000000000000000000 ) ) ;
#3763 = AXIS2_PLACEMENT_3D ( 'NONE', #2881, #283, #2038 ) ;
#3764 = ADVANCED_FACE ( 'NONE', ( #4722 ), #315, .F. ) ;
#3765 = VERTEX_POINT ( 'NONE', #1722 ) ;
#3766 = AXIS2_PLACEMENT_3D ( 'NONE', #5299, #4444, #4013 ) ;
#3767 = ORIENTED_EDGE ( 'NONE', *, *, #1821, .F. ) ;
#3768 = FACE_OUTER_BOUND ( 'NONE', #957, .T. ) ;
#3769 = FACE_OUTER_BOUND ( 'NONE', #1271, .T. ) ;
#3770 = ORIENTED_EDGE ( 'NONE', *, *, #4994, .F. ) ;
#3771 = ORIENTED_EDGE ( 'NONE', *, *, #3982, .F. ) ;
#3772 = VERTEX_POINT ( 'NONE', #805 ) ;
#3773 = CIRCLE ( 'NONE', #3632, 1.550000000000002709 ) ;
#3774 = EDGE_CURVE ( 'NONE', #1753, #1628, #5477, .T. ) ;
#3775 = DIRECTION ( 'NONE',  ( 0.000000000000000000, 0.000000000000000000, 1.000000000000000000 ) ) ;
#3776 = CARTESIAN_POINT ( 'NONE',  ( 47.00000000000000000, 110.0000000000000000, 3.000000000000000000 ) ) ;
#3777 = FACE_OUTER_BOUND ( 'NONE', #3407, .T. ) ;
#3778 = CARTESIAN_POINT ( 'NONE',  ( 60.00000000000000000, -47.49999999998817657, 3.000000000000000000 ) ) ;
#3779 = CARTESIAN_POINT ( 'NONE',  ( -25.99999999999998934, -4.899999999988188470, 3.000000000000000000 ) ) ;
#3780 = EDGE_CURVE ( 'NONE', #3245, #738, #179, .T. ) ;
#3781 = ORIENTED_EDGE ( 'NONE', *, *, #5352, .F. ) ;
#3782 = LINE ( 'NONE', #3345, #825 ) ;
#3783 = DIRECTION ( 'NONE',  ( 0.000000000000000000, 0.000000000000000000, 1.000000000000000000 ) ) ;
#3784 = CARTESIAN_POINT ( 'NONE',  ( -60.00000000000000711, -47.49999999998818367, 3.000000000000000000 ) ) ;
#3785 = DIRECTION ( 'NONE',  ( -0.000000000000000000, -0.000000000000000000, -1.000000000000000000 ) ) ;
#3786 = EDGE_CURVE ( 'NONE', #2079, #389, #5560, .T. ) ;
#3787 = CYLINDRICAL_SURFACE ( 'NONE', #2815, 5.000000000000004441 ) ;
#3788 = ORIENTED_EDGE ( 'NONE', *, *, #1720, .F. ) ;
#3789 = FACE_OUTER_BOUND ( 'NONE', #5104, .T. ) ;
#3790 = ORIENTED_EDGE ( 'NONE', *, *, #3589, .T. ) ;
#3791 = AXIS2_PLACEMENT_3D ( 'NONE', #1724, #1291, #3030 ) ;
#3792 = EDGE_LOOP ( 'NONE', ( #4027, #1051, #527, #4188 ) ) ;
#3793 = EDGE_LOOP ( 'NONE', ( #2273, #5028 ) ) ;
#3794 = EDGE_LOOP ( 'NONE', ( #1272, #4542, #4565, #5481, #2451, #4164, #962, #4160, #577, #1249, #1519, #2903, #1767, #2788, #2114, #2707, #624 ) ) ;
#3795 = DIRECTION ( 'NONE',  ( -0.000000000000000000, -0.000000000000000000, -1.000000000000000000 ) ) ;
#3796 = CIRCLE ( 'NONE', #3600, 5.000000000000004441 ) ;
#3797 = DIRECTION ( 'NONE',  ( -0.000000000000000000, -0.000000000000000000, -1.000000000000000000 ) ) ;
#3798 = ORIENTED_EDGE ( 'NONE', *, *, #2751, .T. ) ;
#3799 = ORIENTED_EDGE ( 'NONE', *, *, #1168, .T. ) ;
#3800 = AXIS2_PLACEMENT_3D ( 'NONE', #2710, #3109, #4031 ) ;
#3801 = DIRECTION ( 'NONE',  ( 0.000000000000000000, 0.000000000000000000, 1.000000000000000000 ) ) ;
#3802 = CARTESIAN_POINT ( 'NONE',  ( 58.39999999999999858, -47.49999999998817657, 0.000000000000000000 ) ) ;
#3803 = DIRECTION ( 'NONE',  ( -0.7071067811865474617, -0.7071067811865474617, -0.000000000000000000 ) ) ;
#3804 = CYLINDRICAL_SURFACE ( 'NONE', #963, 1.599999999999997202 ) ;
#3805 = EDGE_CURVE ( 'NONE', #712, #3568, #3740, .T. ) ;
#3806 = DIRECTION ( 'NONE',  ( 0.000000000000000000, -0.000000000000000000, -1.000000000000000000 ) ) ;
#3807 = ORIENTED_EDGE ( 'NONE', *, *, #4951, .F. ) ;
#3808 = CARTESIAN_POINT ( 'NONE',  ( 17.60000000000000142, 36.50000000001182343, 3.000000000000000000 ) ) ;
#3809 = DIRECTION ( 'NONE',  ( -0.000000000000000000, -0.000000000000000000, -1.000000000000000000 ) ) ;
#3810 = DIRECTION ( 'NONE',  ( 0.000000000000000000, 0.000000000000000000, 1.000000000000000000 ) ) ;
#3811 = EDGE_CURVE ( 'NONE', #4787, #5155, #5176, .T. ) ;
#3812 = DIRECTION ( 'NONE',  ( 0.000000000000000000, 0.000000000000000000, 1.000000000000000000 ) ) ;
#3813 = EDGE_CURVE ( 'NONE', #1896, #4347, #2972, .T. ) ;
#3814 = ORIENTED_EDGE ( 'NONE', *, *, #3746, .F. ) ;
#3815 = CYLINDRICAL_SURFACE ( 'NONE', #2731, 1.600000000000004086 ) ;
#3816 = EDGE_LOOP ( 'NONE', ( #3966, #2729, #3005, #1048 ) ) ;
#3817 = ADVANCED_FACE ( 'NONE', ( #341 ), #1616, .F. ) ;
#3818 = CYLINDRICAL_SURFACE ( 'NONE', #5132, 1.550000000000002709 ) ;
#3819 = EDGE_CURVE ( 'NONE', #892, #3131, #5587, .T. ) ;
#3820 = EDGE_LOOP ( 'NONE', ( #5571, #873, #273, #4155 ) ) ;
#3821 = ORIENTED_EDGE ( 'NONE', *, *, #2595, .T. ) ;
#3822 = ORIENTED_EDGE ( 'NONE', *, *, #46, .F. ) ;
#3823 = DIRECTION ( 'NONE',  ( -0.000000000000000000, -0.000000000000000000, -1.000000000000000000 ) ) ;
#3824 = DIRECTION ( 'NONE',  ( 1.000000000000000000, 0.000000000000000000, 0.000000000000000000 ) ) ;
#3825 = AXIS2_PLACEMENT_3D ( 'NONE', #3758, #4135, #2840 ) ;
#3826 = VECTOR ( 'NONE', #2068, 1000.000000000000000 ) ;
#3827 = DIRECTION ( 'NONE',  ( -0.000000000000000000, -1.000000000000000000, -0.000000000000000000 ) ) ;
#3828 = DIRECTION ( 'NONE',  ( -1.000000000000000000, 0.000000000000000000, 0.000000000000000000 ) ) ;
#3829 = DIRECTION ( 'NONE',  ( -0.000000000000000000, -0.000000000000000000, -1.000000000000000000 ) ) ;
#3830 = DIRECTION ( 'NONE',  ( 1.000000000000000000, 0.000000000000000000, 0.000000000000000000 ) ) ;
#3831 = PLANE ( 'NONE',  #3275 ) ;
#3832 = CIRCLE ( 'NONE', #4567, 1.599999999999997202 ) ;
#3833 = EDGE_LOOP ( 'NONE', ( #1979, #1486, #220, #2223 ) ) ;
#3834 = EDGE_LOOP ( 'NONE', ( #405, #2507 ) ) ;
#3835 = EDGE_CURVE ( 'NONE', #5594, #3988, #4110, .T. ) ;
#3836 = VECTOR ( 'NONE', #2128, 1000.000000000000000 ) ;
#3837 = AXIS2_PLACEMENT_3D ( 'NONE', #2169, #5135, #796 ) ;
#3838 = FACE_OUTER_BOUND ( 'NONE', #833, .T. ) ;
#3839 = DIRECTION ( 'NONE',  ( 1.000000000000000000, 0.000000000000000000, 0.000000000000000000 ) ) ;
#3840 = DIRECTION ( 'NONE',  ( -0.000000000000000000, -0.000000000000000000, -1.000000000000000000 ) ) ;
#3841 = CARTESIAN_POINT ( 'NONE',  ( -62.99999999999998579, -114.9999999999965610, 3.000000000000000000 ) ) ;
#3842 = AXIS2_PLACEMENT_3D ( 'NONE', #4287, #2149, #2065 ) ;
#3843 = APPLICATION_CONTEXT ( 'automotive_design' ) ;
#3844 = ORIENTED_EDGE ( 'NONE', *, *, #3041, .T. ) ;
#3845 = ORIENTED_EDGE ( 'NONE', *, *, #3250, .T. ) ;
#3846 = LINE ( 'NONE', #761, #4468 ) ;
#3847 = ORIENTED_EDGE ( 'NONE', *, *, #3547, .T. ) ;
#3848 = FACE_OUTER_BOUND ( 'NONE', #91, .T. ) ;
#3849 = AXIS2_PLACEMENT_3D ( 'NONE', #1671, #701, #2887 ) ;
#3850 = ADVANCED_FACE ( 'NONE', ( #2099 ), #397, .F. ) ;
#3851 = EDGE_CURVE ( 'NONE', #4302, #3072, #5577, .T. ) ;
#3852 = ORIENTED_EDGE ( 'NONE', *, *, #2970, .T. ) ;
#3853 = ORIENTED_EDGE ( 'NONE', *, *, #601, .T. ) ;
#3854 = DIRECTION ( 'NONE',  ( -1.000000000000000000, -0.000000000000000000, -0.000000000000000000 ) ) ;
#3855 = AXIS2_PLACEMENT_3D ( 'NONE', #2181, #1723, #1290 ) ;
#3856 = DIRECTION ( 'NONE',  ( -0.000000000000000000, -0.000000000000000000, -1.000000000000000000 ) ) ;
#3857 = VERTEX_POINT ( 'NONE', #3454 ) ;
#3858 = ORIENTED_EDGE ( 'NONE', *, *, #5208, .T. ) ;
#3859 = VECTOR ( 'NONE', #3829, 1000.000000000000000 ) ;
#3860 = ADVANCED_FACE ( 'NONE', ( #3838 ), #5118, .F. ) ;
#3861 = CARTESIAN_POINT ( 'NONE',  ( -14.00000000000023093, -106.4000000000040984, 3.000000000000000000 ) ) ;
#3862 = FACE_OUTER_BOUND ( 'NONE', #3, .T. ) ;
#3863 = DIRECTION ( 'NONE',  ( 0.000000000000000000, 0.000000000000000000, 1.000000000000000000 ) ) ;
#3864 = DIRECTION ( 'NONE',  ( 1.000000000000000000, 0.000000000000000000, 0.000000000000000000 ) ) ;
#3865 = CYLINDRICAL_SURFACE ( 'NONE', #3280, 1.599999999999962563 ) ;
#3866 = CIRCLE ( 'NONE', #935, 1.600000000000004086 ) ;
#3867 = CIRCLE ( 'NONE', #16, 1.600000000000000755 ) ;
#3868 = ORIENTED_EDGE ( 'NONE', *, *, #782, .T. ) ;
#3869 = VECTOR ( 'NONE', #4071, 1000.000000000000000 ) ;
#3870 = DIRECTION ( 'NONE',  ( 1.000000000000000000, 0.000000000000000000, 0.000000000000000000 ) ) ;
#3871 = CARTESIAN_POINT ( 'NONE',  ( -26.99999999999366196, -73.00000000000001421, 0.000000000000000000 ) ) ;
#3872 = CYLINDRICAL_SURFACE ( 'NONE', #5625, 1.600000000000000755 ) ;
#3873 = FACE_OUTER_BOUND ( 'NONE', #2293, .T. ) ;
#3874 = EDGE_CURVE ( 'NONE', #1116, #3707, #3026, .T. ) ;
#3875 = EDGE_LOOP ( 'NONE', ( #4272, #197, #4249, #906 ) ) ;
#3876 = DIRECTION ( 'NONE',  ( 0.000000000000000000, 0.000000000000000000, 1.000000000000000000 ) ) ;
#3877 = EDGE_LOOP ( 'NONE', ( #1872, #5274 ) ) ;
#3878 = CARTESIAN_POINT ( 'NONE',  ( 7.999999999999998224, -93.00000000000000000, 3.000000000000000000 ) ) ;
#3879 = EDGE_CURVE ( 'NONE', #2950, #5084, #860, .T. ) ;
#3880 = ORIENTED_EDGE ( 'NONE', *, *, #557, .F. ) ;
#3881 = ORIENTED_EDGE ( 'NONE', *, *, #1740, .F. ) ;
#3882 = CARTESIAN_POINT ( 'NONE',  ( -10.00000000000000355, 40.00000000000000000, 0.000000000000000000 ) ) ;
#3883 = CARTESIAN_POINT ( 'NONE',  ( -58.39999999999999858, -47.49999999998818367, 0.000000000000000000 ) ) ;
#3884 = CIRCLE ( 'NONE', #2521, 1.549999999999999378 ) ;
#3885 = EDGE_CURVE ( 'NONE', #3034, #2016, #3782, .T. ) ;
#3886 = VERTEX_POINT ( 'NONE', #4241 ) ;
#3887 = VECTOR ( 'NONE', #3840, 1000.000000000000000 ) ;
#3888 = DIRECTION ( 'NONE',  ( 0.000000000000000000, 0.000000000000000000, 1.000000000000000000 ) ) ;
#3889 = CYLINDRICAL_SURFACE ( 'NONE', #2489, 1.599999999999997202 ) ;
#3890 = LINE ( 'NONE', #1694, #413 ) ;
#3891 = CARTESIAN_POINT ( 'NONE',  ( 17.60000000000000142, 36.50000000001182343, 3.000000000000000000 ) ) ;
#3892 = EDGE_CURVE ( 'NONE', #3759, #4347, #2946, .T. ) ;
#3893 = VECTOR ( 'NONE', #2910, 1000.000000000000000 ) ;
#3894 = ORIENTED_EDGE ( 'NONE', *, *, #5001, .F. ) ;
#3895 = DIRECTION ( 'NONE',  ( 0.000000000000000000, 0.000000000000000000, 1.000000000000000000 ) ) ;
#3896 = DIRECTION ( 'NONE',  ( 0.000000000000000000, 0.000000000000000000, 1.000000000000000000 ) ) ;
#3897 = CARTESIAN_POINT ( 'NONE',  ( 63.00000000000000000, 104.0000000000106724, 3.000000000000000000 ) ) ;
#3898 = CARTESIAN_POINT ( 'NONE',  ( -27.59999999999999076, -6.499999999988189003, 3.000000000000000000 ) ) ;
#3899 = EDGE_LOOP ( 'NONE', ( #4938, #3868, #4997, #1736 ) ) ;
#3900 = CYLINDRICAL_SURFACE ( 'NONE', #1815, 1.549999999999999378 ) ;
#3901 = ORIENTED_EDGE ( 'NONE', *, *, #105, .T. ) ;
#3902 = DIRECTION ( 'NONE',  ( -0.000000000000000000, -0.000000000000000000, -1.000000000000000000 ) ) ;
#3903 = ORIENTED_EDGE ( 'NONE', *, *, #4930, .F. ) ;
#3904 = EDGE_CURVE ( 'NONE', #5269, #4905, #2742, .T. ) ;
#3905 = VERTEX_POINT ( 'NONE', #1860 ) ;
#3906 = DIRECTION ( 'NONE',  ( 1.000000000000000000, 0.000000000000000000, 0.000000000000000000 ) ) ;
#3907 = DIRECTION ( 'NONE',  ( 0.3054275543593436559, -0.9522153165319650059, 0.000000000000000000 ) ) ;
#3908 = ORIENTED_EDGE ( 'NONE', *, *, #178, .F. ) ;
#3909 = ORIENTED_EDGE ( 'NONE', *, *, #4033, .T. ) ;
#3910 = DIRECTION ( 'NONE',  ( -0.000000000000000000, -0.000000000000000000, -1.000000000000000000 ) ) ;
#3911 = DIRECTION ( 'NONE',  ( 1.000000000000000000, 0.000000000000000000, 0.000000000000000000 ) ) ;
#3912 = CARTESIAN_POINT ( 'NONE',  ( 60.00000000000000000, -47.49999999998817657, 3.000000000000000000 ) ) ;
#3913 = LINE ( 'NONE', #831, #3458 ) ;
#3914 = VECTOR ( 'NONE', #255, 1000.000000000000000 ) ;
#3915 = EDGE_CURVE ( 'NONE', #1878, #4609, #2714, .T. ) ;
#3916 = EDGE_CURVE ( 'NONE', #4019, #3120, #2475, .T. ) ;
#3917 = LINE ( 'NONE', #4914, #2113 ) ;
#3918 = VECTOR ( 'NONE', #24, 1000.000000000000000 ) ;
#3919 = DIRECTION ( 'NONE',  ( 0.000000000000000000, 0.000000000000000000, 1.000000000000000000 ) ) ;
#3920 = LINE ( 'NONE', #3084, #3697 ) ;
#3921 = VECTOR ( 'NONE', #4431, 1000.000000000000000 ) ;
#3922 = CARTESIAN_POINT ( 'NONE',  ( -56.79999999999999716, -47.49999999998818367, 3.000000000000000000 ) ) ;
#3923 = AXIS2_PLACEMENT_3D ( 'NONE', #3660, #2387, #1954 ) ;
#3924 = VECTOR ( 'NONE', #471, 1000.000000000000000 ) ;
#3925 = ORIENTED_EDGE ( 'NONE', *, *, #2180, .T. ) ;
#3926 = FACE_OUTER_BOUND ( 'NONE', #2683, .T. ) ;
#3927 = ORIENTED_EDGE ( 'NONE', *, *, #3438, .T. ) ;
#3928 = FACE_OUTER_BOUND ( 'NONE', #4537, .T. ) ;
#3929 = VECTOR ( 'NONE', #4315, 1000.000000000000000 ) ;
#3930 = ORIENTED_EDGE ( 'NONE', *, *, #667, .F. ) ;
#3931 = CIRCLE ( 'NONE', #5026, 1.600000000000000755 ) ;
#3932 = EDGE_LOOP ( 'NONE', ( #3133, #2981, #249, #4604 ) ) ;
#3933 = ORIENTED_EDGE ( 'NONE', *, *, #4063, .F. ) ;
#3934 = FACE_OUTER_BOUND ( 'NONE', #4060, .T. ) ;
#3935 = FACE_OUTER_BOUND ( 'NONE', #2135, .T. ) ;
#3937 = EDGE_LOOP ( 'NONE', ( #222, #3504 ) ) ;
#3936 = EDGE_CURVE ( 'NONE', #2929, #2201, #3917, .T. ) ;
#3938 = AXIS2_PLACEMENT_3D ( 'NONE', #4890, #2003, #2066 ) ;
#3939 = ORIENTED_EDGE ( 'NONE', *, *, #5538, .T. ) ;
#3940 = DIRECTION ( 'NONE',  ( 0.000000000000000000, 0.000000000000000000, 1.000000000000000000 ) ) ;
#3941 = CARTESIAN_POINT ( 'NONE',  ( 61.40000000000002700, 19.50000000001181988, 0.000000000000000000 ) ) ;
#3942 = FACE_OUTER_BOUND ( 'NONE', #5655, .T. ) ;
#3943 = DIRECTION ( 'NONE',  ( -0.000000000000000000, -0.000000000000000000, -1.000000000000000000 ) ) ;
#3944 = EDGE_CURVE ( 'NONE', #1423, #2846, #3745, .T. ) ;
#3945 = AXIS2_PLACEMENT_3D ( 'NONE', #1989, #939, #5315 ) ;
#3946 = EDGE_LOOP ( 'NONE', ( #75, #4907 ) ) ;
#3947 = DIRECTION ( 'NONE',  ( 0.000000000000000000, 0.000000000000000000, 1.000000000000000000 ) ) ;
#3948 = CIRCLE ( 'NONE', #2222, 1.600000000000004086 ) ;
#3949 = CARTESIAN_POINT ( 'NONE',  ( 35.25000000000000000, 111.6000000000000085, 0.000000000000000000 ) ) ;
#3950 = CARTESIAN_POINT ( 'NONE',  ( 47.00000000000000000, 110.0000000000000000, 0.000000000000000000 ) ) ;
#3951 = PRODUCT ( '\X2\901a75285e9576d8\X0\', '\X2\901a75285e9576d8\X0\', '', ( #3736 ) ) ;
#3952 = CARTESIAN_POINT ( 'NONE',  ( -11.74999999999999645, 108.3999999999999915, 3.000000000000000000 ) ) ;
#3953 = EDGE_CURVE ( 'NONE', #649, #1085, #5320, .T. ) ;
#3954 = AXIS2_PLACEMENT_3D ( 'NONE', #1099, #4957, #2420 ) ;
#3955 = ORIENTED_EDGE ( 'NONE', *, *, #5609, .F. ) ;
#3956 = CARTESIAN_POINT ( 'NONE',  ( 0.000000000000000000, 110.0000000000000000, 3.000000000000000000 ) ) ;
#3957 = ORIENTED_EDGE ( 'NONE', *, *, #4720, .T. ) ;
#3958 = DIRECTION ( 'NONE',  ( 0.000000000000000000, 0.000000000000000000, 1.000000000000000000 ) ) ;
#3959 = EDGE_CURVE ( 'NONE', #840, #5186, #5019, .T. ) ;
#3960 = ORIENTED_EDGE ( 'NONE', *, *, #1219, .T. ) ;
#3961 = FACE_BOUND ( 'NONE', #2057, .T. ) ;
#3962 = VERTEX_POINT ( 'NONE', #5674 ) ;
#3963 = CARTESIAN_POINT ( 'NONE',  ( -46.39999999999425029, -115.0000000000019611, 3.000000000000000000 ) ) ;
#3964 = CARTESIAN_POINT ( 'NONE',  ( 52.54999999999364491, -103.0000000000000000, 3.000000000000000000 ) ) ;
#3965 = ORIENTED_EDGE ( 'NONE', *, *, #999, .T. ) ;
#3966 = ORIENTED_EDGE ( 'NONE', *, *, #908, .T. ) ;
#3967 = LINE ( 'NONE', #443, #828 ) ;
#3968 = CIRCLE ( 'NONE', #3145, 1.549999999999999378 ) ;
#3969 = CARTESIAN_POINT ( 'NONE',  ( -25.44999999999998863, 64.99999999999998579, 3.000000000000000000 ) ) ;
#3970 = CARTESIAN_POINT ( 'NONE',  ( 11.74999999999999645, 110.0000000000000000, 3.000000000000000000 ) ) ;
#3971 = DIRECTION ( 'NONE',  ( -0.000000000000000000, -0.000000000000000000, -1.000000000000000000 ) ) ;
#3972 = VERTEX_POINT ( 'NONE', #3113 ) ;
#3973 = AXIS2_PLACEMENT_3D ( 'NONE', #4724, #3404, #424 ) ;
#3974 = VERTEX_POINT ( 'NONE', #109 ) ;
#3975 = FACE_OUTER_BOUND ( 'NONE', #3665, .T. ) ;
#3976 = EDGE_CURVE ( 'NONE', #2583, #3696, #3531, .T. ) ;
#3977 = FACE_OUTER_BOUND ( 'NONE', #3140, .T. ) ;
#3978 = DIRECTION ( 'NONE',  ( 1.000000000000000000, 0.000000000000000000, 0.000000000000000000 ) ) ;
#3979 = CARTESIAN_POINT ( 'NONE',  ( -61.40000000000002700, 19.50000000001181988, 0.000000000000000000 ) ) ;
#3980 = DIRECTION ( 'NONE',  ( -1.000000000000000000, 0.000000000000000000, 0.000000000000000000 ) ) ;
#3981 = ADVANCED_FACE ( 'NONE', ( #3507 ), #5258, .F. ) ;
#3982 = EDGE_CURVE ( 'NONE', #4870, #1896, #4861, .T. ) ;
#3983 = EDGE_LOOP ( 'NONE', ( #214, #2369 ) ) ;
#3984 = CARTESIAN_POINT ( 'NONE',  ( 25.44999999999363993, -73.00000000000000000, 3.000000000000000000 ) ) ;
#3985 = LINE ( 'NONE', #1812, #4657 ) ;
#3986 = ADVANCED_FACE ( 'NONE', ( #3975 ), #2685, .F. ) ;
#3987 = EDGE_CURVE ( 'NONE', #4455, #151, #2649, .T. ) ;
#3988 = VERTEX_POINT ( 'NONE', #454 ) ;
#3989 = DIRECTION ( 'NONE',  ( 1.000000000000000000, 0.000000000000000000, 0.000000000000000000 ) ) ;
#3990 = EDGE_LOOP ( 'NONE', ( #5152, #1052 ) ) ;
#3991 = DIRECTION ( 'NONE',  ( -0.000000000000000000, -0.000000000000000000, -1.000000000000000000 ) ) ;
#3992 = ORIENTED_EDGE ( 'NONE', *, *, #233, .F. ) ;
#3993 = ORIENTED_EDGE ( 'NONE', *, *, #3036, .T. ) ;
#3994 = EDGE_LOOP ( 'NONE', ( #320, #2896 ) ) ;
#3995 = DIRECTION ( 'NONE',  ( 1.000000000000000000, 0.000000000000000000, 0.000000000000000000 ) ) ;
#3996 = DIRECTION ( 'NONE',  ( 1.000000000000000000, 0.000000000000000000, 0.000000000000000000 ) ) ;
#3997 = CARTESIAN_POINT ( 'NONE',  ( -45.39999999999999858, 110.0000000000000000, 3.000000000000000000 ) ) ;
#3998 = DIRECTION ( 'NONE',  ( -0.000000000000000000, -0.000000000000000000, -1.000000000000000000 ) ) ;
#3999 = ORIENTED_EDGE ( 'NONE', *, *, #373, .T. ) ;
#4000 = LINE ( 'NONE', #3562, #2921 ) ;
#4001 = CARTESIAN_POINT ( 'NONE',  ( 62.99999999995772981, -115.0000000000000000, 3.000000000000000000 ) ) ;
#4002 = DIRECTION ( 'NONE',  ( -0.000000000000000000, -0.000000000000000000, -1.000000000000000000 ) ) ;
#4003 = DIRECTION ( 'NONE',  ( -0.000000000000000000, -0.000000000000000000, -1.000000000000000000 ) ) ;
#4004 = AXIS2_PLACEMENT_3D ( 'NONE', #3395, #3801, #4715 ) ;
#4005 = AXIS2_PLACEMENT_3D ( 'NONE', #802, #4153, #3367 ) ;
#4006 = ORIENTED_EDGE ( 'NONE', *, *, #1317, .F. ) ;
#4007 = EDGE_CURVE ( 'NONE', #5653, #628, #4018, .T. ) ;
#4008 = VECTOR ( 'NONE', #2584, 1000.000000000000000 ) ;
#4009 = AXIS2_PLACEMENT_3D ( 'NONE', #5281, #3053, #2990 ) ;
#4010 = EDGE_LOOP ( 'NONE', ( #5482, #433, #323, #5295, #2821 ) ) ;
#4011 = CARTESIAN_POINT ( 'NONE',  ( 61.39999999999408686, 36.50000000001489298, 3.000000000000000000 ) ) ;
#4012 = CARTESIAN_POINT ( 'NONE',  ( -49.44999999999998863, 64.99999999999998579, 3.000000000000000000 ) ) ;
#4013 = DIRECTION ( 'NONE',  ( -1.000000000000000000, 0.000000000000000000, 0.000000000000000000 ) ) ;
#4014 = AXIS2_PLACEMENT_3D ( 'NONE', #3110, #1749, #4291 ) ;
#4015 = EDGE_CURVE ( 'NONE', #5475, #4077, #4035, .T. ) ;
#4016 = ORIENTED_EDGE ( 'NONE', *, *, #451, .T. ) ;
#4017 = FACE_BOUND ( 'NONE', #505, .T. ) ;
#4018 = CIRCLE ( 'NONE', #5484, 1.600000000000000755 ) ;
#4019 = VERTEX_POINT ( 'NONE', #2238 ) ;
#4020 = AXIS2_PLACEMENT_3D ( 'NONE', #4690, #3333, #772 ) ;
#4021 = DIRECTION ( 'NONE',  ( 0.000000000000000000, -0.000000000000000000, -1.000000000000000000 ) ) ;
#4022 = LINE ( 'NONE', #2762, #1275 ) ;
#4023 = ORIENTED_EDGE ( 'NONE', *, *, #5096, .T. ) ;
#4024 = EDGE_CURVE ( 'NONE', #2218, #4408, #3466, .T. ) ;
#4025 = AXIS2_PLACEMENT_3D ( 'NONE', #938, #881, #3995 ) ;
#4026 = EDGE_LOOP ( 'NONE', ( #3385, #2530 ) ) ;
#4027 = ORIENTED_EDGE ( 'NONE', *, *, #89, .F. ) ;
#4028 = CARTESIAN_POINT ( 'NONE',  ( 8.000000000000000000, -88.00000000000000000, 3.000000000000000000 ) ) ;
#4029 = VECTOR ( 'NONE', #1642, 1000.000000000000000 ) ;
#4030 = CARTESIAN_POINT ( 'NONE',  ( 60.00000000000300560, 10.90000000001181846, 3.000000000000000000 ) ) ;
#4031 = DIRECTION ( 'NONE',  ( 1.000000000000000000, 0.000000000000000000, 0.000000000000000000 ) ) ;
#4032 = CARTESIAN_POINT ( 'NONE',  ( -50.99999999999366196, -73.00000000000001421, 3.000000000000000000 ) ) ;
#4033 = EDGE_CURVE ( 'NONE', #3568, #535, #4000, .T. ) ;
#4034 = AXIS2_PLACEMENT_3D ( 'NONE', #2716, #3622, #1887 ) ;
#4035 = LINE ( 'NONE', #485, #4748 ) ;
#4036 = DIRECTION ( 'NONE',  ( -0.000000000000000000, -0.000000000000000000, -1.000000000000000000 ) ) ;
#4037 = DIRECTION ( 'NONE',  ( -1.000000000000000000, 0.000000000000000000, 0.000000000000000000 ) ) ;
#4038 = CARTESIAN_POINT ( 'NONE',  ( -58.40000000000300417, 10.90000000001181846, 0.000000000000000000 ) ) ;
#4039 = VECTOR ( 'NONE', #1825, 1000.000000000000000 ) ;
#4040 = VECTOR ( 'NONE', #2323, 1000.000000000000000 ) ;
#4041 = ORIENTED_EDGE ( 'NONE', *, *, #5679, .F. ) ;
#4042 = DIRECTION ( 'NONE',  ( -0.000000000000000000, -0.000000000000000000, -1.000000000000000000 ) ) ;
#4043 = ADVANCED_FACE ( 'NONE', ( #543 ), #5346, .T. ) ;
#4044 = CARTESIAN_POINT ( 'NONE',  ( -62.99999999999998579, -62.99999999999408828, 3.000000000000000000 ) ) ;
#4045 = VERTEX_POINT ( 'NONE', #3282 ) ;
#4046 = DIRECTION ( 'NONE',  ( 1.000000000000000000, 0.000000000000000000, 0.000000000000000000 ) ) ;
#4047 = ORIENTED_EDGE ( 'NONE', *, *, #4239, .F. ) ;
#4048 = DIRECTION ( 'NONE',  ( -0.000000000000000000, -0.000000000000000000, -1.000000000000000000 ) ) ;
#4049 = EDGE_CURVE ( 'NONE', #4259, #4185, #2353, .T. ) ;
#4050 = CYLINDRICAL_SURFACE ( 'NONE', #2382, 1.600000000000004086 ) ;
#4051 = ORIENTED_EDGE ( 'NONE', *, *, #3524, .T. ) ;
#4052 = ORIENTED_EDGE ( 'NONE', *, *, #3357, .F. ) ;
#4053 = EDGE_LOOP ( 'NONE', ( #5243, #3767, #2256, #2363, #3903 ) ) ;
#4054 = ORIENTED_EDGE ( 'NONE', *, *, #2077, .T. ) ;
#4055 = DIRECTION ( 'NONE',  ( -1.000000000000000000, 0.000000000000000000, 0.000000000000000000 ) ) ;
#4056 = EDGE_CURVE ( 'NONE', #511, #3645, #452, .T. ) ;
#4057 = CARTESIAN_POINT ( 'NONE',  ( -27.59999999999999787, 1.500000000011825430, 3.000000000000000000 ) ) ;
#4058 = DIRECTION ( 'NONE',  ( 1.000000000000000000, 0.000000000000000000, 0.000000000000000000 ) ) ;
#4059 = DIRECTION ( 'NONE',  ( -0.000000000000000000, -0.000000000000000000, -1.000000000000000000 ) ) ;
#4060 = EDGE_LOOP ( 'NONE', ( #3134, #3680, #207, #5651 ) ) ;
#4061 = FACE_OUTER_BOUND ( 'NONE', #2615, .T. ) ;
#4062 = FACE_BOUND ( 'NONE', #302, .T. ) ;
#4063 = EDGE_CURVE ( 'NONE', #4964, #4902, #4578, .T. ) ;
#4064 = DIRECTION ( 'NONE',  ( 1.000000000000000000, 0.000000000000000000, 0.000000000000000000 ) ) ;
#4065 = DIRECTION ( 'NONE',  ( -0.000000000000000000, -0.000000000000000000, -1.000000000000000000 ) ) ;
#4066 = LINE ( 'NONE', #5324, #169 ) ;
#4067 = CIRCLE ( 'NONE', #5249, 1.549999999999999378 ) ;
#4068 = VERTEX_POINT ( 'NONE', #5435 ) ;
#4069 = CARTESIAN_POINT ( 'NONE',  ( 49.44999999999363638, -73.00000000000000000, 3.000000000000000000 ) ) ;
#4070 = CIRCLE ( 'NONE', #2343, 1.599999999999997202 ) ;
#4071 = DIRECTION ( 'NONE',  ( -0.000000000000000000, -0.000000000000000000, -1.000000000000000000 ) ) ;
#4072 = CIRCLE ( 'NONE', #5544, 1.549999999999999378 ) ;
#4073 = EDGE_LOOP ( 'NONE', ( #4811, #325, #904, #2311 ) ) ;
#4074 = FACE_BOUND ( 'NONE', #1985, .T. ) ;
#4075 = ORIENTED_EDGE ( 'NONE', *, *, #209, .T. ) ;
#4076 = CARTESIAN_POINT ( 'NONE',  ( -60.00000000000301270, 10.90000000001181846, 3.000000000000000000 ) ) ;
#4077 = VERTEX_POINT ( 'NONE', #1947 ) ;
#4078 = CYLINDRICAL_SURFACE ( 'NONE', #3741, 1.600000000000000755 ) ;
#4079 = VERTEX_POINT ( 'NONE', #5059 ) ;
#4080 = VERTEX_POINT ( 'NONE', #3686 ) ;
#4081 = ADVANCED_FACE ( 'NONE', ( #1088, #2825, #5405, #664, #3743, #1581, #1523, #1119, #2410, #3311, #4062, #694, #3254, #2002, #3226, #2746, #2795, #4150, #4999, #4176, #5496, #2773, #3714, #228, #5461, #2856, #4612, #2439, #1062, #1975, #607, #631, #4496, #4121, #252, #580, #2328, #139, #1548, #1914, #200, #1886, #3621, #1031, #5374, #1462, #3199, #4946, #4088, #4716, #5141, #1230, #5580, #5111, #3421, #1254, #799 ), #2987, .F. ) ;
#4082 = ORIENTED_EDGE ( 'NONE', *, *, #5029, .T. ) ;
#4083 = ORIENTED_EDGE ( 'NONE', *, *, #1351, .T. ) ;
#4084 = DIRECTION ( 'NONE',  ( -0.000000000000000000, -0.000000000000000000, -1.000000000000000000 ) ) ;
#4085 = LINE ( 'NONE', #2265, #1912 ) ;
#4086 = ORIENTED_EDGE ( 'NONE', *, *, #3819, .F. ) ;
#4087 = DIRECTION ( 'NONE',  ( -0.000000000000000000, -0.000000000000000000, -1.000000000000000000 ) ) ;
#4088 = FACE_BOUND ( 'NONE', #1445, .T. ) ;
#4089 = FACE_OUTER_BOUND ( 'NONE', #1158, .T. ) ;
#4090 = DIRECTION ( 'NONE',  ( 0.000000000000000000, 0.000000000000000000, 1.000000000000000000 ) ) ;
#4091 = DIRECTION ( 'NONE',  ( -0.000000000000000000, -0.000000000000000000, -1.000000000000000000 ) ) ;
#4092 = ADVANCED_FACE ( 'NONE', ( #2122 ), #4740, .F. ) ;
#4093 = EDGE_CURVE ( 'NONE', #5238, #2292, #5202, .T. ) ;
#4094 = ORIENTED_EDGE ( 'NONE', *, *, #3944, .F. ) ;
#4095 = DIRECTION ( 'NONE',  ( -0.7071067811865485719, -0.7071067811865465735, -0.000000000000000000 ) ) ;
#4096 = LINE ( 'NONE', #118, #5122 ) ;
#4097 = DIRECTION ( 'NONE',  ( -0.7071067811865479058, 0.7071067811865472397, 0.000000000000000000 ) ) ;
#4098 = VECTOR ( 'NONE', #2843, 1000.000000000000000 ) ;
#4099 = CIRCLE ( 'NONE', #2817, 1.600000000000000755 ) ;
#4100 = ORIENTED_EDGE ( 'NONE', *, *, #4987, .T. ) ;
#4101 = DIRECTION ( 'NONE',  ( 1.000000000000000000, 0.000000000000000000, 0.000000000000000000 ) ) ;
#4102 = VERTEX_POINT ( 'NONE', #717 ) ;
#4103 = DIRECTION ( 'NONE',  ( -0.000000000000000000, -0.000000000000000000, -1.000000000000000000 ) ) ;
#4104 = AXIS2_PLACEMENT_3D ( 'NONE', #2050, #2892, #2476 ) ;
#4105 = AXIS2_PLACEMENT_3D ( 'NONE', #4803, #3529, #420 ) ;
#4106 = ORIENTED_EDGE ( 'NONE', *, *, #4138, .T. ) ;
#4107 = DIRECTION ( 'NONE',  ( 0.000000000000000000, 1.000000000000000000, 0.000000000000000000 ) ) ;
#4108 = ORIENTED_EDGE ( 'NONE', *, *, #4460, .F. ) ;
#4109 = ORIENTED_EDGE ( 'NONE', *, *, #2595, .F. ) ;
#4110 = CIRCLE ( 'NONE', #1650, 1.599999999999997202 ) ;
#4111 = EDGE_LOOP ( 'NONE', ( #2319, #4416 ) ) ;
#4112 = VECTOR ( 'NONE', #1875, 1000.000000000000000 ) ;
#4113 = ORIENTED_EDGE ( 'NONE', *, *, #5370, .F. ) ;
#4114 = CARTESIAN_POINT ( 'NONE',  ( -62.99999999999998579, 80.00000000000000000, 3.000000000000000000 ) ) ;
#4115 = EDGE_CURVE ( 'NONE', #1019, #753, #3396, .T. ) ;
#4116 = DIRECTION ( 'NONE',  ( -0.000000000000000000, -0.000000000000000000, -1.000000000000000000 ) ) ;
#4117 = AXIS2_PLACEMENT_3D ( 'NONE', #2517, #4261, #3828 ) ;
#4118 = ORIENTED_EDGE ( 'NONE', *, *, #5465, .F. ) ;
#4119 = DIRECTION ( 'NONE',  ( 1.000000000000000000, 0.000000000000000000, 0.000000000000000000 ) ) ;
#4120 = CIRCLE ( 'NONE', #1926, 5.000000000000004441 ) ;
#4121 = FACE_BOUND ( 'NONE', #5372, .T. ) ;
#4122 = FACE_OUTER_BOUND ( 'NONE', #2347, .T. ) ;
#4123 = LINE ( 'NONE', #1064, #4980 ) ;
#4124 = EDGE_CURVE ( 'NONE', #4879, #4068, #1716, .T. ) ;
#4125 = CARTESIAN_POINT ( 'NONE',  ( 49.44999999999999574, 94.99999999999997158, 0.000000000000000000 ) ) ;
#4126 = CIRCLE ( 'NONE', #378, 5.000000000000004441 ) ;
#4127 = EDGE_LOOP ( 'NONE', ( #1880, #3847, #3480, #5439 ) ) ;
#4128 = CYLINDRICAL_SURFACE ( 'NONE', #544, 1.599999999999990319 ) ;
#4129 = CIRCLE ( 'NONE', #565, 1.549999999999999378 ) ;
#4130 = DIRECTION ( 'NONE',  ( -1.000000000000000000, 0.000000000000000000, 0.000000000000000000 ) ) ;
#4131 = CARTESIAN_POINT ( 'NONE',  ( 27.00000000000000000, 64.99999999999998579, 3.000000000000000000 ) ) ;
#4132 = ADVANCED_FACE ( 'NONE', ( #5086 ), #747, .F. ) ;
#4133 = AXIS2_PLACEMENT_3D ( 'NONE', #2493, #229, #4236 ) ;
#4134 = ORIENTED_EDGE ( 'NONE', *, *, #1370, .F. ) ;
#4135 = DIRECTION ( 'NONE',  ( 0.000000000000000000, 0.000000000000000000, -1.000000000000000000 ) ) ;
#4136 = ORIENTED_EDGE ( 'NONE', *, *, #1689, .T. ) ;
#4137 = AXIS2_PLACEMENT_3D ( 'NONE', #2925, #4730, #5075 ) ;
#4138 = EDGE_CURVE ( 'NONE', #4874, #5126, #2539, .T. ) ;
#4139 = FACE_OUTER_BOUND ( 'NONE', #5487, .T. ) ;
#4140 = ORIENTED_EDGE ( 'NONE', *, *, #2308, .F. ) ;
#4141 = VERTEX_POINT ( 'NONE', #1692 ) ;
#4142 = CIRCLE ( 'NONE', #5231, 1.600000000001991829 ) ;
#4143 = ORIENTED_EDGE ( 'NONE', *, *, #2174, .T. ) ;
#4144 = ORIENTED_EDGE ( 'NONE', *, *, #2147, .T. ) ;
#4145 = DIRECTION ( 'NONE',  ( -1.000000000000000000, 0.000000000000000000, 0.000000000000000000 ) ) ;
#4146 = CARTESIAN_POINT ( 'NONE',  ( -27.59999999999999787, 1.500000000011825430, 0.000000000000000000 ) ) ;
#4147 = DIRECTION ( 'NONE',  ( 1.000000000000000000, 0.000000000000000000, 0.000000000000000000 ) ) ;
#4148 = ORIENTED_EDGE ( 'NONE', *, *, #2392, .F. ) ;
#4149 = CARTESIAN_POINT ( 'NONE',  ( -8.000000000000000000, 80.00000000000000000, 0.000000000000000000 ) ) ;
#4150 = FACE_BOUND ( 'NONE', #4563, .T. ) ;
#4151 = CARTESIAN_POINT ( 'NONE',  ( 5.999999999994776623, 17.90000000001181846, 3.000000000000000000 ) ) ;
#4152 = LINE ( 'NONE', #610, #5540 ) ;
#4153 = DIRECTION ( 'NONE',  ( -0.000000000000000000, -0.000000000000000000, -1.000000000000000000 ) ) ;
#4154 = ADVANCED_FACE ( 'NONE', ( #3862 ), #2092, .F. ) ;
#4155 = ORIENTED_EDGE ( 'NONE', *, *, #170, .F. ) ;
#4156 = CARTESIAN_POINT ( 'NONE',  ( 46.39999999995362145, -114.9999999999996874, 3.000000000000000000 ) ) ;
#4157 = CARTESIAN_POINT ( 'NONE',  ( -58.39999999999999858, -47.49999999998818367, 3.000000000000000000 ) ) ;
#4158 = DIRECTION ( 'NONE',  ( -0.000000000000000000, -0.000000000000000000, -1.000000000000000000 ) ) ;
#4159 = AXIS2_PLACEMENT_3D ( 'NONE', #5332, #528, #4541 ) ;
#4160 = ORIENTED_EDGE ( 'NONE', *, *, #1161, .F. ) ;
#4161 = CIRCLE ( 'NONE', #871, 1.599999999999955680 ) ;
#4162 = ADVANCED_FACE ( 'NONE', ( #777 ), #393, .T. ) ;
#4163 = LINE ( 'NONE', #1160, #1459 ) ;
#4164 = ORIENTED_EDGE ( 'NONE', *, *, #5599, .F. ) ;
#4165 = PLANE ( 'NONE',  #110 ) ;
#4166 = DIRECTION ( 'NONE',  ( 1.000000000000000000, 0.000000000000000000, 0.000000000000000000 ) ) ;
#4167 = CIRCLE ( 'NONE', #1521, 5.000000000000004441 ) ;
#4168 = EDGE_CURVE ( 'NONE', #490, #1572, #550, .T. ) ;
#4169 = EDGE_CURVE ( 'NONE', #2454, #2699, #184, .T. ) ;
#4170 = ORIENTED_EDGE ( 'NONE', *, *, #1131, .F. ) ;
#4171 = VERTEX_POINT ( 'NONE', #5554 ) ;
#4172 = CARTESIAN_POINT ( 'NONE',  ( -60.00000000000000000, 1.500000000011825207, 3.000000000000000000 ) ) ;
#4173 = DIRECTION ( 'NONE',  ( -0.000000000000000000, -0.000000000000000000, -1.000000000000000000 ) ) ;
#4174 = ORIENTED_EDGE ( 'NONE', *, *, #2589, .T. ) ;
#4175 = CARTESIAN_POINT ( 'NONE',  ( -71.49999999999998579, 1.500000000011825207, 3.000000000000000000 ) ) ;
#4176 = FACE_BOUND ( 'NONE', #2650, .T. ) ;
#4177 = DIRECTION ( 'NONE',  ( 0.000000000000000000, 0.000000000000000000, 1.000000000000000000 ) ) ;
#4178 = CARTESIAN_POINT ( 'NONE',  ( -29.19999999999999929, -47.49999999998817657, 0.000000000000000000 ) ) ;
#4179 = CARTESIAN_POINT ( 'NONE',  ( 60.00000000000000000, 1.500000000011825430, 0.000000000000000000 ) ) ;
#4180 = ORIENTED_EDGE ( 'NONE', *, *, #4778, .T. ) ;
#4181 = LINE ( 'NONE', #4558, #3540 ) ;
#4182 = FACE_OUTER_BOUND ( 'NONE', #4633, .T. ) ;
#4183 = DIRECTION ( 'NONE',  ( -1.000000000000000000, -0.000000000000000000, -0.000000000000000000 ) ) ;
#4184 = EDGE_CURVE ( 'NONE', #1905, #961, #4206, .T. ) ;
#4185 = VERTEX_POINT ( 'NONE', #1609 ) ;
#4186 = VERTEX_POINT ( 'NONE', #2880 ) ;
#4187 = FACE_BOUND ( 'NONE', #4823, .T. ) ;
#4188 = ORIENTED_EDGE ( 'NONE', *, *, #3575, .T. ) ;
#4189 = DIRECTION ( 'NONE',  ( -0.000000000000000000, -0.000000000000000000, -1.000000000000000000 ) ) ;
#4190 = ADVANCED_FACE ( 'NONE', ( #2939 ), #4694, .F. ) ;
#4191 = CARTESIAN_POINT ( 'NONE',  ( -29.20000000000150209, 10.90000000001181846, 3.000000000000000000 ) ) ;
#4192 = AXIS2_PLACEMENT_3D ( 'NONE', #4175, #333, #1580 ) ;
#4193 = ORIENTED_EDGE ( 'NONE', *, *, #782, .F. ) ;
#4194 = EDGE_LOOP ( 'NONE', ( #1078, #2029, #589, #2569 ) ) ;
#4195 = ORIENTED_EDGE ( 'NONE', *, *, #432, .T. ) ;
#4196 = AXIS2_PLACEMENT_3D ( 'NONE', #5063, #5499, #1584 ) ;
#4197 = DIRECTION ( 'NONE',  ( 1.000000000000000000, 0.000000000000000000, 0.000000000000000000 ) ) ;
#4198 = EDGE_CURVE ( 'NONE', #560, #4424, #1663, .T. ) ;
#4199 = CYLINDRICAL_SURFACE ( 'NONE', #1460, 1.599999999999997202 ) ;
#4200 = ADVANCED_FACE ( 'NONE', ( #855 ), #1745, .F. ) ;
#4201 = ORIENTED_EDGE ( 'NONE', *, *, #2852, .F. ) ;
#4202 = CIRCLE ( 'NONE', #2290, 1.549999999999999378 ) ;
#4203 = AXIS2_PLACEMENT_3D ( 'NONE', #1334, #3442, #436 ) ;
#4204 = CARTESIAN_POINT ( 'NONE',  ( -26.00000000000522249, 19.50000000001181988, 3.000000000000000000 ) ) ;
#4205 = DIRECTION ( 'NONE',  ( 0.000000000000000000, 0.000000000000000000, 1.000000000000000000 ) ) ;
#4206 = CIRCLE ( 'NONE', #1742, 1.599999999999997202 ) ;
#4207 = CARTESIAN_POINT ( 'NONE',  ( 25.99999999999998934, -8.099999999988190424, 3.000000000000000000 ) ) ;
#4208 = CARTESIAN_POINT ( 'NONE',  ( 0.000000000000000000, -47.49999999998817657, 3.000000000000000000 ) ) ;
#4209 = CARTESIAN_POINT ( 'NONE',  ( -79.99999999999998579, -10.00000000000000000, 3.000000000000000000 ) ) ;
#4210 = ADVANCED_FACE ( 'NONE', ( #1364 ), #4365, .F. ) ;
#4211 = VERTEX_POINT ( 'NONE', #40 ) ;
#4212 = CIRCLE ( 'NONE', #4937, 1.550000000000002709 ) ;
#4213 = VERTEX_POINT ( 'NONE', #5194 ) ;
#4214 = DIRECTION ( 'NONE',  ( 0.000000000000000000, 0.000000000000000000, 1.000000000000000000 ) ) ;
#4215 = FACE_OUTER_BOUND ( 'NONE', #2226, .T. ) ;
#4216 = LINE ( 'NONE', #1416, #1964 ) ;
#4217 = CARTESIAN_POINT ( 'NONE',  ( 1.600000000000000089, 1.500000000011825430, 3.000000000000000000 ) ) ;
#4218 = AXIS2_PLACEMENT_3D ( 'NONE', #609, #3687, #1916 ) ;
#4219 = CARTESIAN_POINT ( 'NONE',  ( -27.59999999999999787, -47.49999999998817657, 3.000000000000000000 ) ) ;
#4220 = EDGE_LOOP ( 'NONE', ( #5011, #2258 ) ) ;
#4221 = FACE_OUTER_BOUND ( 'NONE', #3204, .T. ) ;
#4222 = DIRECTION ( 'NONE',  ( 1.000000000000000000, 0.000000000000000000, 0.000000000000000000 ) ) ;
#4223 = CIRCLE ( 'NONE', #385, 1.600000000000004086 ) ;
#4224 = ORIENTED_EDGE ( 'NONE', *, *, #4360, .F. ) ;
#4225 = ORIENTED_EDGE ( 'NONE', *, *, #4198, .F. ) ;
#4226 = EDGE_CURVE ( 'NONE', #4425, #708, #4294, .T. ) ;
#4227 = ORIENTED_EDGE ( 'NONE', *, *, #5638, .F. ) ;
#4228 = LINE ( 'NONE', #303, #4418 ) ;
#4229 = DIRECTION ( 'NONE',  ( -0.000000000000000000, -0.000000000000000000, -1.000000000000000000 ) ) ;
#4230 = ORIENTED_EDGE ( 'NONE', *, *, #1840, .F. ) ;
#4231 = VECTOR ( 'NONE', #3629, 1000.000000000000000 ) ;
#4232 = ORIENTED_EDGE ( 'NONE', *, *, #3378, .T. ) ;
#4233 = CARTESIAN_POINT ( 'NONE',  ( 52.55000000000000426, 65.00000000000000000, 3.000000000000000000 ) ) ;
#4234 = EDGE_CURVE ( 'NONE', #3962, #1311, #4931, .T. ) ;
#4235 = CARTESIAN_POINT ( 'NONE',  ( 25.99999999999998934, -4.899999999988188470, 3.000000000000000000 ) ) ;
#4236 = DIRECTION ( 'NONE',  ( -1.000000000000000000, 0.000000000000000000, 0.000000000000000000 ) ) ;
#4237 = CARTESIAN_POINT ( 'NONE',  ( -14.00000000000023093, -106.4000000000040984, 0.000000000000000000 ) ) ;
#4238 = LINE ( 'NONE', #1177, #3914 ) ;
#4239 = EDGE_CURVE ( 'NONE', #1938, #1218, #3010, .T. ) ;
#4240 = ORIENTED_EDGE ( 'NONE', *, *, #4184, .F. ) ;
#4241 = CARTESIAN_POINT ( 'NONE',  ( -8.000000000000000000, -82.99999999999998579, 0.000000000000000000 ) ) ;
#4242 = CARTESIAN_POINT ( 'NONE',  ( 0.000000000000000000, 110.0000000000000000, 0.000000000000000000 ) ) ;
#4243 = DIRECTION ( 'NONE',  ( 0.000000000000000000, 0.000000000000000000, 1.000000000000000000 ) ) ;
#4244 = CARTESIAN_POINT ( 'NONE',  ( -1.600000000000000089, 1.500000000011825207, 3.000000000000000000 ) ) ;
#4245 = ORIENTED_EDGE ( 'NONE', *, *, #4093, .T. ) ;
#4246 = CARTESIAN_POINT ( 'NONE',  ( 28.54999999999363780, -103.0000000000000000, 3.000000000000000000 ) ) ;
#4247 = EDGE_LOOP ( 'NONE', ( #1335, #2192, #5423, #1437 ) ) ;
#4248 = CARTESIAN_POINT ( 'NONE',  ( 27.60000000000000142, -47.49999999998817657, 3.000000000000000000 ) ) ;
#4249 = ORIENTED_EDGE ( 'NONE', *, *, #2345, .T. ) ;
#4250 = ORIENTED_EDGE ( 'NONE', *, *, #943, .T. ) ;
#4251 = AXIS2_PLACEMENT_3D ( 'NONE', #899, #1814, #3906 ) ;
#4252 = ORIENTED_EDGE ( 'NONE', *, *, #337, .F. ) ;
#4253 = ORIENTED_EDGE ( 'NONE', *, *, #2200, .T. ) ;
#4254 = EDGE_LOOP ( 'NONE', ( #2160, #2259, #3901, #5636 ) ) ;
#4255 = DIRECTION ( 'NONE',  ( -1.000000000000000000, 0.000000000000000000, 0.000000000000000000 ) ) ;
#4256 = AXIS2_PLACEMENT_3D ( 'NONE', #2004, #1121, #5061 ) ;
#4257 = CARTESIAN_POINT ( 'NONE',  ( -58.39999999999999858, -47.49999999998818367, 0.000000000000000000 ) ) ;
#4259 = VERTEX_POINT ( 'NONE', #1771 ) ;
#4258 = EDGE_CURVE ( 'NONE', #4691, #604, #3931, .T. ) ;
#4260 = CARTESIAN_POINT ( 'NONE',  ( -28.54999999999999005, 94.99999999999998579, 3.000000000000000000 ) ) ;
#4261 = DIRECTION ( 'NONE',  ( -0.000000000000000000, -0.000000000000000000, -1.000000000000000000 ) ) ;
#4262 = CARTESIAN_POINT ( 'NONE',  ( -63.00000000000000000, 104.0000000000106581, 0.000000000000000000 ) ) ;
#4263 = CARTESIAN_POINT ( 'NONE',  ( 64.59999999999409681, 36.50000000001489298, 3.000000000000000000 ) ) ;
#4264 = LINE ( 'NONE', #5144, #1728 ) ;
#4265 = EDGE_CURVE ( 'NONE', #2332, #4727, #88, .T. ) ;
#4266 = ORIENTED_EDGE ( 'NONE', *, *, #3879, .T. ) ;
#4267 = CARTESIAN_POINT ( 'NONE',  ( 56.80000000000300986, 10.90000000001181846, 3.000000000000000000 ) ) ;
#4268 = DIRECTION ( 'NONE',  ( 1.000000000000000000, 0.000000000000000000, 0.000000000000000000 ) ) ;
#4269 = LINE ( 'NONE', #343, #1327 ) ;
#4270 = CARTESIAN_POINT ( 'NONE',  ( 25.44999999999363993, -103.0000000000000000, 3.000000000000000000 ) ) ;
#4271 = ADVANCED_FACE ( 'NONE', ( #417 ), #478, .F. ) ;
#4272 = ORIENTED_EDGE ( 'NONE', *, *, #2675, .F. ) ;
#4273 = DIRECTION ( 'NONE',  ( -0.000000000000000000, -0.000000000000000000, -1.000000000000000000 ) ) ;
#4274 = ORIENTED_EDGE ( 'NONE', *, *, #4619, .F. ) ;
#4275 = CYLINDRICAL_SURFACE ( 'NONE', #1029, 5.000000000000004441 ) ;
#4276 = EDGE_CURVE ( 'NONE', #5186, #2337, #3967, .T. ) ;
#4277 = ORIENTED_EDGE ( 'NONE', *, *, #1674, .T. ) ;
#4278 = ORIENTED_EDGE ( 'NONE', *, *, #4972, .T. ) ;
#4279 = ORIENTED_EDGE ( 'NONE', *, *, #623, .F. ) ;
#4280 = DIRECTION ( 'NONE',  ( -1.000000000000000000, 0.000000000000000000, 0.000000000000000000 ) ) ;
#4281 = CIRCLE ( 'NONE', #2992, 1.550000000000002709 ) ;
#4282 = CYLINDRICAL_SURFACE ( 'NONE', #4474, 1.550000000000002709 ) ;
#4283 = ORIENTED_EDGE ( 'NONE', *, *, #4993, .T. ) ;
#4284 = AXIS2_PLACEMENT_3D ( 'NONE', #5508, #1104, #4599 ) ;
#4285 = AXIS2_PLACEMENT_3D ( 'NONE', #4351, #838, #2183 ) ;
#4286 = CYLINDRICAL_SURFACE ( 'NONE', #997, 1.549999999999999378 ) ;
#4287 = CARTESIAN_POINT ( 'NONE',  ( 35.25000000000000000, 108.3999999999999915, 3.000000000000000000 ) ) ;
#4288 = EDGE_CURVE ( 'NONE', #5167, #2305, #4800, .T. ) ;
#4289 = CARTESIAN_POINT ( 'NONE',  ( 10.14999999999999147, 110.0000000000000000, 3.000000000000000000 ) ) ;
#4290 = CARTESIAN_POINT ( 'NONE',  ( -47.00000000000000000, 110.0000000000000000, 3.000000000000000000 ) ) ;
#4291 = DIRECTION ( 'NONE',  ( -1.000000000000000000, 0.000000000000000000, 0.000000000000000000 ) ) ;
#4292 = AXIS2_PLACEMENT_3D ( 'NONE', #2635, #4812, #2753 ) ;
#4293 = AXIS2_PLACEMENT_3D ( 'NONE', #196, #509, #1518 ) ;
#4294 = CIRCLE ( 'NONE', #2561, 1.599999999999997202 ) ;
#4295 = AXIS2_PLACEMENT_3D ( 'NONE', #35, #1714, #5 ) ;
#4296 = CARTESIAN_POINT ( 'NONE',  ( 5.999999999994776623, 21.10000000001182130, 3.000000000000000000 ) ) ;
#4297 = EDGE_CURVE ( 'NONE', #5565, #2396, #3107, .T. ) ;
#4298 = DIRECTION ( 'NONE',  ( 0.000000000000000000, -0.000000000000000000, -1.000000000000000000 ) ) ;
#4299 = CARTESIAN_POINT ( 'NONE',  ( -8.000000000000000000, -88.00000000000000000, 3.000000000000000000 ) ) ;
#4300 = CARTESIAN_POINT ( 'NONE',  ( 25.44999999999363993, -73.00000000000000000, 3.000000000000000000 ) ) ;
#4301 = AXIS2_PLACEMENT_3D ( 'NONE', #1574, #5164, #2566 ) ;
#4302 = VERTEX_POINT ( 'NONE', #5252 ) ;
#4303 = CARTESIAN_POINT ( 'NONE',  ( 49.45000000000000284, 65.00000000000000000, 0.000000000000000000 ) ) ;
#4304 = COLOUR_RGB ( '',0.7921568627450980005, 0.8196078431372548767, 0.9333333333333333481 ) ;
#4305 = ORIENTED_EDGE ( 'NONE', *, *, #4726, .T. ) ;
#4306 = DIRECTION ( 'NONE',  ( -0.000000000000000000, -0.000000000000000000, -1.000000000000000000 ) ) ;
#4307 = CIRCLE ( 'NONE', #3388, 1.599999999999997202 ) ;
#4308 = ORIENTED_EDGE ( 'NONE', *, *, #26, .T. ) ;
#4309 = EDGE_CURVE ( 'NONE', #2713, #1813, #4755, .T. ) ;
#4310 = ORIENTED_EDGE ( 'NONE', *, *, #1124, .T. ) ;
#4311 = CARTESIAN_POINT ( 'NONE',  ( -64.59999999999993747, 36.48713711185290975, 0.000000000000000000 ) ) ;
#4312 = DIRECTION ( 'NONE',  ( 0.000000000000000000, 0.000000000000000000, 1.000000000000000000 ) ) ;
#4313 = ORIENTED_EDGE ( 'NONE', *, *, #3307, .T. ) ;
#4314 = VECTOR ( 'NONE', #2232, 1000.000000000000000 ) ;
#4315 = DIRECTION ( 'NONE',  ( -0.000000000000000000, -0.000000000000000000, -1.000000000000000000 ) ) ;
#4316 = LINE ( 'NONE', #2965, #1123 ) ;
#4317 = FACE_OUTER_BOUND ( 'NONE', #156, .T. ) ;
#4318 = CARTESIAN_POINT ( 'NONE',  ( -25.99999999999998934, -4.899999999988188470, 3.000000000000000000 ) ) ;
#4319 = VECTOR ( 'NONE', #2024, 1000.000000000000000 ) ;
#4320 = ORIENTED_EDGE ( 'NONE', *, *, #1593, .T. ) ;
#4321 = CARTESIAN_POINT ( 'NONE',  ( 47.99999999995362288, -114.9999999999996874, 3.000000000000000000 ) ) ;
#4322 = DIRECTION ( 'NONE',  ( 0.000000000000000000, 0.000000000000000000, 1.000000000000000000 ) ) ;
#4323 = CYLINDRICAL_SURFACE ( 'NONE', #502, 5.000000000000004441 ) ;
#4324 = LINE ( 'NONE', #4378, #812 ) ;
#4325 = EDGE_CURVE ( 'NONE', #5167, #2929, #5116, .T. ) ;
#4326 = ORIENTED_EDGE ( 'NONE', *, *, #986, .T. ) ;
#4327 = CARTESIAN_POINT ( 'NONE',  ( -29.19999999999999929, 1.500000000011825207, 3.000000000000000000 ) ) ;
#4328 = EDGE_LOOP ( 'NONE', ( #4278, #2080, #2403, #3018 ) ) ;
#4329 = DIRECTION ( 'NONE',  ( 0.000000000000000000, 0.000000000000000000, 1.000000000000000000 ) ) ;
#4330 = ORIENTED_EDGE ( 'NONE', *, *, #2551, .F. ) ;
#4331 = ADVANCED_FACE ( 'NONE', ( #4881 ), #4854, .T. ) ;
#4332 = ORIENTED_EDGE ( 'NONE', *, *, #682, .F. ) ;
#4333 = ORIENTED_EDGE ( 'NONE', *, *, #3885, .T. ) ;
#4334 = CARTESIAN_POINT ( 'NONE',  ( 73.10000000000005116, 1.500000000011825430, 3.000000000000000000 ) ) ;
#4335 = LINE ( 'NONE', #3471, #1737 ) ;
#4336 = CIRCLE ( 'NONE', #5339, 1.600000000000004086 ) ;
#4337 = ORIENTED_EDGE ( 'NONE', *, *, #2831, .T. ) ;
#4338 = EDGE_CURVE ( 'NONE', #2090, #3701, #4120, .T. ) ;
#4339 = ORIENTED_EDGE ( 'NONE', *, *, #2715, .F. ) ;
#4340 = CIRCLE ( 'NONE', #38, 1.599999999999962563 ) ;
#4341 = VERTEX_POINT ( 'NONE', #907 ) ;
#4342 = DIRECTION ( 'NONE',  ( 0.000000000000000000, 0.000000000000000000, 1.000000000000000000 ) ) ;
#4343 = DIRECTION ( 'NONE',  ( 0.000000000000000000, 0.000000000000000000, 1.000000000000000000 ) ) ;
#4344 = LINE ( 'NONE', #1636, #1424 ) ;
#4345 = DIRECTION ( 'NONE',  ( 0.000000000000000000, 0.000000000000000000, 1.000000000000000000 ) ) ;
#4346 = CIRCLE ( 'NONE', #1704, 1.600000000000004086 ) ;
#4347 = VERTEX_POINT ( 'NONE', #2651 ) ;
#4348 = CARTESIAN_POINT ( 'NONE',  ( -8.000000000000000000, 75.00000000000000000, 3.000000000000000000 ) ) ;
#4349 = DIRECTION ( 'NONE',  ( 0.000000000000000000, -1.000000000000000000, 0.000000000000000000 ) ) ;
#4350 = CARTESIAN_POINT ( 'NONE',  ( 16.00000000000000000, 36.50000000001182343, 3.000000000000000000 ) ) ;
#4351 = CARTESIAN_POINT ( 'NONE',  ( 50.99999999999364064, -73.00000000000000000, 3.000000000000000000 ) ) ;
#4352 = ORIENTED_EDGE ( 'NONE', *, *, #3667, .F. ) ;
#4353 = CARTESIAN_POINT ( 'NONE',  ( -63.00000000000000000, 104.0000000000106581, 0.000000000000000000 ) ) ;
#4354 = ORIENTED_EDGE ( 'NONE', *, *, #3524, .F. ) ;
#4355 = ADVANCED_FACE ( 'NONE', ( #537 ), #2294, .F. ) ;
#4356 = DIRECTION ( 'NONE',  ( -0.000000000000000000, -0.000000000000000000, -1.000000000000000000 ) ) ;
#4357 = ORIENTED_EDGE ( 'NONE', *, *, #1534, .F. ) ;
#4358 = ORIENTED_EDGE ( 'NONE', *, *, #5200, .F. ) ;
#4359 = CARTESIAN_POINT ( 'NONE',  ( -58.39999999999999858, -47.49999999998818367, 3.000000000000000000 ) ) ;
#4360 = EDGE_CURVE ( 'NONE', #4841, #2558, #656, .T. ) ;
#4361 = CARTESIAN_POINT ( 'NONE',  ( -15.60000000000000142, -108.0000000000041069, 3.000000000000000000 ) ) ;
#4362 = ORIENTED_EDGE ( 'NONE', *, *, #5561, .T. ) ;
#4363 = ORIENTED_EDGE ( 'NONE', *, *, #300, .F. ) ;
#4364 = VERTEX_POINT ( 'NONE', #689 ) ;
#4365 = CYLINDRICAL_SURFACE ( 'NONE', #1100, 1.549999999999999378 ) ;
#4366 = CARTESIAN_POINT ( 'NONE',  ( 5.999999999994776623, 19.50000000001181988, 0.000000000000000000 ) ) ;
#4367 = DIRECTION ( 'NONE',  ( -0.000000000000000000, -0.000000000000000000, -1.000000000000000000 ) ) ;
#4368 = DIRECTION ( 'NONE',  ( -1.000000000000000000, 0.000000000000000000, 0.000000000000000000 ) ) ;
#4369 = VECTOR ( 'NONE', #4222, 1000.000000000000000 ) ;
#4370 = CIRCLE ( 'NONE', #2280, 1.599999999999997202 ) ;
#4371 = ORIENTED_EDGE ( 'NONE', *, *, #5000, .T. ) ;
#4372 = DIRECTION ( 'NONE',  ( 0.000000000000000000, 0.000000000000000000, 1.000000000000000000 ) ) ;
#4373 = VECTOR ( 'NONE', #5012, 1000.000000000000000 ) ;
#4374 = EDGE_CURVE ( 'NONE', #3515, #4045, #1515, .T. ) ;
#4375 = CARTESIAN_POINT ( 'NONE',  ( -25.99999999999999645, -42.09999999998818510, 3.000000000000000000 ) ) ;
#4376 = FACE_OUTER_BOUND ( 'NONE', #1847, .T. ) ;
#4377 = CIRCLE ( 'NONE', #2639, 1.550000000000002709 ) ;
#4378 = CARTESIAN_POINT ( 'NONE',  ( 14.00000000000023093, -109.6000000000000085, 3.000000000000000000 ) ) ;
#4379 = CIRCLE ( 'NONE', #3002, 1.599999999999997202 ) ;
#4380 = VECTOR ( 'NONE', #2674, 1000.000000000000000 ) ;
#4381 = VERTEX_POINT ( 'NONE', #1454 ) ;
#4382 = CARTESIAN_POINT ( 'NONE',  ( 25.99999999999999645, -40.49999999998819078, 3.000000000000000000 ) ) ;
#4383 = DIRECTION ( 'NONE',  ( 0.000000000000000000, 0.000000000000000000, 1.000000000000000000 ) ) ;
#4384 = DIRECTION ( 'NONE',  ( -1.000000000000000000, 0.000000000000000000, 0.000000000000000000 ) ) ;
#4385 = AXIS2_PLACEMENT_3D ( 'NONE', #3135, #2623, #3106 ) ;
#4386 = EDGE_LOOP ( 'NONE', ( #2633, #2109, #2720, #495 ) ) ;
#4387 = DIRECTION ( 'NONE',  ( 0.000000000000000000, 0.000000000000000000, 1.000000000000000000 ) ) ;
#4388 = VERTEX_POINT ( 'NONE', #223 ) ;
#4389 = CARTESIAN_POINT ( 'NONE',  ( 16.00000000000000000, 36.50000000001182343, 3.000000000000000000 ) ) ;
#4390 = CARTESIAN_POINT ( 'NONE',  ( -50.99999999999366196, -73.00000000000001421, 3.000000000000000000 ) ) ;
#4391 = AXIS2_PLACEMENT_3D ( 'NONE', #2074, #5562, #4268 ) ;
#4392 = ORIENTED_EDGE ( 'NONE', *, *, #4695, .F. ) ;
#4393 = EDGE_CURVE ( 'NONE', #3974, #4816, #5585, .T. ) ;
#4394 = ORIENTED_EDGE ( 'NONE', *, *, #2657, .T. ) ;
#4395 = CARTESIAN_POINT ( 'NONE',  ( 29.20000000000150209, 10.90000000001181846, 0.000000000000000000 ) ) ;
#4396 = DIRECTION ( 'NONE',  ( -0.000000000000000000, -0.000000000000000000, -1.000000000000000000 ) ) ;
#4397 = CARTESIAN_POINT ( 'NONE',  ( 27.00000000000000000, 64.99999999999998579, 3.000000000000000000 ) ) ;
#4398 = CARTESIAN_POINT ( 'NONE',  ( 52.55000000000000426, 65.00000000000000000, 0.000000000000000000 ) ) ;
#4399 = AXIS2_PLACEMENT_3D ( 'NONE', #3284, #718, #5032 ) ;
#4400 = ADVANCED_FACE ( 'NONE', ( #3709 ), #4548, .F. ) ;
#4401 = ORIENTED_EDGE ( 'NONE', *, *, #900, .F. ) ;
#4402 = AXIS2_PLACEMENT_3D ( 'NONE', #4397, #1340, #2654 ) ;
#4403 = CARTESIAN_POINT ( 'NONE',  ( 50.99999999999364064, -103.0000000000000000, 0.000000000000000000 ) ) ;
#4404 = VECTOR ( 'NONE', #3382, 1000.000000000000000 ) ;
#4405 = DIRECTION ( 'NONE',  ( 0.000000000000000000, 0.000000000000000000, 1.000000000000000000 ) ) ;
#4406 = CYLINDRICAL_SURFACE ( 'NONE', #5250, 1.599999999999990319 ) ;
#4407 = CARTESIAN_POINT ( 'NONE',  ( -1.600000000001991829, 110.0000000000000000, 3.000000000000000000 ) ) ;
#4408 = VERTEX_POINT ( 'NONE', #3161 ) ;
#4409 = EDGE_CURVE ( 'NONE', #3607, #3517, #4844, .T. ) ;
#4410 = CIRCLE ( 'NONE', #4866, 1.549999999999995826 ) ;
#4411 = EDGE_CURVE ( 'NONE', #4519, #597, #1474, .T. ) ;
#4412 = CARTESIAN_POINT ( 'NONE',  ( 25.44999999999999574, 94.99999999999998579, 3.000000000000000000 ) ) ;
#4413 = ORIENTED_EDGE ( 'NONE', *, *, #3001, .F. ) ;
#4414 = LINE ( 'NONE', #3465, #3572 ) ;
#4415 = ORIENTED_EDGE ( 'NONE', *, *, #1395, .T. ) ;
#4416 = ORIENTED_EDGE ( 'NONE', *, *, #1132, .T. ) ;
#4417 = FACE_BOUND ( 'NONE', #1258, .T. ) ;
#4418 = VECTOR ( 'NONE', #3795, 1000.000000000000000 ) ;
#4419 = ORIENTED_EDGE ( 'NONE', *, *, #4033, .F. ) ;
#4420 = LINE ( 'NONE', #60, #5064 ) ;
#4421 = CARTESIAN_POINT ( 'NONE',  ( -15.99999999999817923, 36.50000000001182343, 3.000000000000000000 ) ) ;
#4422 = AXIS2_PLACEMENT_3D ( 'NONE', #4849, #34, #3989 ) ;
#4423 = EDGE_LOOP ( 'NONE', ( #1852, #3494, #145, #2764 ) ) ;
#4424 = VERTEX_POINT ( 'NONE', #4940 ) ;
#4425 = VERTEX_POINT ( 'NONE', #3615 ) ;
#4426 = DIRECTION ( 'NONE',  ( -0.000000000000000000, -0.000000000000000000, -1.000000000000000000 ) ) ;
#4427 = VECTOR ( 'NONE', #3637, 1000.000000000000000 ) ;
#4428 = CARTESIAN_POINT ( 'NONE',  ( 51.00000000000000711, 65.00000000000000000, 0.000000000000000000 ) ) ;
#4429 = FACE_OUTER_BOUND ( 'NONE', #182, .T. ) ;
#4430 = EDGE_CURVE ( 'NONE', #1050, #3196, #2652, .T. ) ;
#4431 = DIRECTION ( 'NONE',  ( -0.000000000000000000, -0.000000000000000000, -1.000000000000000000 ) ) ;
#4432 = CIRCLE ( 'NONE', #1703, 1.599999999999997202 ) ;
#4433 = ORIENTED_EDGE ( 'NONE', *, *, #3478, .F. ) ;
#4434 = DIRECTION ( 'NONE',  ( 1.000000000000000000, 0.000000000000000000, 0.000000000000000000 ) ) ;
#4435 = LINE ( 'NONE', #514, #752 ) ;
#4436 = CARTESIAN_POINT ( 'NONE',  ( 47.00000000000000000, 110.0000000000000000, 3.000000000000000000 ) ) ;
#4437 = EDGE_CURVE ( 'NONE', #4870, #3759, #5455, .T. ) ;
#4438 = CARTESIAN_POINT ( 'NONE',  ( 60.00000000000000000, 1.500000000011825430, 3.000000000000000000 ) ) ;
#4439 = AXIS2_PLACEMENT_3D ( 'NONE', #104, #2205, #539 ) ;
#4440 = EDGE_LOOP ( 'NONE', ( #1347, #3070, #3440, #1512, #517 ) ) ;
#4441 = DIRECTION ( 'NONE',  ( -0.000000000000000000, -0.000000000000000000, -1.000000000000000000 ) ) ;
#4442 = ORIENTED_EDGE ( 'NONE', *, *, #313, .F. ) ;
#4443 = ADVANCED_FACE ( 'NONE', ( #4520 ), #247, .F. ) ;
#4444 = DIRECTION ( 'NONE',  ( -0.000000000000000000, -0.000000000000000000, -1.000000000000000000 ) ) ;
#4445 = ORIENTED_EDGE ( 'NONE', *, *, #3392, .F. ) ;
#4446 = FACE_BOUND ( 'NONE', #3295, .T. ) ;
#4447 = EDGE_LOOP ( 'NONE', ( #3807, #5091, #5359, #1658 ) ) ;
#4448 = CARTESIAN_POINT ( 'NONE',  ( 26.99999999999364064, -73.00000000000000000, 0.000000000000000000 ) ) ;
#4449 = ADVANCED_FACE ( 'NONE', ( #4575 ), #2371, .F. ) ;
#4450 = ORIENTED_EDGE ( 'NONE', *, *, #5240, .T. ) ;
#4451 = LINE ( 'NONE', #2257, #4838 ) ;
#4452 = VERTEX_POINT ( 'NONE', #5338 ) ;
#4453 = ORIENTED_EDGE ( 'NONE', *, *, #3512, .F. ) ;
#4454 = EDGE_LOOP ( 'NONE', ( #5319, #982 ) ) ;
#4455 = VERTEX_POINT ( 'NONE', #2348 ) ;
#4456 = DIRECTION ( 'NONE',  ( 1.000000000000000000, 0.000000000000000000, 0.000000000000000000 ) ) ;
#4457 = DIRECTION ( 'NONE',  ( 1.000000000000000000, 0.000000000000000000, 0.000000000000000000 ) ) ;
#4458 = DIRECTION ( 'NONE',  ( 1.000000000000000000, 0.000000000000000000, 0.000000000000000000 ) ) ;
#4459 = DIRECTION ( 'NONE',  ( -1.000000000000000000, 0.000000000000000000, 0.000000000000000000 ) ) ;
#4460 = EDGE_CURVE ( 'NONE', #1354, #1075, #1487, .T. ) ;
#4461 = DIRECTION ( 'NONE',  ( 1.000000000000000000, 0.000000000000000000, 0.000000000000000000 ) ) ;
#4462 = DIRECTION ( 'NONE',  ( -0.000000000000000000, -0.000000000000000000, -1.000000000000000000 ) ) ;
#4463 = CARTESIAN_POINT ( 'NONE',  ( 29.19999999999999929, 1.500000000011825207, 0.000000000000000000 ) ) ;
#4464 = DIRECTION ( 'NONE',  ( -1.000000000000000000, 0.000000000000000000, 0.000000000000000000 ) ) ;
#4465 = AXIS2_PLACEMENT_3D ( 'NONE', #2352, #692, #108 ) ;
#4466 = AXIS2_PLACEMENT_3D ( 'NONE', #1065, #611, #1920 ) ;
#4467 = ADVANCED_FACE ( 'NONE', ( #992 ), #4968, .F. ) ;
#4468 = VECTOR ( 'NONE', #4273, 1000.000000000000000 ) ;
#4469 = CIRCLE ( 'NONE', #2008, 1.600000000000004086 ) ;
#4470 = ORIENTED_EDGE ( 'NONE', *, *, #4784, .T. ) ;
#4471 = LINE ( 'NONE', #586, #447 ) ;
#4472 = DIRECTION ( 'NONE',  ( 1.000000000000000000, 0.000000000000000000, 0.000000000000000000 ) ) ;
#4473 = CARTESIAN_POINT ( 'NONE',  ( 50.99999999999364064, -73.00000000000000000, 3.000000000000000000 ) ) ;
#4474 = AXIS2_PLACEMENT_3D ( 'NONE', #2118, #3856, #5606 ) ;
#4475 = EDGE_CURVE ( 'NONE', #5459, #4019, #3682, .T. ) ;
#4476 = PLANE ( 'NONE',  #2190 ) ;
#4477 = AXIS2_PLACEMENT_3D ( 'NONE', #3802, #3888, #3446 ) ;
#4478 = EDGE_LOOP ( 'NONE', ( #2676, #2027 ) ) ;
#4479 = AXIS2_PLACEMENT_3D ( 'NONE', #1547, #3281, #1118 ) ;
#4480 = DIRECTION ( 'NONE',  ( 1.000000000000000000, 0.000000000000000000, 0.000000000000000000 ) ) ;
#4481 = DIRECTION ( 'NONE',  ( 0.000000000000000000, 0.000000000000000000, 1.000000000000000000 ) ) ;
#4482 = ORIENTED_EDGE ( 'NONE', *, *, #3258, .F. ) ;
#4483 = VERTEX_POINT ( 'NONE', #1053 ) ;
#4484 = AXIS2_PLACEMENT_3D ( 'NONE', #822, #1170, #2956 ) ;
#4485 = ADVANCED_FACE ( 'NONE', ( #2404 ), #4488, .F. ) ;
#4486 = ORIENTED_EDGE ( 'NONE', *, *, #21, .F. ) ;
#4487 = EDGE_LOOP ( 'NONE', ( #1795, #5257, #646, #384 ) ) ;
#4488 = CYLINDRICAL_SURFACE ( 'NONE', #4582, 1.599999999999998312 ) ;
#4489 = AXIS2_PLACEMENT_3D ( 'NONE', #5008, #1894, #3628 ) ;
#4490 = DIRECTION ( 'NONE',  ( 1.000000000000000000, 0.000000000000000000, 0.000000000000000000 ) ) ;
#4491 = LINE ( 'NONE', #5254, #1591 ) ;
#4492 = CARTESIAN_POINT ( 'NONE',  ( 0.000000000000000000, -115.0000000000000000, 3.000000000000000000 ) ) ;
#4493 = ORIENTED_EDGE ( 'NONE', *, *, #974, .T. ) ;
#4494 = CIRCLE ( 'NONE', #2754, 1.599999999999997202 ) ;
#4495 = DIRECTION ( 'NONE',  ( -0.000000000000000000, -0.000000000000000000, -1.000000000000000000 ) ) ;
#4496 = FACE_BOUND ( 'NONE', #2930, .T. ) ;
#4497 = DIRECTION ( 'NONE',  ( 0.000000000000000000, 0.000000000000000000, 1.000000000000000000 ) ) ;
#4498 = CARTESIAN_POINT ( 'NONE',  ( -25.99999999999999645, -40.49999999998819078, 0.000000000000000000 ) ) ;
#4499 = CARTESIAN_POINT ( 'NONE',  ( -26.00000000000522249, 21.10000000001182130, 3.000000000000000000 ) ) ;
#4500 = AXIS2_PLACEMENT_3D ( 'NONE', #1206, #4177, #665 ) ;
#4501 = VECTOR ( 'NONE', #3123, 1000.000000000000227 ) ;
#4502 = ORIENTED_EDGE ( 'NONE', *, *, #3506, .T. ) ;
#4503 = FACE_OUTER_BOUND ( 'NONE', #2737, .T. ) ;
#4504 = CARTESIAN_POINT ( 'NONE',  ( 27.60000000000150422, 10.90000000001181846, 3.000000000000000000 ) ) ;
#4505 = LINE ( 'NONE', #1070, #3869 ) ;
#4506 = ADVANCED_FACE ( 'NONE', ( #130 ), #2058, .F. ) ;
#4507 = AXIS2_PLACEMENT_3D ( 'NONE', #4131, #4982, #1956 ) ;
#4508 =( GEOMETRIC_REPRESENTATION_CONTEXT ( 3 ) GLOBAL_UNCERTAINTY_ASSIGNED_CONTEXT ( ( #1072 ) ) GLOBAL_UNIT_ASSIGNED_CONTEXT ( ( #1488, #5024, #1113 ) ) REPRESENTATION_CONTEXT ( 'NONE', 'WORKASPACE' ) );
#4509 = ORIENTED_EDGE ( 'NONE', *, *, #5444, .F. ) ;
#4510 = ORIENTED_EDGE ( 'NONE', *, *, #4790, .T. ) ;
#4511 = FACE_BOUND ( 'NONE', #3040, .T. ) ;
#4512 = EDGE_LOOP ( 'NONE', ( #442, #2401 ) ) ;
#4513 = DIRECTION ( 'NONE',  ( 0.000000000000000000, 0.000000000000000000, 1.000000000000000000 ) ) ;
#4514 = EDGE_CURVE ( 'NONE', #4452, #3857, #5300, .T. ) ;
#4515 = DIRECTION ( 'NONE',  ( -0.000000000000000000, -0.000000000000000000, -1.000000000000000000 ) ) ;
#4516 = EDGE_LOOP ( 'NONE', ( #4047, #3328 ) ) ;
#4517 = EDGE_LOOP ( 'NONE', ( #4956, #1442, #4830, #2477 ) ) ;
#4518 = ORIENTED_EDGE ( 'NONE', *, *, #4198, .T. ) ;
#4519 = VERTEX_POINT ( 'NONE', #2030 ) ;
#4520 = FACE_OUTER_BOUND ( 'NONE', #3180, .T. ) ;
#4521 = CARTESIAN_POINT ( 'NONE',  ( 0.000000000000000000, 0.000000000000000000, 0.000000000000000000 ) ) ;
#4522 = EDGE_CURVE ( 'NONE', #4966, #5445, #1686, .T. ) ;
#4523 = CARTESIAN_POINT ( 'NONE',  ( 58.39999999999999858, 1.500000000011825207, 3.000000000000000000 ) ) ;
#4524 = ADVANCED_FACE ( 'NONE', ( #3768 ), #1140, .F. ) ;
#4525 = ORIENTED_EDGE ( 'NONE', *, *, #451, .F. ) ;
#4526 = DIRECTION ( 'NONE',  ( 0.000000000000000000, 0.000000000000000000, 1.000000000000000000 ) ) ;
#4527 = DIRECTION ( 'NONE',  ( 1.000000000000000000, 0.000000000000000000, 0.000000000000000000 ) ) ;
#4528 = CARTESIAN_POINT ( 'NONE',  ( -47.99999999999993605, -119.9999999999995737, 0.000000000000000000 ) ) ;
#4529 = DIRECTION ( 'NONE',  ( 1.000000000000000000, 0.000000000000000000, 0.000000000000000000 ) ) ;
#4530 = CARTESIAN_POINT ( 'NONE',  ( -49.44999999999998863, 94.99999999999998579, 3.000000000000000000 ) ) ;
#4531 = CIRCLE ( 'NONE', #2336, 1.549999999999999378 ) ;
#4532 = ORIENTED_EDGE ( 'NONE', *, *, #2250, .T. ) ;
#4533 = DIRECTION ( 'NONE',  ( -0.000000000000000000, -0.000000000000000000, -1.000000000000000000 ) ) ;
#4534 = DIRECTION ( 'NONE',  ( 0.000000000000000000, 0.000000000000000000, 1.000000000000000000 ) ) ;
#4535 = LINE ( 'NONE', #616, #2496 ) ;
#4536 = CIRCLE ( 'NONE', #3800, 1.600000000000000089 ) ;
#4537 = EDGE_LOOP ( 'NONE', ( #3781, #4768, #59, #2596 ) ) ;
#4538 = CARTESIAN_POINT ( 'NONE',  ( -8.000000000000000000, -82.99999999999998579, 0.000000000000000000 ) ) ;
#4539 = EDGE_CURVE ( 'NONE', #151, #4045, #3550, .T. ) ;
#4540 = ORIENTED_EDGE ( 'NONE', *, *, #5611, .F. ) ;
#4541 = DIRECTION ( 'NONE',  ( 0.000000000000000000, 0.000000000000000000, 1.000000000000000000 ) ) ;
#4542 = ORIENTED_EDGE ( 'NONE', *, *, #5344, .F. ) ;
#4543 = DIRECTION ( 'NONE',  ( 1.000000000000000000, 0.000000000000000000, 0.000000000000000000 ) ) ;
#4544 = EDGE_LOOP ( 'NONE', ( #5102, #2928 ) ) ;
#4545 = ORIENTED_EDGE ( 'NONE', *, *, #3879, .F. ) ;
#4546 = ADVANCED_FACE ( 'NONE', ( #2087 ), #713, .F. ) ;
#4547 = VERTEX_POINT ( 'NONE', #5575 ) ;
#4548 = CYLINDRICAL_SURFACE ( 'NONE', #744, 1.600000000000004086 ) ;
#4549 = FACE_OUTER_BOUND ( 'NONE', #4747, .T. ) ;
#4550 = ORIENTED_EDGE ( 'NONE', *, *, #3805, .T. ) ;
#4551 = CARTESIAN_POINT ( 'NONE',  ( 1.599999999999997646, 64.99999999999886313, 3.000000000000000000 ) ) ;
#4552 = CARTESIAN_POINT ( 'NONE',  ( 51.00000000000000000, 94.99999999999997158, 3.000000000000000000 ) ) ;
#4553 = CARTESIAN_POINT ( 'NONE',  ( 49.44999999999363638, -73.00000000000000000, 0.000000000000000000 ) ) ;
#4554 = DIRECTION ( 'NONE',  ( 0.000000000000000000, 0.000000000000000000, 1.000000000000000000 ) ) ;
#4555 = CARTESIAN_POINT ( 'NONE',  ( -50.99999999999366196, -73.00000000000001421, 0.000000000000000000 ) ) ;
#4556 = EDGE_CURVE ( 'NONE', #1085, #2806, #2022, .T. ) ;
#4557 = VERTEX_POINT ( 'NONE', #1250 ) ;
#4558 = CARTESIAN_POINT ( 'NONE',  ( -14.39999999999817781, 36.50000000001182343, 3.000000000000000000 ) ) ;
#4559 = CARTESIAN_POINT ( 'NONE',  ( 8.000000000000000000, -88.00000000000000000, 0.000000000000000000 ) ) ;
#4560 = FACE_OUTER_BOUND ( 'NONE', #2783, .T. ) ;
#4561 = CIRCLE ( 'NONE', #2996, 1.599999999999962563 ) ;
#4562 = CIRCLE ( 'NONE', #4920, 5.000000000000004441 ) ;
#4563 = EDGE_LOOP ( 'NONE', ( #3414, #2162 ) ) ;
#4564 = FACE_BOUND ( 'NONE', #4953, .T. ) ;
#4565 = ORIENTED_EDGE ( 'NONE', *, *, #3813, .F. ) ;
#4566 = VECTOR ( 'NONE', #4840, 1000.000000000000227 ) ;
#4567 = AXIS2_PLACEMENT_3D ( 'NONE', #4523, #995, #3223 ) ;
#4568 = DIRECTION ( 'NONE',  ( -1.000000000000000000, 0.000000000000000000, 0.000000000000000000 ) ) ;
#4569 = VERTEX_POINT ( 'NONE', #4311 ) ;
#4570 = VERTEX_POINT ( 'NONE', #4688 ) ;
#4571 = EDGE_LOOP ( 'NONE', ( #3559, #4550, #3909, #2736 ) ) ;
#4572 = ORIENTED_EDGE ( 'NONE', *, *, #5535, .T. ) ;
#4573 = VECTOR ( 'NONE', #3907, 1000.000000000000114 ) ;
#4574 = EDGE_LOOP ( 'NONE', ( #4572, #3219, #4140, #2789 ) ) ;
#4575 = FACE_OUTER_BOUND ( 'NONE', #1331, .T. ) ;
#4576 = DIRECTION ( 'NONE',  ( 1.000000000000000000, 0.000000000000000000, 0.000000000000000000 ) ) ;
#4577 = CARTESIAN_POINT ( 'NONE',  ( -50.99999999999999289, 94.99999999999998579, 3.000000000000000000 ) ) ;
#4578 = CIRCLE ( 'NONE', #3007, 1.550000000000002709 ) ;
#4580 = EDGE_LOOP ( 'NONE', ( #4305, #792, #5225, #4509 ) ) ;
#4579 = EDGE_CURVE ( 'NONE', #4775, #2166, #361, .T. ) ;
#4581 = CYLINDRICAL_SURFACE ( 'NONE', #3749, 1.599999999999997202 ) ;
#4582 = AXIS2_PLACEMENT_3D ( 'NONE', #574, #2322, #4055 ) ;
#4583 = CARTESIAN_POINT ( 'NONE',  ( -49.59999999999424602, -115.0000000000019611, 3.000000000000000000 ) ) ;
#4584 = DIRECTION ( 'NONE',  ( -1.000000000000000000, 0.000000000000000000, 0.000000000000000000 ) ) ;
#4585 = CARTESIAN_POINT ( 'NONE',  ( -28.54999999999999005, 94.99999999999998579, 3.000000000000000000 ) ) ;
#4586 = DIRECTION ( 'NONE',  ( 0.000000000000000000, 0.000000000000000000, 1.000000000000000000 ) ) ;
#4587 = ADVANCED_FACE ( 'NONE', ( #1657 ), #2983, .F. ) ;
#4588 = EDGE_CURVE ( 'NONE', #36, #2701, #4212, .T. ) ;
#4589 = ORIENTED_EDGE ( 'NONE', *, *, #3383, .T. ) ;
#4590 = DIRECTION ( 'NONE',  ( -0.000000000000000000, -0.000000000000000000, -1.000000000000000000 ) ) ;
#4591 = CIRCLE ( 'NONE', #4762, 1.599999999999990319 ) ;
#4592 = DIRECTION ( 'NONE',  ( -0.000000000000000000, -0.000000000000000000, -1.000000000000000000 ) ) ;
#4593 = CYLINDRICAL_SURFACE ( 'NONE', #4686, 1.600000000000000089 ) ;
#4594 = ADVANCED_FACE ( 'NONE', ( #1993 ), #3735, .F. ) ;
#4595 = EDGE_CURVE ( 'NONE', #5108, #123, #2203, .T. ) ;
#4596 = CIRCLE ( 'NONE', #3394, 1.600000000001310596 ) ;
#4597 = ORIENTED_EDGE ( 'NONE', *, *, #3351, .T. ) ;
#4598 = EDGE_LOOP ( 'NONE', ( #4052, #3499, #571, #5448 ) ) ;
#4599 = DIRECTION ( 'NONE',  ( 1.000000000000000000, 0.000000000000000000, 0.000000000000000000 ) ) ;
#4600 = ORIENTED_EDGE ( 'NONE', *, *, #5145, .T. ) ;
#4601 = LINE ( 'NONE', #2679, #2943 ) ;
#4602 = AXIS2_PLACEMENT_3D ( 'NONE', #1246, #2531, #326 ) ;
#4603 = CARTESIAN_POINT ( 'NONE',  ( -26.00000000000522249, 17.90000000001181846, 0.000000000000000000 ) ) ;
#4604 = ORIENTED_EDGE ( 'NONE', *, *, #1534, .T. ) ;
#4605 = ORIENTED_EDGE ( 'NONE', *, *, #1586, .F. ) ;
#4606 = DIRECTION ( 'NONE',  ( 1.000000000000000000, 0.000000000000000000, 0.000000000000000000 ) ) ;
#4607 = DIRECTION ( 'NONE',  ( 1.000000000000000000, 0.000000000000000000, 0.000000000000000000 ) ) ;
#4608 = FACE_OUTER_BOUND ( 'NONE', #5429, .T. ) ;
#4609 = VERTEX_POINT ( 'NONE', #742 ) ;
#4610 = ORIENTED_EDGE ( 'NONE', *, *, #180, .T. ) ;
#4611 = LINE ( 'NONE', #630, #3450 ) ;
#4612 = FACE_BOUND ( 'NONE', #1734, .T. ) ;
#4613 = EDGE_CURVE ( 'NONE', #4872, #2816, #4634, .T. ) ;
#4614 = DIRECTION ( 'NONE',  ( 0.000000000000000000, 0.000000000000000000, 1.000000000000000000 ) ) ;
#4615 = LINE ( 'NONE', #230, #3511 ) ;
#4616 = FACE_OUTER_BOUND ( 'NONE', #4423, .T. ) ;
#4617 = ORIENTED_EDGE ( 'NONE', *, *, #5268, .F. ) ;
#4618 = CARTESIAN_POINT ( 'NONE',  ( 7.999999999999998224, 75.00000000000000000, 3.000000000000000000 ) ) ;
#4619 = EDGE_CURVE ( 'NONE', #2622, #4769, #4228, .T. ) ;
#4620 = DIRECTION ( 'NONE',  ( 1.000000000000000000, 0.000000000000000000, 0.000000000000000000 ) ) ;
#4621 = DIRECTION ( 'NONE',  ( -0.000000000000000000, -0.000000000000000000, -1.000000000000000000 ) ) ;
#4622 = AXIS2_PLACEMENT_3D ( 'NONE', #1672, #3810, #2918 ) ;
#4623 = EDGE_CURVE ( 'NONE', #2622, #4787, #5548, .T. ) ;
#4624 = VERTEX_POINT ( 'NONE', #1225 ) ;
#4625 = CIRCLE ( 'NONE', #136, 1.599999999999990319 ) ;
#4626 = CARTESIAN_POINT ( 'NONE',  ( -46.39999999999425029, -115.0000000000019611, 3.000000000000000000 ) ) ;
#4627 = EDGE_CURVE ( 'NONE', #2558, #3237, #3586, .T. ) ;
#4628 = ORIENTED_EDGE ( 'NONE', *, *, #5344, .T. ) ;
#4629 = DIRECTION ( 'NONE',  ( 1.000000000000000000, 0.000000000000000000, 0.000000000000000000 ) ) ;
#4630 = CARTESIAN_POINT ( 'NONE',  ( -27.60000000000150422, 10.90000000001181846, 0.000000000000000000 ) ) ;
#4631 = ORIENTED_EDGE ( 'NONE', *, *, #917, .T. ) ;
#4632 = ADVANCED_FACE ( 'NONE', ( #3934 ), #390, .F. ) ;
#4633 = EDGE_LOOP ( 'NONE', ( #1379, #3525, #3400, #5282 ) ) ;
#4634 = LINE ( 'NONE', #330, #2421 ) ;
#4635 = CARTESIAN_POINT ( 'NONE',  ( -50.99999999999366196, -73.00000000000001421, 0.000000000000000000 ) ) ;
#4636 = ORIENTED_EDGE ( 'NONE', *, *, #999, .F. ) ;
#4637 = CARTESIAN_POINT ( 'NONE',  ( -50.99999999999366196, -103.0000000000000142, 3.000000000000000000 ) ) ;
#4638 = DIRECTION ( 'NONE',  ( 0.000000000000000000, 0.000000000000000000, 1.000000000000000000 ) ) ;
#4639 = DIRECTION ( 'NONE',  ( 1.000000000000000000, 0.000000000000000000, 0.000000000000000000 ) ) ;
#4640 = DIRECTION ( 'NONE',  ( -0.000000000000000000, -0.000000000000000000, -1.000000000000000000 ) ) ;
#4641 = DIRECTION ( 'NONE',  ( -1.000000000000000000, 0.000000000000000000, 0.000000000000000000 ) ) ;
#4642 = ORIENTED_EDGE ( 'NONE', *, *, #769, .T. ) ;
#4643 = FACE_OUTER_BOUND ( 'NONE', #4598, .T. ) ;
#4644 = CARTESIAN_POINT ( 'NONE',  ( -26.00000000000522249, 21.10000000001182130, 3.000000000000000000 ) ) ;
#4645 = DIRECTION ( 'NONE',  ( -0.000000000000000000, -0.000000000000000000, -1.000000000000000000 ) ) ;
#4646 = LINE ( 'NONE', #4217, #15 ) ;
#4647 = ORIENTED_EDGE ( 'NONE', *, *, #2935, .F. ) ;
#4648 = EDGE_CURVE ( 'NONE', #3323, #1316, #499, .T. ) ;
#4649 = CARTESIAN_POINT ( 'NONE',  ( 28.54999999999363780, -73.00000000000000000, 3.000000000000000000 ) ) ;
#4650 = EDGE_LOOP ( 'NONE', ( #415, #872 ) ) ;
#4651 = PLANE ( 'NONE',  #4137 ) ;
#4652 = FACE_OUTER_BOUND ( 'NONE', #5630, .T. ) ;
#4653 = AXIS2_PLACEMENT_3D ( 'NONE', #4149, #227, #1974 ) ;
#4654 = AXIS2_PLACEMENT_3D ( 'NONE', #5378, #3657, #4464 ) ;
#4655 = ADVANCED_FACE ( 'NONE', ( #1355 ), #1792, .F. ) ;
#4656 = VERTEX_POINT ( 'NONE', #3496 ) ;
#4657 = VECTOR ( 'NONE', #1788, 1000.000000000000114 ) ;
#4658 = ORIENTED_EDGE ( 'NONE', *, *, #3091, .T. ) ;
#4659 = CIRCLE ( 'NONE', #818, 1.600000000001310596 ) ;
#4660 = DIRECTION ( 'NONE',  ( -0.000000000000000000, -0.000000000000000000, -1.000000000000000000 ) ) ;
#4661 = CARTESIAN_POINT ( 'NONE',  ( -25.99999999999998934, -6.499999999988189003, 3.000000000000000000 ) ) ;
#4662 = ORIENTED_EDGE ( 'NONE', *, *, #4821, .F. ) ;
#4663 = AXIS2_PLACEMENT_3D ( 'NONE', #2834, #4590, #1097 ) ;
#4664 = ADVANCED_FACE ( 'NONE', ( #2227 ), #5220, .F. ) ;
#4665 = CIRCLE ( 'NONE', #3837, 1.599999999999997202 ) ;
#4666 = LINE ( 'NONE', #1633, #1186 ) ;
#4667 = DIRECTION ( 'NONE',  ( 1.000000000000000000, 0.000000000000000000, 0.000000000000000000 ) ) ;
#4668 = AXIS2_PLACEMENT_3D ( 'NONE', #4403, #4889, #18 ) ;
#4669 = CYLINDRICAL_SURFACE ( 'NONE', #2309, 1.600000000000000755 ) ;
#4670 = DIRECTION ( 'NONE',  ( 1.000000000000000000, 0.000000000000000000, 0.000000000000000000 ) ) ;
#4671 = DIRECTION ( 'NONE',  ( -0.000000000000000000, -0.000000000000000000, -1.000000000000000000 ) ) ;
#4672 = ORIENTED_EDGE ( 'NONE', *, *, #1877, .F. ) ;
#4673 = CARTESIAN_POINT ( 'NONE',  ( 0.000000000000000000, 102.0000000000000000, 3.000000000000000000 ) ) ;
#4674 = DIRECTION ( 'NONE',  ( -0.000000000000000000, -0.000000000000000000, -1.000000000000000000 ) ) ;
#4675 = CARTESIAN_POINT ( 'NONE',  ( 25.99999999999998934, -8.099999999988190424, 0.000000000000000000 ) ) ;
#4676 = DIRECTION ( 'NONE',  ( 0.000000000000000000, -0.000000000000000000, 1.000000000000000000 ) ) ;
#4677 = AXIS2_PLACEMENT_3D ( 'NONE', #3347, #2973, #2446 ) ;
#4678 = DIRECTION ( 'NONE',  ( -1.000000000000000000, 0.000000000000000000, 0.000000000000000000 ) ) ;
#4679 = ORIENTED_EDGE ( 'NONE', *, *, #1646, .T. ) ;
#4680 = ADVANCED_FACE ( 'NONE', ( #2143 ), #434, .F. ) ;
#4681 = DIRECTION ( 'NONE',  ( -1.000000000000000000, 0.000000000000000000, 0.000000000000000000 ) ) ;
#4682 = CIRCLE ( 'NONE', #3763, 1.599999999999997202 ) ;
#4683 = EDGE_LOOP ( 'NONE', ( #5366, #2926, #1169, #2289 ) ) ;
#4684 = ORIENTED_EDGE ( 'NONE', *, *, #2391, .F. ) ;
#4685 = EDGE_LOOP ( 'NONE', ( #2969, #3468, #533, #2482 ) ) ;
#4686 = AXIS2_PLACEMENT_3D ( 'NONE', #211, #4158, #1502 ) ;
#4687 = VERTEX_POINT ( 'NONE', #3073 ) ;
#4688 = CARTESIAN_POINT ( 'NONE',  ( 49.59999999995361719, -114.9999999999996874, 3.000000000000000000 ) ) ;
#4689 = ADVANCED_FACE ( 'NONE', ( #5657 ), #1332, .F. ) ;
#4690 = CARTESIAN_POINT ( 'NONE',  ( 71.50000000000005684, 1.500000000011825207, 0.000000000000000000 ) ) ;
#4691 = VERTEX_POINT ( 'NONE', #5632 ) ;
#4692 = VECTOR ( 'NONE', #4621, 1000.000000000000000 ) ;
#4693 = CARTESIAN_POINT ( 'NONE',  ( -17.59999999999817888, 36.50000000001182343, 3.000000000000000000 ) ) ;
#4694 = CYLINDRICAL_SURFACE ( 'NONE', #4117, 1.600000000000004086 ) ;
#4695 = EDGE_CURVE ( 'NONE', #411, #1042, #1232, .T. ) ;
#4696 = DIRECTION ( 'NONE',  ( 0.000000000000000000, 0.000000000000000000, 1.000000000000000000 ) ) ;
#4697 = DIRECTION ( 'NONE',  ( 0.000000000000000000, 0.000000000000000000, 1.000000000000000000 ) ) ;
#4698 = CARTESIAN_POINT ( 'NONE',  ( 51.00000000000000000, 94.99999999999997158, 0.000000000000000000 ) ) ;
#4699 = ORIENTED_EDGE ( 'NONE', *, *, #1403, .T. ) ;
#4700 = CARTESIAN_POINT ( 'NONE',  ( -73.09999999999998010, 1.500000000011825207, 3.000000000000000000 ) ) ;
#4701 = DIRECTION ( 'NONE',  ( 0.000000000000000000, 0.000000000000000000, 1.000000000000000000 ) ) ;
#4702 = CARTESIAN_POINT ( 'NONE',  ( 26.99999999999364064, -103.0000000000000000, 0.000000000000000000 ) ) ;
#4703 = FACE_OUTER_BOUND ( 'NONE', #2261, .T. ) ;
#4704 = AXIS2_PLACEMENT_3D ( 'NONE', #2673, #469, #1387 ) ;
#4705 = ORIENTED_EDGE ( 'NONE', *, *, #217, .T. ) ;
#4706 = LINE ( 'NONE', #1267, #5572 ) ;
#4707 = VERTEX_POINT ( 'NONE', #4793 ) ;
#4708 = DIRECTION ( 'NONE',  ( -1.000000000000000000, 0.000000000000000000, 0.000000000000000000 ) ) ;
#4709 = ORIENTED_EDGE ( 'NONE', *, *, #233, .T. ) ;
#4710 = EDGE_CURVE ( 'NONE', #585, #332, #5151, .T. ) ;
#4711 = VERTEX_POINT ( 'NONE', #3521 ) ;
#4712 = CARTESIAN_POINT ( 'NONE',  ( 0.000000000000000000, -115.0000000000000000, 3.000000000000000000 ) ) ;
#4713 = CYLINDRICAL_SURFACE ( 'NONE', #5199, 1.550000000000002709 ) ;
#4714 = EDGE_CURVE ( 'NONE', #560, #1019, #4420, .T. ) ;
#4715 = DIRECTION ( 'NONE',  ( 1.000000000000000000, 0.000000000000000000, 0.000000000000000000 ) ) ;
#4716 = FACE_OUTER_BOUND ( 'NONE', #691, .T. ) ;
#4717 = DIRECTION ( 'NONE',  ( 1.000000000000000000, -0.000000000000000000, -0.000000000000000000 ) ) ;
#4718 = CARTESIAN_POINT ( 'NONE',  ( 48.00000000000000000, -119.9999999999997726, 3.000000000000000000 ) ) ;
#4719 = CARTESIAN_POINT ( 'NONE',  ( 1.600000000001310596, 10.90000000001181846, 3.000000000000000000 ) ) ;
#4720 = EDGE_CURVE ( 'NONE', #9, #811, #5537, .T. ) ;
#4721 = VERTEX_POINT ( 'NONE', #3882 ) ;
#4722 = FACE_OUTER_BOUND ( 'NONE', #4386, .T. ) ;
#4723 = DIRECTION ( 'NONE',  ( 1.000000000000000000, 0.000000000000000000, 0.000000000000000000 ) ) ;
#4724 = CARTESIAN_POINT ( 'NONE',  ( 71.50000000000005684, 1.500000000011825207, 3.000000000000000000 ) ) ;
#4725 = DIRECTION ( 'NONE',  ( -0.9486832980502507562, -0.3162277660176268101, 0.000000000000000000 ) ) ;
#4726 = EDGE_CURVE ( 'NONE', #4902, #4964, #1608, .T. ) ;
#4727 = VERTEX_POINT ( 'NONE', #4334 ) ;
#4728 = CARTESIAN_POINT ( 'NONE',  ( 0.000000000000000000, -115.0000000000000000, 3.000000000000000000 ) ) ;
#4729 = ORIENTED_EDGE ( 'NONE', *, *, #3241, .F. ) ;
#4730 = DIRECTION ( 'NONE',  ( 0.000000000000000000, -1.000000000000000000, 0.000000000000000000 ) ) ;
#4731 = EDGE_LOOP ( 'NONE', ( #5071, #1986, #2399, #3498 ) ) ;
#4732 = VERTEX_POINT ( 'NONE', #4875 ) ;
#4733 = DIRECTION ( 'NONE',  ( 1.000000000000000000, 0.000000000000000000, 0.000000000000000000 ) ) ;
#4734 = AXIS2_PLACEMENT_3D ( 'NONE', #2378, #1522, #3590 ) ;
#4735 = VECTOR ( 'NONE', #4091, 1000.000000000000000 ) ;
#4736 = LINE ( 'NONE', #902, #4573 ) ;
#4737 = ORIENTED_EDGE ( 'NONE', *, *, #2147, .F. ) ;
#4738 = AXIS2_PLACEMENT_3D ( 'NONE', #4327, #403, #5153 ) ;
#4739 = AXIS2_PLACEMENT_3D ( 'NONE', #2711, #3165, #1027 ) ;
#4740 = CYLINDRICAL_SURFACE ( 'NONE', #3103, 1.599999999999962563 ) ;
#4741 = CARTESIAN_POINT ( 'NONE',  ( 80.00000000000000000, -10.00000000000000888, 0.000000000000000000 ) ) ;
#4742 = CARTESIAN_POINT ( 'NONE',  ( -25.44999999999366125, -73.00000000000001421, 3.000000000000000000 ) ) ;
#4743 = EDGE_CURVE ( 'NONE', #2260, #1594, #3694, .T. ) ;
#4744 = LINE ( 'NONE', #14, #1555 ) ;
#4745 = AXIS2_PLACEMENT_3D ( 'NONE', #4321, #1640, #5644 ) ;
#4746 = AXIS2_PLACEMENT_3D ( 'NONE', #3548, #1480, #5273 ) ;
#4747 = EDGE_LOOP ( 'NONE', ( #844, #1252, #1443, #996 ) ) ;
#4748 = VECTOR ( 'NONE', #2269, 1000.000000000000000 ) ;
#4749 = CIRCLE ( 'NONE', #1562, 1.550000000000002709 ) ;
#4750 = DIRECTION ( 'NONE',  ( 0.000000000000000000, 0.000000000000000000, 1.000000000000000000 ) ) ;
#4751 = DIRECTION ( 'NONE',  ( -0.7071067811864835129, -0.7071067811866116326, 0.000000000000000000 ) ) ;
#4752 = DIRECTION ( 'NONE',  ( 1.000000000000000000, 0.000000000000000000, 0.000000000000000000 ) ) ;
#4753 = EDGE_CURVE ( 'NONE', #3072, #4302, #2602, .T. ) ;
#4754 = CARTESIAN_POINT ( 'NONE',  ( -62.99999999999998579, -62.99999999999408828, 3.000000000000000000 ) ) ;
#4755 = CIRCLE ( 'NONE', #4025, 1.600000000000000755 ) ;
#4756 = EDGE_LOOP ( 'NONE', ( #4989, #890, #473, #4502, #4394 ) ) ;
#4757 = CARTESIAN_POINT ( 'NONE',  ( -6.000000000005223377, 19.50000000001181988, 0.000000000000000000 ) ) ;
#4758 = ORIENTED_EDGE ( 'NONE', *, *, #221, .T. ) ;
#4759 = EDGE_CURVE ( 'NONE', #33, #3489, #3055, .T. ) ;
#4760 = DIRECTION ( 'NONE',  ( -1.000000000000000000, -0.000000000000000000, -0.000000000000000000 ) ) ;
#4761 = EDGE_CURVE ( 'NONE', #5126, #4452, #4765, .T. ) ;
#4762 = AXIS2_PLACEMENT_3D ( 'NONE', #778, #4614, #4639 ) ;
#4763 = ORIENTED_EDGE ( 'NONE', *, *, #3410, .T. ) ;
#4764 = ORIENTED_EDGE ( 'NONE', *, *, #3539, .T. ) ;
#4765 = LINE ( 'NONE', #1307, #2958 ) ;
#4766 = DIRECTION ( 'NONE',  ( 0.000000000000000000, 0.000000000000000000, 1.000000000000000000 ) ) ;
#4767 = EDGE_LOOP ( 'NONE', ( #1588, #2138 ) ) ;
#4768 = ORIENTED_EDGE ( 'NONE', *, *, #893, .T. ) ;
#4769 = VERTEX_POINT ( 'NONE', #874 ) ;
#4770 = CARTESIAN_POINT ( 'NONE',  ( 71.50000000000005684, 1.500000000011825207, 3.000000000000000000 ) ) ;
#4771 = CARTESIAN_POINT ( 'NONE',  ( -8.000000000000000000, -82.99999999999998579, 3.000000000000000000 ) ) ;
#4772 = DIRECTION ( 'NONE',  ( -0.000000000000000000, -0.000000000000000000, -1.000000000000000000 ) ) ;
#4773 = DIRECTION ( 'NONE',  ( 1.000000000000000000, 0.000000000000000000, 0.000000000000000000 ) ) ;
#4774 = AXIS2_PLACEMENT_3D ( 'NONE', #292, #1241, #4725 ) ;
#4775 = VERTEX_POINT ( 'NONE', #5094 ) ;
#4776 =( GEOMETRIC_REPRESENTATION_CONTEXT ( 3 ) GLOBAL_UNCERTAINTY_ASSIGNED_CONTEXT ( ( #3069 ) ) GLOBAL_UNIT_ASSIGNED_CONTEXT ( ( #1456, #2372, #1055 ) ) REPRESENTATION_CONTEXT ( 'NONE', 'WORKASPACE' ) );
#4777 = VERTEX_POINT ( 'NONE', #92 ) ;
#4778 = EDGE_CURVE ( 'NONE', #1710, #44, #496, .T. ) ;
#4779 = CARTESIAN_POINT ( 'NONE',  ( -30.80000000000000071, -47.49999999998817657, 3.000000000000000000 ) ) ;
#4780 = DIRECTION ( 'NONE',  ( 0.7071067811866116326, -0.7071067811864835129, 0.000000000000000000 ) ) ;
#4781 = DIRECTION ( 'NONE',  ( 1.000000000000000000, 0.000000000000000000, 0.000000000000000000 ) ) ;
#4782 = LINE ( 'NONE', #50, #5285 ) ;
#4783 = ORIENTED_EDGE ( 'NONE', *, *, #5351, .T. ) ;
#4784 = EDGE_CURVE ( 'NONE', #2281, #2317, #2364, .T. ) ;
#4785 = EDGE_LOOP ( 'NONE', ( #2617, #2116, #4510, #4679 ) ) ;
#4786 = LINE ( 'NONE', #843, #4832 ) ;
#4787 = VERTEX_POINT ( 'NONE', #3608 ) ;
#4788 = CYLINDRICAL_SURFACE ( 'NONE', #3766, 1.600000000000004086 ) ;
#4789 = EDGE_CURVE ( 'NONE', #4787, #4691, #5069, .T. ) ;
#4790 = EDGE_CURVE ( 'NONE', #426, #1753, #5391, .T. ) ;
#4791 = ORIENTED_EDGE ( 'NONE', *, *, #1612, .F. ) ;
#4792 = VERTEX_POINT ( 'NONE', #592 ) ;
#4793 = CARTESIAN_POINT ( 'NONE',  ( -25.44999999999998863, 64.99999999999998579, 0.000000000000000000 ) ) ;
#4794 = CARTESIAN_POINT ( 'NONE',  ( -35.25000000000000000, 108.3999999999999915, 0.000000000000000000 ) ) ;
#4795 = VECTOR ( 'NONE', #4645, 1000.000000000000000 ) ;
#4796 = EDGE_LOOP ( 'NONE', ( #218, #2537, #1425, #596 ) ) ;
#4797 = EDGE_CURVE ( 'NONE', #5433, #4102, #4216, .T. ) ;
#4798 = CIRCLE ( 'NONE', #408, 1.600000000001991829 ) ;
#4799 = VERTEX_POINT ( 'NONE', #3784 ) ;
#4800 = LINE ( 'NONE', #2262, #2745 ) ;
#4801 = LINE ( 'NONE', #882, #2848 ) ;
#4802 = DIRECTION ( 'NONE',  ( 0.000000000000000000, 0.000000000000000000, 1.000000000000000000 ) ) ;
#4803 = CARTESIAN_POINT ( 'NONE',  ( 25.99999999999999645, -40.49999999998819078, 0.000000000000000000 ) ) ;
#4804 = ORIENTED_EDGE ( 'NONE', *, *, #1403, .F. ) ;
#4805 = VECTOR ( 'NONE', #5196, 1000.000000000000000 ) ;
#4806 = ORIENTED_EDGE ( 'NONE', *, *, #29, .F. ) ;
#4807 = CARTESIAN_POINT ( 'NONE',  ( -26.99999999999998934, 64.99999999999998579, 3.000000000000000000 ) ) ;
#4808 = DIRECTION ( 'NONE',  ( 0.000000000000000000, -0.000000000000000000, 1.000000000000000000 ) ) ;
#4809 = DIRECTION ( 'NONE',  ( 1.000000000000000000, 0.000000000000000000, 0.000000000000000000 ) ) ;
#4810 = DIRECTION ( 'NONE',  ( -1.000000000000000000, 0.000000000000000000, 0.000000000000000000 ) ) ;
#4811 = ORIENTED_EDGE ( 'NONE', *, *, #1891, .F. ) ;
#4812 = DIRECTION ( 'NONE',  ( 0.000000000000000000, 0.000000000000000000, 1.000000000000000000 ) ) ;
#4813 = ORIENTED_EDGE ( 'NONE', *, *, #1359, .T. ) ;
#4814 = DIRECTION ( 'NONE',  ( 1.000000000000000000, -0.000000000000000000, -0.000000000000000000 ) ) ;
#4815 = EDGE_CURVE ( 'NONE', #2260, #3196, #3240, .T. ) ;
#4816 = VERTEX_POINT ( 'NONE', #1018 ) ;
#4817 = CARTESIAN_POINT ( 'NONE',  ( 8.000000000000000000, 85.00000000000000000, 3.000000000000000000 ) ) ;
#4818 = EDGE_LOOP ( 'NONE', ( #5223, #1236 ) ) ;
#4819 = CARTESIAN_POINT ( 'NONE',  ( 35.25000000000000000, 110.0000000000000000, 0.000000000000000000 ) ) ;
#4820 = DIRECTION ( 'NONE',  ( -0.000000000000000000, -0.000000000000000000, -1.000000000000000000 ) ) ;
#4821 = EDGE_CURVE ( 'NONE', #3759, #5022, #1157, .T. ) ;
#4822 = EDGE_LOOP ( 'NONE', ( #678, #3852, #3634, #3711 ) ) ;
#4823 = EDGE_LOOP ( 'NONE', ( #5136, #1066, #3722, #3675, #5266 ) ) ;
#4824 = CARTESIAN_POINT ( 'NONE',  ( -8.000000000000000000, 75.00000000000000000, 3.000000000000000000 ) ) ;
#4825 = CARTESIAN_POINT ( 'NONE',  ( 58.40000000000300417, 10.90000000001181846, 3.000000000000000000 ) ) ;
#4826 = CARTESIAN_POINT ( 'NONE',  ( 0.000000000000000000, 64.99999999999886313, 3.000000000000000000 ) ) ;
#4827 = ADVANCED_FACE ( 'NONE', ( #3348 ), #3181, .F. ) ;
#4828 = CARTESIAN_POINT ( 'NONE',  ( 0.000000000000000000, 10.90000000001181846, 3.000000000000000000 ) ) ;
#4829 = EDGE_CURVE ( 'NONE', #5459, #1537, #4531, .T. ) ;
#4830 = ORIENTED_EDGE ( 'NONE', *, *, #4411, .F. ) ;
#4831 = CARTESIAN_POINT ( 'NONE',  ( 16.00000000000000000, 36.50000000001182343, 0.000000000000000000 ) ) ;
#4832 = VECTOR ( 'NONE', #3004, 1000.000000000000000 ) ;
#4833 = DIRECTION ( 'NONE',  ( 1.000000000000000000, 0.000000000000000000, 0.000000000000000000 ) ) ;
#4834 = CARTESIAN_POINT ( 'NONE',  ( 0.000000000000000000, 102.0000000000000000, 0.000000000000000000 ) ) ;
#4835 = AXIS2_PLACEMENT_3D ( 'NONE', #743, #5055, #2059 ) ;
#4836 = CARTESIAN_POINT ( 'NONE',  ( -6.000000000005223377, 17.90000000001181846, 0.000000000000000000 ) ) ;
#4837 = CIRCLE ( 'NONE', #2193, 1.599999999999997646 ) ;
#4838 = VECTOR ( 'NONE', #3991, 1000.000000000000000 ) ;
#4839 = ORIENTED_EDGE ( 'NONE', *, *, #1638, .F. ) ;
#4840 = DIRECTION ( 'NONE',  ( 0.9946184088907786824, 0.1036060842594474368, 0.000000000000000000 ) ) ;
#4841 = VERTEX_POINT ( 'NONE', #5422 ) ;
#4842 = CARTESIAN_POINT ( 'NONE',  ( 58.39999999999999858, -47.49999999998817657, 3.000000000000000000 ) ) ;
#4843 = VECTOR ( 'NONE', #1318, 1000.000000000000000 ) ;
#4844 = CIRCLE ( 'NONE', #652, 1.599999999999990319 ) ;
#4845 = ORIENTED_EDGE ( 'NONE', *, *, #3976, .F. ) ;
#4846 = CARTESIAN_POINT ( 'NONE',  ( 1.600000000001991829, 110.0000000000000000, 3.000000000000000000 ) ) ;
#4847 = EDGE_CURVE ( 'NONE', #4732, #3428, #1045, .T. ) ;
#4848 = ORIENTED_EDGE ( 'NONE', *, *, #2250, .F. ) ;
#4849 = CARTESIAN_POINT ( 'NONE',  ( -8.000000000000000000, 80.00000000000000000, 3.000000000000000000 ) ) ;
#4850 = LINE ( 'NONE', #2366, #1556 ) ;
#4851 = ADVANCED_FACE ( 'NONE', ( #3673 ), #3577, .F. ) ;
#4852 = VECTOR ( 'NONE', #887, 1000.000000000000000 ) ;
#4853 = ORIENTED_EDGE ( 'NONE', *, *, #4309, .F. ) ;
#4854 = PLANE ( 'NONE',  #3198 ) ;
#4855 = DIRECTION ( 'NONE',  ( 1.000000000000000000, 0.000000000000000000, 0.000000000000000000 ) ) ;
#4856 = CARTESIAN_POINT ( 'NONE',  ( 62.99999999995772981, -115.0000000000000000, 0.000000000000000000 ) ) ;
#4857 = LINE ( 'NONE', #3503, #1733 ) ;
#4858 = CIRCLE ( 'NONE', #1846, 1.599999999999997202 ) ;
#4859 = ORIENTED_EDGE ( 'NONE', *, *, #1810, .F. ) ;
#4860 = EDGE_CURVE ( 'NONE', #2166, #3178, #619, .T. ) ;
#4861 = LINE ( 'NONE', #5287, #1007 ) ;
#4862 = AXIS2_PLACEMENT_3D ( 'NONE', #3006, #4189, #267 ) ;
#4863 = DIRECTION ( 'NONE',  ( -0.000000000000000000, -0.000000000000000000, -1.000000000000000000 ) ) ;
#4864 = CYLINDRICAL_SURFACE ( 'NONE', #1614, 1.550000000000002709 ) ;
#4865 = DIRECTION ( 'NONE',  ( -0.000000000000000000, -0.000000000000000000, -1.000000000000000000 ) ) ;
#4866 = AXIS2_PLACEMENT_3D ( 'NONE', #5621, #1184, #5505 ) ;
#4867 = EDGE_CURVE ( 'NONE', #2423, #4609, #781, .T. ) ;
#4868 = ORIENTED_EDGE ( 'NONE', *, *, #2268, .F. ) ;
#4869 = DIRECTION ( 'NONE',  ( -0.000000000000000000, -0.000000000000000000, -1.000000000000000000 ) ) ;
#4870 = VERTEX_POINT ( 'NONE', #2047 ) ;
#4871 = CARTESIAN_POINT ( 'NONE',  ( -11.74999999999999645, 110.0000000000000000, 3.000000000000000000 ) ) ;
#4872 = VERTEX_POINT ( 'NONE', #5534 ) ;
#4873 = DIRECTION ( 'NONE',  ( 0.000000000000000000, 0.000000000000000000, 1.000000000000000000 ) ) ;
#4874 = VERTEX_POINT ( 'NONE', #4903 ) ;
#4875 = CARTESIAN_POINT ( 'NONE',  ( -63.00000000000000000, 104.0000000000106581, 3.000000000000000000 ) ) ;
#4876 = LINE ( 'NONE', #1448, #4380 ) ;
#4877 = ADVANCED_FACE ( 'NONE', ( #1873 ), #1509, .T. ) ;
#4878 = ORIENTED_EDGE ( 'NONE', *, *, #5427, .F. ) ;
#4879 = VERTEX_POINT ( 'NONE', #2760 ) ;
#4880 = ORIENTED_EDGE ( 'NONE', *, *, #776, .T. ) ;
#4881 = FACE_OUTER_BOUND ( 'NONE', #3932, .T. ) ;
#4882 = DIRECTION ( 'NONE',  ( 0.000000000000000000, 0.000000000000000000, 1.000000000000000000 ) ) ;
#4883 = CARTESIAN_POINT ( 'NONE',  ( 58.39999999999999858, -47.49999999998817657, 0.000000000000000000 ) ) ;
#4884 = DIRECTION ( 'NONE',  ( -0.000000000000000000, -0.000000000000000000, -1.000000000000000000 ) ) ;
#4886 = ORIENTED_EDGE ( 'NONE', *, *, #4588, .F. ) ;
#4885 = EDGE_CURVE ( 'NONE', #3343, #1116, #867, .T. ) ;
#4887 = CIRCLE ( 'NONE', #2434, 2.500000000000000888 ) ;
#4888 = VERTEX_POINT ( 'NONE', #152 ) ;
#4889 = DIRECTION ( 'NONE',  ( 0.000000000000000000, 0.000000000000000000, 1.000000000000000000 ) ) ;
#4890 = CARTESIAN_POINT ( 'NONE',  ( -35.25000000000000000, 111.6000000000000085, 3.000000000000000000 ) ) ;
#4891 = CARTESIAN_POINT ( 'NONE',  ( 11.74999999999999645, 111.6000000000000085, 3.000000000000000000 ) ) ;
#4892 = CARTESIAN_POINT ( 'NONE',  ( 16.00000000000000000, 36.50000000001182343, 3.000000000000000000 ) ) ;
#4893 = AXIS2_PLACEMENT_3D ( 'NONE', #5526, #3341, #2494 ) ;
#4894 = ADVANCED_FACE ( 'NONE', ( #1899 ), #757, .T. ) ;
#4895 = ORIENTED_EDGE ( 'NONE', *, *, #3987, .T. ) ;
#4896 = CARTESIAN_POINT ( 'NONE',  ( -47.99999999999993605, -119.9999999999995737, 3.000000000000000000 ) ) ;
#4897 =( NAMED_UNIT ( * ) PLANE_ANGLE_UNIT ( ) SI_UNIT ( $, .RADIAN. ) );
#4898 = CARTESIAN_POINT ( 'NONE',  ( -47.99999999999425171, -115.0000000000019611, 0.000000000000000000 ) ) ;
#4899 = EDGE_CURVE ( 'NONE', #1537, #5459, #4067, .T. ) ;
#4900 = ORIENTED_EDGE ( 'NONE', *, *, #5449, .F. ) ;
#4901 = FACE_BOUND ( 'NONE', #1079, .T. ) ;
#4902 = VERTEX_POINT ( 'NONE', #3432 ) ;
#4903 = CARTESIAN_POINT ( 'NONE',  ( 25.99999999999998934, -4.899999999988188470, 3.000000000000000000 ) ) ;
#4904 = CARTESIAN_POINT ( 'NONE',  ( -71.49999999999998579, 1.500000000011825207, 0.000000000000000000 ) ) ;
#4905 = VERTEX_POINT ( 'NONE', #1756 ) ;
#4906 = EDGE_LOOP ( 'NONE', ( #885, #2386 ) ) ;
#4907 = ORIENTED_EDGE ( 'NONE', *, *, #4753, .T. ) ;
#4908 = DIRECTION ( 'NONE',  ( -0.000000000000000000, -0.000000000000000000, -1.000000000000000000 ) ) ;
#4909 = CARTESIAN_POINT ( 'NONE',  ( 80.00000000000000000, -10.00000000000000888, 3.000000000000000000 ) ) ;
#4910 = CYLINDRICAL_SURFACE ( 'NONE', #3336, 1.550000000000002709 ) ;
#4911 = DIRECTION ( 'NONE',  ( 0.000000000000000000, 0.000000000000000000, 1.000000000000000000 ) ) ;
#4912 = ORIENTED_EDGE ( 'NONE', *, *, #3580, .T. ) ;
#4913 = LINE ( 'NONE', #1000, #5658 ) ;
#4914 = CARTESIAN_POINT ( 'NONE',  ( 1.599999999999997646, 64.99999999999886313, 3.000000000000000000 ) ) ;
#4915 = EDGE_CURVE ( 'NONE', #5186, #840, #319, .T. ) ;
#4916 = DIRECTION ( 'NONE',  ( 1.000000000000000000, 0.000000000000000000, 0.000000000000000000 ) ) ;
#4917 = PLANE ( 'NONE',  #2608 ) ;
#4918 = DIRECTION ( 'NONE',  ( 1.000000000000000000, 0.000000000000000000, 0.000000000000000000 ) ) ;
#4919 = CIRCLE ( 'NONE', #534, 1.599999999999990319 ) ;
#4920 = AXIS2_PLACEMENT_3D ( 'NONE', #720, #2040, #5089 ) ;
#4921 = CIRCLE ( 'NONE', #360, 1.549999999999999378 ) ;
#4922 = ORIENTED_EDGE ( 'NONE', *, *, #1336, .F. ) ;
#4923 = DIRECTION ( 'NONE',  ( -1.000000000000000000, -0.000000000000000000, -0.000000000000000000 ) ) ;
#4924 = DIRECTION ( 'NONE',  ( -0.000000000000000000, -0.000000000000000000, -1.000000000000000000 ) ) ;
#4925 = CARTESIAN_POINT ( 'NONE',  ( 69.90000000000007674, 1.500000000011825207, 3.000000000000000000 ) ) ;
#4926 = VECTOR ( 'NONE', #4869, 1000.000000000000000 ) ;
#4927 = CIRCLE ( 'NONE', #2195, 1.599999999999997202 ) ;
#4928 = VERTEX_POINT ( 'NONE', #5120 ) ;
#4929 = FACE_BOUND ( 'NONE', #1930, .T. ) ;
#4930 = EDGE_CURVE ( 'NONE', #4872, #54, #4336, .T. ) ;
#4931 = CIRCLE ( 'NONE', #5678, 1.549999999999995826 ) ;
#4932 = EDGE_CURVE ( 'NONE', #4707, #5649, #3505, .T. ) ;
#4933 = VERTEX_POINT ( 'NONE', #4675 ) ;
#4934 = DIRECTION ( 'NONE',  ( 0.000000000000000000, -1.000000000000000000, 0.000000000000000000 ) ) ;
#4935 = CARTESIAN_POINT ( 'NONE',  ( -8.000000000000000000, 75.00000000000000000, 3.000000000000000000 ) ) ;
#4936 = ORIENTED_EDGE ( 'NONE', *, *, #1219, .F. ) ;
#4937 = AXIS2_PLACEMENT_3D ( 'NONE', #2901, #275, #4733 ) ;
#4938 = ORIENTED_EDGE ( 'NONE', *, *, #3175, .F. ) ;
#4939 = ORIENTED_EDGE ( 'NONE', *, *, #2614, .F. ) ;
#4940 = CARTESIAN_POINT ( 'NONE',  ( 80.00000000000000000, -10.00000000000000888, 3.000000000000000000 ) ) ;
#4941 = STYLED_ITEM ( 'NONE', ( #1924 ), #113 ) ;
#4942 = DIRECTION ( 'NONE',  ( 1.000000000000000000, 0.000000000000000000, 0.000000000000000000 ) ) ;
#4943 = CARTESIAN_POINT ( 'NONE',  ( -25.99999999999999645, -38.89999999998819646, 3.000000000000000000 ) ) ;
#4944 = EDGE_LOOP ( 'NONE', ( #1836, #189 ) ) ;
#4945 = DIRECTION ( 'NONE',  ( -0.000000000000000000, -0.000000000000000000, -1.000000000000000000 ) ) ;
#4946 = FACE_BOUND ( 'NONE', #1784, .T. ) ;
#4947 = CARTESIAN_POINT ( 'NONE',  ( 58.39999999999999858, 1.500000000011825207, 3.000000000000000000 ) ) ;
#4948 = DIRECTION ( 'NONE',  ( 1.000000000000000000, 0.000000000000000000, 0.000000000000000000 ) ) ;
#4949 = DIRECTION ( 'NONE',  ( 1.000000000000000000, 0.000000000000000000, 0.000000000000000000 ) ) ;
#4950 = AXIS2_PLACEMENT_3D ( 'NONE', #3078, #4396, #2540 ) ;
#4951 = EDGE_CURVE ( 'NONE', #2868, #1685, #862, .T. ) ;
#4952 = AXIS2_PLACEMENT_3D ( 'NONE', #2695, #2189, #2278 ) ;
#4953 = EDGE_LOOP ( 'NONE', ( #2142, #2375 ) ) ;
#4954 = FACE_OUTER_BOUND ( 'NONE', #2533, .T. ) ;
#4955 = FACE_OUTER_BOUND ( 'NONE', #927, .T. ) ;
#4956 = ORIENTED_EDGE ( 'NONE', *, *, #4588, .T. ) ;
#4957 = DIRECTION ( 'NONE',  ( 0.000000000000000000, 1.000000000000000000, 0.000000000000000000 ) ) ;
#4958 = CIRCLE ( 'NONE', #676, 1.549999999999999378 ) ;
#4959 = ADVANCED_FACE ( 'NONE', ( #2075 ), #3872, .F. ) ;
#4960 = DIRECTION ( 'NONE',  ( 1.000000000000000000, 0.000000000000000000, 0.000000000000000000 ) ) ;
#4961 = ORIENTED_EDGE ( 'NONE', *, *, #4867, .F. ) ;
#4962 = CARTESIAN_POINT ( 'NONE',  ( 50.99999999999364064, -103.0000000000000000, 3.000000000000000000 ) ) ;
#4963 = CARTESIAN_POINT ( 'NONE',  ( -49.44999999999998863, 94.99999999999998579, 3.000000000000000000 ) ) ;
#4964 = VERTEX_POINT ( 'NONE', #2525 ) ;
#4965 = EDGE_CURVE ( 'NONE', #3857, #1853, #5154, .T. ) ;
#4966 = VERTEX_POINT ( 'NONE', #2182 ) ;
#4967 = ORIENTED_EDGE ( 'NONE', *, *, #3885, .F. ) ;
#4968 = PLANE ( 'NONE',  #458 ) ;
#4969 = CARTESIAN_POINT ( 'NONE',  ( -14.39999999999817781, 36.50000000001182343, 3.000000000000000000 ) ) ;
#4970 = AXIS2_PLACEMENT_3D ( 'NONE', #3359, #771, #5106 ) ;
#4971 = EDGE_LOOP ( 'NONE', ( #4886, #5622 ) ) ;
#4972 = EDGE_CURVE ( 'NONE', #4816, #3974, #3968, .T. ) ;
#4973 = DIRECTION ( 'NONE',  ( 1.000000000000000000, 0.000000000000000000, 0.000000000000000000 ) ) ;
#4974 = DIRECTION ( 'NONE',  ( 1.000000000000000000, 0.000000000000000000, 0.000000000000000000 ) ) ;
#4975 = DIRECTION ( 'NONE',  ( -1.000000000000000000, 0.000000000000000000, 0.000000000000000000 ) ) ;
#4976 = CARTESIAN_POINT ( 'NONE',  ( -15.99999999999817923, 36.50000000001182343, 3.000000000000000000 ) ) ;
#4977 = CARTESIAN_POINT ( 'NONE',  ( -17.59999999999817888, 36.50000000001182343, 0.000000000000000000 ) ) ;
#4978 = ORIENTED_EDGE ( 'NONE', *, *, #2384, .T. ) ;
#4979 = DIRECTION ( 'NONE',  ( 0.9946184088907782384, -0.1036060842594512671, 0.000000000000000000 ) ) ;
#4980 = VECTOR ( 'NONE', #4948, 1000.000000000000000 ) ;
#4981 = DIRECTION ( 'NONE',  ( 1.000000000000000000, 0.000000000000000000, 0.000000000000000000 ) ) ;
#4982 = DIRECTION ( 'NONE',  ( -0.000000000000000000, -0.000000000000000000, -1.000000000000000000 ) ) ;
#4983 = ORIENTED_EDGE ( 'NONE', *, *, #3915, .T. ) ;
#4984 = DIRECTION ( 'NONE',  ( -0.000000000000000000, -0.000000000000000000, -1.000000000000000000 ) ) ;
#4985 = ORIENTED_EDGE ( 'NONE', *, *, #2208, .F. ) ;
#4986 = DIRECTION ( 'NONE',  ( 0.9486832980502507562, 0.3162277660176268657, 0.000000000000000000 ) ) ;
#4987 = EDGE_CURVE ( 'NONE', #301, #3344, #3884, .T. ) ;
#4988 = DIRECTION ( 'NONE',  ( -0.000000000000000000, -0.000000000000000000, -1.000000000000000000 ) ) ;
#4989 = ORIENTED_EDGE ( 'NONE', *, *, #3597, .T. ) ;
#4990 = ORIENTED_EDGE ( 'NONE', *, *, #1336, .T. ) ;
#4991 = EDGE_LOOP ( 'NONE', ( #3853, #31, #4445, #5446 ) ) ;
#4992 = DIRECTION ( 'NONE',  ( -0.000000000000000000, -0.000000000000000000, -1.000000000000000000 ) ) ;
#4993 = EDGE_CURVE ( 'NONE', #2266, #770, #4340, .T. ) ;
#4994 = EDGE_CURVE ( 'NONE', #3752, #570, #789, .T. ) ;
#4995 = SURFACE_STYLE_USAGE ( .BOTH. , #3249 ) ;
#4996 = DIRECTION ( 'NONE',  ( 1.000000000000000000, 0.000000000000000000, 0.000000000000000000 ) ) ;
#4997 = ORIENTED_EDGE ( 'NONE', *, *, #3786, .T. ) ;
#4998 = CARTESIAN_POINT ( 'NONE',  ( 25.99999999999999645, -42.09999999998818510, 0.000000000000000000 ) ) ;
#4999 = FACE_BOUND ( 'NONE', #3983, .T. ) ;
#5000 = EDGE_CURVE ( 'NONE', #3330, #2868, #4269, .T. ) ;
#5001 = EDGE_CURVE ( 'NONE', #3269, #3962, #837, .T. ) ;
#5002 = DIRECTION ( 'NONE',  ( 0.000000000000000000, 0.000000000000000000, 1.000000000000000000 ) ) ;
#5003 = LINE ( 'NONE', #1950, #1060 ) ;
#5004 = CARTESIAN_POINT ( 'NONE',  ( -47.99999999999993605, -119.9999999999995737, 3.000000000000000000 ) ) ;
#5005 = ORIENTED_EDGE ( 'NONE', *, *, #313, .T. ) ;
#5006 = CARTESIAN_POINT ( 'NONE',  ( 10.00000000000000355, 40.00000000000000000, 3.000000000000000000 ) ) ;
#5007 = AXIS2_PLACEMENT_3D ( 'NONE', #2879, #1661, #3420 ) ;
#5008 = CARTESIAN_POINT ( 'NONE',  ( 51.00000000000000000, 94.99999999999997158, 3.000000000000000000 ) ) ;
#5009 = DIRECTION ( 'NONE',  ( 1.000000000000000000, 0.000000000000000000, 0.000000000000000000 ) ) ;
#5010 = AXIS2_PLACEMENT_3D ( 'NONE', #3565, #2356, #142 ) ;
#5011 = ORIENTED_EDGE ( 'NONE', *, *, #1995, .F. ) ;
#5012 = DIRECTION ( 'NONE',  ( -1.000000000000000000, -0.000000000000000000, -0.000000000000000000 ) ) ;
#5013 = ORIENTED_EDGE ( 'NONE', *, *, #1578, .T. ) ;
#5014 = CIRCLE ( 'NONE', #268, 1.550000000000002709 ) ;
#5015 = CIRCLE ( 'NONE', #263, 1.550000000000002709 ) ;
#5016 = CARTESIAN_POINT ( 'NONE',  ( -47.00000000000000000, 110.0000000000000000, 0.000000000000000000 ) ) ;
#5017 = EDGE_LOOP ( 'NONE', ( #930, #3481 ) ) ;
#5018 = EDGE_CURVE ( 'NONE', #4727, #2332, #2962, .T. ) ;
#5019 = CIRCLE ( 'NONE', #2199, 1.600000000000000755 ) ;
#5020 = EDGE_LOOP ( 'NONE', ( #4545, #1727, #820, #5402 ) ) ;
#5021 = AXIS2_PLACEMENT_3D ( 'NONE', #2342, #4481, #3640 ) ;
#5022 = VERTEX_POINT ( 'NONE', #3897 ) ;
#5023 = DIRECTION ( 'NONE',  ( -1.000000000000000000, 0.000000000000000000, 0.000000000000000000 ) ) ;
#5024 =( NAMED_UNIT ( * ) PLANE_ANGLE_UNIT ( ) SI_UNIT ( $, .RADIAN. ) );
#5025 = DIRECTION ( 'NONE',  ( 0.000000000000000000, 0.000000000000000000, 1.000000000000000000 ) ) ;
#5026 = AXIS2_PLACEMENT_3D ( 'NONE', #3019, #4342, #2231 ) ;
#5027 = ORIENTED_EDGE ( 'NONE', *, *, #4829, .T. ) ;
#5028 = ORIENTED_EDGE ( 'NONE', *, *, #3075, .T. ) ;
#5029 = EDGE_CURVE ( 'NONE', #2455, #1392, #1516, .T. ) ;
#5030 = CARTESIAN_POINT ( 'NONE',  ( -25.99999999999998934, -6.499999999988189003, 3.000000000000000000 ) ) ;
#5031 = CARTESIAN_POINT ( 'NONE',  ( -50.99999999999999289, 64.99999999999998579, 3.000000000000000000 ) ) ;
#5032 = DIRECTION ( 'NONE',  ( -1.000000000000000000, 0.000000000000000000, 0.000000000000000000 ) ) ;
#5033 = CARTESIAN_POINT ( 'NONE',  ( -62.99999999999997158, 36.48713711185290975, 0.000000000000000000 ) ) ;
#5034 = DIRECTION ( 'NONE',  ( 1.000000000000000000, 0.000000000000000000, 0.000000000000000000 ) ) ;
#5035 = ADVANCED_FACE ( 'NONE', ( #399 ), #4323, .F. ) ;
#5036 = ORIENTED_EDGE ( 'NONE', *, *, #4648, .T. ) ;
#5037 = CYLINDRICAL_SURFACE ( 'NONE', #5198, 1.599999999999997202 ) ;
#5038 = AXIS2_PLACEMENT_3D ( 'NONE', #368, #3863, #1693 ) ;
#5039 = DIRECTION ( 'NONE',  ( -0.000000000000000000, -0.000000000000000000, -1.000000000000000000 ) ) ;
#5040 = DIRECTION ( 'NONE',  ( 1.000000000000000000, 0.000000000000000000, 0.000000000000000000 ) ) ;
#5041 = AXIS2_PLACEMENT_3D ( 'NONE', #4825, #2176, #3911 ) ;
#5042 = EDGE_CURVE ( 'NONE', #712, #1709, #3920, .T. ) ;
#5043 = VERTEX_POINT ( 'NONE', #515 ) ;
#5044 = CARTESIAN_POINT ( 'NONE',  ( -62.99999999999998579, 19.50000000001181988, 3.000000000000000000 ) ) ;
#5045 = VERTEX_POINT ( 'NONE', #2303 ) ;
#5046 = CARTESIAN_POINT ( 'NONE',  ( 47.00000000000000000, 120.0000000000106581, 3.000000000000000000 ) ) ;
#5047 = VECTOR ( 'NONE', #463, 1000.000000000000000 ) ;
#5048 = DIRECTION ( 'NONE',  ( 1.000000000000000000, 0.000000000000000000, 0.000000000000000000 ) ) ;
#5049 = ORIENTED_EDGE ( 'NONE', *, *, #1689, .F. ) ;
#5050 = ORIENTED_EDGE ( 'NONE', *, *, #4393, .T. ) ;
#5051 = VERTEX_POINT ( 'NONE', #79 ) ;
#5052 = CARTESIAN_POINT ( 'NONE',  ( 0.000000000000000000, 102.0000000000000000, 0.000000000000000000 ) ) ;
#5053 = DIRECTION ( 'NONE',  ( 0.000000000000000000, 0.000000000000000000, 1.000000000000000000 ) ) ;
#5054 = EDGE_CURVE ( 'NONE', #4341, #5522, #4432, .T. ) ;
#5055 = DIRECTION ( 'NONE',  ( -0.000000000000000000, -0.000000000000000000, -1.000000000000000000 ) ) ;
#5056 = ORIENTED_EDGE ( 'NONE', *, *, #3625, .F. ) ;
#5057 = ORIENTED_EDGE ( 'NONE', *, *, #94, .F. ) ;
#5058 = CARTESIAN_POINT ( 'NONE',  ( 26.99999999999364064, -103.0000000000000000, 3.000000000000000000 ) ) ;
#5059 = CARTESIAN_POINT ( 'NONE',  ( -45.39999999999999858, 110.0000000000000000, 0.000000000000000000 ) ) ;
#5060 = CARTESIAN_POINT ( 'NONE',  ( 28.54999999999999716, 94.99999999999998579, 3.000000000000000000 ) ) ;
#5061 = DIRECTION ( 'NONE',  ( 0.000000000000000000, -0.000000000000000000, -1.000000000000000000 ) ) ;
#5062 = ADVANCED_FACE ( 'NONE', ( #4376 ), #4864, .F. ) ;
#5063 = CARTESIAN_POINT ( 'NONE',  ( -25.99999999999998934, -6.499999999988189003, 3.000000000000000000 ) ) ;
#5064 = VECTOR ( 'NONE', #3128, 1000.000000000000000 ) ;
#5065 = ORIENTED_EDGE ( 'NONE', *, *, #1586, .T. ) ;
#5066 = LINE ( 'NONE', #2862, #3188 ) ;
#5067 = DIRECTION ( 'NONE',  ( -1.000000000000000000, -1.467080425397528682E-13, 0.000000000000000000 ) ) ;
#5068 = CARTESIAN_POINT ( 'NONE',  ( 25.44999999999363993, -103.0000000000000000, 3.000000000000000000 ) ) ;
#5069 = CIRCLE ( 'NONE', #3596, 1.600000000000000755 ) ;
#5070 = EDGE_CURVE ( 'NONE', #123, #5108, #3150, .T. ) ;
#5071 = ORIENTED_EDGE ( 'NONE', *, *, #2865, .F. ) ;
#5072 = VECTOR ( 'NONE', #1406, 1000.000000000000000 ) ;
#5073 = CARTESIAN_POINT ( 'NONE',  ( -26.00000000000522249, 19.50000000001181988, 0.000000000000000000 ) ) ;
#5074 = ORIENTED_EDGE ( 'NONE', *, *, #5168, .F. ) ;
#5075 = DIRECTION ( 'NONE',  ( 0.000000000000000000, -0.000000000000000000, -1.000000000000000000 ) ) ;
#5076 = EDGE_CURVE ( 'NONE', #1688, #3857, #3564, .T. ) ;
#5077 = DIRECTION ( 'NONE',  ( -0.000000000000000000, -1.000000000000000000, -0.000000000000000000 ) ) ;
#5078 = AXIS2_PLACEMENT_3D ( 'NONE', #1718, #4772, #801 ) ;
#5079 = VERTEX_POINT ( 'NONE', #2213 ) ;
#5080 = ORIENTED_EDGE ( 'NONE', *, *, #4475, .F. ) ;
#5081 = DIRECTION ( 'NONE',  ( 0.000000000000000000, 0.000000000000000000, 1.000000000000000000 ) ) ;
#5082 = CARTESIAN_POINT ( 'NONE',  ( -1.599999999999997646, 64.99999999999886313, 0.000000000000000000 ) ) ;
#5083 = ORIENTED_EDGE ( 'NONE', *, *, #5449, .T. ) ;
#5084 = VERTEX_POINT ( 'NONE', #2240 ) ;
#5085 = DIRECTION ( 'NONE',  ( -0.000000000000000000, -0.000000000000000000, -1.000000000000000000 ) ) ;
#5086 = FACE_OUTER_BOUND ( 'NONE', #1337, .T. ) ;
#5087 = CARTESIAN_POINT ( 'NONE',  ( 14.40000000000000036, 36.50000000001182343, 3.000000000000000000 ) ) ;
#5088 = CARTESIAN_POINT ( 'NONE',  ( -14.00000000000023093, -106.4000000000040984, 3.000000000000000000 ) ) ;
#5089 = DIRECTION ( 'NONE',  ( 1.000000000000000000, 0.000000000000000000, 0.000000000000000000 ) ) ;
#5090 = ADVANCED_FACE ( 'NONE', ( #3509 ), #1863, .F. ) ;
#5091 = ORIENTED_EDGE ( 'NONE', *, *, #5000, .F. ) ;
#5092 = CARTESIAN_POINT ( 'NONE',  ( 80.00000000000000000, 36.50000000001485034, 0.000000000000000000 ) ) ;
#5093 = CARTESIAN_POINT ( 'NONE',  ( 8.000000000000000000, 80.00000000000000000, 3.000000000000000000 ) ) ;
#5094 = CARTESIAN_POINT ( 'NONE',  ( 25.99999999999999645, -38.89999999998819646, 3.000000000000000000 ) ) ;
#5095 = CARTESIAN_POINT ( 'NONE',  ( -25.44999999999366125, -103.0000000000000142, 3.000000000000000000 ) ) ;
#5096 = EDGE_CURVE ( 'NONE', #5522, #4341, #1876, .T. ) ;
#5097 = CYLINDRICAL_SURFACE ( 'NONE', #4738, 1.600000000000000755 ) ;
#5098 = ORIENTED_EDGE ( 'NONE', *, *, #3780, .T. ) ;
#5099 = DIRECTION ( 'NONE',  ( -0.000000000000000000, -0.000000000000000000, -1.000000000000000000 ) ) ;
#5100 = VECTOR ( 'NONE', #5077, 1000.000000000000000 ) ;
#5101 = EDGE_CURVE ( 'NONE', #3068, #4547, #948, .T. ) ;
#5102 = ORIENTED_EDGE ( 'NONE', *, *, #4409, .F. ) ;
#5103 = CIRCLE ( 'NONE', #3086, 2.500000000000000888 ) ;
#5104 = EDGE_LOOP ( 'NONE', ( #357, #1627, #2444, #3016 ) ) ;
#5105 = AXIS2_PLACEMENT_3D ( 'NONE', #3138, #3648, #3617 ) ;
#5106 = DIRECTION ( 'NONE',  ( 1.000000000000000000, 0.000000000000000000, 0.000000000000000000 ) ) ;
#5107 = DIRECTION ( 'NONE',  ( 0.000000000000000000, 0.000000000000000000, 1.000000000000000000 ) ) ;
#5108 = VERTEX_POINT ( 'NONE', #5290 ) ;
#5109 = CIRCLE ( 'NONE', #4292, 1.599999999999955680 ) ;
#5110 = CARTESIAN_POINT ( 'NONE',  ( -56.80000000000300275, 10.90000000001181846, 3.000000000000000000 ) ) ;
#5111 = FACE_BOUND ( 'NONE', #3491, .T. ) ;
#5112 = VECTOR ( 'NONE', #2464, 1000.000000000000000 ) ;
#5113 = DIRECTION ( 'NONE',  ( 1.000000000000000000, 0.000000000000000000, 0.000000000000000000 ) ) ;
#5114 = DIRECTION ( 'NONE',  ( -0.000000000000000000, -0.000000000000000000, -1.000000000000000000 ) ) ;
#5115 = DIRECTION ( 'NONE',  ( 0.000000000000000000, 0.000000000000000000, 1.000000000000000000 ) ) ;
#5116 = CIRCLE ( 'NONE', #4385, 1.599999999999997646 ) ;
#5117 = ORIENTED_EDGE ( 'NONE', *, *, #3835, .F. ) ;
#5118 = CYLINDRICAL_SURFACE ( 'NONE', #5673, 2.500000000000000888 ) ;
#5119 = DIRECTION ( 'NONE',  ( -1.000000000000000000, 0.000000000000000000, 0.000000000000000000 ) ) ;
#5120 = CARTESIAN_POINT ( 'NONE',  ( 35.25000000000000000, 108.3999999999999915, 3.000000000000000000 ) ) ;
#5121 = CYLINDRICAL_SURFACE ( 'NONE', #297, 1.550000000000002709 ) ;
#5122 = VECTOR ( 'NONE', #1011, 1000.000000000000000 ) ;
#5123 = ADVANCED_FACE ( 'NONE', ( #1345 ), #4406, .F. ) ;
#5124 = VECTOR ( 'NONE', #3057, 1000.000000000000000 ) ;
#5125 = LINE ( 'NONE', #5212, #4008 ) ;
#5126 = VERTEX_POINT ( 'NONE', #1888 ) ;
#5127 = CARTESIAN_POINT ( 'NONE',  ( -1.599999999999998312, -47.49999999998817657, 0.000000000000000000 ) ) ;
#5128 = EDGE_CURVE ( 'NONE', #4727, #3972, #456, .T. ) ;
#5129 = VECTOR ( 'NONE', #2909, 1000.000000000000000 ) ;
#5130 = ORIENTED_EDGE ( 'NONE', *, *, #180, .F. ) ;
#5131 = ORIENTED_EDGE ( 'NONE', *, *, #3210, .T. ) ;
#5132 = AXIS2_PLACEMENT_3D ( 'NONE', #3353, #5099, #4681 ) ;
#5133 = EDGE_LOOP ( 'NONE', ( #5065, #135 ) ) ;
#5134 = DIRECTION ( 'NONE',  ( -1.000000000000000000, -0.000000000000000000, -0.000000000000000000 ) ) ;
#5135 = DIRECTION ( 'NONE',  ( 0.000000000000000000, 0.000000000000000000, 1.000000000000000000 ) ) ;
#5137 = EDGE_CURVE ( 'NONE', #9, #4455, #5348, .T. ) ;
#5136 = ORIENTED_EDGE ( 'NONE', *, *, #5419, .T. ) ;
#5138 = ORIENTED_EDGE ( 'NONE', *, *, #3315, .T. ) ;
#5139 = VECTOR ( 'NONE', #3785, 1000.000000000000000 ) ;
#5140 = LINE ( 'NONE', #251, #5188 ) ;
#5141 = FACE_BOUND ( 'NONE', #4053, .T. ) ;
#5142 = CARTESIAN_POINT ( 'NONE',  ( 0.000000000000000000, 64.99999999999886313, 3.000000000000000000 ) ) ;
#5143 = LINE ( 'NONE', #4718, #5256 ) ;
#5144 = CARTESIAN_POINT ( 'NONE',  ( 30.80000000000149996, 10.90000000001181846, 3.000000000000000000 ) ) ;
#5145 = EDGE_CURVE ( 'NONE', #4186, #2407, #1435, .T. ) ;
#5146 = ORIENTED_EDGE ( 'NONE', *, *, #3132, .F. ) ;
#5147 = DIRECTION ( 'NONE',  ( 1.000000000000000000, 0.000000000000000000, 0.000000000000000000 ) ) ;
#5148 = DIRECTION ( 'NONE',  ( 1.000000000000000000, 0.000000000000000000, 0.000000000000000000 ) ) ;
#5149 = DIRECTION ( 'NONE',  ( -1.000000000000000000, 0.000000000000000000, 0.000000000000000000 ) ) ;
#5150 = FACE_OUTER_BOUND ( 'NONE', #3436, .T. ) ;
#5151 = CIRCLE ( 'NONE', #3050, 1.600000000000004086 ) ;
#5152 = ORIENTED_EDGE ( 'NONE', *, *, #5410, .T. ) ;
#5153 = DIRECTION ( 'NONE',  ( -1.000000000000000000, 0.000000000000000000, 0.000000000000000000 ) ) ;
#5154 = CIRCLE ( 'NONE', #30, 1.600000000000000755 ) ;
#5155 = VERTEX_POINT ( 'NONE', #973 ) ;
#5156 = DIRECTION ( 'NONE',  ( 0.9946184088907786824, 0.1036060842594474368, 0.000000000000000000 ) ) ;
#5157 = ORIENTED_EDGE ( 'NONE', *, *, #877, .F. ) ;
#5158 = AXIS2_PLACEMENT_3D ( 'NONE', #3594, #5323, #4037 ) ;
#5159 = ORIENTED_EDGE ( 'NONE', *, *, #2314, .T. ) ;
#5160 = ORIENTED_EDGE ( 'NONE', *, *, #2391, .T. ) ;
#5161 = EDGE_LOOP ( 'NONE', ( #4401, #5601, #1102, #4600 ) ) ;
#5162 = ADVANCED_FACE ( 'NONE', ( #112 ), #4917, .F. ) ;
#5163 = ORIENTED_EDGE ( 'NONE', *, *, #4899, .T. ) ;
#5164 = DIRECTION ( 'NONE',  ( -0.000000000000000000, -0.000000000000000000, -1.000000000000000000 ) ) ;
#5165 = VECTOR ( 'NONE', #3425, 1000.000000000000000 ) ;
#5166 = CARTESIAN_POINT ( 'NONE',  ( -26.99999999999998934, 94.99999999999998579, 3.000000000000000000 ) ) ;
#5167 = VERTEX_POINT ( 'NONE', #2687 ) ;
#5168 = EDGE_CURVE ( 'NONE', #5531, #379, #4625, .T. ) ;
#5169 = DIRECTION ( 'NONE',  ( -0.000000000000000000, -0.000000000000000000, -1.000000000000000000 ) ) ;
#5170 = CARTESIAN_POINT ( 'NONE',  ( 0.000000000000000000, 10.90000000001181846, 3.000000000000000000 ) ) ;
#5171 = CARTESIAN_POINT ( 'NONE',  ( -52.54999999999999005, 64.99999999999998579, 3.000000000000000000 ) ) ;
#5172 = FACE_OUTER_BOUND ( 'NONE', #2672, .T. ) ;
#5173 = EDGE_LOOP ( 'NONE', ( #5680, #2154 ) ) ;
#5174 = EDGE_CURVE ( 'NONE', #3178, #945, #4070, .T. ) ;
#5175 = ADVANCED_FACE ( 'NONE', ( #3623 ), #1320, .F. ) ;
#5176 = LINE ( 'NONE', #4296, #912 ) ;
#5177 = CARTESIAN_POINT ( 'NONE',  ( -47.00000000000000000, 120.0000000000106581, 3.000000000000000000 ) ) ;
#5178 = DIRECTION ( 'NONE',  ( 0.000000000000000000, 0.000000000000000000, 1.000000000000000000 ) ) ;
#5179 = FACE_OUTER_BOUND ( 'NONE', #1944, .T. ) ;
#5180 = ORIENTED_EDGE ( 'NONE', *, *, #4951, .T. ) ;
#5181 = DIRECTION ( 'NONE',  ( 0.000000000000000000, 0.000000000000000000, 1.000000000000000000 ) ) ;
#5182 = VERTEX_POINT ( 'NONE', #166 ) ;
#5183 = FACE_OUTER_BOUND ( 'NONE', #2051, .T. ) ;
#5184 = ORIENTED_EDGE ( 'NONE', *, *, #5538, .F. ) ;
#5185 = ORIENTED_EDGE ( 'NONE', *, *, #2522, .F. ) ;
#5186 = VERTEX_POINT ( 'NONE', #666 ) ;
#5187 = CARTESIAN_POINT ( 'NONE',  ( 29.20000000000150209, 10.90000000001181846, 3.000000000000000000 ) ) ;
#5188 = VECTOR ( 'NONE', #775, 1000.000000000000000 ) ;
#5189 = VECTOR ( 'NONE', #5408, 1000.000000000000000 ) ;
#5190 = CARTESIAN_POINT ( 'NONE',  ( 35.25000000000000000, 110.0000000000000000, 3.000000000000000000 ) ) ;
#5191 = EDGE_CURVE ( 'NONE', #2267, #3159, #3332, .T. ) ;
#5192 = ORIENTED_EDGE ( 'NONE', *, *, #3892, .F. ) ;
#5193 = ORIENTED_EDGE ( 'NONE', *, *, #4915, .F. ) ;
#5194 = CARTESIAN_POINT ( 'NONE',  ( 52.54999999999999716, 94.99999999999997158, 0.000000000000000000 ) ) ;
#5195 = CYLINDRICAL_SURFACE ( 'NONE', #2129, 1.600000000000004086 ) ;
#5196 = DIRECTION ( 'NONE',  ( -0.000000000000000000, -0.000000000000000000, -1.000000000000000000 ) ) ;
#5197 = DIRECTION ( 'NONE',  ( 1.000000000000000000, 0.000000000000000000, 0.000000000000000000 ) ) ;
#5198 = AXIS2_PLACEMENT_3D ( 'NONE', #5502, #614, #2359 ) ;
#5199 = AXIS2_PLACEMENT_3D ( 'NONE', #2647, #391, #1308 ) ;
#5200 = EDGE_CURVE ( 'NONE', #699, #4569, #4161, .T. ) ;
#5201 = ORIENTED_EDGE ( 'NONE', *, *, #2756, .F. ) ;
#5202 = CIRCLE ( 'NONE', #3195, 1.599999999999990319 ) ;
#5203 = CIRCLE ( 'NONE', #1180, 5.000000000000004441 ) ;
#5204 = DIRECTION ( 'NONE',  ( -0.000000000000000000, -0.000000000000000000, -1.000000000000000000 ) ) ;
#5205 = PLANE ( 'NONE',  #1838 ) ;
#5206 = CARTESIAN_POINT ( 'NONE',  ( -26.00000000000522249, 17.90000000001181846, 0.000000000000000000 ) ) ;
#5207 = DIRECTION ( 'NONE',  ( -0.000000000000000000, -0.000000000000000000, -1.000000000000000000 ) ) ;
#5208 = EDGE_CURVE ( 'NONE', #2510, #3127, #4887, .T. ) ;
#5209 = AXIS2_PLACEMENT_3D ( 'NONE', #2457, #5081, #4197 ) ;
#5210 = EDGE_CURVE ( 'NONE', #3707, #3266, #5629, .T. ) ;
#5211 = ORIENTED_EDGE ( 'NONE', *, *, #5528, .F. ) ;
#5212 = CARTESIAN_POINT ( 'NONE',  ( 46.39999999995362145, -114.9999999999996874, 3.000000000000000000 ) ) ;
#5213 = MECHANICAL_DESIGN_GEOMETRIC_PRESENTATION_REPRESENTATION (  '', ( #4941 ), #2568 ) ;
#5214 = ORIENTED_EDGE ( 'NONE', *, *, #1890, .F. ) ;
#5215 = LINE ( 'NONE', #1809, #5047 ) ;
#5216 = EDGE_CURVE ( 'NONE', #1853, #4933, #4152, .T. ) ;
#5217 = VECTOR ( 'NONE', #398, 1000.000000000000000 ) ;
#5218 = EDGE_LOOP ( 'NONE', ( #1648, #868 ) ) ;
#5219 = ORIENTED_EDGE ( 'NONE', *, *, #3589, .F. ) ;
#5220 = CYLINDRICAL_SURFACE ( 'NONE', #28, 1.600000000000004086 ) ;
#5221 = AXIS2_PLACEMENT_3D ( 'NONE', #1283, #5228, #829 ) ;
#5222 = LINE ( 'NONE', #1227, #5388 ) ;
#5223 = ORIENTED_EDGE ( 'NONE', *, *, #239, .T. ) ;
#5224 = VECTOR ( 'NONE', #4814, 1000.000000000000000 ) ;
#5225 = ORIENTED_EDGE ( 'NONE', *, *, #2588, .F. ) ;
#5226 = ORIENTED_EDGE ( 'NONE', *, *, #353, .F. ) ;
#5227 = DIRECTION ( 'NONE',  ( -0.000000000000000000, -0.000000000000000000, -1.000000000000000000 ) ) ;
#5228 = DIRECTION ( 'NONE',  ( 0.000000000000000000, 0.000000000000000000, 1.000000000000000000 ) ) ;
#5229 = LINE ( 'NONE', #4856, #2316 ) ;
#5230 = LINE ( 'NONE', #1315, #2732 ) ;
#5231 = AXIS2_PLACEMENT_3D ( 'NONE', #2949, #1130, #3755 ) ;
#5232 = AXIS2_PLACEMENT_3D ( 'NONE', #4521, #602, #2349 ) ;
#5233 = CARTESIAN_POINT ( 'NONE',  ( 11.74999999999999645, 110.0000000000000000, 0.000000000000000000 ) ) ;
#5234 = EDGE_CURVE ( 'NONE', #715, #3886, #4615, .T. ) ;
#5235 = DIRECTION ( 'NONE',  ( 0.000000000000000000, 1.000000000000000000, 0.000000000000000000 ) ) ;
#5236 = DIRECTION ( 'NONE',  ( 1.000000000000000000, 0.000000000000000000, 0.000000000000000000 ) ) ;
#5237 = CYLINDRICAL_SURFACE ( 'NONE', #5659, 1.600000000000000755 ) ;
#5238 = VERTEX_POINT ( 'NONE', #3313 ) ;
#5239 = DIRECTION ( 'NONE',  ( -1.000000000000000000, 0.000000000000000000, 0.000000000000000000 ) ) ;
#5240 = EDGE_CURVE ( 'NONE', #738, #3245, #4798, .T. ) ;
#5241 = DIRECTION ( 'NONE',  ( 5.782411586586790883E-16, -1.000000000000000000, 0.000000000000000000 ) ) ;
#5242 = LINE ( 'NONE', #1326, #5224 ) ;
#5243 = ORIENTED_EDGE ( 'NONE', *, *, #209, .F. ) ;
#5244 = CARTESIAN_POINT ( 'NONE',  ( -2.500000000000000888, 102.0000000000000000, 3.000000000000000000 ) ) ;
#5245 = EDGE_CURVE ( 'NONE', #449, #9, #2381, .T. ) ;
#5246 = ORIENTED_EDGE ( 'NONE', *, *, #1965, .F. ) ;
#5247 = DIRECTION ( 'NONE',  ( -0.000000000000000000, -0.000000000000000000, -1.000000000000000000 ) ) ;
#5248 = CARTESIAN_POINT ( 'NONE',  ( -13.99999999999976197, -109.6000000000041155, 0.000000000000000000 ) ) ;
#5249 = AXIS2_PLACEMENT_3D ( 'NONE', #2998, #2500, #3485 ) ;
#5250 = AXIS2_PLACEMENT_3D ( 'NONE', #4436, #49, #546 ) ;
#5251 = ORIENTED_EDGE ( 'NONE', *, *, #1238, .T. ) ;
#5252 = CARTESIAN_POINT ( 'NONE',  ( 46.39999999995362145, -114.9999999999996874, 0.000000000000000000 ) ) ;
#5253 = DIRECTION ( 'NONE',  ( -1.000000000000000000, 0.000000000000000000, 0.000000000000000000 ) ) ;
#5254 = CARTESIAN_POINT ( 'NONE',  ( -26.00000000000522249, 21.10000000001182130, 0.000000000000000000 ) ) ;
#5255 = DIRECTION ( 'NONE',  ( -0.000000000000000000, -0.000000000000000000, -1.000000000000000000 ) ) ;
#5256 = VECTOR ( 'NONE', #1234, 1000.000000000000114 ) ;
#5257 = ORIENTED_EDGE ( 'NONE', *, *, #1840, .T. ) ;
#5258 = CYLINDRICAL_SURFACE ( 'NONE', #363, 1.549999999999999378 ) ;
#5259 = CARTESIAN_POINT ( 'NONE',  ( -13.99999999999976197, -109.6000000000041155, 3.000000000000000000 ) ) ;
#5260 = DIRECTION ( 'NONE',  ( -0.000000000000000000, -0.000000000000000000, -1.000000000000000000 ) ) ;
#5261 = CARTESIAN_POINT ( 'NONE',  ( -1.600000000001310596, 10.90000000001181846, 3.000000000000000000 ) ) ;
#5262 = ORIENTED_EDGE ( 'NONE', *, *, #3819, .T. ) ;
#5263 = EDGE_CURVE ( 'NONE', #1042, #2583, #3796, .T. ) ;
#5264 = ORIENTED_EDGE ( 'NONE', *, *, #1720, .T. ) ;
#5265 = CARTESIAN_POINT ( 'NONE',  ( -29.19999999999999929, 1.500000000011825207, 0.000000000000000000 ) ) ;
#5266 = ORIENTED_EDGE ( 'NONE', *, *, #2100, .T. ) ;
#5267 = CARTESIAN_POINT ( 'NONE',  ( 28.54999999999363780, -103.0000000000000000, 3.000000000000000000 ) ) ;
#5268 = EDGE_CURVE ( 'NONE', #5475, #1853, #5003, .T. ) ;
#5269 = VERTEX_POINT ( 'NONE', #633 ) ;
#5270 = DIRECTION ( 'NONE',  ( 1.000000000000000000, 0.000000000000000000, 0.000000000000000000 ) ) ;
#5271 = ORIENTED_EDGE ( 'NONE', *, *, #1612, .T. ) ;
#5272 = DIRECTION ( 'NONE',  ( -0.000000000000000000, -0.000000000000000000, -1.000000000000000000 ) ) ;
#5273 = DIRECTION ( 'NONE',  ( 1.000000000000000000, 0.000000000000000000, 0.000000000000000000 ) ) ;
#5274 = ORIENTED_EDGE ( 'NONE', *, *, #3744, .T. ) ;
#5275 = EDGE_LOOP ( 'NONE', ( #4415, #3520, #4791, #3633 ) ) ;
#5276 = ADVANCED_FACE ( 'NONE', ( #1917 ), #2466, .T. ) ;
#5277 = VERTEX_POINT ( 'NONE', #1496 ) ;
#5278 = CARTESIAN_POINT ( 'NONE',  ( 27.00000000000000000, 64.99999999999998579, 0.000000000000000000 ) ) ;
#5279 = DIRECTION ( 'NONE',  ( 0.7071067811865479058, -0.7071067811865471286, 0.000000000000000000 ) ) ;
#5280 = DIRECTION ( 'NONE',  ( 1.000000000000000000, 0.000000000000000000, 0.000000000000000000 ) ) ;
#5281 = CARTESIAN_POINT ( 'NONE',  ( 58.39999999999999858, 1.500000000011825207, 0.000000000000000000 ) ) ;
#5282 = ORIENTED_EDGE ( 'NONE', *, *, #3811, .F. ) ;
#5283 = CIRCLE ( 'NONE', #3455, 1.600000000000000755 ) ;
#5284 = EDGE_CURVE ( 'NONE', #3330, #2890, #4123, .T. ) ;
#5285 = VECTOR ( 'NONE', #4003, 1000.000000000000000 ) ;
#5286 = ORIENTED_EDGE ( 'NONE', *, *, #2133, .F. ) ;
#5287 = CARTESIAN_POINT ( 'NONE',  ( 80.00000000000000000, 36.50000000001485034, 3.000000000000000000 ) ) ;
#5288 = VECTOR ( 'NONE', #4441, 1000.000000000000000 ) ;
#5289 = DIRECTION ( 'NONE',  ( 1.000000000000000000, 0.000000000000000000, 0.000000000000000000 ) ) ;
#5290 = CARTESIAN_POINT ( 'NONE',  ( 2.500000000000000888, 102.0000000000000000, 0.000000000000000000 ) ) ;
#5291 = VECTOR ( 'NONE', #5255, 1000.000000000000000 ) ;
#5292 = DIRECTION ( 'NONE',  ( -0.000000000000000000, -1.000000000000000000, -0.000000000000000000 ) ) ;
#5293 = ORIENTED_EDGE ( 'NONE', *, *, #4234, .F. ) ;
#5294 = CIRCLE ( 'NONE', #4020, 1.599999999999990319 ) ;
#5295 = ORIENTED_EDGE ( 'NONE', *, *, #2411, .F. ) ;
#5296 = CYLINDRICAL_SURFACE ( 'NONE', #358, 1.600000000000004086 ) ;
#5297 = ORIENTED_EDGE ( 'NONE', *, *, #5458, .T. ) ;
#5298 = EDGE_CURVE ( 'NONE', #3048, #2396, #3688, .T. ) ;
#5299 = CARTESIAN_POINT ( 'NONE',  ( 62.99999999999408828, 36.50000000001489298, 3.000000000000000000 ) ) ;
#5300 = CIRCLE ( 'NONE', #5301, 1.600000000000000755 ) ;
#5301 = AXIS2_PLACEMENT_3D ( 'NONE', #2512, #2535, #3415 ) ;
#5302 = ORIENTED_EDGE ( 'NONE', *, *, #2255, .T. ) ;
#5303 = FACE_BOUND ( 'NONE', #2982, .T. ) ;
#5304 = ORIENTED_EDGE ( 'NONE', *, *, #4024, .F. ) ;
#5305 = DIRECTION ( 'NONE',  ( -1.000000000000000000, 0.000000000000000000, 0.000000000000000000 ) ) ;
#5306 = EDGE_CURVE ( 'NONE', #2816, #2503, #1879, .T. ) ;
#5307 = ORIENTED_EDGE ( 'NONE', *, *, #623, .T. ) ;
#5308 = CARTESIAN_POINT ( 'NONE',  ( 60.00000000000000000, -47.49999999998817657, 0.000000000000000000 ) ) ;
#5309 = VECTOR ( 'NONE', #642, 1000.000000000000000 ) ;
#5310 = ORIENTED_EDGE ( 'NONE', *, *, #4867, .T. ) ;
#5311 = EDGE_LOOP ( 'NONE', ( #4433, #3453, #1081, #1639 ) ) ;
#5312 = CIRCLE ( 'NONE', #3017, 1.600000000000000755 ) ;
#5313 = ORIENTED_EDGE ( 'NONE', *, *, #803, .T. ) ;
#5314 = CARTESIAN_POINT ( 'NONE',  ( 80.00000000000000000, -10.00000000000000888, 3.000000000000000000 ) ) ;
#5315 = DIRECTION ( 'NONE',  ( 1.000000000000000000, 0.000000000000000000, 0.000000000000000000 ) ) ;
#5316 = DIRECTION ( 'NONE',  ( 0.000000000000000000, 1.000000000000000000, 0.000000000000000000 ) ) ;
#5317 = DIRECTION ( 'NONE',  ( 1.000000000000000000, 0.000000000000000000, 0.000000000000000000 ) ) ;
#5318 = CIRCLE ( 'NONE', #5221, 10.00000000000000355 ) ;
#5319 = ORIENTED_EDGE ( 'NONE', *, *, #2771, .F. ) ;
#5320 = LINE ( 'NONE', #1374, #1561 ) ;
#5321 = EDGE_CURVE ( 'NONE', #2062, #3389, #1150, .T. ) ;
#5322 = CARTESIAN_POINT ( 'NONE',  ( 62.99999999995772981, -63.00000000000000000, 3.000000000000000000 ) ) ;
#5323 = DIRECTION ( 'NONE',  ( -0.000000000000000000, -0.000000000000000000, -1.000000000000000000 ) ) ;
#5324 = CARTESIAN_POINT ( 'NONE',  ( -30.80000000000149996, 10.90000000001181846, 3.000000000000000000 ) ) ;
#5325 = ORIENTED_EDGE ( 'NONE', *, *, #138, .F. ) ;
#5326 = CARTESIAN_POINT ( 'NONE',  ( 11.74999999999999645, 110.0000000000000000, 3.000000000000000000 ) ) ;
#5327 = DIRECTION ( 'NONE',  ( 1.000000000000000000, 0.000000000000000000, 0.000000000000000000 ) ) ;
#5328 = ORIENTED_EDGE ( 'NONE', *, *, #4595, .T. ) ;
#5329 = DIRECTION ( 'NONE',  ( -1.000000000000000000, 0.000000000000000000, 0.000000000000000000 ) ) ;
#5330 = VECTOR ( 'NONE', #5134, 1000.000000000000000 ) ;
#5331 = ORIENTED_EDGE ( 'NONE', *, *, #2175, .F. ) ;
#5332 = CARTESIAN_POINT ( 'NONE',  ( 63.00000000000000000, 53.50000000001177369, 3.000000000000000000 ) ) ;
#5333 = CARTESIAN_POINT ( 'NONE',  ( 4.399999999994776090, 19.50000000001181988, 3.000000000000000000 ) ) ;
#5334 = ORIENTED_EDGE ( 'NONE', *, *, #4613, .T. ) ;
#5335 = ADVANCED_FACE ( 'NONE', ( #1977 ), #3716, .F. ) ;
#5336 = EDGE_LOOP ( 'NONE', ( #57, #4357, #977, #5661 ) ) ;
#5337 = ORIENTED_EDGE ( 'NONE', *, *, #3392, .T. ) ;
#5338 = CARTESIAN_POINT ( 'NONE',  ( -25.99999999999998934, -4.899999999988188470, 0.000000000000000000 ) ) ;
#5339 = AXIS2_PLACEMENT_3D ( 'NONE', #317, #2131, #5236 ) ;
#5340 = CARTESIAN_POINT ( 'NONE',  ( -47.99999999999425171, -115.0000000000019611, 3.000000000000000000 ) ) ;
#5341 = DIRECTION ( 'NONE',  ( -1.000000000000000000, 0.000000000000000000, 0.000000000000000000 ) ) ;
#5342 = CYLINDRICAL_SURFACE ( 'NONE', #173, 1.600000000000000755 ) ;
#5343 = ORIENTED_EDGE ( 'NONE', *, *, #1877, .T. ) ;
#5344 = EDGE_CURVE ( 'NONE', #4347, #3445, #3228, .T. ) ;
#5345 = CARTESIAN_POINT ( 'NONE',  ( -13.00000000000000533, -88.00000000000000000, 0.000000000000000000 ) ) ;
#5346 = PLANE ( 'NONE',  #2385 ) ;
#5347 = CARTESIAN_POINT ( 'NONE',  ( -26.99999999999998934, 94.99999999999998579, 3.000000000000000000 ) ) ;
#5348 = LINE ( 'NONE', #4891, #232 ) ;
#5349 = DIRECTION ( 'NONE',  ( 1.000000000000000000, 0.000000000000000000, 0.000000000000000000 ) ) ;
#5350 = CIRCLE ( 'NONE', #504, 1.600000000000000089 ) ;
#5351 = EDGE_CURVE ( 'NONE', #2845, #1568, #5350, .T. ) ;
#5352 = EDGE_CURVE ( 'NONE', #1218, #2455, #5583, .T. ) ;
#5353 = EDGE_LOOP ( 'NONE', ( #3406, #5117 ) ) ;
#5354 = LINE ( 'NONE', #2276, #2469 ) ;
#5355 = CARTESIAN_POINT ( 'NONE',  ( 25.44999999999363993, -73.00000000000000000, 0.000000000000000000 ) ) ;
#5356 = DIRECTION ( 'NONE',  ( 0.000000000000000000, 0.000000000000000000, 1.000000000000000000 ) ) ;
#5357 = ORIENTED_EDGE ( 'NONE', *, *, #4234, .T. ) ;
#5358 = PRODUCT_DEFINITION_CONTEXT ( 'detailed design', #3612, 'design' ) ;
#5359 = ORIENTED_EDGE ( 'NONE', *, *, #5284, .T. ) ;
#5360 = CARTESIAN_POINT ( 'NONE',  ( 1.599999999999998312, -47.49999999998817657, 0.000000000000000000 ) ) ;
#5361 = ORIENTED_EDGE ( 'NONE', *, *, #4056, .F. ) ;
#5362 = CARTESIAN_POINT ( 'NONE',  ( 5.999999999994776623, 19.50000000001181988, 3.000000000000000000 ) ) ;
#5363 = DIRECTION ( 'NONE',  ( 1.000000000000000000, 0.000000000000000000, 0.000000000000000000 ) ) ;
#5364 = EDGE_LOOP ( 'NONE', ( #5185, #1108, #2694, #4094 ) ) ;
#5365 = ORIENTED_EDGE ( 'NONE', *, *, #2522, .T. ) ;
#5366 = ORIENTED_EDGE ( 'NONE', *, *, #5419, .F. ) ;
#5367 = ORIENTED_EDGE ( 'NONE', *, *, #5645, .T. ) ;
#5368 = DIRECTION ( 'NONE',  ( -0.000000000000000000, -0.000000000000000000, -1.000000000000000000 ) ) ;
#5369 = DIRECTION ( 'NONE',  ( 0.000000000000000000, 0.000000000000000000, 1.000000000000000000 ) ) ;
#5370 = EDGE_CURVE ( 'NONE', #2292, #379, #336, .T. ) ;
#5371 = CARTESIAN_POINT ( 'NONE',  ( 13.99999999999976197, -106.3999999999999915, 3.000000000000000000 ) ) ;
#5372 = EDGE_LOOP ( 'NONE', ( #65, #4939 ) ) ;
#5373 = DIRECTION ( 'NONE',  ( -1.000000000000000000, 0.000000000000000000, 0.000000000000000000 ) ) ;
#5374 = FACE_BOUND ( 'NONE', #3474, .T. ) ;
#5375 = CARTESIAN_POINT ( 'NONE',  ( 49.44999999999999574, 94.99999999999997158, 3.000000000000000000 ) ) ;
#5376 = CARTESIAN_POINT ( 'NONE',  ( 35.25000000000000000, 111.6000000000000085, 3.000000000000000000 ) ) ;
#5377 = EDGE_CURVE ( 'NONE', #4775, #431, #3890, .T. ) ;
#5378 = CARTESIAN_POINT ( 'NONE',  ( 29.20000000000150209, 10.90000000001181846, 3.000000000000000000 ) ) ;
#5379 = CIRCLE ( 'NONE', #258, 1.600000000000000755 ) ;
#5380 = AXIS2_PLACEMENT_3D ( 'NONE', #3314, #5115, #2911 ) ;
#5381 = VECTOR ( 'NONE', #1799, 1000.000000000000000 ) ;
#5382 = PRODUCT_DEFINITION ( '未知', '', #3221, #5358 ) ;
#5383 = ORIENTED_EDGE ( 'NONE', *, *, #4374, .T. ) ;
#5384 = DIRECTION ( 'NONE',  ( -1.000000000000000000, 0.000000000000000000, 0.000000000000000000 ) ) ;
#5385 = CARTESIAN_POINT ( 'NONE',  ( -25.99999999999999645, -40.49999999998819078, 3.000000000000000000 ) ) ;
#5386 = CARTESIAN_POINT ( 'NONE',  ( -25.99999999999998934, -4.899999999988188470, 3.000000000000000000 ) ) ;
#5387 = AXIS2_PLACEMENT_3D ( 'NONE', #2546, #2995, #5147 ) ;
#5388 = VECTOR ( 'NONE', #2619, 1000.000000000000000 ) ;
#5389 = FACE_BOUND ( 'NONE', #1417, .T. ) ;
#5390 = ORIENTED_EDGE ( 'NONE', *, *, #3916, .F. ) ;
#5391 = LINE ( 'NONE', #1619, #4427 ) ;
#5392 = ADVANCED_FACE ( 'NONE', ( #4317 ), #2989, .F. ) ;
#5393 = VERTEX_POINT ( 'NONE', #1284 ) ;
#5394 = DIRECTION ( 'NONE',  ( 0.000000000000000000, 0.000000000000000000, 1.000000000000000000 ) ) ;
#5395 = ORIENTED_EDGE ( 'NONE', *, *, #5128, .T. ) ;
#5396 = AXIS2_PLACEMENT_3D ( 'NONE', #2818, #3276, #4606 ) ;
#5397 = ORIENTED_EDGE ( 'NONE', *, *, #1845, .T. ) ;
#5398 = VERTEX_POINT ( 'NONE', #5088 ) ;
#5399 = DIRECTION ( 'NONE',  ( 0.000000000000000000, 0.000000000000000000, 1.000000000000000000 ) ) ;
#5400 = AXIS2_PLACEMENT_3D ( 'NONE', #237, #5588, #5148 ) ;
#5401 = CARTESIAN_POINT ( 'NONE',  ( 14.40000000000000036, 36.50000000001182343, 3.000000000000000000 ) ) ;
#5402 = ORIENTED_EDGE ( 'NONE', *, *, #1041, .T. ) ;
#5403 = VECTOR ( 'NONE', #2354, 1000.000000000000000 ) ;
#5404 = DIRECTION ( 'NONE',  ( -1.000000000000000000, 0.000000000000000000, 0.000000000000000000 ) ) ;
#5405 = FACE_BOUND ( 'NONE', #4220, .T. ) ;
#5406 = FACE_OUTER_BOUND ( 'NONE', #4447, .T. ) ;
#5407 = DIRECTION ( 'NONE',  ( -1.000000000000000000, 0.000000000000000000, 0.000000000000000000 ) ) ;
#5408 = DIRECTION ( 'NONE',  ( -0.000000000000000000, -0.000000000000000000, -1.000000000000000000 ) ) ;
#5409 = CIRCLE ( 'NONE', #5038, 5.000000000000004441 ) ;
#5410 = EDGE_CURVE ( 'NONE', #2396, #5565, #4072, .T. ) ;
#5411 = CIRCLE ( 'NONE', #1216, 1.550000000000002709 ) ;
#5412 = ORIENTED_EDGE ( 'NONE', *, *, #321, .F. ) ;
#5413 = FACE_OUTER_BOUND ( 'NONE', #5451, .T. ) ;
#5414 = CYLINDRICAL_SURFACE ( 'NONE', #280, 1.600000000001991829 ) ;
#5415 = DIRECTION ( 'NONE',  ( 0.000000000000000000, 0.000000000000000000, 1.000000000000000000 ) ) ;
#5416 = VECTOR ( 'NONE', #377, 1000.000000000000000 ) ;
#5417 = EDGE_LOOP ( 'NONE', ( #5159, #739 ) ) ;
#5418 = ADVANCED_FACE ( 'NONE', ( #2541 ), #3804, .F. ) ;
#5419 = EDGE_CURVE ( 'NONE', #431, #3178, #4344, .T. ) ;
#5420 = CARTESIAN_POINT ( 'NONE',  ( 28.54999999999363780, -103.0000000000000000, 0.000000000000000000 ) ) ;
#5421 = ORIENTED_EDGE ( 'NONE', *, *, #864, .T. ) ;
#5422 = CARTESIAN_POINT ( 'NONE',  ( -60.00000000000000000, 1.500000000011825207, 3.000000000000000000 ) ) ;
#5423 = ORIENTED_EDGE ( 'NONE', *, *, #5054, .F. ) ;
#5424 = DIRECTION ( 'NONE',  ( -1.000000000000000000, 0.000000000000000000, 0.000000000000000000 ) ) ;
#5425 = ORIENTED_EDGE ( 'NONE', *, *, #4695, .T. ) ;
#5426 = EDGE_LOOP ( 'NONE', ( #1352, #3166 ) ) ;
#5427 = EDGE_CURVE ( 'NONE', #1615, #4879, #5441, .T. ) ;
#5428 = EDGE_CURVE ( 'NONE', #5393, #3765, #612, .T. ) ;
#5429 = EDGE_LOOP ( 'NONE', ( #3822, #2534, #2847, #2120 ) ) ;
#5430 = EDGE_LOOP ( 'NONE', ( #2393, #5005 ) ) ;
#5431 = DIRECTION ( 'NONE',  ( 0.000000000000000000, 0.000000000000000000, 1.000000000000000000 ) ) ;
#5432 = DIRECTION ( 'NONE',  ( -0.000000000000000000, -0.000000000000000000, -1.000000000000000000 ) ) ;
#5433 = VERTEX_POINT ( 'NONE', #3398 ) ;
#5434 = DIRECTION ( 'NONE',  ( -0.000000000000000000, -0.000000000000000000, -1.000000000000000000 ) ) ;
#5435 = CARTESIAN_POINT ( 'NONE',  ( -48.60000000000000142, 110.0000000000000000, 0.000000000000000000 ) ) ;
#5436 = CYLINDRICAL_SURFACE ( 'NONE', #839, 1.599999999999997202 ) ;
#5437 = DIRECTION ( 'NONE',  ( -0.000000000000000000, -0.000000000000000000, -1.000000000000000000 ) ) ;
#5438 = CARTESIAN_POINT ( 'NONE',  ( -35.25000000000000000, 111.6000000000000085, 3.000000000000000000 ) ) ;
#5439 = ORIENTED_EDGE ( 'NONE', *, *, #4556, .F. ) ;
#5440 = CYLINDRICAL_SURFACE ( 'NONE', #4663, 1.549999999999999378 ) ;
#5441 = CIRCLE ( 'NONE', #2878, 1.600000000000004086 ) ;
#5442 = CARTESIAN_POINT ( 'NONE',  ( -2.500000000000000888, 102.0000000000000000, 0.000000000000000000 ) ) ;
#5443 = DIRECTION ( 'NONE',  ( -0.000000000000000000, -0.000000000000000000, -1.000000000000000000 ) ) ;
#5444 = EDGE_CURVE ( 'NONE', #4902, #879, #1207, .T. ) ;
#5445 = VERTEX_POINT ( 'NONE', #311 ) ;
#5446 = ORIENTED_EDGE ( 'NONE', *, *, #2884, .T. ) ;
#5447 = FACE_BOUND ( 'NONE', #56, .T. ) ;
#5448 = ORIENTED_EDGE ( 'NONE', *, *, #2690, .F. ) ;
#5449 = EDGE_CURVE ( 'NONE', #3413, #529, #5143, .T. ) ;
#5450 = CARTESIAN_POINT ( 'NONE',  ( 69.90000000000007674, 1.500000000011825207, 0.000000000000000000 ) ) ;
#5451 = EDGE_LOOP ( 'NONE', ( #2597, #2432, #1936, #3927 ) ) ;
#5452 = EDGE_LOOP ( 'NONE', ( #2012, #4245, #3098, #5074 ) ) ;
#5453 = ORIENTED_EDGE ( 'NONE', *, *, #2796, .T. ) ;
#5454 = ORIENTED_EDGE ( 'NONE', *, *, #3009, .T. ) ;
#5455 = LINE ( 'NONE', #1111, #190 ) ;
#5456 = EDGE_CURVE ( 'NONE', #5155, #4888, #2251, .T. ) ;
#5457 = DIRECTION ( 'NONE',  ( 1.000000000000000000, 0.000000000000000000, 0.000000000000000000 ) ) ;
#5458 = EDGE_CURVE ( 'NONE', #1709, #535, #2968, .T. ) ;
#5459 = VERTEX_POINT ( 'NONE', #857 ) ;
#5460 = DIRECTION ( 'NONE',  ( 0.000000000000000000, 0.000000000000000000, 1.000000000000000000 ) ) ;
#5461 = FACE_BOUND ( 'NONE', #63, .T. ) ;
#5462 = CARTESIAN_POINT ( 'NONE',  ( 0.000000000000000000, 40.00000000000000000, 3.000000000000000000 ) ) ;
#5463 = DIRECTION ( 'NONE',  ( 0.000000000000000000, 0.000000000000000000, 1.000000000000000000 ) ) ;
#5464 = CYLINDRICAL_SURFACE ( 'NONE', #3270, 1.599999999999990319 ) ;
#5465 = EDGE_CURVE ( 'NONE', #5594, #2699, #2600, .T. ) ;
#5466 = EDGE_LOOP ( 'NONE', ( #4041, #1962, #684, #1957 ) ) ;
#5467 = DIRECTION ( 'NONE',  ( -0.000000000000000000, -0.000000000000000000, -1.000000000000000000 ) ) ;
#5468 = AXIS2_PLACEMENT_3D ( 'NONE', #4191, #4988, #2453 ) ;
#5469 = DIRECTION ( 'NONE',  ( 0.000000000000000000, -0.000000000000000000, 1.000000000000000000 ) ) ;
#5470 = CARTESIAN_POINT ( 'NONE',  ( -6.000000000005223377, 21.10000000001182130, 3.000000000000000000 ) ) ;
#5471 = CIRCLE ( 'NONE', #730, 10.00000000000000355 ) ;
#5472 = CIRCLE ( 'NONE', #2999, 1.550000000000002709 ) ;
#5473 = DIRECTION ( 'NONE',  ( 1.000000000000000000, 0.000000000000000000, 0.000000000000000000 ) ) ;
#5474 = EDGE_CURVE ( 'NONE', #3765, #5393, #2697, .T. ) ;
#5475 = VERTEX_POINT ( 'NONE', #5615 ) ;
#5476 = DIRECTION ( 'NONE',  ( 1.000000000000000000, 0.000000000000000000, 0.000000000000000000 ) ) ;
#5477 = CIRCLE ( 'NONE', #2643, 1.600000000000004086 ) ;
#5478 = CIRCLE ( 'NONE', #4203, 1.600000000000000755 ) ;
#5479 = EDGE_LOOP ( 'NONE', ( #2839, #1201 ) ) ;
#5480 = LINE ( 'NONE', #3242, #5100 ) ;
#5481 = ORIENTED_EDGE ( 'NONE', *, *, #1168, .F. ) ;
#5482 = ORIENTED_EDGE ( 'NONE', *, *, #4789, .F. ) ;
#5483 = ORIENTED_EDGE ( 'NONE', *, *, #2771, .T. ) ;
#5484 = AXIS2_PLACEMENT_3D ( 'NONE', #4831, #2659, #4434 ) ;
#5485 = ORIENTED_EDGE ( 'NONE', *, *, #3661, .F. ) ;
#5486 = EDGE_CURVE ( 'NONE', #4792, #1533, #1256, .T. ) ;
#5487 = EDGE_LOOP ( 'NONE', ( #3573, #4783, #1998, #655 ) ) ;
#5488 = CARTESIAN_POINT ( 'NONE',  ( -52.54999999999366622, -103.0000000000000142, 3.000000000000000000 ) ) ;
#5489 = APPLICATION_PROTOCOL_DEFINITION ( 'draft international standard', 'automotive_design', 1998, #3612 ) ;
#5490 = CARTESIAN_POINT ( 'NONE',  ( -79.99999999999998579, 36.50000000001182343, 3.000000000000000000 ) ) ;
#5491 = AXIS2_PLACEMENT_3D ( 'NONE', #1604, #1198, #2117 ) ;
#5492 = EDGE_LOOP ( 'NONE', ( #127, #5163, #1248, #5157 ) ) ;
#5493 = VERTEX_POINT ( 'NONE', #4742 ) ;
#5494 = CARTESIAN_POINT ( 'NONE',  ( 56.80000000000300986, 10.90000000001181846, 0.000000000000000000 ) ) ;
#5495 = CIRCLE ( 'NONE', #3472, 1.599999999999997202 ) ;
#5496 = FACE_BOUND ( 'NONE', #1044, .T. ) ;
#5497 = DIRECTION ( 'NONE',  ( 0.000000000000000000, 0.000000000000000000, 1.000000000000000000 ) ) ;
#5498 = DIRECTION ( 'NONE',  ( 1.000000000000000000, 0.000000000000000000, 0.000000000000000000 ) ) ;
#5499 = DIRECTION ( 'NONE',  ( -0.000000000000000000, -0.000000000000000000, -1.000000000000000000 ) ) ;
#5500 = EDGE_CURVE ( 'NONE', #3886, #2952, #4167, .T. ) ;
#5501 = ORIENTED_EDGE ( 'NONE', *, *, #4115, .T. ) ;
#5502 = CARTESIAN_POINT ( 'NONE',  ( 29.19999999999999929, -47.49999999998817657, 3.000000000000000000 ) ) ;
#5503 = CIRCLE ( 'NONE', #572, 1.600000000000004086 ) ;
#5504 = LINE ( 'NONE', #342, #832 ) ;
#5505 = DIRECTION ( 'NONE',  ( 1.000000000000000000, 0.000000000000000000, 0.000000000000000000 ) ) ;
#5506 = ORIENTED_EDGE ( 'NONE', *, *, #392, .T. ) ;
#5507 = CIRCLE ( 'NONE', #1393, 1.549999999999995826 ) ;
#5508 = CARTESIAN_POINT ( 'NONE',  ( -26.99999999999998934, 94.99999999999998579, 3.000000000000000000 ) ) ;
#5509 = ORIENTED_EDGE ( 'NONE', *, *, #698, .F. ) ;
#5510 = DIRECTION ( 'NONE',  ( -0.000000000000000000, -0.000000000000000000, -1.000000000000000000 ) ) ;
#5511 = AXIS2_PLACEMENT_3D ( 'NONE', #1725, #889, #3459 ) ;
#5512 = DIRECTION ( 'NONE',  ( 0.000000000000000000, 0.000000000000000000, 1.000000000000000000 ) ) ;
#5513 = ORIENTED_EDGE ( 'NONE', *, *, #5070, .T. ) ;
#5514 = CIRCLE ( 'NONE', #3309, 1.600000000000004086 ) ;
#5515 = ORIENTED_EDGE ( 'NONE', *, *, #1351, .F. ) ;
#5516 = VERTEX_POINT ( 'NONE', #5557 ) ;
#5517 = ORIENTED_EDGE ( 'NONE', *, *, #217, .F. ) ;
#5518 = DIRECTION ( 'NONE',  ( -0.000000000000000000, -0.000000000000000000, -1.000000000000000000 ) ) ;
#5519 = CARTESIAN_POINT ( 'NONE',  ( -30.80000000000000071, 1.500000000011825207, 0.000000000000000000 ) ) ;
#5520 = ORIENTED_EDGE ( 'NONE', *, *, #3580, .F. ) ;
#5522 = VERTEX_POINT ( 'NONE', #12 ) ;
#5521 = EDGE_CURVE ( 'NONE', #2148, #3352, #3555, .T. ) ;
#5523 = CARTESIAN_POINT ( 'NONE',  ( -26.99999999999366196, -73.00000000000001421, 3.000000000000000000 ) ) ;
#5524 = DIRECTION ( 'NONE',  ( -0.000000000000000000, -0.000000000000000000, -1.000000000000000000 ) ) ;
#5525 = CYLINDRICAL_SURFACE ( 'NONE', #2664, 10.00000000000000355 ) ;
#5526 = CARTESIAN_POINT ( 'NONE',  ( 29.19999999999999929, 1.500000000011825207, 3.000000000000000000 ) ) ;
#5527 = LINE ( 'NONE', #231, #536 ) ;
#5528 = EDGE_CURVE ( 'NONE', #2281, #3122, #4346, .T. ) ;
#5529 = AXIS2_PLACEMENT_3D ( 'NONE', #2254, #5272, #2618 ) ;
#5530 = ORIENTED_EDGE ( 'NONE', *, *, #94, .T. ) ;
#5531 = VERTEX_POINT ( 'NONE', #3163 ) ;
#5532 = DIRECTION ( 'NONE',  ( -0.000000000000000000, -0.000000000000000000, -1.000000000000000000 ) ) ;
#5533 = DIRECTION ( 'NONE',  ( -1.467080425397528682E-13, 1.000000000000000000, 0.000000000000000000 ) ) ;
#5534 = CARTESIAN_POINT ( 'NONE',  ( -36.85000000000000853, 110.0000000000000000, 3.000000000000000000 ) ) ;
#5535 = EDGE_CURVE ( 'NONE', #4799, #1656, #2609, .T. ) ;
#5536 = CARTESIAN_POINT ( 'NONE',  ( -50.99999999999366196, -103.0000000000000142, 0.000000000000000000 ) ) ;
#5537 = CIRCLE ( 'NONE', #4251, 1.600000000000004086 ) ;
#5538 = EDGE_CURVE ( 'NONE', #1615, #4079, #2625, .T. ) ;
#5539 = ADVANCED_FACE ( 'NONE', ( #445 ), #4910, .F. ) ;
#5540 = VECTOR ( 'NONE', #1034, 1000.000000000000000 ) ;
#5541 = PLANE ( 'NONE',  #3825 ) ;
#5542 = ORIENTED_EDGE ( 'NONE', *, *, #5070, .F. ) ;
#5543 = CARTESIAN_POINT ( 'NONE',  ( 13.99999999999999645, -108.0000000000000000, 0.000000000000000000 ) ) ;
#5544 = AXIS2_PLACEMENT_3D ( 'NONE', #3022, #395, #2151 ) ;
#5545 = ORIENTED_EDGE ( 'NONE', *, *, #3805, .F. ) ;
#5546 = ORIENTED_EDGE ( 'NONE', *, *, #2527, .T. ) ;
#5547 = ORIENTED_EDGE ( 'NONE', *, *, #3378, .F. ) ;
#5548 = LINE ( 'NONE', #1630, #5330 ) ;
#5549 = FACE_OUTER_BOUND ( 'NONE', #234, .T. ) ;
#5550 = EDGE_LOOP ( 'NONE', ( #1669, #4193 ) ) ;
#5551 = ORIENTED_EDGE ( 'NONE', *, *, #2478, .T. ) ;
#5552 = DIRECTION ( 'NONE',  ( -0.000000000000000000, -0.000000000000000000, -1.000000000000000000 ) ) ;
#5553 = PRODUCT_DEFINITION_SHAPE ( 'NONE', 'NONE',  #5382 ) ;
#5554 = CARTESIAN_POINT ( 'NONE',  ( 47.00000000000000000, 120.0000000000106581, 0.000000000000000000 ) ) ;
#5555 = EDGE_CURVE ( 'NONE', #4687, #503, #4536, .T. ) ;
#5556 = DIRECTION ( 'NONE',  ( -1.000000000000000000, 0.000000000000000000, 0.000000000000000000 ) ) ;
#5557 = CARTESIAN_POINT ( 'NONE',  ( -11.74999999999999645, 108.3999999999999915, 3.000000000000000000 ) ) ;
#5558 = CARTESIAN_POINT ( 'NONE',  ( 2.500000000000000888, 102.0000000000000000, 3.000000000000000000 ) ) ;
#5559 = ORIENTED_EDGE ( 'NONE', *, *, #5321, .F. ) ;
#5560 = LINE ( 'NONE', #4700, #2914 ) ;
#5561 = EDGE_CURVE ( 'NONE', #3159, #2267, #1242, .T. ) ;
#5562 = DIRECTION ( 'NONE',  ( 0.000000000000000000, 0.000000000000000000, 1.000000000000000000 ) ) ;
#5563 = CARTESIAN_POINT ( 'NONE',  ( 16.00000000000000000, 36.50000000001182343, 3.000000000000000000 ) ) ;
#5564 = DIRECTION ( 'NONE',  ( 0.000000000000000000, 0.000000000000000000, 1.000000000000000000 ) ) ;
#5565 = VERTEX_POINT ( 'NONE', #70 ) ;
#5566 = CARTESIAN_POINT ( 'NONE',  ( -28.54999999999365912, -73.00000000000001421, 0.000000000000000000 ) ) ;
#5567 = ORIENTED_EDGE ( 'NONE', *, *, #3383, .F. ) ;
#5568 = DIRECTION ( 'NONE',  ( -1.000000000000000000, 0.000000000000000000, 0.000000000000000000 ) ) ;
#5569 = AXIS2_PLACEMENT_3D ( 'NONE', #4904, #1990, #1934 ) ;
#5570 = CIRCLE ( 'NONE', #260, 1.550000000000002709 ) ;
#5571 = ORIENTED_EDGE ( 'NONE', *, *, #2515, .F. ) ;
#5572 = VECTOR ( 'NONE', #2529, 1000.000000000000000 ) ;
#5573 = EDGE_CURVE ( 'NONE', #4259, #3323, #143, .T. ) ;
#5574 = ORIENTED_EDGE ( 'NONE', *, *, #3218, .F. ) ;
#5575 = CARTESIAN_POINT ( 'NONE',  ( 8.000000000000000000, 85.00000000000000000, 0.000000000000000000 ) ) ;
#5576 = CARTESIAN_POINT ( 'NONE',  ( -13.99999999999999645, -108.0000000000041069, 3.000000000000000000 ) ) ;
#5577 = CIRCLE ( 'NONE', #1369, 1.599999999999997202 ) ;
#5578 = CIRCLE ( 'NONE', #1545, 1.599999999999990319 ) ;
#5579 = DIRECTION ( 'NONE',  ( -0.000000000000000000, -0.000000000000000000, -1.000000000000000000 ) ) ;
#5580 = FACE_BOUND ( 'NONE', #270, .T. ) ;
#5581 = AXIS2_PLACEMENT_3D ( 'NONE', #1174, #5639, #2964 ) ;
#5582 = DIRECTION ( 'NONE',  ( 1.000000000000000000, 0.000000000000000000, 0.000000000000000000 ) ) ;
#5583 = LINE ( 'NONE', #4263, #4805 ) ;
#5584 = DIRECTION ( 'NONE',  ( -0.000000000000000000, -0.000000000000000000, -1.000000000000000000 ) ) ;
#5585 = CIRCLE ( 'NONE', #367, 1.549999999999999378 ) ;
#5586 = ORIENTED_EDGE ( 'NONE', *, *, #1263, .T. ) ;
#5587 = LINE ( 'NONE', #4267, #3836 ) ;
#5588 = DIRECTION ( 'NONE',  ( 0.000000000000000000, 0.000000000000000000, 1.000000000000000000 ) ) ;
#5589 = DIRECTION ( 'NONE',  ( -0.000000000000000000, -0.000000000000000000, -1.000000000000000000 ) ) ;
#5590 = CARTESIAN_POINT ( 'NONE',  ( 7.999999999999998224, 75.00000000000000000, 3.000000000000000000 ) ) ;
#5591 = CIRCLE ( 'NONE', #371, 1.599999999999997202 ) ;
#5592 = EDGE_CURVE ( 'NONE', #3269, #3381, #236, .T. ) ;
#5593 = VECTOR ( 'NONE', #2798, 1000.000000000000000 ) ;
#5594 = VERTEX_POINT ( 'NONE', #3912 ) ;
#5595 = DIRECTION ( 'NONE',  ( -1.000000000000000000, -0.000000000000000000, -0.000000000000000000 ) ) ;
#5596 = ORIENTED_EDGE ( 'NONE', *, *, #4288, .T. ) ;
#5597 = CYLINDRICAL_SURFACE ( 'NONE', #4862, 10.00000000000000355 ) ;
#5598 = CIRCLE ( 'NONE', #2217, 1.599999999999997646 ) ;
#5599 = EDGE_CURVE ( 'NONE', #4102, #1019, #5229, .T. ) ;
#5600 = ADVANCED_FACE ( 'NONE', ( #3942 ), #3502, .F. ) ;
#5601 = ORIENTED_EDGE ( 'NONE', *, *, #2345, .F. ) ;
#5602 = AXIS2_PLACEMENT_3D ( 'NONE', #1412, #4356, #4384 ) ;
#5603 = EDGE_LOOP ( 'NONE', ( #1787, #4136, #2511, #5056 ) ) ;
#5604 = DIRECTION ( 'NONE',  ( -0.9946184088907782384, 0.1036060842594512532, 0.000000000000000000 ) ) ;
#5605 = AXIS2_PLACEMENT_3D ( 'NONE', #2405, #5053, #4607 ) ;
#5606 = DIRECTION ( 'NONE',  ( -1.000000000000000000, 0.000000000000000000, 0.000000000000000000 ) ) ;
#5607 = EDGE_LOOP ( 'NONE', ( #2351, #25, #185, #2127, #3354 ) ) ;
#5608 = ORIENTED_EDGE ( 'NONE', *, *, #1890, .T. ) ;
#5609 = EDGE_CURVE ( 'NONE', #2763, #3972, #2581, .T. ) ;
#5610 = AXIS2_PLACEMENT_3D ( 'NONE', #3841, #1592, #1621 ) ;
#5611 = EDGE_CURVE ( 'NONE', #3738, #1655, #4491, .T. ) ;
#5612 = CYLINDRICAL_SURFACE ( 'NONE', #638, 1.549999999999999378 ) ;
#5613 = DIRECTION ( 'NONE',  ( 1.000000000000000000, 0.000000000000000000, 0.000000000000000000 ) ) ;
#5614 = DIRECTION ( 'NONE',  ( -0.000000000000000000, -0.000000000000000000, -1.000000000000000000 ) ) ;
#5615 = CARTESIAN_POINT ( 'NONE',  ( -25.99999999999998934, -8.099999999988190424, 3.000000000000000000 ) ) ;
#5616 = DIRECTION ( 'NONE',  ( -1.000000000000000000, 0.000000000000000000, 0.000000000000000000 ) ) ;
#5617 = ORIENTED_EDGE ( 'NONE', *, *, #5528, .T. ) ;
#5618 = CARTESIAN_POINT ( 'NONE',  ( 58.39999999999999858, -47.49999999998817657, 3.000000000000000000 ) ) ;
#5619 = LINE ( 'NONE', #5259, #5217 ) ;
#5620 = CARTESIAN_POINT ( 'NONE',  ( -62.99999999999998579, 19.50000000001181988, 3.000000000000000000 ) ) ;
#5621 = CARTESIAN_POINT ( 'NONE',  ( 27.00000000000000000, 64.99999999999998579, 0.000000000000000000 ) ) ;
#5622 = ORIENTED_EDGE ( 'NONE', *, *, #2870, .F. ) ;
#5623 = ORIENTED_EDGE ( 'NONE', *, *, #3164, .F. ) ;
#5624 = LINE ( 'NONE', #324, #1270 ) ;
#5625 = AXIS2_PLACEMENT_3D ( 'NONE', #5563, #3376, #5149 ) ;
#5626 = ORIENTED_EDGE ( 'NONE', *, *, #3874, .F. ) ;
#5627 = EDGE_CURVE ( 'NONE', #2699, #2454, #766, .T. ) ;
#5628 = CARTESIAN_POINT ( 'NONE',  ( -13.00000000000000533, 80.00000000000000000, 3.000000000000000000 ) ) ;
#5629 = CIRCLE ( 'NONE', #322, 1.600000000000000755 ) ;
#5630 = EDGE_LOOP ( 'NONE', ( #1741, #688, #1306, #4352 ) ) ;
#5631 = VERTEX_POINT ( 'NONE', #967 ) ;
#5632 = CARTESIAN_POINT ( 'NONE',  ( 4.399999999994776090, 19.50000000001181988, 3.000000000000000000 ) ) ;
#5633 = EDGE_CURVE ( 'NONE', #628, #5653, #3867, .T. ) ;
#5634 = VECTOR ( 'NONE', #719, 1000.000000000000000 ) ;
#5635 = DIRECTION ( 'NONE',  ( 1.000000000000000000, 0.000000000000000000, 0.000000000000000000 ) ) ;
#5636 = ORIENTED_EDGE ( 'NONE', *, *, #2078, .F. ) ;
#5637 = VERTEX_POINT ( 'NONE', #3079 ) ;
#5638 = EDGE_CURVE ( 'NONE', #1533, #2849, #2048, .T. ) ;
#5639 = DIRECTION ( 'NONE',  ( 0.000000000000000000, 0.000000000000000000, -1.000000000000000000 ) ) ;
#5640 = ADVANCED_FACE ( 'NONE', ( #4429 ), #910, .F. ) ;
#5641 = DIRECTION ( 'NONE',  ( -0.000000000000000000, -0.000000000000000000, -1.000000000000000000 ) ) ;
#5642 = CARTESIAN_POINT ( 'NONE',  ( 47.99999999995362288, -114.9999999999996874, 3.000000000000000000 ) ) ;
#5643 = CARTESIAN_POINT ( 'NONE',  ( -35.25000000000000000, 111.6000000000000085, 0.000000000000000000 ) ) ;
#5644 = DIRECTION ( 'NONE',  ( -1.000000000000000000, 0.000000000000000000, 0.000000000000000000 ) ) ;
#5645 = EDGE_CURVE ( 'NONE', #811, #3515, #5514, .T. ) ;
#5646 = CARTESIAN_POINT ( 'NONE',  ( 5.999999999994776623, 17.90000000001181846, 3.000000000000000000 ) ) ;
#5647 = DIRECTION ( 'NONE',  ( 1.000000000000000000, 0.000000000000000000, 0.000000000000000000 ) ) ;
#5648 = CARTESIAN_POINT ( 'NONE',  ( -58.39999999999999858, 1.500000000011825207, 3.000000000000000000 ) ) ;
#5649 = VERTEX_POINT ( 'NONE', #3647 ) ;
#5650 = DIRECTION ( 'NONE',  ( 1.000000000000000000, 0.000000000000000000, 0.000000000000000000 ) ) ;
#5651 = ORIENTED_EDGE ( 'NONE', *, *, #4007, .F. ) ;
#5652 = DIRECTION ( 'NONE',  ( 0.000000000000000000, 1.000000000000000000, 0.000000000000000000 ) ) ;
#5653 = VERTEX_POINT ( 'NONE', #1517 ) ;
#5654 = EDGE_CURVE ( 'NONE', #4928, #449, #1854, .T. ) ;
#5655 = EDGE_LOOP ( 'NONE', ( #409, #895, #5567, #4453 ) ) ;
#5656 = ORIENTED_EDGE ( 'NONE', *, *, #3556, .T. ) ;
#5657 = FACE_OUTER_BOUND ( 'NONE', #1420, .T. ) ;
#5658 = VECTOR ( 'NONE', #2772, 1000.000000000000000 ) ;
#5659 = AXIS2_PLACEMENT_3D ( 'NONE', #1262, #4865, #4810 ) ;
#5660 = CARTESIAN_POINT ( 'NONE',  ( 2.500000000000000888, 102.0000000000000000, 3.000000000000000000 ) ) ;
#5661 = ORIENTED_EDGE ( 'NONE', *, *, #5101, .T. ) ;
#5662 = EDGE_CURVE ( 'NONE', #1133, #3300, #1945, .T. ) ;
#5663 = AXIS2_PLACEMENT_3D ( 'NONE', #929, #4873, #4960 ) ;
#5664 = VERTEX_POINT ( 'NONE', #4146 ) ;
#5665 = CIRCLE ( 'NONE', #2377, 5.000000000000004441 ) ;
#5666 = ORIENTED_EDGE ( 'NONE', *, *, #1022, .T. ) ;
#5667 = DIRECTION ( 'NONE',  ( -0.000000000000000000, -0.000000000000000000, -1.000000000000000000 ) ) ;
#5668 = CARTESIAN_POINT ( 'NONE',  ( 52.54999999999364491, -73.00000000000000000, 3.000000000000000000 ) ) ;
#5669 = CARTESIAN_POINT ( 'NONE',  ( 71.50000000000005684, 1.500000000011825207, 0.000000000000000000 ) ) ;
#5670 = CARTESIAN_POINT ( 'NONE',  ( 26.99999999999364064, -73.00000000000000000, 3.000000000000000000 ) ) ;
#5671 = AXIS2_PLACEMENT_3D ( 'NONE', #3205, #1558, #1980 ) ;
#5672 = AXIS2_PLACEMENT_3D ( 'NONE', #2933, #1631, #714 ) ;
#5673 = AXIS2_PLACEMENT_3D ( 'NONE', #4673, #5204, #1289 ) ;
#5674 = CARTESIAN_POINT ( 'NONE',  ( 28.54999999999999716, 64.99999999999998579, 0.000000000000000000 ) ) ;
#5675 = CARTESIAN_POINT ( 'NONE',  ( -13.99999999999976197, -109.6000000000041155, 3.000000000000000000 ) ) ;
#5676 = CARTESIAN_POINT ( 'NONE',  ( -26.99999999999998934, 64.99999999999998579, 0.000000000000000000 ) ) ;
#5677 = CARTESIAN_POINT ( 'NONE',  ( 60.00000000000300560, 10.90000000001181846, 0.000000000000000000 ) ) ;
#5678 = AXIS2_PLACEMENT_3D ( 'NONE', #5278, #1281, #1796 ) ;
#5679 = EDGE_CURVE ( 'NONE', #332, #4455, #133, .T. ) ;
#5680 = ORIENTED_EDGE ( 'NONE', *, *, #5240, .F. ) ;
#5681 = CYLINDRICAL_SURFACE ( 'NONE', #2547, 1.600000000000000755 ) ;
#5682 = AXIS2_PLACEMENT_3D ( 'NONE', #2947, #673, #2524 ) ;
#5683 = CARTESIAN_POINT ( 'NONE',  ( 11.74999999999999645, 111.6000000000000085, 3.000000000000000000 ) ) ;
#5684 = CARTESIAN_POINT ( 'NONE',  ( 0.000000000000000000, 10.90000000001181846, 3.000000000000000000 ) ) ;
ENDSEC;
END-ISO-10303-21;
